t,gpu0_w
1786360436.457,243.978
1786360436.559,243.978
1786360436.662,224.994
1786360436.766,204.371
1786360436.870,185.274
1786360436.973,164.875
1786360437.077,145.669
1786360437.181,125.245
1786360437.284,91.399
1786360437.388,91.199
1786360437.492,90.944
1786360437.592,90.944
1786360437.694,90.853
1786360437.798,90.744
1786360437.902,90.686
1786360438.006,90.624
1786360438.109,90.581
1786360438.213,88.055
1786360438.316,85.364
1786360438.420,81.594
1786360438.524,77.665
1786360438.627,73.759
1786360438.731,69.87
1786360438.835,69.87
1786360438.939,69.87
1786360439.042,69.87
1786360439.146,69.87
1786360439.249,69.87
1786360439.353,69.87
1786360439.455,69.87
1786360439.559,69.87
1786360439.662,47.329
1786360439.766,47.331
1786360439.869,47.324
1786360439.973,47.331
1786360440.073,47.331
1786360440.174,47.331
1786360440.276,47.789
1786360440.379,51.278
1786360440.483,55.166
1786360440.587,58.743
1786360440.691,68.067
1786360440.795,103.234
1786360440.898,124.859
1786360441.002,144.453
1786360441.106,168.625
1786360441.210,190.9
1786360441.313,215.047
1786360441.417,237.485
1786360441.521,254.924
1786360441.625,273.232
1786360441.729,289.236
1786360441.832,296.567
1786360441.936,302.606
1786360442.040,301.643
1786360442.144,306.42
1786360442.248,306.103
1786360442.351,307.261
1786360442.455,305.679
1786360442.559,305.354
1786360442.662,307.536
1786360442.766,305.813
1786360442.870,305.973
1786360442.974,305.784
1786360443.078,306.327
1786360443.182,306.264
1786360443.285,305.525
1786360443.389,306.294
1786360443.493,308.065
1786360443.596,308.006
1786360443.700,307.404
1786360443.804,307.153
1786360443.908,305.48
1786360444.012,306.977
1786360444.115,305.056
1786360444.219,306.336
1786360444.323,306.032
1786360444.427,306.418
1786360444.530,306.561
1786360444.634,305.211
1786360444.738,306.897
1786360444.842,305.545
1786360444.946,307.565
1786360445.046,307.857
1786360445.150,307.787
1786360445.251,308.699
1786360445.355,307.577
1786360445.459,306.646
1786360445.563,305.61
1786360445.666,304.865
1786360445.770,305.175
1786360445.874,305.053
1786360445.977,305.484
1786360446.081,303.775
1786360446.185,305.221
1786360446.289,303.981
1786360446.392,303.342
1786360446.496,304.391
1786360446.600,303.856
1786360446.704,305.813
1786360446.807,305.539
1786360446.911,306.529
1786360447.015,305.262
1786360447.119,306.469
1786360447.222,307.729
1786360447.326,306.663
1786360447.430,307.75
1786360447.534,307.955
1786360447.638,308.074
1786360447.741,307.722
1786360447.845,307.816
1786360447.949,307.501
1786360448.053,306.319
1786360448.157,307.603
1786360448.261,305.542
1786360448.365,305.52
1786360448.468,305.002
1786360448.572,305.165
1786360448.676,305.579
1786360448.780,305.514
1786360448.883,306.446
1786360448.987,306.326
1786360449.091,307.576
1786360449.195,307.554
1786360449.299,307.652
1786360449.403,308.147
1786360449.506,308.211
1786360449.610,308.446
1786360449.712,308.377
1786360449.815,308.372
1786360449.918,308.255
1786360450.021,308.142
1786360450.124,308.015
1786360450.228,307.072
1786360450.331,306.897
1786360450.435,306.866
1786360450.537,306.526
1786360450.640,305.747
1786360450.744,305.721
1786360450.848,305.675
1786360450.952,305.113
1786360451.055,305.406
1786360451.159,306.845
1786360451.263,305.65
1786360451.367,304.651
1786360451.468,306.149
1786360451.569,304.948
1786360451.670,306.608
1786360451.771,305.902
1786360451.871,305.902
1786360451.972,306.0
1786360452.073,306.028
1786360452.173,305.776
1786360452.273,305.53
1786360452.375,305.122
1786360452.475,305.628
1786360452.576,305.84
1786360452.676,305.754
1786360452.780,305.632
1786360452.883,306.122
1786360452.987,306.312
1786360453.091,307.71
1786360453.195,307.789
1786360453.299,308.455
1786360453.402,308.694
1786360453.506,309.039
1786360453.610,308.787
1786360453.713,309.113
1786360453.817,309.644
1786360453.921,309.718
1786360454.025,309.486
1786360454.129,309.756
1786360454.229,309.693
1786360454.333,308.523
1786360454.437,310.048
1786360454.541,308.614
1786360454.643,308.783
1786360454.747,308.48
1786360454.851,309.817
1786360454.954,309.29
1786360455.058,309.565
1786360455.162,309.527
1786360455.263,308.692
1786360455.367,308.76
1786360455.471,308.173
1786360455.575,306.498
1786360455.678,307.477
1786360455.782,305.756
1786360455.886,306.363
1786360455.989,305.264
1786360456.093,305.408
1786360456.197,304.989
1786360456.301,304.871
1786360456.405,305.226
1786360456.508,305.287
1786360456.612,306.907
1786360456.716,307.45
1786360456.820,307.803
1786360456.924,307.544
1786360457.027,308.201
1786360457.131,309.399
1786360457.235,309.143
1786360457.339,308.688
1786360457.443,307.22
1786360457.546,309.219
1786360457.650,307.684
1786360457.754,307.577
1786360457.858,306.459
1786360457.961,306.403
1786360458.065,308.056
1786360458.169,306.948
1786360458.273,306.798
1786360458.377,305.735
1786360458.480,307.495
1786360458.584,307.779
1786360458.688,305.985
1786360458.792,307.342
1786360458.895,307.581
1786360458.999,309.736
1786360459.103,309.706
1786360459.207,309.921
1786360459.309,311.094
1786360459.413,311.246
1786360459.517,311.283
1786360459.620,309.997
1786360459.724,310.947
1786360459.828,311.202
1786360459.930,311.218
1786360460.033,309.917
1786360460.137,309.878
1786360460.241,308.655
1786360460.345,307.172
1786360460.449,307.074
1786360460.550,306.068
1786360460.654,307.305
1786360460.757,307.326
1786360460.861,307.652
1786360460.965,307.03
1786360461.068,307.005
1786360461.172,307.006
1786360461.276,307.18
1786360461.380,307.004
1786360461.484,307.725
1786360461.587,306.983
1786360461.691,308.077
1786360461.795,306.694
1786360461.899,307.914
1786360462.002,306.835
1786360461.015,308.427
1786360461.119,308.431
1786360461.221,307.991
1786360461.323,308.008
1786360461.425,308.114
1786360461.527,308.175
1786360461.630,308.335
1786360461.732,308.257
1786360461.834,309.535
1786360461.936,309.619
1786360462.039,310.524
1786360462.141,310.583
1786360462.243,309.111
1786360462.346,310.878
1786360462.448,309.566
1786360462.550,309.837
1786360462.653,310.425
1786360462.754,309.05
1786360462.857,307.758
1786360462.959,307.771
1786360463.062,305.844
1786360463.165,306.125
1786360463.267,304.13
1786360463.370,305.889
1786360463.473,304.665
1786360463.576,305.835
1786360463.679,305.173
1786360463.782,305.161
1786360463.885,305.25
1786360463.989,306.517
1786360464.092,306.524
1786360464.194,307.58
1786360464.297,306.18
1786360464.401,308.256
1786360464.505,306.971
1786360464.609,305.877
1786360464.712,305.924
1786360464.816,306.682
1786360464.920,306.618
1786360465.024,307.005
1786360465.127,306.359
1786360465.231,306.393
1786360465.335,306.173
1786360465.439,307.23
1786360465.543,305.818
1786360465.646,307.076
1786360465.750,307.943
1786360465.854,307.911
1786360465.958,306.804
1786360466.061,307.114
1786360466.165,306.574
1786360466.269,307.375
1786360466.373,307.502
1786360466.476,307.248
1786360466.580,307.507
1786360466.684,306.567
1786360466.788,306.539
1786360466.891,306.659
1786360466.995,306.784
1786360467.099,307.406
1786360467.203,307.208
1786360467.306,308.003
1786360467.410,307.909
1786360467.514,306.875
1786360467.617,307.941
1786360467.721,306.777
1786360467.825,309.143
1786360467.929,307.754
1786360468.032,307.747
1786360468.136,307.51
1786360468.240,306.521
1786360468.343,306.465
1786360468.447,306.154
1786360468.551,306.353
1786360468.655,307.73
1786360468.756,306.357
1786360468.860,307.462
1786360468.964,305.947
1786360469.065,307.236
1786360469.166,306.24
1786360469.268,306.41
1786360469.370,307.775
1786360469.471,306.38
1786360469.573,308.209
1786360469.675,305.857
1786360469.776,306.017
1786360469.878,305.007
1786360469.979,305.148
1786360470.081,305.283
1786360470.183,303.677
1786360470.284,304.792
1786360470.386,305.033
1786360470.487,304.035
1786360470.589,305.674
1786360470.690,304.174
1786360470.791,304.612
1786360470.893,304.392
1786360470.994,305.29
1786360471.095,305.149
1786360471.196,304.621
1786360471.297,306.176
1786360471.398,306.221
1786360471.499,306.001
1786360471.600,308.055
1786360471.701,306.605
1786360471.802,305.943
1786360471.903,307.802
1786360472.003,307.35
1786360472.104,308.14
1786360472.204,306.708
1786360472.305,306.708
1786360472.405,308.949
1786360472.505,309.013
1786360472.606,308.585
1786360472.707,307.474
1786360472.807,307.494
1786360472.907,306.718
1786360473.008,308.699
1786360473.108,306.493
1786360473.209,306.977
1786360473.309,307.609
1786360473.410,307.057
1786360473.510,306.802
1786360473.610,305.774
1786360473.711,305.766
1786360473.811,307.039
1786360473.912,307.263
1786360474.012,307.187
1786360474.112,307.484
1786360474.213,308.152
1786360474.313,308.348
1786360474.417,307.265
1786360474.521,308.272
1786360474.625,307.41
1786360474.727,307.137
1786360474.830,307.348
1786360474.933,307.247
1786360475.035,305.831
1786360475.138,307.1
1786360475.241,306.51
1786360475.344,307.852
1786360475.444,306.106
1786360475.544,307.192
1786360475.645,306.702
1786360475.745,306.079
1786360475.846,307.36
1786360475.947,308.859
1786360476.048,307.481
1786360476.149,308.626
1786360476.250,308.342
1786360476.350,308.577
1786360476.451,307.077
1786360476.552,308.608
1786360476.653,308.608
1786360476.753,307.008
1786360476.854,308.559
1786360476.954,308.316
1786360477.057,308.645
1786360477.157,307.033
1786360477.258,308.301
1786360477.358,307.4
1786360477.458,306.597
1786360477.559,306.672
1786360477.659,307.118
1786360477.760,307.228
1786360477.860,307.635
1786360477.961,307.621
1786360478.061,307.764
1786360478.161,307.781
1786360478.262,307.197
1786360478.362,307.498
1786360478.463,307.294
1786360478.563,309.317
1786360478.666,307.729
1786360478.766,308.781
1786360478.867,307.475
1786360478.967,308.645
1786360479.068,307.506
1786360479.168,309.131
1786360479.269,307.664
1786360479.369,309.69
1786360479.469,308.356
1786360479.570,308.031
1786360479.670,307.949
1786360479.771,308.171
1786360479.872,308.333
1786360479.974,308.274
1786360480.076,308.178
1786360480.176,308.211
1786360480.276,308.211
1786360480.377,308.077
1786360480.477,308.203
1786360480.577,306.935
1786360480.678,307.014
1786360480.778,307.07
1786360480.878,307.526
1786360480.979,308.882
1786360481.079,307.049
1786360481.180,307.103
1786360481.281,307.247
1786360481.382,308.294
1786360481.484,307.169
1786360481.586,306.003
1786360481.688,307.176
1786360481.788,307.033
1786360481.888,307.157
1786360481.989,306.55
1786360482.089,305.776
1786360482.190,307.525
1786360482.290,307.64
1786360482.390,306.344
1786360482.491,306.53
1786360482.591,306.348
1786360482.692,308.526
1786360482.792,308.583
1786360482.892,309.648
1786360482.993,311.213
1786360483.093,311.441
1786360483.194,310.939
1786360483.294,308.909
1786360483.395,310.117
1786360483.496,309.321
1786360483.597,309.45
1786360483.698,309.346
1786360483.798,309.445
1786360483.899,309.445
1786360484.000,307.734
1786360484.101,307.806
1786360484.201,306.362
1786360484.302,306.393
1786360484.402,305.977
1786360484.503,307.962
1786360484.604,306.116
1786360484.705,306.807
1786360484.805,306.524
1786360484.906,306.784
1786360485.007,306.658
1786360485.108,307.0
1786360485.208,307.039
1786360485.309,306.279
1786360485.409,304.508
1786360485.509,306.412
1786360485.610,306.263
1786360485.713,307.099
1786360485.813,307.485
1786360485.913,306.028
1786360486.014,307.207
1786360486.114,306.049
1786360486.215,305.967
1786360486.317,306.239
1786360486.419,306.748
1786360486.521,308.442
1786360486.624,307.078
1786360486.725,307.339
1786360486.828,307.074
1786360486.930,307.963
1786360487.032,308.231
1786360487.135,308.15
1786360487.237,307.968
1786360487.340,309.325
1786360487.442,309.238
1786360487.545,308.439
1786360487.647,307.113
1786360487.750,308.347
1786360487.852,307.202
1786360487.955,307.229
1786360488.058,307.252
1786360488.161,308.442
1786360488.263,306.502
1786360488.367,306.693
1786360488.470,306.964
1786360488.573,305.664
1786360488.676,307.978
1786360488.778,308.128
1786360488.881,308.236
1786360488.985,307.893
1786360489.088,309.284
1786360489.190,308.166
1786360489.293,308.162
1786360489.397,308.641
1786360489.501,309.849
1786360489.604,307.946
1786360489.708,309.119
1786360489.812,307.299
1786360489.915,308.619
1786360490.019,308.436
1786360490.123,307.993
1786360490.227,306.638
1786360490.330,307.78
1786360490.434,306.778
1786360490.538,308.277
1786360490.642,306.884
1786360490.746,308.544
1786360490.849,306.76
1786360490.953,308.04
1786360491.057,306.316
1786360491.160,305.093
1786360491.264,306.938
1786360491.368,307.611
1786360491.472,307.035
1786360491.576,306.618
1786360491.680,306.887
1786360491.783,306.961
1786360491.887,306.995
1786360491.991,307.557
1786360492.095,308.034
1786360492.199,308.488
1786360492.303,309.709
1786360492.406,309.8
1786360492.510,309.085
1786360492.614,309.545
1786360492.718,309.804
1786360492.822,309.587
1786360492.925,309.68
1786360493.029,309.592
1786360493.133,309.424
1786360492.134,309.347
1786360492.238,309.164
1786360492.342,307.773
1786360492.446,307.726
1786360492.549,307.627
1786360492.653,307.008
1786360492.757,307.59
1786360492.861,305.976
1786360492.964,307.596
1786360493.068,307.755
1786360493.172,307.731
1786360493.275,307.926
1786360493.379,307.797
1786360493.482,309.115
1786360493.586,309.021
1786360493.690,310.356
1786360493.794,309.677
1786360493.897,310.177
1786360494.001,310.698
1786360494.105,310.172
1786360494.208,308.832
1786360494.312,308.954
1786360494.416,308.883
1786360494.520,309.017
1786360494.624,309.019
1786360494.728,308.037
1786360494.831,307.988
1786360494.935,307.976
1786360495.039,306.89
1786360495.140,307.949
1786360495.240,306.846
1786360495.341,308.172
1786360495.441,308.311
1786360495.542,308.3
1786360495.643,308.333
1786360495.743,308.467
1786360495.843,309.429
1786360495.947,307.597
1786360496.047,309.043
1786360496.147,309.043
1786360496.248,308.125
1786360496.349,308.333
1786360496.449,307.349
1786360496.550,307.539
1786360496.650,306.432
1786360496.750,306.527
1786360496.851,306.246
1786360496.951,306.326
1786360497.052,304.372
1786360497.152,306.349
1786360497.252,307.21
1786360497.353,307.128
1786360497.453,305.226
1786360497.553,305.858
1786360497.654,306.157
1786360497.755,306.946
1786360497.855,306.766
1786360497.956,307.239
1786360498.058,307.09
1786360498.164,307.607
1786360498.264,307.501
1786360498.364,306.617
1786360498.465,307.479
1786360498.565,307.994
1786360498.666,309.538
1786360498.766,307.55
1786360498.866,309.015
1786360498.967,309.007
1786360499.067,310.174
1786360499.167,310.248
1786360499.268,310.497
1786360499.368,310.476
1786360499.469,310.796
1786360499.569,309.658
1786360499.669,310.852
1786360499.770,310.896
1786360499.871,310.896
1786360499.971,311.28
1786360500.071,311.184
1786360500.174,308.614
1786360500.277,308.175
1786360500.380,307.227
1786360500.483,308.571
1786360500.585,307.32
1786360500.688,308.373
1786360500.791,309.496
1786360500.895,309.583
1786360500.999,309.636
1786360501.102,310.779
1786360501.206,310.8
1786360501.310,313.533
1786360501.414,312.657
1786360501.514,313.55
1786360501.617,311.858
1786360501.721,313.085
1786360501.824,311.834
1786360501.928,311.866
1786360502.032,308.451
1786360502.136,308.695
1786360502.240,307.498
1786360502.343,307.554
1786360502.447,306.208
1786360502.551,306.841
1786360502.654,305.746
1786360502.758,306.084
1786360502.862,306.287
1786360502.966,306.175
1786360503.070,304.723
1786360503.173,307.998
1786360503.277,306.526
1786360503.381,307.779
1786360503.485,305.36
1786360503.588,306.665
1786360503.692,305.896
1786360503.796,305.101
1786360503.900,306.267
1786360504.003,305.045
1786360504.107,304.942
1786360504.211,306.361
1786360504.315,305.467
1786360504.418,306.611
1786360504.522,306.587
1786360504.626,308.978
1786360504.729,307.744
1786360504.833,309.104
1786360504.937,309.056
1786360505.041,309.218
1786360505.145,308.341
1786360505.249,309.909
1786360505.350,308.715
1786360505.450,309.728
1786360505.551,307.515
1786360505.651,307.537
1786360505.752,302.074
1786360505.853,301.396
1786360505.954,301.656
1786360506.054,301.708
1786360506.155,301.908
1786360506.255,303.949
1786360506.356,302.772
1786360506.456,304.025
1786360506.556,302.908
1786360506.657,305.297
1786360506.757,305.272
1786360506.858,309.488
1786360506.958,309.619
1786360507.059,309.55
1786360507.159,309.56
1786360507.260,309.484
1786360507.360,308.254
1786360507.461,309.413
1786360507.561,308.325
1786360507.661,309.368
1786360507.762,307.403
1786360507.862,307.508
1786360507.962,307.128
1786360508.063,308.847
1786360508.164,307.526
1786360508.266,309.419
1786360508.367,308.119
1786360508.469,309.348
1786360508.569,309.232
1786360508.670,309.232
1786360508.770,309.046
1786360508.870,309.179
1786360508.971,308.904
1786360509.072,308.995
1786360509.174,310.57
1786360509.275,309.268
1786360509.379,308.538
1786360509.480,308.734
1786360509.581,309.907
1786360509.683,308.627
1786360509.784,307.305
1786360509.885,308.476
1786360509.986,306.914
1786360510.087,308.935
1786360510.187,306.685
1786360510.288,305.495
1786360510.389,306.85
1786360510.490,307.123
1786360510.590,306.925
1786360510.691,304.919
1786360510.791,306.078
1786360510.891,306.183
1786360510.994,306.173
1786360511.097,306.305
1786360511.200,306.467
1786360511.303,306.986
1786360511.406,308.261
1786360511.509,306.854
1786360511.612,307.227
1786360511.716,307.191
1786360511.819,309.198
1786360511.923,307.596
1786360512.026,308.766
1786360512.130,307.331
1786360512.234,308.574
1786360512.338,307.248
1786360512.441,308.651
1786360512.545,308.588
1786360512.649,308.458
1786360512.753,309.643
1786360512.856,307.868
1786360512.960,307.93
1786360513.064,308.421
1786360513.168,308.537
1786360513.272,309.179
1786360513.375,309.126
1786360513.481,308.422
1786360513.584,307.428
1786360513.688,307.319
1786360513.792,308.765
1786360513.896,307.833
1786360513.997,309.695
1786360514.101,308.395
1786360514.205,307.766
1786360514.308,307.695
1786360514.411,308.557
1786360514.514,307.68
1786360514.617,309.599
1786360514.720,309.709
1786360514.823,308.656
1786360514.926,308.692
1786360515.029,308.748
1786360515.132,307.528
1786360515.236,308.994
1786360515.339,309.489
1786360515.443,309.62
1786360515.546,309.378
1786360515.650,309.475
1786360515.754,308.457
1786360515.858,308.31
1786360515.961,309.585
1786360516.065,309.666
1786360516.169,310.551
1786360516.273,310.732
1786360516.377,310.54
1786360516.481,310.807
1786360516.584,310.779
1786360516.690,309.306
1786360516.793,308.842
1786360516.897,310.13
1786360517.001,310.22
1786360517.105,310.093
1786360517.209,308.49
1786360517.312,308.516
1786360517.416,307.815
1786360517.519,307.802
1786360517.621,307.811
1786360517.723,306.528
1786360517.826,307.816
1786360517.928,308.581
1786360518.035,306.318
1786360518.137,305.789
1786360518.240,306.287
1786360518.342,307.827
1786360518.445,305.901
1786360518.548,307.62
1786360518.651,306.637
1786360518.754,307.722
1786360518.857,308.039
1786360518.960,308.522
1786360519.063,307.259
1786360519.165,309.366
1786360519.268,308.566
1786360519.371,308.09
1786360519.475,307.111
1786360519.579,307.66
1786360519.681,307.71
1786360519.785,307.199
1786360519.889,307.205
1786360519.992,306.639
1786360520.096,305.346
1786360520.200,307.346
1786360520.304,306.309
1786360520.408,308.823
1786360520.512,307.444
1786360520.615,308.54
1786360520.719,308.47
1786360520.823,308.653
1786360520.926,309.114
1786360521.030,308.602
1786360521.134,309.14
1786360521.237,310.472
1786360521.341,309.313
1786360521.445,310.437
1786360521.549,308.342
1786360521.653,308.65
1786360521.757,308.634
1786360521.860,308.596
1786360521.964,308.401
1786360522.067,308.241
1786360522.171,308.68
1786360522.275,308.203
1786360522.379,307.269
1786360522.483,307.437
1786360522.587,307.263
1786360522.690,307.955
1786360522.794,309.191
1786360522.898,309.333
1786360523.002,308.828
1786360523.103,307.809
1786360523.207,309.059
1786360523.308,307.765
1786360523.412,307.861
1786360523.515,308.181
1786360523.619,307.746
1786360523.723,307.922
1786360523.827,308.091
1786360523.931,307.957
1786360524.035,306.587
1786360524.138,308.727
1786360524.242,308.409
1786360524.346,308.52
1786360523.352,307.928
1786360523.456,309.587
1786360523.560,310.464
1786360523.663,310.327
1786360523.769,308.493
1786360523.873,307.954
1786360523.977,308.519
1786360524.080,308.517
1786360524.184,308.569
1786360524.288,309.475
1786360524.392,308.863
1786360524.496,309.033
1786360524.600,308.623
1786360524.703,307.222
1786360524.807,308.002
1786360524.911,308.638
1786360525.015,308.746
1786360525.118,307.45
1786360525.222,307.428
1786360525.326,307.442
1786360525.430,306.927
1786360525.534,305.943
1786360525.637,308.028
1786360525.741,306.931
1786360525.845,308.749
1786360525.949,307.653
1786360526.053,308.59
1786360526.156,309.117
1786360526.260,309.854
1786360526.363,309.43
1786360526.467,309.15
1786360526.571,309.906
1786360526.675,311.459
1786360526.779,310.991
1786360526.882,312.15
1786360526.983,312.143
1786360527.087,313.0
1786360527.190,313.04
1786360527.292,312.967
1786360527.396,311.3
1786360527.500,312.895
1786360527.603,311.883
1786360527.707,310.589
1786360527.811,310.758
1786360527.915,310.763
1786360528.019,309.243
1786360528.123,309.316
1786360528.226,308.118
1786360528.328,308.055
1786360528.432,308.07
1786360528.536,309.675
1786360528.640,308.263
1786360528.743,309.271
1786360528.847,309.369
1786360528.951,307.858
1786360529.055,307.94
1786360529.158,308.341
1786360529.262,308.264
1786360529.366,308.484
1786360529.469,307.335
1786360529.573,308.352
1786360529.677,307.471
1786360529.781,307.46
1786360529.885,305.996
1786360529.988,307.686
1786360530.092,307.653
1786360530.196,307.595
1786360530.299,306.505
1786360530.403,306.674
1786360530.507,307.581
1786360530.611,307.861
1786360530.715,307.005
1786360530.819,307.916
1786360530.922,308.067
1786360531.026,309.688
1786360531.130,308.127
1786360531.234,308.558
1786360531.337,308.466
1786360531.441,309.547
1786360531.544,309.711
1786360531.648,308.712
1786360531.752,309.767
1786360531.856,309.776
1786360531.960,308.26
1786360532.062,309.978
1786360532.166,308.658
1786360532.270,308.675
1786360532.371,308.775
1786360532.474,307.834
1786360532.580,308.954
1786360532.683,306.717
1786360532.787,307.851
1786360532.891,307.722
1786360532.995,307.562
1786360533.098,309.018
1786360533.202,306.735
1786360533.306,308.141
1786360533.410,307.942
1786360533.513,307.011
1786360533.618,307.972
1786360533.724,306.134
1786360533.828,307.985
1786360533.932,306.74
1786360534.035,306.788
1786360534.139,306.15
1786360534.243,304.875
1786360534.347,306.581
1786360534.450,305.244
1786360534.554,306.497
1786360534.658,306.944
1786360534.762,305.467
1786360534.866,307.19
1786360534.969,307.154
1786360535.073,307.383
1786360535.177,307.209
1786360535.281,307.849
1786360535.384,307.802
1786360535.488,306.913
1786360535.592,308.115
1786360535.692,307.225
1786360535.793,307.204
1786360535.893,308.783
1786360535.996,307.26
1786360536.097,307.382
1786360536.197,307.499
1786360536.298,307.357
1786360536.398,307.34
1786360536.499,308.861
1786360536.599,308.613
1786360536.700,306.747
1786360536.801,307.776
1786360536.904,308.754
1786360537.007,307.586
1786360537.111,307.867
1786360537.214,308.079
1786360537.317,309.085
1786360537.421,308.127
1786360537.524,309.17
1786360537.628,307.036
1786360537.732,308.408
1786360537.835,309.135
1786360537.939,309.13
1786360538.043,307.779
1786360538.147,307.831
1786360538.251,309.186
1786360538.353,307.393
1786360538.457,307.346
1786360538.559,306.726
1786360538.661,306.725
1786360538.764,307.128
1786360538.866,307.033
1786360538.969,306.945
1786360539.071,306.44
1786360539.174,307.419
1786360539.276,308.676
1786360539.378,307.242
1786360539.480,308.988
1786360539.582,307.879
1786360539.685,309.884
1786360539.787,308.614
1786360539.889,310.072
1786360539.991,308.603
1786360540.093,309.786
1786360540.196,310.28
1786360540.298,309.775
1786360540.399,309.668
1786360540.502,311.141
1786360540.604,308.798
1786360540.707,308.594
1786360540.809,308.527
1786360540.912,308.193
1786360541.015,308.179
1786360541.117,309.239
1786360541.220,308.436
1786360541.321,306.94
1786360541.421,307.969
1786360541.521,306.082
1786360541.622,306.082
1786360541.725,304.772
1786360541.828,307.004
1786360541.931,307.357
1786360542.031,307.382
1786360542.132,309.095
1786360542.232,308.34
1786360542.333,307.599
1786360542.436,308.369
1786360542.541,308.011
1786360542.645,308.184
1786360542.748,309.015
1786360542.851,309.157
1786360542.954,309.121
1786360543.058,309.994
1786360543.162,308.643
1786360543.266,308.601
1786360543.370,307.489
1786360543.474,308.698
1786360543.577,307.444
1786360543.681,309.355
1786360543.785,308.173
1786360543.889,309.277
1786360543.993,309.14
1786360544.094,309.541
1786360544.195,308.65
1786360544.297,309.965
1786360544.398,308.372
1786360544.499,310.353
1786360544.600,308.367
1786360544.701,309.491
1786360544.802,308.443
1786360544.903,309.372
1786360545.003,307.954
1786360545.104,309.248
1786360545.205,307.596
1786360545.305,307.453
1786360545.406,307.454
1786360545.507,308.982
1786360545.607,307.914
1786360545.708,308.551
1786360545.808,307.855
1786360545.908,307.017
1786360546.009,307.381
1786360546.110,307.675
1786360546.212,306.969
1786360546.314,307.874
1786360546.417,308.966
1786360546.521,307.656
1786360546.625,307.531
1786360546.729,307.216
1786360546.833,307.459
1786360546.937,308.235
1786360547.038,308.422
1786360547.142,308.118
1786360547.246,307.214
1786360547.350,307.83
1786360547.453,308.17
1786360547.557,306.337
1786360547.661,307.408
1786360547.765,305.797
1786360547.869,307.068
1786360547.973,307.138
1786360548.076,306.992
1786360548.180,306.915
1786360548.284,307.094
1786360548.387,307.352
1786360548.489,307.344
1786360548.591,306.292
1786360548.692,308.0
1786360548.793,306.712
1786360548.896,308.278
1786360548.998,307.176
1786360549.101,308.254
1786360549.203,307.313
1786360549.306,307.905
1786360549.409,307.769
1786360549.511,307.991
1786360549.614,308.45
1786360549.717,309.43
1786360549.820,308.037
1786360549.923,307.754
1786360550.025,308.1
1786360550.129,309.305
1786360550.232,308.144
1786360550.335,309.272
1786360550.438,309.073
1786360550.542,307.635
1786360550.645,309.53
1786360550.749,308.031
1786360550.852,306.926
1786360550.956,307.466
1786360551.060,308.347
1786360551.164,308.106
1786360551.268,306.825
1786360551.372,307.824
1786360551.475,306.553
1786360551.579,307.809
1786360551.683,308.373
1786360551.786,306.948
1786360551.890,307.857
1786360551.994,308.953
1786360552.097,308.639
1786360552.201,308.273
1786360552.305,308.255
1786360552.409,307.801
1786360552.513,306.193
1786360552.617,307.355
1786360552.718,306.454
1786360552.822,307.18
1786360552.926,308.094
1786360553.030,307.268
1786360553.133,305.802
1786360553.237,307.078
1786360553.341,308.242
1786360553.445,306.315
1786360553.549,308.192
1786360553.652,309.62
1786360553.756,308.614
1786360553.860,309.421
1786360553.964,308.526
1786360554.067,308.668
1786360554.171,307.865
1786360554.275,308.133
1786360554.376,308.147
1786360554.476,307.089
1786360554.577,308.908
1786360554.677,307.717
1786360554.778,308.038
1786360554.879,307.78
1786360554.981,308.386
1786360555.084,308.161
1786360555.186,308.176
1786360555.289,308.858
1786360555.391,309.084
1786360554.393,309.084
1786360554.494,309.212
1786360554.598,309.247
1786360554.699,309.483
1786360554.801,309.388
1786360554.902,309.274
1786360555.006,308.945
1786360555.110,307.558
1786360555.213,307.434
1786360555.317,307.434
1786360555.421,307.17
1786360555.522,308.669
1786360555.623,308.551
1786360555.723,308.45
1786360555.824,308.48
1786360555.924,307.908
1786360556.025,308.103
1786360556.126,309.748
1786360556.227,309.822
1786360556.327,311.291
1786360556.428,310.372
1786360556.529,311.965
1786360556.630,310.324
1786360556.730,308.405
1786360556.831,309.862
1786360556.931,309.944
1786360557.032,311.802
1786360557.132,311.673
1786360557.232,312.108
1786360557.333,310.813
1786360557.433,310.96
1786360557.533,310.652
1786360557.633,310.616
1786360557.734,310.949
1786360557.834,312.84
1786360557.935,310.866
1786360558.036,309.309
1786360558.137,309.577
1786360558.237,308.506
1786360558.337,308.229
1786360558.437,309.607
1786360558.538,309.507
1786360558.638,309.507
1786360558.739,309.183
1786360558.839,309.111
1786360558.939,308.753
1786360559.040,308.9
1786360559.141,309.555
1786360559.241,311.09
1786360559.342,309.679
1786360559.443,310.791
1786360559.543,309.259
1786360559.644,310.142
1786360559.744,308.733
1786360559.845,310.272
1786360559.946,309.416
1786360560.046,310.756
1786360560.147,308.861
1786360560.248,309.922
1786360560.349,306.801
1786360560.450,307.782
1786360560.551,306.718
1786360560.652,308.335
1786360560.752,306.991
1786360560.852,308.387
1786360560.953,306.591
1786360561.053,307.449
1786360561.154,307.499
1786360561.254,309.096
1786360561.354,308.113
1786360561.455,311.049
1786360561.555,311.112
1786360561.655,311.018
1786360561.756,311.006
1786360561.856,312.303
1786360561.956,311.044
1786360562.057,310.948
1786360562.157,310.948
1786360562.257,311.174
1786360562.358,311.009
1786360562.458,311.307
1786360562.558,310.072
1786360562.659,309.19
1786360562.759,309.172
1786360562.859,309.175
1786360562.959,309.111
1786360563.060,307.256
1786360563.161,307.141
1786360563.261,309.128
1786360563.362,307.736
1786360563.463,307.779
1786360563.563,306.256
1786360563.664,308.477
1786360563.765,308.286
1786360563.866,308.311
1786360563.967,308.096
1786360564.067,308.085
1786360564.168,308.494
1786360564.269,309.851
1786360564.369,309.716
1786360564.470,309.935
1786360564.571,308.627
1786360564.672,310.136
1786360564.772,308.743
1786360564.873,309.813
1786360564.973,308.772
1786360565.073,309.889
1786360565.174,308.741
1786360565.274,308.731
1786360565.375,308.891
1786360565.475,306.498
1786360565.575,305.955
1786360565.676,307.321
1786360565.776,307.321
1786360565.876,306.157
1786360565.976,306.583
1786360566.077,306.744
1786360566.177,306.469
1786360566.277,305.266
1786360566.378,306.313
1786360566.479,306.56
1786360566.579,306.436
1786360566.682,307.329
1786360566.784,309.284
1786360566.887,307.711
1786360566.990,308.962
1786360567.092,309.977
1786360567.195,310.079
1786360567.298,310.089
1786360567.401,311.465
1786360567.503,311.529
1786360567.606,311.724
1786360567.710,311.606
1786360567.811,311.676
1786360567.914,311.096
1786360568.017,310.693
1786360568.121,310.443
1786360568.224,309.091
1786360568.327,308.906
1786360568.431,308.567
1786360568.535,307.564
1786360568.638,306.439
1786360568.742,307.441
1786360568.845,307.473
1786360568.948,306.987
1786360569.052,306.963
1786360569.156,307.499
1786360569.259,307.51
1786360569.363,306.81
1786360569.467,305.591
1786360569.571,307.195
1786360569.675,306.166
1786360569.779,307.324
1786360569.883,306.771
1786360569.986,306.316
1786360570.090,308.198
1786360570.194,307.481
1786360570.298,307.544
1786360570.401,307.569
1786360570.504,309.535
1786360570.607,309.52
1786360570.711,307.668
1786360570.814,309.609
1786360570.917,308.585
1786360571.020,309.023
1786360571.123,309.474
1786360571.226,308.398
1786360571.330,308.588
1786360571.433,308.77
1786360571.537,308.964
1786360571.640,308.96
1786360571.744,308.943
1786360571.845,310.791
1786360571.949,309.698
1786360572.053,309.279
1786360572.157,309.353
1786360572.261,308.06
1786360572.365,308.893
1786360572.469,308.694
1786360572.573,309.813
1786360572.677,308.215
1786360572.780,306.696
1786360572.884,308.268
1786360572.988,306.854
1786360573.092,308.008
1786360573.196,309.314
1786360573.300,308.187
1786360573.403,309.359
1786360573.507,308.1
1786360573.611,308.852
1786360573.715,307.325
1786360573.819,307.473
1786360573.923,308.993
1786360574.026,307.479
1786360574.130,308.826
1786360574.234,307.782
1786360574.338,307.821
1786360574.441,307.852
1786360574.545,308.029
1786360574.649,308.464
1786360574.752,306.588
1786360574.856,306.793
1786360574.960,308.143
1786360575.064,306.74
1786360575.168,307.849
1786360575.272,306.453
1786360575.375,307.572
1786360575.479,306.531
1786360575.583,307.569
1786360575.684,306.312
1786360575.785,307.721
1786360575.886,308.557
1786360575.987,308.833
1786360576.088,307.623
1786360576.189,309.083
1786360576.290,307.728
1786360576.391,309.222
1786360576.491,308.27
1786360576.592,309.389
1786360576.693,308.093
1786360576.793,309.501
1786360576.893,309.26
1786360576.995,310.436
1786360577.096,309.749
1786360577.198,309.84
1786360577.302,309.812
1786360577.406,309.194
1786360577.510,309.401
1786360577.614,308.356
1786360577.717,308.449
1786360577.818,308.921
1786360577.919,308.772
1786360578.019,307.384
1786360578.120,307.476
1786360578.220,307.967
1786360578.321,308.923
1786360578.421,308.542
1786360578.522,310.059
1786360578.623,308.443
1786360578.724,310.883
1786360578.824,310.759
1786360578.925,310.205
1786360579.025,310.205
1786360579.126,310.112
1786360579.227,310.211
1786360579.328,310.04
1786360579.428,310.332
1786360579.529,310.385
1786360579.630,309.722
1786360579.730,310.257
1786360579.831,309.717
1786360579.932,309.276
1786360580.033,307.533
1786360580.133,308.991
1786360580.234,307.644
1786360580.334,308.862
1786360580.435,307.712
1786360580.537,308.644
1786360580.637,307.563
1786360580.739,308.493
1786360580.839,307.343
1786360580.940,309.427
1786360581.041,307.161
1786360581.142,308.889
1786360581.242,307.227
1786360581.343,308.686
1786360581.444,307.473
1786360581.545,308.796
1786360581.646,307.522
1786360581.746,308.527
1786360581.847,306.724
1786360581.947,308.031
1786360582.048,307.846
1786360582.150,308.247
1786360582.251,308.419
1786360582.355,308.946
1786360582.458,308.839
1786360582.562,308.669
1786360582.666,308.454
1786360582.769,309.716
1786360582.870,308.678
1786360582.971,310.626
1786360583.071,308.973
1786360583.172,309.288
1786360583.272,311.114
1786360583.373,311.114
1786360583.473,309.821
1786360583.574,310.992
1786360583.674,311.836
1786360583.774,311.286
1786360583.875,310.072
1786360583.975,310.03
1786360584.075,311.198
1786360584.176,309.76
1786360584.276,310.121
1786360584.376,309.867
1786360584.477,308.579
1786360584.577,309.711
1786360584.680,308.797
1786360584.782,308.757
1786360584.885,308.19
1786360584.987,309.455
1786360585.090,308.033
1786360585.193,308.249
1786360585.296,309.426
1786360585.399,309.665
1786360585.502,308.404
1786360585.605,310.071
1786360585.708,310.192
1786360585.811,309.617
1786360585.914,310.094
1786360586.017,310.457
1786360586.120,310.556
1786360586.224,309.914
1786360586.328,309.726
1786360586.432,309.041
1786360586.535,309.96
1786360585.539,310.134
1786360585.643,308.48
1786360585.743,308.366
1786360585.844,309.877
1786360585.944,308.303
1786360586.045,309.612
1786360586.146,308.464
1786360586.247,310.583
1786360586.348,309.398
1786360586.449,310.283
1786360586.549,308.989
1786360586.650,310.134
1786360586.751,311.494
1786360586.852,309.42
1786360586.953,308.436
1786360587.053,309.688
1786360587.153,307.582
1786360587.254,308.7
1786360587.355,307.461
1786360587.456,307.32
1786360587.557,307.358
1786360587.658,308.874
1786360587.759,308.874
1786360587.860,307.786
1786360587.961,306.015
1786360588.063,308.02
1786360588.165,307.542
1786360588.267,307.631
1786360588.369,308.578
1786360588.472,308.513
1786360588.574,308.455
1786360588.676,309.774
1786360588.778,309.867
1786360588.880,308.588
1786360588.982,309.681
1786360589.084,310.48
1786360589.186,310.603
1786360589.289,310.542
1786360589.391,310.688
1786360589.493,309.845
1786360589.596,309.777
1786360589.698,309.846
1786360589.800,309.835
1786360589.903,308.816
1786360590.005,309.957
1786360590.108,308.712
1786360590.209,309.012
1786360590.312,306.84
1786360590.415,308.32
1786360590.517,307.113
1786360590.620,308.947
1786360590.723,307.495
1786360590.826,308.758
1786360590.929,307.474
1786360591.032,308.401
1786360591.135,307.316
1786360591.238,308.613
1786360591.341,307.477
1786360591.444,309.646
1786360591.548,307.759
1786360591.651,308.852
1786360591.755,307.837
1786360591.859,308.253
1786360591.963,308.293
1786360592.066,308.5
1786360592.170,308.646
1786360592.274,309.74
1786360592.378,308.305
1786360592.482,310.054
1786360592.585,308.179
1786360592.689,310.016
1786360592.793,310.004
1786360592.897,311.084
1786360593.001,312.346
1786360593.105,312.308
1786360593.208,313.536
1786360593.312,313.737
1786360593.416,313.738
1786360593.520,315.253
1786360593.623,314.14
1786360593.727,316.127
1786360593.831,316.162
1786360593.935,316.397
1786360594.037,316.337
1786360594.140,316.218
1786360594.243,316.315
1786360594.345,316.262
1786360594.448,316.091
1786360594.551,314.839
1786360594.654,314.653
1786360594.757,314.068
1786360594.858,312.569
1786360594.961,312.649
1786360595.064,310.431
1786360595.167,310.597
1786360595.270,310.627
1786360595.374,309.507
1786360595.477,308.971
1786360595.581,307.836
1786360595.685,309.044
1786360595.789,307.684
1786360595.892,309.818
1786360595.996,311.274
1786360596.097,309.584
1786360596.201,311.51
1786360596.304,310.081
1786360596.408,310.1
1786360596.512,310.029
1786360596.615,310.497
1786360596.719,310.431
1786360596.823,310.515
1786360596.927,310.342
1786360597.030,309.903
1786360597.134,308.7
1786360597.238,310.435
1786360597.342,309.575
1786360597.446,310.867
1786360597.549,310.782
1786360597.653,311.929
1786360597.757,312.006
1786360597.860,313.311
1786360597.964,311.812
1786360598.068,313.334
1786360598.171,313.244
1786360598.275,313.444
1786360598.379,313.513
1786360598.483,313.324
1786360598.586,313.295
1786360598.690,313.326
1786360598.794,313.359
1786360598.898,312.212
1786360599.002,311.909
1786360599.105,311.874
1786360599.209,311.983
1786360599.313,310.784
1786360599.414,311.753
1786360599.518,310.554
1786360599.622,311.588
1786360599.726,310.478
1786360599.829,310.482
1786360599.932,310.375
1786360600.037,309.598
1786360600.140,309.648
1786360600.244,308.836
1786360600.348,308.74
1786360600.451,310.06
1786360600.559,308.038
1786360600.663,308.276
1786360600.766,307.119
1786360600.870,308.212
1786360600.974,307.159
1786360601.078,307.193
1786360601.180,308.972
1786360601.284,307.897
1786360601.388,310.196
1786360601.491,308.569
1786360601.595,308.804
1786360601.699,308.799
1786360601.803,309.745
1786360601.907,309.878
1786360602.011,310.045
1786360602.114,309.56
1786360602.218,309.527
1786360602.322,309.563
1786360602.426,309.63
1786360602.529,308.248
1786360602.630,310.054
1786360602.731,308.42
1786360602.832,310.39
1786360602.933,309.346
1786360603.034,310.442
1786360603.134,310.332
1786360603.235,310.77
1786360603.335,310.87
1786360603.436,309.345
1786360603.537,310.86
1786360603.638,312.151
1786360603.738,310.794
1786360603.839,312.132
1786360603.940,312.382
1786360604.041,312.107
1786360604.142,310.471
1786360604.243,310.433
1786360604.343,310.559
1786360604.444,310.558
1786360604.545,310.807
1786360604.645,310.495
1786360604.746,310.505
1786360604.846,309.843
1786360604.948,309.883
1786360605.048,308.474
1786360605.149,309.049
1786360605.250,309.049
1786360605.351,309.956
1786360605.452,308.936
1786360605.553,309.884
1786360605.653,308.351
1786360605.754,309.831
1786360605.855,308.844
1786360605.956,307.554
1786360606.056,309.642
1786360606.157,309.538
1786360606.258,308.779
1786360606.359,309.531
1786360606.460,308.252
1786360606.561,308.297
1786360606.662,308.261
1786360606.763,308.594
1786360606.863,308.27
1786360606.963,308.021
1786360607.064,309.27
1786360607.165,307.043
1786360607.266,306.207
1786360607.366,308.181
1786360607.467,306.807
1786360607.568,308.856
1786360607.669,308.355
1786360607.770,308.965
1786360607.871,308.724
1786360607.971,308.867
1786360608.072,308.94
1786360608.173,308.935
1786360608.274,309.967
1786360608.377,310.84
1786360608.480,310.679
1786360608.583,310.24
1786360608.686,310.079
1786360608.789,310.316
1786360608.892,308.029
1786360608.995,309.544
1786360609.099,307.534
1786360609.202,308.692
1786360609.306,307.621
1786360609.409,308.508
1786360609.513,306.571
1786360609.617,305.298
1786360609.721,307.215
1786360609.825,307.425
1786360609.927,306.548
1786360610.031,308.587
1786360610.135,307.826
1786360610.239,309.773
1786360610.342,309.58
1786360610.446,309.6
1786360610.550,309.603
1786360610.654,310.282
1786360610.758,311.675
1786360610.862,310.221
1786360610.963,308.963
1786360611.065,310.003
1786360611.167,308.686
1786360611.268,309.154
1786360611.370,309.082
1786360611.471,307.063
1786360611.573,308.076
1786360611.675,306.4
1786360611.776,306.181
1786360611.878,306.451
1786360611.979,306.451
1786360612.081,307.814
1786360612.182,307.838
1786360612.283,308.885
1786360612.385,309.435
1786360612.486,308.941
1786360612.587,307.158
1786360612.688,309.183
1786360612.789,308.238
1786360612.890,310.066
1786360612.991,311.554
1786360613.092,309.961
1786360613.193,309.914
1786360613.293,309.946
1786360613.394,309.976
1786360613.494,309.404
1786360613.595,309.962
1786360613.695,310.04
1786360613.798,309.992
1786360613.899,309.857
1786360613.999,309.26
1786360614.100,308.653
1786360614.201,309.868
1786360614.302,308.678
1786360614.403,309.775
1786360614.503,308.171
1786360614.604,309.206
1786360614.705,307.842
1786360614.806,309.688
1786360614.907,309.923
1786360615.007,308.964
1786360615.108,308.572
1786360615.209,309.105
1786360615.310,308.98
1786360615.411,308.598
1786360615.512,307.318
1786360615.612,308.731
1786360615.713,307.435
1786360615.813,308.805
1786360615.914,307.716
1786360616.014,307.716
1786360616.115,307.467
1786360616.215,308.443
1786360616.316,308.111
1786360616.417,306.906
1786360616.517,306.999
1786360616.618,307.35
1786360616.718,308.641
1786360616.819,308.88
1786360616.920,308.502
1786360617.021,308.459
1786360617.122,308.302
1786360617.223,308.353
1786360617.323,308.565
1786360617.424,309.752
1786360617.525,310.003
1786360617.626,310.151
1786360617.727,309.443
1786360616.727,309.463
1786360616.828,308.131
1786360616.929,307.949
1786360617.029,308.21
1786360617.130,309.43
1786360617.231,308.228
1786360617.332,307.874
1786360617.432,308.176
1786360617.533,309.263
1786360617.633,307.681
1786360617.734,309.428
1786360617.836,307.588
1786360617.936,308.783
1786360618.037,310.582
1786360618.137,308.646
1786360618.238,308.578
1786360618.339,309.794
1786360618.442,309.805
1786360618.543,309.571
1786360618.643,309.571
1786360618.744,308.278
1786360618.844,308.128
1786360618.946,308.158
1786360619.046,308.029
1786360619.147,307.361
1786360619.248,307.378
1786360619.349,308.159
1786360619.450,308.206
1786360619.551,306.775
1786360619.652,308.01
1786360619.753,306.543
1786360619.854,307.674
1786360619.954,308.021
1786360620.055,307.504
1786360620.156,307.722
1786360620.257,308.697
1786360620.358,305.63
1786360620.459,305.323
1786360620.559,305.517
1786360620.660,305.357
1786360620.761,305.27
1786360620.862,305.605
1786360620.963,305.921
1786360621.063,305.825
1786360621.164,306.839
1786360621.264,308.604
1786360621.365,307.18
1786360621.465,310.259
1786360621.565,310.568
1786360621.665,310.378
1786360621.766,310.707
1786360621.867,310.76
1786360621.967,310.439
1786360622.068,310.352
1786360622.169,310.639
1786360622.270,309.96
1786360622.370,308.911
1786360622.472,308.911
1786360622.572,310.126
1786360622.673,309.166
1786360622.773,310.228
1786360622.874,308.464
1786360622.974,309.927
1786360623.075,308.535
1786360623.176,309.947
1786360623.277,309.552
1786360623.378,310.087
1786360623.479,308.63
1786360623.580,309.553
1786360623.680,308.374
1786360623.781,309.507
1786360623.882,307.655
1786360623.983,309.571
1786360624.083,309.27
1786360624.184,309.66
1786360624.284,309.632
1786360624.384,308.71
1786360624.485,309.34
1786360624.589,309.29
1786360624.689,309.329
1786360624.790,310.566
1786360624.890,309.133
1786360624.991,309.49
1786360625.091,309.299
1786360625.192,309.452
1786360625.292,309.157
1786360625.392,308.321
1786360625.493,308.137
1786360625.593,306.932
1786360625.694,308.684
1786360625.794,307.32
1786360625.894,307.219
1786360625.995,307.186
1786360626.095,307.186
1786360626.196,308.774
1786360626.296,307.358
1786360626.396,307.25
1786360626.497,307.536
1786360626.597,308.405
1786360626.698,308.687
1786360626.798,309.76
1786360626.898,308.162
1786360626.999,307.792
1786360627.099,307.952
1786360627.200,309.173
1786360627.300,307.762
1786360627.401,309.14
1786360627.501,309.048
1786360627.601,309.081
1786360627.702,307.475
1786360627.802,308.95
1786360627.902,307.584
1786360628.003,309.244
1786360628.103,310.714
1786360628.203,309.6
1786360628.304,308.22
1786360628.404,309.366
1786360628.504,307.499
1786360628.605,307.611
1786360628.705,306.929
1786360628.805,308.517
1786360628.905,306.191
1786360629.006,307.685
1786360629.106,305.356
1786360629.206,305.545
1786360629.307,304.973
1786360629.408,306.827
1786360629.509,306.827
1786360629.610,305.627
1786360629.711,307.476
1786360629.811,306.38
1786360629.912,308.12
1786360630.013,306.37
1786360630.114,308.279
1786360630.215,306.418
1786360630.316,308.534
1786360630.417,307.303
1786360630.517,308.869
1786360630.618,308.673
1786360630.719,306.637
1786360630.820,305.287
1786360630.920,306.518
1786360631.021,304.347
1786360631.122,306.125
1786360631.222,304.763
1786360631.323,306.595
1786360631.423,305.528
1786360631.523,306.915
1786360631.624,305.736
1786360631.724,304.222
1786360631.825,307.585
1786360631.925,306.809
1786360632.026,306.823
1786360632.126,307.554
1786360632.229,307.523
1786360632.331,307.774
1786360632.433,307.842
1786360632.536,308.088
1786360632.638,305.933
1786360632.740,307.266
1786360632.843,307.258
1786360632.945,307.305
1786360633.048,308.241
1786360633.150,307.399
1786360633.253,308.796
1786360633.356,307.56
1786360633.459,308.779
1786360633.562,307.639
1786360633.665,308.5
1786360633.768,309.665
1786360633.871,309.523
1786360633.974,309.41
1786360634.077,309.38
1786360634.181,309.434
1786360634.284,310.07
1786360634.387,308.603
1786360634.491,309.787
1786360634.595,308.389
1786360634.699,308.24
1786360634.803,308.269
1786360634.906,307.875
1786360635.010,307.707
1786360635.114,309.262
1786360635.218,307.856
1786360635.322,309.011
1786360635.426,307.698
1786360635.530,309.152
1786360635.633,308.026
1786360635.737,309.282
1786360635.841,308.035
1786360635.944,307.999
1786360636.048,307.93
1786360636.152,308.008
1786360636.256,306.497
1786360636.360,307.784
1786360636.463,306.664
1786360636.567,308.004
1786360636.671,306.814
1786360636.775,308.0
1786360636.879,306.426
1786360636.982,308.821
1786360637.086,307.684
1786360637.190,308.973
1786360637.294,308.993
1786360637.398,308.869
1786360637.502,309.359
1786360637.606,310.449
1786360637.709,308.472
1786360637.813,308.281
1786360637.916,308.243
1786360638.020,308.883
1786360638.124,307.898
1786360638.228,308.987
1786360638.332,307.874
1786360638.435,306.516
1786360638.539,307.97
1786360638.643,305.495
1786360638.747,305.537
1786360638.849,306.429
1786360638.953,307.827
1786360639.057,306.068
1786360639.161,307.1
1786360639.265,306.896
1786360639.369,307.095
1786360639.472,307.087
1786360639.576,308.53
1786360639.680,307.426
1786360639.784,309.462
1786360639.888,309.559
1786360639.992,310.726
1786360640.095,310.694
1786360640.199,312.426
1786360640.303,312.613
1786360640.407,312.328
1786360640.510,312.457
1786360640.614,313.678
1786360640.716,312.415
1786360640.819,313.478
1786360640.923,312.212
1786360641.024,311.593
1786360641.127,310.413
1786360641.227,310.253
1786360641.328,308.319
1786360641.429,306.422
1786360641.530,308.422
1786360641.631,306.861
1786360641.732,305.589
1786360641.833,306.917
1786360641.933,305.627
1786360642.034,305.627
1786360642.135,306.974
1786360642.236,306.101
1786360642.336,307.162
1786360642.437,305.77
1786360642.538,307.881
1786360642.639,309.542
1786360642.739,309.173
1786360642.840,308.8
1786360642.941,310.207
1786360643.042,308.728
1786360643.142,310.057
1786360643.243,310.0
1786360643.343,310.857
1786360643.444,310.399
1786360643.544,312.01
1786360643.646,311.97
1786360643.747,310.97
1786360643.848,310.866
1786360643.948,310.908
1786360644.049,310.768
1786360644.150,310.726
1786360644.251,310.823
1786360644.352,309.252
1786360644.452,309.991
1786360644.553,309.42
1786360644.654,309.299
1786360644.754,308.048
1786360644.855,308.994
1786360644.958,307.236
1786360645.058,307.657
1786360645.158,307.716
1786360645.259,309.09
1786360645.359,308.241
1786360645.459,309.949
1786360645.559,309.863
1786360645.660,309.948
1786360645.761,309.948
1786360645.862,308.869
1786360645.963,310.058
1786360646.063,308.931
1786360646.164,310.878
1786360646.264,310.109
1786360646.365,308.794
1786360646.465,308.868
1786360646.565,308.735
1786360646.666,308.569
1786360646.766,308.597
1786360646.867,309.677
1786360646.967,309.066
1786360647.067,309.076
1786360647.168,308.755
1786360647.268,308.739
1786360647.368,310.683
1786360647.468,310.087
1786360647.569,310.065
1786360647.669,309.907
1786360647.770,309.878
1786360647.870,308.722
1786360647.971,307.408
1786360648.072,309.487
1786360648.173,308.266
1786360648.273,309.856
1786360648.374,308.184
1786360648.474,308.482
1786360648.575,310.422
1786360648.675,310.443
1786360648.776,310.512
1786360648.877,310.522
1786360647.875,310.626
1786360647.979,311.016
1786360648.082,309.583
1786360648.182,309.571
1786360648.283,309.624
1786360648.384,309.624
1786360648.485,309.962
1786360648.586,309.71
1786360648.686,307.629
1786360648.788,307.727
1786360648.889,306.899
1786360648.989,307.023
1786360649.089,306.724
1786360649.190,307.688
1786360649.290,307.344
1786360649.390,308.705
1786360649.491,308.584
1786360649.591,307.853
1786360649.692,307.82
1786360649.793,308.059
1786360649.893,307.893
1786360649.994,309.587
1786360650.095,309.464
1786360650.195,309.178
1786360650.296,307.81
1786360650.397,307.816
1786360650.498,307.68
1786360650.598,305.828
1786360650.699,307.813
1786360650.800,305.941
1786360650.900,307.708
1786360651.001,307.757
1786360651.101,306.456
1786360651.202,305.191
1786360651.303,306.961
1786360651.404,306.529
1786360651.505,308.23
1786360651.606,307.076
1786360651.706,307.396
1786360651.807,307.327
1786360651.908,307.982
1786360652.009,306.818
1786360652.109,306.818
1786360652.210,306.781
1786360652.311,307.144
1786360652.411,307.288
1786360652.511,307.253
1786360652.612,306.774
1786360652.713,306.797
1786360652.813,306.76
1786360652.914,306.728
1786360653.015,306.686
1786360653.116,306.787
1786360653.217,307.918
1786360653.318,306.817
1786360653.418,307.9
1786360653.519,307.683
1786360653.619,308.518
1786360653.720,308.55
1786360653.820,308.261
1786360653.920,308.245
1786360654.021,308.571
1786360654.121,308.643
1786360654.221,308.702
1786360654.322,308.699
1786360654.422,308.644
1786360654.522,308.656
1786360654.623,308.624
1786360654.723,309.089
1786360654.824,309.66
1786360654.925,309.658
1786360655.028,309.788
1786360655.129,311.017
1786360655.229,309.674
1786360655.329,308.851
1786360655.432,308.261
1786360655.534,307.986
1786360655.637,307.969
1786360655.738,308.186
1786360655.842,308.205
1786360655.945,307.204
1786360656.049,307.279
1786360656.153,306.56
1786360656.257,306.472
1786360656.360,306.615
1786360656.464,308.677
1786360656.568,307.265
1786360656.671,307.533
1786360656.775,306.488
1786360656.879,307.488
1786360656.982,305.417
1786360657.086,306.264
1786360657.189,305.145
1786360657.293,306.824
1786360657.397,305.538
1786360657.501,306.849
1786360657.601,306.999
1786360657.706,306.747
1786360657.810,308.194
1786360657.914,307.192
1786360658.017,307.487
1786360658.121,309.617
1786360658.225,309.853
1786360658.329,309.663
1786360658.433,309.75
1786360658.536,311.284
1786360658.640,308.959
1786360658.744,308.683
1786360658.848,309.62
1786360658.951,307.707
1786360659.055,309.706
1786360659.159,308.314
1786360659.263,308.276
1786360659.367,306.634
1786360659.470,308.027
1786360659.574,306.477
1786360659.678,304.392
1786360659.782,306.685
1786360659.886,304.458
1786360659.987,306.037
1786360660.090,307.291
1786360660.194,306.694
1786360660.297,306.587
1786360660.400,306.787
1786360660.504,308.47
1786360660.606,305.086
1786360660.709,306.703
1786360660.812,307.213
1786360660.915,305.445
1786360661.017,307.707
1786360661.120,305.411
1786360661.223,306.02
1786360661.325,305.788
1786360661.428,307.317
1786360661.531,307.158
1786360661.634,306.11
1786360661.737,309.465
1786360661.841,309.495
1786360661.944,309.51
1786360662.047,311.383
1786360662.150,311.383
1786360662.250,310.209
1786360662.354,310.238
1786360662.455,310.256
1786360662.558,310.216
1786360662.659,310.137
1786360662.763,308.913
1786360662.865,310.076
1786360662.969,308.548
1786360663.073,308.554
1786360663.176,309.705
1786360663.278,308.598
1786360663.380,309.807
1786360663.484,310.819
1786360663.588,310.628
1786360663.690,311.565
1786360663.793,311.442
1786360663.894,311.246
1786360663.998,311.291
1786360664.100,312.583
1786360664.201,312.522
1786360664.302,311.384
1786360664.404,312.368
1786360664.505,310.774
1786360664.606,310.715
1786360664.707,309.699
1786360664.809,309.659
1786360664.910,308.199
1786360665.011,309.439
1786360665.112,308.454
1786360665.212,308.626
1786360665.314,307.3
1786360665.415,308.735
1786360665.516,307.678
1786360665.617,309.227
1786360665.718,308.812
1786360665.820,309.38
1786360665.921,308.848
1786360666.022,309.136
1786360666.124,309.172
1786360666.225,308.477
1786360666.327,308.358
1786360666.428,308.419
1786360666.529,308.296
1786360666.631,307.768
1786360666.732,307.753
1786360666.834,308.34
1786360666.935,308.464
1786360667.036,307.14
1786360667.137,308.354
1786360667.238,306.094
1786360667.339,307.506
1786360667.440,305.269
1786360667.541,306.5
1786360667.642,306.607
1786360667.743,306.388
1786360667.844,306.598
1786360667.945,306.598
1786360668.045,305.191
1786360668.146,305.841
1786360668.246,307.793
1786360668.350,306.414
1786360668.454,308.893
1786360668.558,306.708
1786360668.662,307.518
1786360668.763,307.74
1786360668.864,307.695
1786360668.965,309.518
1786360669.066,309.451
1786360669.167,311.816
1786360669.268,310.122
1786360669.369,310.127
1786360669.470,311.816
1786360669.571,310.292
1786360669.672,310.912
1786360669.773,312.457
1786360669.874,312.246
1786360669.975,311.016
1786360670.076,309.352
1786360670.177,309.454
1786360670.278,309.228
1786360670.379,309.004
1786360670.480,308.979
1786360670.580,307.351
1786360670.681,308.872
1786360670.782,310.383
1786360670.883,308.99
1786360670.984,308.586
1786360671.084,307.71
1786360671.185,309.293
1786360671.286,309.034
1786360671.387,309.191
1786360671.487,309.001
1786360671.588,309.112
1786360671.688,308.959
1786360671.789,307.099
1786360671.889,307.095
1786360671.989,307.158
1786360672.090,307.515
1786360672.190,307.515
1786360672.291,309.622
1786360672.391,308.17
1786360672.492,308.142
1786360672.592,306.782
1786360672.694,308.512
1786360672.795,307.044
1786360672.897,308.396
1786360672.998,308.908
1786360673.099,308.923
1786360673.202,309.124
1786360673.303,309.039
1786360673.404,306.666
1786360673.506,307.896
1786360673.607,306.466
1786360673.708,307.783
1786360673.810,306.656
1786360673.911,307.934
1786360674.012,306.587
1786360674.113,307.728
1786360674.214,306.715
1786360674.315,307.785
1786360674.416,306.336
1786360674.517,308.886
1786360674.617,309.282
1786360674.718,309.354
1786360674.819,309.331
1786360674.919,310.324
1786360675.019,310.362
1786360675.120,312.035
1786360675.223,312.154
1786360675.323,311.716
1786360675.424,311.754
1786360675.527,312.094
1786360675.631,311.891
1786360675.735,309.44
1786360675.839,310.804
1786360675.942,308.932
1786360676.046,309.014
1786360676.150,307.766
1786360676.254,306.361
1786360676.357,304.996
1786360676.461,306.608
1786360676.565,305.162
1786360676.669,306.476
1786360676.770,306.527
1786360676.872,307.498
1786360676.973,307.592
1786360677.074,309.592
1786360677.175,309.57
1786360677.276,310.906
1786360677.377,310.801
1786360677.478,310.447
1786360677.579,310.557
1786360677.680,312.088
1786360677.781,312.088
1786360677.882,311.979
1786360677.983,311.032
1786360678.083,311.4
1786360678.184,310.264
1786360678.284,308.669
1786360678.385,308.783
1786360678.487,307.231
1786360678.588,308.608
1786360678.688,310.299
1786360678.788,308.729
1786360678.888,308.902
1786360678.992,306.836
1786360679.096,306.608
1786360679.199,307.555
1786360679.303,306.549
1786360679.406,308.157
1786360679.510,307.029
1786360679.614,308.598
1786360679.718,306.599
1786360679.822,306.612
1786360679.925,306.773
1786360680.029,306.53
1786360679.028,307.63
1786360679.129,308.944
1786360679.230,307.863
1786360679.331,308.451
1786360679.433,308.947
1786360679.534,310.184
1786360679.635,308.9
1786360679.736,310.967
1786360679.836,310.072
1786360679.937,310.739
1786360680.038,309.406
1786360680.139,310.488
1786360680.239,308.487
1786360680.339,308.526
1786360680.440,308.212
1786360680.543,307.912
1786360680.643,306.75
1786360680.747,307.97
1786360680.851,307.909
1786360680.953,307.47
1786360681.054,308.35
1786360681.154,308.055
1786360681.255,308.048
1786360681.355,309.994
1786360681.455,309.686
1786360681.556,310.409
1786360681.656,310.133
1786360681.757,310.127
1786360681.857,310.27
1786360681.958,310.329
1786360682.058,310.573
1786360682.159,310.573
1786360682.259,310.352
1786360682.359,310.732
1786360682.460,310.697
1786360682.560,309.601
1786360682.660,311.022
1786360682.761,310.756
1786360682.861,310.828
1786360682.962,310.768
1786360683.062,309.385
1786360683.162,309.195
1786360683.263,310.121
1786360683.364,308.078
1786360683.465,309.297
1786360683.566,309.308
1786360683.667,310.329
1786360683.769,310.209
1786360683.870,311.615
1786360683.971,311.509
1786360684.072,312.735
1786360684.173,314.018
1786360684.274,314.122
1786360684.374,314.305
1786360684.475,316.295
1786360684.576,316.32
1786360684.676,316.294
1786360684.777,316.304
1786360684.877,316.434
1786360684.978,316.401
1786360685.079,316.66
1786360685.179,316.541
1786360685.280,316.494
1786360685.380,316.471
1786360685.481,315.33
1786360685.581,315.38
1786360685.681,315.38
1786360685.782,315.38
1786360685.882,315.615
1786360685.983,315.581
1786360686.083,315.422
1786360686.183,315.363
1786360686.284,315.135
1786360686.384,315.047
1786360686.484,315.065
1786360686.585,315.053
1786360686.685,316.204
1786360686.786,316.043
1786360686.886,315.534
1786360686.988,315.293
1786360687.091,315.308
1786360687.191,315.434
1786360687.291,315.524
1786360687.392,315.616
1786360687.492,315.802
1786360687.592,315.785
1786360687.693,315.956
1786360687.793,315.966
1786360687.894,315.959
1786360687.994,316.438
1786360688.095,316.408
1786360688.195,316.332
1786360688.296,316.311
1786360688.397,316.272
1786360688.497,316.334
1786360688.597,316.33
1786360688.698,314.459
1786360688.798,314.42
1786360688.898,314.443
1786360689.002,313.33
1786360689.105,313.4
1786360689.207,312.366
1786360689.311,312.438
1786360689.414,311.065
1786360689.518,309.357
1786360689.622,309.211
1786360689.726,309.091
1786360689.830,309.914
1786360689.934,309.825
1786360690.037,307.88
1786360690.141,309.058
1786360690.245,307.936
1786360690.349,308.973
1786360690.453,307.545
1786360690.557,307.214
1786360690.660,306.703
1786360690.764,306.803
1786360690.867,304.86
1786360690.971,305.907
1786360691.075,304.778
1786360691.179,306.65
1786360691.283,305.084
1786360691.387,306.134
1786360691.491,304.455
1786360691.594,306.844
1786360691.696,308.005
1786360691.800,308.858
1786360691.904,308.838
1786360692.008,309.684
1786360692.111,309.64
1786360692.215,309.106
1786360692.319,307.503
1786360692.423,309.504
1786360692.527,309.538
1786360692.631,311.225
1786360692.735,310.832
1786360692.838,309.466
1786360692.942,310.972
1786360693.046,309.464
1786360693.149,310.615
1786360693.253,309.427
1786360693.357,309.661
1786360693.461,311.585
1786360693.565,310.025
1786360693.669,308.009
1786360693.773,308.257
1786360693.877,307.913
1786360693.980,308.507
1786360694.084,306.9
1786360694.188,308.935
1786360694.291,307.407
1786360694.395,308.77
1786360694.498,308.704
1786360694.602,308.44
1786360694.704,308.29
1786360694.807,310.613
1786360694.910,308.832
1786360695.013,309.322
1786360695.116,308.787
1786360695.220,310.213
1786360695.323,308.044
1786360695.427,309.502
1786360695.530,308.312
1786360695.634,309.702
1786360695.738,307.772
1786360695.842,307.985
1786360695.945,306.379
1786360696.049,306.67
1786360696.153,306.61
1786360696.254,306.133
1786360696.354,306.362
1786360696.455,307.959
1786360696.555,307.968
1786360696.656,309.107
1786360696.756,309.413
1786360696.859,310.524
1786360696.959,310.524
1786360697.059,311.647
1786360697.162,311.783
1786360697.266,312.993
1786360697.370,312.841
1786360697.474,313.081
1786360697.577,312.911
1786360697.681,311.566
1786360697.785,311.609
1786360697.889,310.38
1786360697.993,308.72
1786360698.097,309.831
1786360698.200,308.513
1786360698.304,309.804
1786360698.408,308.722
1786360698.511,308.844
1786360698.615,308.6
1786360698.719,308.583
1786360698.823,307.906
1786360698.927,307.955
1786360699.031,309.119
1786360699.135,309.472
1786360699.238,309.174
1786360699.342,308.73
1786360699.446,307.614
1786360699.550,307.685
1786360699.653,308.07
1786360699.757,308.103
1786360699.861,308.616
1786360699.965,308.665
1786360700.069,308.721
1786360700.173,308.594
1786360700.275,308.477
1786360700.379,309.122
1786360700.483,310.118
1786360700.587,308.567
1786360700.690,309.595
1786360700.794,309.671
1786360700.898,309.628
1786360701.002,308.083
1786360701.106,307.856
1786360701.210,306.531
1786360701.313,307.729
1786360701.417,306.435
1786360701.521,307.466
1786360701.625,306.208
1786360701.727,306.842
1786360701.831,306.6
1786360701.934,306.143
1786360702.038,306.265
1786360702.142,307.893
1786360702.246,305.885
1786360702.349,307.158
1786360702.453,307.089
1786360702.557,307.0
1786360702.661,306.977
1786360702.765,307.001
1786360702.869,306.621
1786360702.972,306.974
1786360703.076,308.673
1786360703.180,306.915
1786360703.284,308.569
1786360703.387,310.895
1786360703.492,308.857
1786360703.596,309.143
1786360703.699,309.28
1786360703.803,307.643
1786360703.907,308.907
1786360704.011,308.89
1786360704.115,308.767
1786360704.219,307.384
1786360704.323,308.986
1786360704.425,307.067
1786360704.528,306.811
1786360704.632,307.604
1786360704.736,306.102
1786360704.839,307.393
1786360704.943,307.927
1786360705.047,307.786
1786360705.151,306.984
1786360705.254,306.974
1786360705.358,306.563
1786360705.461,306.524
1786360705.565,306.713
1786360705.669,307.016
1786360705.773,306.486
1786360705.877,307.981
1786360705.980,305.936
1786360706.084,307.209
1786360706.188,307.293
1786360706.292,307.536
1786360706.396,306.97
1786360706.499,307.307
1786360706.603,307.565
1786360706.704,307.815
1786360706.807,307.106
1786360706.911,308.91
1786360707.015,307.281
1786360707.116,307.772
1786360707.220,308.151
1786360707.324,306.707
1786360707.428,308.687
1786360707.531,309.388
1786360707.635,309.711
1786360707.739,309.556
1786360707.843,308.851
1786360707.947,308.711
1786360708.050,309.155
1786360708.154,309.106
1786360708.258,310.822
1786360708.362,310.395
1786360708.466,310.766
1786360708.569,310.524
1786360708.673,310.048
1786360708.776,310.37
1786360708.880,308.765
1786360708.984,309.727
1786360709.088,310.049
1786360709.192,309.657
1786360709.295,309.717
1786360709.399,309.761
1786360709.500,309.75
1786360709.603,310.884
1786360709.707,311.065
1786360709.810,311.596
1786360709.912,312.629
1786360710.016,314.386
1786360710.119,314.522
1786360710.223,316.067
1786360710.327,316.042
1786360710.431,317.075
1786360710.535,316.119
1786360710.638,316.221
1786360710.742,314.981
1786360710.846,314.933
1786360710.950,313.761
1786360711.050,312.372
1786360711.151,312.231
1786360710.151,311.048
1786360710.252,310.905
1786360710.352,310.93
1786360710.453,310.93
1786360710.555,308.962
1786360710.656,309.755
1786360710.756,308.646
1786360710.857,309.781
1786360710.959,308.638
1786360711.060,309.823
1786360711.163,309.697
1786360711.267,309.814
1786360711.370,310.317
1786360711.474,309.697
1786360711.578,307.658
1786360711.681,310.128
1786360711.785,308.802
1786360711.889,309.782
1786360711.993,308.374
1786360712.097,309.762
1786360712.201,308.425
1786360712.304,309.896
1786360712.408,308.472
1786360712.509,309.237
1786360712.610,308.634
1786360712.710,310.483
1786360712.811,308.982
1786360712.912,310.422
1786360713.012,308.816
1786360713.113,310.519
1786360713.213,310.235
1786360713.316,310.251
1786360713.416,310.093
1786360713.517,310.236
1786360713.617,310.059
1786360713.717,310.1
1786360713.818,310.427
1786360713.918,310.58
1786360714.018,310.519
1786360714.119,310.328
1786360714.219,310.289
1786360714.320,310.494
1786360714.420,310.313
1786360714.520,310.557
1786360714.621,310.272
1786360714.721,310.507
1786360714.822,310.61
1786360714.922,310.532
1786360715.023,310.779
1786360715.123,310.925
1786360715.224,311.541
1786360715.324,311.62
1786360715.424,310.261
1786360715.525,310.261
1786360715.625,311.925
1786360715.726,309.863
1786360715.826,310.998
1786360715.927,310.977
1786360716.027,310.236
1786360716.127,308.99
1786360716.228,309.987
1786360716.328,309.412
1786360716.429,310.24
1786360716.529,308.201
1786360716.629,309.511
1786360716.730,307.564
1786360716.830,309.494
1786360716.933,308.544
1786360717.035,308.352
1786360717.138,310.274
1786360717.242,310.236
1786360717.346,310.264
1786360717.450,309.03
1786360717.554,309.43
1786360717.657,310.148
1786360717.761,310.04
1786360717.865,309.67
1786360717.968,309.712
1786360718.072,310.957
1786360718.176,309.714
1786360718.279,308.083
1786360718.381,309.131
1786360718.482,307.882
1786360718.583,309.457
1786360718.684,307.853
1786360718.785,308.9
1786360718.886,307.705
1786360718.986,309.805
1786360719.087,308.369
1786360719.187,308.359
1786360719.288,308.019
1786360719.388,309.51
1786360719.489,308.03
1786360719.591,309.47
1786360719.691,307.942
1786360719.792,308.38
1786360719.895,308.52
1786360719.999,308.171
1786360720.102,308.742
1786360720.206,308.668
1786360720.310,308.905
1786360720.411,309.331
1786360720.511,308.135
1786360720.612,309.831
1786360720.712,308.445
1786360720.812,308.898
1786360720.914,310.094
1786360721.015,308.558
1786360721.115,310.07
1786360721.215,310.07
1786360721.316,308.121
1786360721.416,309.554
1786360721.517,309.302
1786360721.617,308.949
1786360721.718,310.077
1786360721.818,308.707
1786360721.918,309.902
1786360722.019,309.809
1786360722.119,308.729
1786360722.219,310.1
1786360722.320,310.1
1786360722.420,311.487
1786360722.521,311.513
1786360722.621,309.585
1786360722.722,311.037
1786360722.822,310.976
1786360722.922,311.059
1786360723.023,309.909
1786360723.123,311.027
1786360723.223,310.761
1786360723.324,310.818
1786360723.424,310.984
1786360723.525,309.577
1786360723.625,309.612
1786360723.726,310.474
1786360723.826,310.554
1786360723.926,310.722
1786360724.027,310.542
1786360724.127,310.151
1786360724.227,310.683
1786360724.328,310.65
1786360724.428,310.886
1786360724.529,310.789
1786360724.629,310.789
1786360724.729,312.304
1786360724.830,312.495
1786360724.933,313.62
1786360725.036,313.6
1786360725.140,311.722
1786360725.243,313.064
1786360725.347,312.75
1786360725.450,312.313
1786360725.554,312.527
1786360725.655,310.251
1786360725.759,310.273
1786360725.863,309.681
1786360725.967,309.364
1786360726.071,307.173
1786360726.174,307.074
1786360726.278,307.135
1786360726.382,307.305
1786360726.486,307.839
1786360726.589,307.806
1786360726.693,308.66
1786360726.797,309.68
1786360726.901,308.128
1786360727.005,307.013
1786360727.109,307.553
1786360727.212,308.308
1786360727.316,308.461
1786360727.420,309.036
1786360727.523,308.785
1786360727.625,308.496
1786360727.728,308.577
1786360727.831,307.803
1786360727.934,308.874
1786360728.037,309.052
1786360728.140,310.736
1786360728.243,309.193
1786360728.346,310.577
1786360728.449,308.983
1786360728.552,310.228
1786360728.655,309.363
1786360728.759,310.98
1786360728.862,309.587
1786360728.966,310.697
1786360729.070,309.411
1786360729.174,310.754
1786360729.277,309.699
1786360729.381,310.729
1786360729.485,309.404
1786360729.588,311.031
1786360729.693,309.615
1786360729.796,310.813
1786360729.900,310.83
1786360730.002,311.192
1786360730.103,309.985
1786360730.204,311.258
1786360730.305,309.533
1786360730.406,310.925
1786360730.507,310.966
1786360730.608,310.831
1786360730.709,309.456
1786360730.809,310.839
1786360730.910,309.38
1786360731.011,309.466
1786360731.112,308.671
1786360731.212,308.745
1786360731.312,307.725
1786360731.413,309.459
1786360731.514,309.043
1786360731.614,307.3
1786360731.716,309.015
1786360731.820,308.196
1786360731.920,308.34
1786360732.021,308.479
1786360732.121,308.469
1786360732.221,309.225
1786360732.322,310.414
1786360732.422,309.584
1786360732.526,308.063
1786360732.630,308.303
1786360732.730,310.298
1786360732.831,307.969
1786360732.931,310.27
1786360733.032,308.888
1786360733.132,310.032
1786360733.232,309.002
1786360733.333,310.135
1786360733.433,310.152
1786360733.534,310.152
1786360733.634,310.451
1786360733.734,310.489
1786360733.835,310.563
1786360733.935,310.501
1786360734.036,310.483
1786360734.136,310.527
1786360734.237,309.606
1786360734.338,309.819
1786360734.439,309.541
1786360734.540,309.54
1786360734.641,307.835
1786360734.742,309.523
1786360734.844,309.135
1786360734.944,308.775
1786360735.045,307.629
1786360735.146,309.895
1786360735.246,307.965
1786360735.346,310.081
1786360735.448,308.586
1786360735.549,309.815
1786360735.650,308.526
1786360735.753,309.46
1786360735.857,308.008
1786360735.961,308.949
1786360736.064,308.595
1786360736.168,309.546
1786360736.276,307.435
1786360736.380,308.092
1786360736.483,308.068
1786360736.587,309.435
1786360736.691,309.584
1786360736.794,310.765
1786360736.897,309.667
1786360737.001,308.857
1786360737.105,309.803
1786360737.209,308.564
1786360737.313,308.541
1786360737.416,309.339
1786360737.520,310.444
1786360737.624,309.094
1786360737.728,308.996
1786360737.832,307.203
1786360737.935,307.22
1786360738.039,306.92
1786360738.143,307.704
1786360738.247,307.598
1786360738.351,307.818
1786360738.455,307.729
1786360738.559,308.794
1786360738.662,308.634
1786360738.766,309.909
1786360738.870,310.116
1786360738.974,311.706
1786360739.078,311.649
1786360739.181,313.644
1786360739.285,314.909
1786360739.389,314.914
1786360739.493,316.168
1786360739.597,316.275
1786360739.698,316.318
1786360739.802,314.89
1786360739.906,314.984
1786360740.009,313.441
1786360740.113,313.351
1786360740.217,311.95
1786360740.321,310.482
1786360740.425,310.999
1786360740.528,311.029
1786360740.632,309.142
1786360740.736,309.367
1786360740.840,308.072
1786360740.942,308.979
1786360741.044,309.028
1786360741.146,308.963
1786360741.249,309.061
1786360741.351,309.234
1786360741.453,310.709
1786360741.556,309.372
1786360741.658,308.125
1786360741.761,310.137
1786360741.863,308.834
1786360741.966,308.768
1786360742.068,309.35
1786360742.171,309.367
1786360742.274,309.146
1786360742.377,308.004
1786360741.383,309.357
1786360741.486,307.948
1786360741.589,308.915
1786360741.692,308.983
1786360741.795,308.969
1786360741.898,310.113
1786360742.002,309.751
1786360742.105,309.739
1786360742.209,308.405
1786360742.312,309.992
1786360742.416,309.382
1786360742.520,309.439
1786360742.624,309.609
1786360742.727,309.523
1786360742.828,310.76
1786360742.932,309.686
1786360743.035,309.576
1786360743.139,311.315
1786360743.243,310.258
1786360743.347,311.493
1786360743.450,310.302
1786360743.552,312.112
1786360743.653,310.283
1786360743.754,311.578
1786360743.856,310.333
1786360743.957,310.316
1786360744.058,310.169
1786360744.159,308.655
1786360744.260,308.784
1786360744.361,308.391
1786360744.462,308.5
1786360744.563,309.741
1786360744.664,307.202
1786360744.764,308.901
1786360744.865,307.064
1786360744.965,308.22
1786360745.066,308.22
1786360745.166,306.702
1786360745.267,308.219
1786360745.367,308.324
1786360745.467,308.397
1786360745.568,307.927
1786360745.668,307.723
1786360745.771,306.449
1786360745.875,308.026
1786360745.978,308.107
1786360746.082,308.573
1786360746.186,308.538
1786360746.289,309.109
1786360746.390,308.787
1786360746.493,308.9
1786360746.594,307.061
1786360746.694,309.538
1786360746.794,309.75
1786360746.895,309.254
1786360746.998,308.855
1786360747.102,308.905
1786360747.205,308.908
1786360747.309,308.958
1786360747.409,308.249
1786360747.510,308.317
1786360747.613,309.817
1786360747.714,310.2
1786360747.814,309.983
1786360747.914,309.989
1786360748.015,311.677
1786360748.115,311.527
1786360748.216,310.138
1786360748.317,311.283
1786360748.418,309.959
1786360748.518,311.558
1786360748.618,309.684
1786360748.719,309.785
1786360748.819,310.404
1786360748.920,309.118
1786360749.020,307.999
1786360749.121,308.12
1786360749.221,308.335
1786360749.321,309.878
1786360749.422,308.534
1786360749.522,310.179
1786360749.623,310.254
1786360749.723,311.008
1786360749.823,311.008
1786360749.924,310.78
1786360750.024,310.625
1786360750.124,311.484
1786360750.225,311.392
1786360750.325,311.514
1786360750.426,311.259
1786360750.526,311.304
1786360750.627,310.743
1786360750.727,310.467
1786360750.828,308.126
1786360750.928,308.159
1786360751.028,308.251
1786360751.129,307.331
1786360751.229,307.44
1786360751.330,306.653
1786360751.430,306.61
1786360751.531,306.891
1786360751.631,306.586
1786360751.732,307.522
1786360751.832,307.637
1786360751.933,308.807
1786360752.033,310.082
1786360752.133,310.145
1786360752.234,312.045
1786360752.335,311.122
1786360752.435,313.173
1786360752.535,311.859
1786360752.636,312.93
1786360752.736,313.011
1786360752.837,312.783
1786360752.937,312.712
1786360753.037,312.715
1786360753.138,311.173
1786360753.238,311.173
1786360753.339,311.012
1786360753.439,309.188
1786360753.539,310.031
1786360753.640,308.172
1786360753.740,309.094
1786360753.840,308.244
1786360753.941,306.783
1786360754.041,306.53
1786360754.142,306.915
1786360754.243,306.723
1786360754.343,308.059
1786360754.443,308.092
1786360754.547,309.921
1786360754.651,310.076
1786360754.754,311.011
1786360754.858,311.181
1786360754.962,312.274
1786360755.065,313.614
1786360755.169,314.154
1786360755.273,313.805
1786360755.376,314.098
1786360755.480,314.12
1786360755.584,312.65
1786360755.687,312.592
1786360755.791,311.305
1786360755.895,311.997
1786360755.998,309.722
1786360756.102,309.653
1786360756.206,308.335
1786360756.310,309.424
1786360756.413,308.193
1786360756.516,309.209
1786360756.620,308.202
1786360756.724,308.222
1786360756.828,308.433
1786360756.931,309.732
1786360757.035,308.499
1786360757.139,310.883
1786360757.242,310.926
1786360757.346,311.319
1786360757.450,309.974
1786360757.554,311.218
1786360757.657,309.384
1786360757.761,308.761
1786360757.865,310.631
1786360757.968,308.882
1786360758.072,309.032
1786360758.176,310.48
1786360758.280,310.462
1786360758.383,309.415
1786360758.487,309.29
1786360758.591,310.699
1786360758.694,310.698
1786360758.798,311.565
1786360758.902,313.19
1786360759.005,311.533
1786360759.109,312.997
1786360759.213,311.609
1786360759.316,311.527
1786360759.420,310.206
1786360759.524,311.169
1786360759.627,312.218
1786360759.731,311.101
1786360759.835,311.16
1786360759.939,310.883
1786360760.042,311.025
1786360760.146,311.16
1786360760.250,309.979
1786360760.353,311.207
1786360760.457,309.848
1786360760.561,311.176
1786360760.664,310.011
1786360760.768,310.09
1786360760.872,311.145
1786360760.976,309.529
1786360761.079,311.034
1786360761.183,309.116
1786360761.287,309.375
1786360761.390,310.54
1786360761.494,308.872
1786360761.598,308.8
1786360761.701,309.008
1786360761.805,310.407
1786360761.909,309.245
1786360762.013,309.381
1786360762.116,309.338
1786360762.220,307.627
1786360762.324,309.333
1786360762.428,308.675
1786360762.532,307.498
1786360762.635,309.182
1786360762.739,309.44
1786360762.843,309.119
1786360762.948,307.326
1786360763.052,308.665
1786360763.156,306.837
1786360763.257,308.425
1786360763.361,309.943
1786360763.465,308.737
1786360763.569,308.947
1786360763.673,309.893
1786360763.776,308.821
1786360763.880,308.569
1786360763.982,308.731
1786360764.086,308.651
1786360764.189,308.824
1786360764.293,309.195
1786360764.397,309.219
1786360764.501,307.923
1786360764.605,309.234
1786360764.709,308.622
1786360764.812,309.029
1786360764.916,308.231
1786360765.020,309.741
1786360765.124,308.584
1786360765.227,310.299
1786360765.331,309.974
1786360765.435,309.028
1786360765.539,307.524
1786360765.643,308.751
1786360765.746,307.399
1786360765.847,309.331
1786360765.947,307.397
1786360766.048,309.166
1786360766.148,307.555
1786360766.248,309.159
1786360766.349,309.107
1786360766.449,306.005
1786360766.550,306.744
1786360766.650,308.333
1786360766.750,306.676
1786360766.851,308.022
1786360766.951,306.065
1786360767.052,307.941
1786360767.152,306.651
1786360767.252,306.69
1786360767.353,306.627
1786360767.453,305.375
1786360767.554,308.396
1786360767.654,308.786
1786360767.755,308.684
1786360767.855,309.055
1786360767.956,309.001
1786360768.056,309.36
1786360768.156,309.632
1786360768.257,309.875
1786360768.357,311.414
1786360768.458,309.923
1786360768.558,309.711
1786360768.659,310.231
1786360768.759,310.174
1786360768.860,310.174
1786360768.960,310.169
1786360769.061,309.789
1786360769.161,309.818
1786360769.261,311.512
1786360769.362,309.756
1786360769.462,309.603
1786360769.562,309.594
1786360769.663,310.737
1786360769.763,311.256
1786360769.863,310.775
1786360769.964,311.004
1786360770.064,311.01
1786360770.165,311.677
1786360770.265,310.125
1786360770.365,310.121
1786360770.466,309.465
1786360770.569,310.618
1786360770.670,310.539
1786360770.770,309.214
1786360770.870,308.298
1786360770.971,308.242
1786360771.071,308.018
1786360771.172,308.121
1786360771.272,309.082
1786360771.372,308.421
1786360771.473,306.679
1786360771.573,307.813
1786360771.674,307.907
1786360771.774,306.664
1786360771.878,306.402
1786360771.978,307.811
1786360772.079,307.339
1786360772.179,308.565
1786360772.283,306.898
1786360772.386,306.87
1786360772.487,306.87
1786360772.587,308.001
1786360772.687,309.472
1786360772.788,308.415
1786360772.888,308.313
1786360772.989,308.126
1786360773.089,307.761
1786360773.190,308.337
1786360773.290,308.744
1786360773.391,308.824
1786360773.491,308.959
1786360772.495,307.955
1786360772.595,309.041
1786360772.697,307.723
1786360772.797,309.604
1786360772.898,308.389
1786360772.998,308.548
1786360773.099,310.261
1786360773.203,308.974
1786360773.306,307.628
1786360773.410,307.985
1786360773.514,308.045
1786360773.618,309.18
1786360773.719,307.825
1786360773.820,309.252
1786360773.920,308.082
1786360774.021,309.39
1786360774.121,309.53
1786360774.221,308.459
1786360774.322,309.617
1786360774.422,309.803
1786360774.523,307.443
1786360774.623,308.805
1786360774.724,307.614
1786360774.824,308.936
1786360774.925,307.731
1786360775.025,308.98
1786360775.126,307.716
1786360775.226,307.716
1786360775.327,308.841
1786360775.427,308.492
1786360775.528,308.632
1786360775.628,308.093
1786360775.728,308.869
1786360775.829,308.86
1786360775.930,308.878
1786360776.030,308.019
1786360776.130,308.863
1786360776.231,308.746
1786360776.331,308.745
1786360776.432,308.643
1786360776.532,308.608
1786360776.633,308.577
1786360776.733,310.284
1786360776.834,309.384
1786360776.934,309.434
1786360777.034,309.092
1786360777.135,309.862
1786360777.235,308.396
1786360777.336,308.61
1786360777.436,308.67
1786360777.537,308.767
1786360777.637,309.159
1786360777.738,309.039
1786360777.838,307.329
1786360777.939,309.281
1786360778.039,307.966
1786360778.139,309.404
1786360778.240,309.625
1786360778.340,310.164
1786360778.440,310.164
1786360778.541,310.086
1786360778.641,309.916
1786360778.742,309.887
1786360778.842,309.324
1786360778.942,309.222
1786360779.043,309.727
1786360779.143,309.753
1786360779.244,311.043
1786360779.344,311.014
1786360779.444,310.679
1786360779.545,311.857
1786360779.645,311.801
1786360779.746,311.442
1786360779.846,311.414
1786360779.946,311.977
1786360780.047,312.14
1786360780.147,313.357
1786360780.247,312.107
1786360780.348,312.157
1786360780.448,309.939
1786360780.549,310.013
1786360780.650,308.754
1786360780.750,308.755
1786360780.850,308.098
1786360780.951,308.238
1786360781.051,308.325
1786360781.152,308.228
1786360781.252,306.953
1786360781.353,308.3
1786360781.453,307.08
1786360781.553,309.287
1786360781.654,309.419
1786360781.755,310.777
1786360781.856,310.777
1786360781.957,310.834
1786360782.058,313.242
1786360782.159,311.871
1786360782.259,312.859
1786360782.360,311.249
1786360782.461,313.13
1786360782.561,313.06
1786360782.661,312.376
1786360782.762,312.503
1786360782.862,311.09
1786360782.963,311.029
1786360783.063,310.031
1786360783.164,310.067
1786360783.264,310.288
1786360783.364,310.335
1786360783.465,310.651
1786360783.565,309.58
1786360783.665,308.075
1786360783.766,310.004
1786360783.866,308.307
1786360783.967,309.856
1786360784.067,310.041
1786360784.168,309.983
1786360784.268,308.412
1786360784.368,309.995
1786360784.469,308.793
1786360784.569,310.132
1786360784.670,309.561
1786360784.770,311.128
1786360784.870,309.961
1786360784.971,311.51
1786360785.071,309.565
1786360785.171,308.141
1786360785.272,308.141
1786360785.372,309.183
1786360785.473,310.746
1786360785.573,309.119
1786360785.673,310.333
1786360785.774,309.246
1786360785.874,310.439
1786360785.974,309.12
1786360786.075,308.093
1786360786.175,308.253
1786360786.276,308.332
1786360786.376,309.612
1786360786.476,308.458
1786360786.577,308.588
1786360786.677,308.602
1786360786.778,308.627
1786360786.878,309.804
1786360786.978,309.796
1786360787.079,309.167
1786360787.179,311.225
1786360787.280,309.561
1786360787.380,311.519
1786360787.481,311.758
1786360787.581,311.453
1786360787.682,311.222
1786360787.782,310.811
1786360787.883,310.86
1786360787.984,309.736
1786360788.085,309.642
1786360788.186,309.594
1786360788.287,307.982
1786360788.387,309.812
1786360788.488,309.663
1786360788.589,306.768
1786360788.690,308.355
1786360788.791,306.852
1786360788.891,306.786
1786360788.992,306.786
1786360789.092,306.704
1786360789.193,306.568
1786360789.293,306.537
1786360789.394,306.72
1786360789.495,306.642
1786360789.595,306.769
1786360789.696,305.29
1786360789.797,306.332
1786360789.898,306.275
1786360789.999,306.732
1786360790.099,308.449
1786360790.200,308.387
1786360790.301,308.37
1786360790.401,308.458
1786360790.502,308.636
1786360790.603,310.909
1786360790.703,309.046
1786360790.804,310.594
1786360790.904,312.154
1786360791.005,310.783
1786360791.106,309.934
1786360791.207,309.862
1786360791.308,307.774
1786360791.409,306.974
1786360791.510,306.875
1786360791.612,307.221
1786360791.713,306.556
1786360791.815,307.062
1786360791.917,306.932
1786360792.019,305.75
1786360792.121,306.948
1786360792.223,307.685
1786360792.324,307.655
1786360792.426,308.797
1786360792.528,309.418
1786360792.630,309.499
1786360792.732,309.227
1786360792.834,309.379
1786360792.934,309.245
1786360793.035,309.207
1786360793.135,309.342
1786360793.236,308.089
1786360793.336,309.366
1786360793.437,308.125
1786360793.538,309.026
1786360793.639,309.026
1786360793.740,309.664
1786360793.841,309.276
1786360793.942,308.845
1786360794.043,308.79
1786360794.144,308.242
1786360794.245,308.212
1786360794.346,307.322
1786360794.446,308.682
1786360794.547,307.322
1786360794.648,308.486
1786360794.749,307.378
1786360794.850,306.537
1786360794.950,307.209
1786360795.051,307.885
1786360795.151,305.915
1786360795.251,307.592
1786360795.352,308.371
1786360795.452,307.966
1786360795.552,307.884
1786360795.653,307.976
1786360795.753,307.944
1786360795.853,307.91
1786360795.954,309.502
1786360796.054,309.163
1786360796.154,310.486
1786360796.255,311.171
1786360796.355,311.308
1786360796.455,310.033
1786360796.556,309.774
1786360796.656,309.858
1786360796.756,311.062
1786360796.857,309.904
1786360796.957,311.143
1786360797.058,308.952
1786360797.158,308.952
1786360797.258,308.838
1786360797.359,307.8
1786360797.459,309.118
1786360797.559,307.715
1786360797.660,309.395
1786360797.762,309.646
1786360797.863,309.681
1786360797.963,307.448
1786360798.064,308.798
1786360798.164,308.975
1786360798.265,309.898
1786360798.365,309.994
1786360798.466,309.973
1786360798.566,308.718
1786360798.667,309.941
1786360798.767,308.762
1786360798.868,309.894
1786360798.968,308.631
1786360799.068,310.962
1786360799.169,309.431
1786360799.269,307.89
1786360799.369,309.158
1786360799.470,309.361
1786360799.570,308.959
1786360799.671,310.095
1786360799.771,308.113
1786360799.872,309.53
1786360799.972,308.325
1786360800.073,309.536
1786360800.173,307.886
1786360800.274,309.332
1786360800.374,309.384
1786360800.475,309.579
1786360800.577,308.066
1786360800.679,309.767
1786360800.780,309.767
1786360800.881,309.323
1786360800.982,311.377
1786360801.084,309.987
1786360801.187,311.232
1786360801.289,309.44
1786360801.392,310.955
1786360801.493,309.27
1786360801.597,309.418
1786360801.698,308.208
1786360801.798,308.005
1786360801.901,307.915
1786360802.002,308.36
1786360802.102,307.353
1786360802.206,307.139
1786360802.309,305.576
1786360802.413,307.697
1786360802.514,307.652
1786360802.615,308.427
1786360802.715,309.733
1786360802.816,310.795
1786360802.916,312.567
1786360803.017,311.044
1786360803.117,311.149
1786360803.217,311.136
1786360803.318,311.387
1786360803.419,313.125
1786360803.519,312.759
1786360803.619,310.139
1786360803.720,309.878
1786360803.820,309.84
1786360803.921,308.326
1786360804.021,308.248
1786360804.122,309.717
1786360804.222,308.637
1786360804.323,309.671
1786360804.423,310.98
1786360804.524,309.773
1786360804.624,309.93
1786360803.618,309.93
1786360803.719,311.44
1786360803.820,312.606
1786360803.920,311.309
1786360804.021,310.758
1786360804.121,310.721
1786360804.221,310.573
1786360804.322,310.662
1786360804.423,310.48
1786360804.523,309.233
1786360804.624,310.275
1786360804.724,308.603
1786360804.825,308.352
1786360804.925,308.272
1786360805.026,309.669
1786360805.126,309.573
1786360805.227,308.236
1786360805.327,308.146
1786360805.428,307.45
1786360805.528,307.546
1786360805.629,307.308
1786360805.729,306.118
1786360805.830,305.913
1786360805.930,307.202
1786360806.030,305.944
1786360806.131,304.358
1786360806.231,304.584
1786360806.332,306.041
1786360806.432,304.06
1786360806.533,305.819
1786360806.633,305.268
1786360806.734,305.268
1786360806.834,305.272
1786360806.935,306.346
1786360807.035,306.904
1786360807.135,307.039
1786360807.236,308.295
1786360807.336,308.396
1786360807.437,310.17
1786360807.537,308.41
1786360807.638,310.571
1786360807.738,310.371
1786360807.839,309.794
1786360807.939,309.782
1786360808.039,310.027
1786360808.140,310.184
1786360808.240,310.174
1786360808.340,309.077
1786360808.441,310.486
1786360808.541,310.596
1786360808.641,310.834
1786360808.742,310.783
1786360808.842,310.022
1786360808.942,311.058
1786360809.043,311.021
1786360809.143,310.879
1786360809.243,310.734
1786360809.344,310.655
1786360809.444,311.853
1786360809.545,310.883
1786360809.645,310.883
1786360809.745,310.879
1786360809.845,311.041
1786360809.946,311.018
1786360810.046,310.27
1786360810.146,310.372
1786360810.247,310.539
1786360810.347,308.768
1786360810.447,310.144
1786360810.548,310.209
1786360810.648,310.188
1786360810.749,309.999
1786360810.849,310.036
1786360810.950,308.919
1786360811.050,307.129
1786360811.150,308.731
1786360811.251,307.549
1786360811.351,308.809
1786360811.452,309.424
1786360811.552,309.359
1786360811.652,309.34
1786360811.753,308.097
1786360811.853,309.118
1786360811.953,309.198
1786360812.054,309.322
1786360812.154,311.345
1786360812.255,309.903
1786360812.355,309.399
1786360812.456,308.681
1786360812.557,309.85
1786360812.658,308.704
1786360812.759,308.752
1786360812.859,308.849
1786360812.960,308.91
1786360813.060,307.425
1786360813.161,307.425
1786360813.261,308.265
1786360813.363,308.045
1786360813.464,309.502
1786360813.568,309.991
1786360813.668,310.783
1786360813.769,309.624
1786360813.870,310.658
1786360813.970,308.534
1786360814.071,309.748
1786360814.171,307.739
1786360814.272,309.174
1786360814.372,309.196
1786360814.473,309.199
1786360814.573,309.305
1786360814.674,309.451
1786360814.774,309.495
1786360814.875,308.663
1786360814.975,308.669
1786360815.076,308.753
1786360815.176,308.758
1786360815.277,309.165
1786360815.377,309.114
1786360815.478,309.259
1786360815.578,309.378
1786360815.679,307.819
1786360815.779,308.868
1786360815.880,307.05
1786360815.981,309.122
1786360816.081,306.463
1786360816.182,308.461
1786360816.282,307.272
1786360816.383,308.872
1786360816.483,307.807
1786360816.584,308.939
1786360816.684,308.886
1786360816.785,310.359
1786360816.885,310.359
1786360816.986,310.425
1786360817.086,310.718
1786360817.186,311.165
1786360817.287,313.895
1786360817.387,312.452
1786360817.491,311.53
1786360817.591,311.704
1786360817.691,311.691
1786360817.792,310.436
1786360817.892,310.54
1786360817.993,310.48
1786360818.094,310.444
1786360818.195,311.946
1786360818.296,310.509
1786360818.396,310.54
1786360818.497,310.06
1786360818.597,312.163
1786360818.698,310.766
1786360818.798,311.949
1786360818.898,312.023
1786360818.999,311.888
1786360819.099,311.894
1786360819.199,312.018
1786360819.300,312.021
1786360819.400,312.94
1786360819.501,313.029
1786360819.601,315.062
1786360819.701,313.01
1786360819.802,312.929
1786360819.902,312.785
1786360820.002,312.664
1786360820.103,310.568
1786360820.203,310.655
1786360820.304,308.472
1786360820.404,308.355
1786360820.504,307.254
1786360820.605,306.999
1786360820.705,304.959
1786360820.806,306.926
1786360820.906,306.424
1786360821.006,306.373
1786360821.107,306.373
1786360821.207,306.312
1786360821.308,307.729
1786360821.408,305.984
1786360821.508,307.94
1786360821.609,305.907
1786360821.709,307.035
1786360821.809,305.933
1786360821.910,307.926
1786360822.010,306.576
1786360822.111,308.318
1786360822.211,307.131
1786360822.311,308.652
1786360822.412,309.266
1786360822.512,308.491
1786360822.613,306.942
1786360822.714,309.104
1786360822.815,309.024
1786360822.916,309.14
1786360823.017,309.08
1786360823.118,309.217
1786360823.218,307.513
1786360823.319,309.176
1786360823.420,307.513
1786360823.520,305.535
1786360823.621,307.956
1786360823.721,309.659
1786360823.822,309.649
1786360823.922,309.681
1786360824.022,310.666
1786360824.123,310.63
1786360824.227,311.793
1786360824.327,311.5
1786360824.430,310.963
1786360824.533,311.329
1786360824.636,313.219
1786360824.738,312.002
1786360824.841,310.457
1786360824.944,310.515
1786360825.047,308.348
1786360825.150,308.526
1786360825.251,306.938
1786360825.352,306.953
1786360825.452,307.903
1786360825.553,307.971
1786360825.654,307.967
1786360825.754,307.968
1786360825.855,307.469
1786360825.956,309.121
1786360826.056,309.205
1786360826.157,309.197
1786360826.257,309.204
1786360826.357,309.223
1786360826.458,309.223
1786360826.558,308.488
1786360826.659,308.153
1786360826.759,308.27
1786360826.860,307.764
1786360826.960,308.046
1786360827.061,309.83
1786360827.161,308.547
1786360827.262,308.362
1786360827.366,310.527
1786360827.469,310.393
1786360827.573,310.838
1786360827.676,311.538
1786360827.780,311.928
1786360827.883,310.559
1786360827.986,312.231
1786360828.090,310.861
1786360828.193,308.871
1786360828.297,309.984
1786360828.400,308.252
1786360828.504,306.77
1786360828.608,306.813
1786360828.712,308.201
1786360828.815,305.976
1786360828.918,305.904
1786360829.021,306.31
1786360829.125,305.93
1786360829.228,305.566
1786360829.332,307.909
1786360829.435,306.633
1786360829.538,308.245
1786360829.641,309.661
1786360829.744,309.845
1786360829.847,309.64
1786360829.950,310.37
1786360830.052,311.591
1786360830.156,312.612
1786360830.259,312.947
1786360830.362,314.431
1786360830.466,313.982
1786360830.569,313.557
1786360830.673,312.209
1786360830.776,312.225
1786360830.879,312.117
1786360830.981,309.87
1786360831.081,310.328
1786360831.182,310.093
1786360831.283,308.842
1786360831.383,308.73
1786360831.484,307.522
1786360831.584,307.533
1786360831.685,306.852
1786360831.785,308.363
1786360831.886,306.838
1786360831.986,307.213
1786360832.087,308.061
1786360832.187,309.176
1786360832.288,308.023
1786360832.389,307.833
1786360832.489,307.116
1786360832.590,307.176
1786360832.690,307.093
1786360832.791,307.747
1786360832.892,307.619
1786360832.993,307.504
1786360833.093,304.875
1786360833.194,306.388
1786360833.294,305.153
1786360833.395,306.271
1786360833.495,305.818
1786360833.595,306.553
1786360833.696,305.65
1786360833.796,305.762
1786360833.897,305.762
1786360833.997,306.207
1786360834.098,306.17
1786360834.198,306.456
1786360834.299,308.765
1786360834.399,307.292
1786360834.500,308.561
1786360834.600,307.372
1786360834.701,309.159
1786360834.801,309.133
1786360834.902,310.121
1786360835.002,310.1
1786360835.103,309.697
1786360835.203,307.979
1786360835.304,309.738
1786360835.404,307.876
1786360835.505,309.316
1786360835.605,309.398
1786360835.706,308.645
1786360835.806,306.913
1786360834.841,307.148
1786360834.941,307.146
1786360835.042,307.178
1786360835.142,306.842
1786360835.243,308.613
1786360835.346,307.16
1786360835.449,308.898
1786360835.549,306.78
1786360835.650,305.164
1786360835.750,305.882
1786360835.851,305.882
1786360835.952,306.448
1786360836.052,305.384
1786360836.153,305.933
1786360836.253,305.835
1786360836.354,306.693
1786360836.455,306.589
1786360836.556,306.386
1786360836.656,304.79
1786360836.758,306.737
1786360836.858,306.255
1786360836.959,307.527
1786360837.059,307.214
1786360837.160,306.744
1786360837.261,307.241
1786360837.361,307.335
1786360837.462,307.375
1786360837.563,306.193
1786360837.664,307.472
1786360837.764,307.522
1786360837.865,308.02
1786360837.966,308.766
1786360838.067,308.867
1786360838.168,310.34
1786360838.268,310.257
1786360838.369,310.288
1786360838.469,309.03
1786360838.570,310.118
1786360838.671,309.813
1786360838.772,309.854
1786360838.873,309.854
1786360838.974,309.826
1786360839.075,309.359
1786360839.175,309.271
1786360839.277,309.2
1786360839.378,309.177
1786360839.478,310.005
1786360839.578,309.375
1786360839.679,308.738
1786360839.780,308.599
1786360839.880,308.616
1786360839.981,308.445
1786360840.081,308.505
1786360840.182,308.764
1786360840.284,308.424
1786360840.385,308.621
1786360840.486,307.334
1786360840.587,306.837
1786360840.688,307.452
1786360840.789,309.36
1786360840.889,309.461
1786360840.990,309.975
1786360841.091,310.064
1786360841.192,311.648
1786360841.292,310.365
1786360841.393,311.219
1786360841.494,309.826
1786360841.594,310.525
1786360841.695,310.749
1786360841.796,310.79
1786360841.896,308.894
1786360841.998,308.894
1786360842.098,308.943
1786360842.199,307.978
1786360842.299,308.11
1786360842.399,306.665
1786360842.500,307.763
1786360842.601,307.191
1786360842.701,308.447
1786360842.801,307.625
1786360842.902,306.336
1786360843.002,306.277
1786360843.103,306.849
1786360843.203,306.733
1786360843.304,307.294
1786360843.405,307.192
1786360843.505,307.117
1786360843.606,307.092
1786360843.707,307.157
1786360843.808,307.209
1786360843.908,307.554
1786360844.009,309.747
1786360844.109,308.52
1786360844.210,308.48
1786360844.310,308.757
1786360844.410,310.24
1786360844.511,309.23
1786360844.611,308.788
1786360844.711,308.831
1786360844.812,308.862
1786360844.912,309.128
1786360845.013,308.768
1786360845.113,309.031
1786360845.213,310.451
1786360845.314,309.789
1786360845.415,309.741
1786360845.520,307.642
1786360845.621,307.563
1786360845.721,307.563
1786360845.822,309.439
1786360845.922,307.36
1786360846.023,308.725
1786360846.123,307.908
1786360846.223,308.266
1786360846.324,308.047
1786360846.424,308.011
1786360846.524,309.062
1786360846.625,308.977
1786360846.725,311.026
1786360846.826,312.224
1786360846.926,312.192
1786360847.026,314.255
1786360847.127,314.398
1786360847.227,312.843
1786360847.328,314.134
1786360847.428,312.919
1786360847.528,312.866
1786360847.629,312.812
1786360847.729,311.281
1786360847.830,311.781
1786360847.930,310.522
1786360848.031,308.534
1786360848.131,308.648
1786360848.232,307.043
1786360848.332,309.09
1786360848.432,307.589
1786360848.533,308.841
1786360848.633,308.004
1786360848.734,309.136
1786360848.834,309.343
1786360848.934,309.056
1786360849.035,309.027
1786360849.135,309.027
1786360849.235,309.755
1786360849.336,309.558
1786360849.436,308.917
1786360849.537,308.957
1786360849.637,308.757
1786360849.739,306.677
1786360849.839,307.424
1786360849.940,305.853
1786360850.040,307.144
1786360850.140,306.982
1786360850.241,306.374
1786360850.341,307.614
1786360850.441,306.087
1786360850.542,308.061
1786360850.642,306.649
1786360850.742,307.371
1786360850.843,308.919
1786360850.943,309.037
1786360851.043,309.143
1786360851.144,309.14
1786360851.244,307.765
1786360851.344,308.394
1786360851.445,306.518
1786360851.545,308.005
1786360851.645,307.99
1786360851.746,307.734
1786360851.846,308.861
1786360851.947,309.335
1786360852.047,307.054
1786360852.147,308.433
1786360852.248,308.5
1786360852.348,308.407
1786360852.448,309.651
1786360852.549,310.384
1786360852.649,310.495
1786360852.749,309.529
1786360852.850,309.857
1786360852.950,309.531
1786360853.051,308.066
1786360853.151,308.791
1786360853.251,308.771
1786360853.352,307.397
1786360853.452,308.979
1786360853.553,306.608
1786360853.653,307.936
1786360853.753,306.566
1786360853.854,307.612
1786360853.954,307.847
1786360854.054,307.778
1786360854.155,307.216
1786360854.255,308.67
1786360854.356,307.337
1786360854.456,307.337
1786360854.556,306.949
1786360854.657,306.859
1786360854.757,308.089
1786360854.858,307.971
1786360854.958,307.592
1786360855.058,307.615
1786360855.159,307.712
1786360855.259,307.802
1786360855.359,308.236
1786360855.460,308.353
1786360855.560,308.692
1786360855.661,310.396
1786360855.761,310.336
1786360855.862,310.279
1786360855.962,308.937
1786360856.062,310.7
1786360856.163,310.815
1786360856.263,311.883
1786360856.363,309.723
1786360856.464,310.665
1786360856.564,310.665
1786360856.665,310.535
1786360856.765,309.516
1786360856.865,308.523
1786360856.966,309.431
1786360857.066,310.744
1786360857.167,310.814
1786360857.267,310.681
1786360857.368,310.635
1786360857.468,312.774
1786360857.568,313.333
1786360857.669,313.248
1786360857.769,314.435
1786360857.870,315.424
1786360857.970,316.405
1786360858.070,316.539
1786360858.171,315.257
1786360858.271,315.055
1786360858.372,314.983
1786360858.472,313.383
1786360858.573,313.216
1786360858.673,311.409
1786360858.773,311.367
1786360858.874,309.981
1786360858.974,309.818
1786360859.075,308.625
1786360859.176,308.733
1786360859.276,308.833
1786360859.377,308.923
1786360859.478,307.382
1786360859.579,307.382
1786360859.679,308.848
1786360859.779,307.443
1786360859.880,307.662
1786360859.980,307.781
1786360860.081,309.069
1786360860.182,307.874
1786360860.282,309.086
1786360860.382,307.818
1786360860.483,308.926
1786360860.584,307.762
1786360860.684,307.876
1786360860.785,307.439
1786360860.886,307.539
1786360860.987,309.057
1786360861.088,309.124
1786360861.188,307.722
1786360861.289,309.154
1786360861.389,307.821
1786360861.490,308.886
1786360861.590,307.87
1786360861.691,309.007
1786360861.791,310.328
1786360861.892,309.617
1786360861.993,311.245
1786360862.094,310.172
1786360862.194,309.978
1786360862.295,311.432
1786360862.396,311.517
1786360862.496,311.724
1786360862.597,310.671
1786360862.698,311.677
1786360862.798,309.853
1786360862.899,309.965
1786360862.999,309.381
1786360863.100,307.629
1786360863.200,309.302
1786360863.300,307.9
1786360863.401,307.867
1786360863.501,307.782
1786360863.602,307.745
1786360863.702,308.981
1786360863.803,307.956
1786360863.903,309.82
1786360864.004,308.678
1786360864.104,308.678
1786360864.204,310.58
1786360864.305,310.831
1786360864.405,310.344
1786360864.505,310.64
1786360864.606,309.385
1786360864.706,309.382
1786360864.806,309.313
1786360864.907,307.885
1786360865.008,308.888
1786360865.108,306.893
1786360865.208,306.243
1786360865.309,304.52
1786360865.409,306.123
1786360865.510,306.137
1786360865.610,305.314
1786360865.711,306.774
1786360865.811,304.572
1786360865.912,305.865
1786360866.013,307.204
1786360866.113,305.894
1786360866.214,307.94
1786360866.315,308.561
1786360866.415,309.429
1786360866.516,308.629
1786360866.616,307.541
1786360866.717,308.259
1786360866.818,308.259
1786360866.918,306.873
1786360867.019,309.049
1786360866.083,307.269
1786360866.183,306.04
1786360866.284,307.39
1786360866.385,306.146
1786360866.485,307.377
1786360866.586,307.186
1786360866.686,307.699
1786360866.790,306.774
1786360866.890,308.028
1786360866.991,307.694
1786360867.092,307.757
1786360867.192,307.852
1786360867.293,309.293
1786360867.393,309.123
1786360867.494,309.103
1786360867.594,309.103
1786360867.695,307.879
1786360867.796,308.946
1786360867.896,307.423
1786360867.996,309.824
1786360868.097,308.65
1786360868.198,308.367
1786360868.298,308.495
1786360868.404,308.841
1786360868.509,308.72
1786360868.616,308.95
1786360868.723,308.977
1786360868.824,308.898
1786360868.924,308.947
1786360869.025,309.074
1786360869.125,308.284
1786360869.226,308.747
1786360869.327,308.836
1786360869.427,306.963
1786360869.528,307.894
1786360869.628,307.389
1786360869.729,307.389
1786360869.829,307.297
1786360869.930,307.447
1786360870.030,307.491
1786360870.130,307.63
1786360870.231,307.748
1786360870.331,308.279
1786360870.432,308.537
1786360870.532,308.792
1786360870.633,310.649
1786360870.733,308.108
1786360870.834,309.655
1786360870.934,310.104
1786360871.035,309.888
1786360871.135,311.152
1786360871.235,311.004
1786360871.336,310.498
1786360871.436,310.498
1786360871.537,310.443
1786360871.638,309.761
1786360871.739,310.024
1786360871.839,310.07
1786360871.939,310.072
1786360872.040,310.105
1786360872.140,308.301
1786360872.242,309.839
1786360872.343,309.815
1786360872.444,309.901
1786360872.545,310.599
1786360872.646,308.729
1786360872.746,309.961
1786360872.847,309.273
1786360872.947,309.015
1786360873.048,310.064
1786360873.148,310.064
1786360873.248,309.87
1786360873.349,309.591
1786360873.449,309.371
1786360873.549,308.086
1786360873.650,307.961
1786360873.750,307.495
1786360873.851,309.492
1786360873.951,309.098
1786360874.051,310.273
1786360874.152,310.241
1786360874.254,309.352
1786360874.355,309.291
1786360874.460,309.958
1786360874.560,309.891
1786360874.661,309.942
1786360874.763,309.915
1786360874.863,310.033
1786360874.966,309.791
1786360875.067,308.852
1786360875.172,309.52
1786360875.273,308.222
1786360875.375,310.116
1786360875.475,308.755
1786360875.576,309.815
1786360875.676,308.215
1786360875.777,309.608
1786360875.877,307.997
1786360875.978,309.306
1786360876.078,308.099
1786360876.178,309.314
1786360876.279,309.314
1786360876.379,306.729
1786360876.479,308.0
1786360876.580,308.039
1786360876.681,309.428
1786360876.782,309.408
1786360876.883,311.146
1786360876.984,309.676
1786360877.084,310.759
1786360877.184,310.145
1786360877.286,309.733
1786360877.386,309.681
1786360877.486,310.653
1786360877.587,310.669
1786360877.688,309.295
1786360877.788,307.988
1786360877.889,307.297
1786360877.989,306.661
1786360878.090,305.973
1786360878.191,304.844
1786360878.292,306.071
1786360878.392,307.822
1786360878.492,305.96
1786360878.593,306.31
1786360878.693,306.361
1786360878.796,306.643
1786360878.897,305.85
1786360879.001,306.522
1786360879.102,305.336
1786360879.202,307.28
1786360879.303,307.487
1786360879.403,307.487
1786360879.506,306.928
1786360879.606,305.389
1786360879.708,307.545
1786360879.813,307.501
1786360879.914,307.445
1786360880.018,307.51
1786360880.121,308.255
1786360880.223,308.498
1786360880.324,310.079
1786360880.425,307.74
1786360880.526,309.088
1786360880.627,307.844
1786360880.727,308.04
1786360880.829,307.768
1786360880.930,309.147
1786360881.031,308.193
1786360881.132,309.189
1786360881.234,309.376
1786360881.335,309.121
1786360881.436,308.079
1786360881.538,309.392
1786360881.638,309.404
1786360881.739,309.533
1786360881.839,310.725
1786360881.942,308.465
1786360882.043,308.389
1786360882.143,308.016
1786360882.244,308.119
1786360882.345,307.783
1786360882.446,307.735
1786360882.546,307.695
1786360882.647,307.264
1786360882.748,307.312
1786360882.848,306.918
1786360882.949,307.479
1786360883.050,308.467
1786360883.150,308.75
1786360883.251,310.186
1786360883.352,309.08
1786360883.453,310.581
1786360883.553,309.683
1786360883.654,309.421
1786360883.755,311.223
1786360883.855,310.08
1786360883.956,311.04
1786360884.057,310.177
1786360884.157,311.56
1786360884.258,310.313
1786360884.359,310.309
1786360884.460,309.607
1786360884.561,309.74
1786360884.662,309.279
1786360884.763,310.994
1786360884.863,309.366
1786360884.964,308.711
1786360885.065,309.476
1786360885.166,308.154
1786360885.267,308.133
1786360885.367,308.097
1786360885.468,308.214
1786360885.569,308.316
1786360885.670,308.571
1786360885.770,308.658
1786360885.871,308.47
1786360885.972,308.729
1786360886.073,310.626
1786360886.174,309.444
1786360886.275,311.247
1786360886.376,309.893
1786360886.477,311.085
1786360886.578,308.597
1786360886.679,308.597
1786360886.780,310.023
1786360886.880,309.727
1786360886.981,309.973
1786360887.082,309.926
1786360887.183,309.352
1786360887.284,309.387
1786360887.385,309.039
1786360887.487,309.032
1786360887.588,309.178
1786360887.688,309.135
1786360887.790,309.562
1786360887.890,309.843
1786360887.992,307.86
1786360888.094,308.978
1786360888.196,307.842
1786360888.297,309.597
1786360888.398,308.101
1786360888.500,308.282
1786360888.602,308.281
1786360888.704,307.583
1786360888.806,307.737
1786360888.908,309.429
1786360889.010,308.534
1786360889.112,310.416
1786360889.215,309.267
1786360889.315,310.484
1786360889.416,309.209
1786360889.516,310.726
1786360889.617,311.878
1786360889.718,310.282
1786360889.818,312.395
1786360889.919,310.982
1786360890.022,311.21
1786360890.125,310.72
1786360890.229,310.805
1786360890.330,310.908
1786360890.434,309.696
1786360890.537,309.742
1786360890.638,309.718
1786360890.741,309.845
1786360890.845,311.51
1786360890.945,311.304
1786360891.049,311.367
1786360891.150,311.393
1786360891.251,310.471
1786360891.351,308.908
1786360891.452,310.133
1786360891.553,310.175
1786360891.653,311.345
1786360891.754,308.72
1786360891.855,307.747
1786360891.955,307.335
1786360892.056,305.573
1786360892.157,305.257
1786360892.257,305.37
1786360892.358,306.631
1786360892.459,308.103
1786360892.559,306.83
1786360892.660,306.83
1786360892.760,307.831
1786360892.861,306.549
1786360892.961,309.044
1786360893.062,308.037
1786360893.162,308.345
1786360893.262,308.946
1786360893.363,310.45
1786360893.463,309.045
1786360893.564,308.797
1786360893.664,308.759
1786360893.765,309.865
1786360893.865,308.596
1786360893.966,309.786
1786360894.066,308.457
1786360894.167,310.505
1786360894.267,308.287
1786360894.368,309.421
1786360894.468,309.358
1786360894.568,309.161
1786360894.669,309.343
1786360894.769,308.488
1786360894.870,308.223
1786360894.970,307.797
1786360895.070,307.867
1786360895.171,307.415
1786360895.271,305.865
1786360895.371,308.032
1786360895.472,306.803
1786360895.572,306.87
1786360895.673,307.086
1786360895.773,308.152
1786360895.873,307.309
1786360895.974,307.497
1786360896.074,307.497
1786360896.176,307.303
1786360896.277,307.358
1786360896.377,307.579
1786360896.478,309.073
1786360896.578,307.408
1786360896.679,309.177
1786360896.779,307.788
1786360896.879,309.063
1786360896.980,308.436
1786360897.083,308.932
1786360897.186,309.15
1786360897.288,311.192
1786360897.391,309.921
1786360897.492,311.529
1786360897.592,310.388
1786360897.695,310.773
1786360897.799,310.131
1786360897.900,311.471
1786360898.001,309.733
1786360898.102,310.287
1786360898.202,310.3
1786360897.040,310.257
1786360897.141,310.271
1786360897.245,309.528
1786360897.346,309.776
1786360897.449,308.743
1786360897.550,310.274
1786360897.654,309.177
1786360897.755,309.116
1786360897.857,309.841
1786360897.961,309.868
1786360898.062,310.047
1786360898.163,310.006
1786360898.265,308.604
1786360898.366,310.793
1786360898.468,310.615
1786360898.570,311.279
1786360898.673,311.276
1786360898.776,312.447
1786360898.879,311.258
1786360898.982,312.323
1786360899.084,310.529
1786360899.187,311.721
1786360899.288,310.844
1786360899.391,311.75
1786360899.494,311.47
1786360899.596,310.203
1786360899.696,311.577
1786360899.800,311.326
1786360899.901,309.904
1786360900.002,311.563
1786360900.102,311.446
1786360900.202,311.826
1786360900.303,311.901
1786360900.403,312.873
1786360900.504,311.85
1786360900.604,311.85
1786360900.705,311.709
1786360900.805,311.681
1786360900.906,310.505
1786360901.007,309.387
1786360901.108,309.267
1786360901.208,307.221
1786360901.309,307.591
1786360901.410,307.531
1786360901.510,305.275
1786360901.613,305.326
1786360901.714,306.829
1786360901.817,305.837
1786360901.920,307.028
1786360902.024,306.149
1786360902.124,307.342
1786360902.228,306.969
1786360902.331,308.607
1786360902.432,308.284
1786360902.532,308.64
1786360902.632,310.673
1786360902.733,308.668
1786360902.834,308.561
1786360902.935,308.191
1786360903.036,306.575
1786360903.136,309.021
1786360903.237,307.77
1786360903.337,309.708
1786360903.438,308.447
1786360903.538,307.094
1786360903.639,308.171
1786360903.739,306.49
1786360903.840,308.411
1786360903.941,307.312
1786360904.042,308.802
1786360904.142,308.717
1786360904.243,306.595
1786360904.344,308.008
1786360904.445,306.814
1786360904.546,306.023
1786360904.647,307.32
1786360904.747,306.242
1786360904.848,307.904
1786360904.949,306.694
1786360905.051,306.479
1786360905.152,306.479
1786360905.253,306.522
1786360905.355,307.032
1786360905.457,308.881
1786360905.559,308.672
1786360905.661,308.766
1786360905.761,310.886
1786360905.863,309.866
1786360905.964,310.99
1786360906.065,310.155
1786360906.165,311.239
1786360906.266,311.403
1786360906.368,311.484
1786360906.468,311.061
1786360906.569,310.958
1786360906.670,309.627
1786360906.770,310.797
1786360906.871,309.515
1786360906.972,310.575
1786360907.073,309.496
1786360907.174,309.093
1786360907.275,309.12
1786360907.376,308.897
1786360907.476,307.143
1786360907.577,308.701
1786360907.678,307.226
1786360907.778,306.874
1786360907.879,306.886
1786360907.980,306.898
1786360908.081,305.78
1786360908.181,306.889
1786360908.282,306.601
1786360908.382,306.982
1786360908.483,306.708
1786360908.584,308.482
1786360908.684,308.289
1786360908.785,308.526
1786360908.885,310.106
1786360908.986,308.962
1786360909.086,308.962
1786360909.187,309.811
1786360909.287,309.799
1786360909.387,308.512
1786360909.488,309.275
1786360909.588,308.399
1786360909.689,308.007
1786360909.789,307.714
1786360909.889,306.568
1786360909.990,306.464
1786360910.090,306.455
1786360910.191,306.515
1786360910.291,306.783
1786360910.391,306.634
1786360910.492,307.756
1786360910.592,306.935
1786360910.693,307.368
1786360910.793,309.438
1786360910.893,308.115
1786360910.994,308.099
1786360911.094,309.446
1786360911.195,308.432
1786360911.296,308.453
1786360911.396,308.47
1786360911.497,309.536
1786360911.598,309.618
1786360911.699,311.233
1786360911.800,309.278
1786360911.901,309.213
1786360912.001,309.472
1786360912.102,310.822
1786360912.204,310.779
1786360912.305,310.513
1786360912.406,309.841
1786360912.506,310.05
1786360912.607,308.468
1786360912.708,308.468
1786360912.809,308.485
1786360912.909,307.151
1786360913.010,308.973
1786360913.110,307.087
1786360913.210,308.239
1786360913.311,306.88
1786360913.411,306.928
1786360913.512,306.847
1786360913.612,308.471
1786360913.713,307.04
1786360913.813,308.831
1786360913.913,307.678
1786360914.014,308.904
1786360914.114,307.899
1786360914.215,309.743
1786360914.315,308.01
1786360914.416,309.346
1786360914.516,307.556
1786360914.617,307.6
1786360914.717,307.588
1786360914.817,307.375
1786360914.918,307.35
1786360915.018,307.391
1786360915.119,307.531
1786360915.219,307.393
1786360915.320,307.582
1786360915.420,307.931
1786360915.521,307.934
1786360915.621,308.68
1786360915.722,308.838
1786360915.822,308.771
1786360915.923,308.943
1786360916.023,308.943
1786360916.124,309.135
1786360916.224,310.315
1786360916.325,308.29
1786360916.425,308.527
1786360916.526,306.528
1786360916.626,307.914
1786360916.727,306.68
1786360916.827,307.682
1786360916.928,308.829
1786360917.029,308.876
1786360917.129,310.041
1786360917.231,307.816
1786360917.332,307.744
1786360917.433,308.693
1786360917.534,309.823
1786360917.635,310.078
1786360917.736,308.88
1786360917.837,310.25
1786360917.937,309.41
1786360918.038,309.554
1786360918.139,308.605
1786360918.239,308.723
1786360918.340,309.381
1786360918.440,308.108
1786360918.541,309.17
1786360918.641,307.454
1786360918.742,309.304
1786360918.843,310.626
1786360918.944,310.614
1786360919.044,311.752
1786360919.145,311.007
1786360919.246,310.419
1786360919.347,310.303
1786360919.448,309.636
1786360919.549,310.943
1786360919.650,310.943
1786360919.750,308.82
1786360919.851,310.391
1786360919.953,310.181
1786360920.053,310.223
1786360920.154,309.011
1786360920.256,308.683
1786360920.357,309.345
1786360920.458,309.651
1786360920.559,308.542
1786360920.660,310.469
1786360920.761,309.992
1786360920.862,310.577
1786360920.964,309.155
1786360921.065,309.211
1786360921.166,307.744
1786360921.267,308.829
1786360921.368,308.945
1786360921.468,307.756
1786360921.569,307.284
1786360921.670,308.765
1786360921.771,308.865
1786360921.871,307.976
1786360921.972,307.365
1786360922.073,309.038
1786360922.173,309.013
1786360922.273,309.152
1786360922.374,309.165
1786360922.474,308.132
1786360922.577,309.512
1786360922.681,310.115
1786360922.784,307.456
1786360922.887,307.537
1786360922.991,306.597
1786360923.094,308.807
1786360923.198,307.478
1786360923.302,304.853
1786360923.403,306.084
1786360923.504,304.923
1786360923.605,305.884
1786360923.706,304.393
1786360923.807,305.55
1786360923.908,307.924
1786360924.008,306.382
1786360924.109,308.698
1786360924.210,307.273
1786360924.310,307.273
1786360924.411,306.495
1786360924.511,309.153
1786360924.611,309.096
1786360924.712,308.58
1786360924.812,308.705
1786360924.913,308.948
1786360925.014,308.896
1786360925.118,307.944
1786360925.222,307.8
1786360925.326,307.758
1786360925.427,307.175
1786360925.530,309.262
1786360925.634,309.264
1786360925.735,308.201
1786360925.836,309.941
1786360925.937,308.866
1786360926.038,310.02
1786360926.138,308.9
1786360926.239,310.091
1786360926.340,310.207
1786360926.440,310.39
1786360926.541,311.148
1786360926.641,311.021
1786360926.742,308.986
1786360926.846,310.186
1786360926.949,308.316
1786360927.050,309.335
1786360927.153,307.625
1786360927.254,308.863
1786360927.356,306.767
1786360927.458,306.663
1786360927.561,306.888
1786360927.665,306.72
1786360927.769,306.748
1786360927.871,307.507
1786360927.975,307.389
1786360928.079,309.247
1786360928.180,308.034
1786360928.284,309.688
1786360928.384,308.779
1786360928.485,309.319
1786360928.588,310.945
1786360928.688,309.449
1786360928.789,310.841
1786360928.890,310.765
1786360928.990,309.966
1786360929.091,309.97
1786360929.191,309.897
1786360928.190,310.013
1786360928.290,308.693
1786360928.391,309.502
1786360928.492,309.492
1786360928.593,309.492
1786360928.693,309.592
1786360928.794,309.447
1786360928.894,307.485
1786360928.995,307.482
1786360929.096,307.795
1786360929.196,307.859
1786360929.297,306.646
1786360929.397,307.791
1786360929.498,307.577
1786360929.599,307.529
1786360929.699,308.944
1786360929.799,307.349
1786360929.900,309.118
1786360930.001,310.986
1786360930.101,309.715
1786360930.201,311.629
1786360930.302,311.39
1786360930.402,312.796
1786360930.503,312.865
1786360930.603,314.532
1786360930.704,314.732
1786360930.804,313.122
1786360930.905,314.165
1786360931.005,312.48
1786360931.105,312.604
1786360931.206,311.973
1786360931.306,311.684
1786360931.407,310.834
1786360931.507,310.863
1786360931.608,309.352
1786360931.708,309.463
1786360931.808,307.44
1786360931.909,309.055
1786360932.009,309.497
1786360932.110,309.71
1786360932.210,309.71
1786360932.311,308.033
1786360932.411,310.258
1786360932.512,308.994
1786360932.612,310.114
1786360932.713,308.871
1786360932.813,310.261
1786360932.917,308.84
1786360933.020,309.628
1786360933.120,309.608
1786360933.220,308.294
1786360933.321,309.291
1786360933.421,310.977
1786360933.521,310.921
1786360933.623,312.262
1786360933.724,310.882
1786360933.826,311.972
1786360933.928,310.907
1786360934.028,312.029
1786360934.129,311.56
1786360934.229,311.473
1786360934.329,311.326
1786360934.430,309.973
1786360934.530,309.695
1786360934.631,308.608
1786360934.731,308.553
1786360934.832,308.873
1786360934.932,308.875
1786360935.033,308.597
1786360935.133,308.65
1786360935.237,310.305
1786360935.337,310.437
1786360935.438,310.552
1786360935.538,312.018
1786360935.638,310.423
1786360935.739,311.316
1786360935.839,309.169
1786360935.940,308.852
1786360936.040,307.915
1786360936.141,309.31
1786360936.242,307.853
1786360936.342,307.743
1786360936.442,307.743
1786360936.543,306.248
1786360936.643,307.73
1786360936.744,307.691
1786360936.844,308.262
1786360936.945,306.177
1786360937.049,308.486
1786360937.149,309.955
1786360937.249,308.902
1786360937.350,309.071
1786360937.450,309.475
1786360937.551,308.39
1786360937.651,309.776
1786360937.752,308.512
1786360937.855,308.639
1786360937.958,309.914
1786360938.059,311.321
1786360938.159,309.876
1786360938.259,308.065
1786360938.360,310.149
1786360938.460,307.833
1786360938.563,309.105
1786360938.664,310.316
1786360938.764,309.237
1786360938.865,310.406
1786360938.965,309.085
1786360939.066,309.053
1786360939.166,307.87
1786360939.267,307.57
1786360939.367,309.778
1786360939.468,308.402
1786360939.568,309.356
1786360939.669,309.276
1786360939.769,307.992
1786360939.870,307.992
1786360939.970,309.118
1786360940.071,309.208
1786360940.171,309.012
1786360940.272,309.179
1786360940.372,308.841
1786360940.473,309.08
1786360940.573,308.78
1786360940.674,308.069
1786360940.774,309.423
1786360940.875,307.408
1786360940.975,308.825
1786360941.076,307.891
1786360941.176,307.87
1786360941.277,306.676
1786360941.377,306.506
1786360941.478,308.721
1786360941.578,310.236
1786360941.679,310.197
1786360941.779,312.17
1786360941.880,312.224
1786360941.980,314.322
1786360942.081,314.131
1786360942.185,313.115
1786360942.286,313.028
1786360942.387,314.36
1786360942.487,314.391
1786360942.587,314.516
1786360942.688,313.331
1786360942.788,311.195
1786360942.889,311.195
1786360942.989,311.277
1786360943.090,309.803
1786360943.191,309.735
1786360943.291,308.107
1786360943.392,310.177
1786360943.492,308.265
1786360943.592,309.523
1786360943.693,309.461
1786360943.793,307.785
1786360943.893,308.859
1786360943.994,309.511
1786360944.094,309.502
1786360944.195,310.711
1786360944.296,310.835
1786360944.396,310.496
1786360944.497,310.477
1786360944.598,311.224
1786360944.698,311.111
1786360944.799,309.102
1786360944.899,310.661
1786360944.999,310.671
1786360945.100,311.984
1786360945.200,310.33
1786360945.301,310.376
1786360945.401,308.943
1786360945.502,309.581
1786360945.602,309.549
1786360945.703,310.653
1786360945.803,310.653
1786360945.904,309.273
1786360946.004,311.249
1786360946.104,309.996
1786360946.205,310.019
1786360946.309,308.674
1786360946.409,308.638
1786360946.512,307.934
1786360946.612,309.086
1786360946.715,308.634
1786360946.818,308.466
1786360946.918,307.225
1786360947.018,308.485
1786360947.119,307.351
1786360947.219,308.578
1786360947.320,306.875
1786360947.420,308.127
1786360947.520,308.51
1786360947.621,309.173
1786360947.724,307.585
1786360947.827,309.387
1786360947.930,308.293
1786360948.031,307.452
1786360948.131,307.747
1786360948.232,308.967
1786360948.333,306.755
1786360948.434,308.384
1786360948.535,307.064
1786360948.635,308.379
1786360948.736,306.969
1786360948.837,308.584
1786360948.937,306.271
1786360949.037,307.431
1786360949.138,308.53
1786360949.239,308.453
1786360949.339,307.144
1786360949.440,307.144
1786360949.541,309.315
1786360949.642,308.313
1786360949.742,309.687
1786360949.842,309.04
1786360949.943,309.968
1786360950.044,307.713
1786360950.145,310.0
1786360950.246,308.434
1786360950.346,309.918
1786360950.447,308.799
1786360950.547,308.05
1786360950.648,308.106
1786360950.749,309.209
1786360950.850,307.972
1786360950.950,308.637
1786360951.051,309.179
1786360951.152,310.258
1786360951.252,310.221
1786360951.353,310.537
1786360951.454,310.113
1786360951.555,309.584
1786360951.655,310.949
1786360951.756,310.831
1786360951.857,309.753
1786360951.957,310.987
1786360952.057,310.937
1786360952.158,309.461
1786360952.259,309.527
1786360952.360,309.584
1786360952.460,310.891
1786360952.561,309.851
1786360952.661,309.851
1786360952.761,311.369
1786360952.862,311.973
1786360952.962,311.975
1786360953.064,312.98
1786360953.165,313.021
1786360953.265,313.259
1786360953.366,314.566
1786360953.467,314.433
1786360953.567,314.518
1786360953.668,312.682
1786360953.769,313.916
1786360953.869,313.72
1786360953.970,312.781
1786360954.071,311.72
1786360954.172,311.809
1786360954.273,310.067
1786360954.374,308.546
1786360954.475,308.674
1786360954.576,310.028
1786360954.677,308.788
1786360954.778,310.705
1786360954.879,310.5
1786360954.979,309.611
1786360955.080,310.548
1786360955.180,309.868
1786360955.281,309.734
1786360955.382,309.514
1786360955.483,310.856
1786360955.583,310.92
1786360955.684,309.744
1786360955.785,310.917
1786360955.885,309.419
1786360955.986,307.857
1786360956.087,308.887
1786360956.187,307.542
1786360956.287,309.3
1786360956.388,309.3
1786360956.488,308.337
1786360956.589,310.277
1786360956.689,310.312
1786360956.789,308.759
1786360956.890,308.681
1786360956.990,307.922
1786360957.091,308.922
1786360957.191,308.645
1786360957.291,307.259
1786360957.392,309.043
1786360957.492,309.278
1786360957.593,308.451
1786360957.693,307.24
1786360957.793,306.487
1786360957.894,307.607
1786360957.994,307.352
1786360958.095,307.765
1786360958.195,306.381
1786360958.296,308.197
1786360958.396,308.573
1786360958.496,308.438
1786360958.597,306.91
1786360958.697,308.809
1786360958.798,308.794
1786360958.899,309.477
1786360958.999,309.83
1786360959.100,310.171
1786360959.201,310.582
1786360959.301,310.945
1786360959.402,311.026
1786360959.503,310.703
1786360959.604,309.328
1786360959.704,310.688
1786360959.805,309.647
1786360959.906,309.436
1786360960.007,309.436
1786360960.107,309.922
1786360960.208,309.97
1786360960.308,311.17
1786360959.257,311.209
1786360959.358,311.457
1786360959.458,311.693
1786360959.559,312.105
1786360959.660,313.355
1786360959.761,312.19
1786360959.861,313.309
1786360959.962,314.813
1786360960.062,313.263
1786360960.163,313.314
1786360960.264,312.289
1786360960.365,312.165
1786360960.465,311.507
1786360960.566,311.339
1786360960.667,311.183
1786360960.767,311.148
1786360960.868,310.373
1786360960.968,308.252
1786360961.068,308.496
1786360961.169,308.534
1786360961.269,308.538
1786360961.370,308.463
1786360961.470,308.478
1786360961.570,310.395
1786360961.671,308.641
1786360961.771,308.142
1786360961.872,308.311
1786360961.972,308.87
1786360962.073,310.846
1786360962.173,309.341
1786360962.273,308.997
1786360962.374,308.963
1786360962.474,308.053
1786360962.575,308.053
1786360962.675,306.663
1786360962.775,306.638
1786360962.876,306.224
1786360962.976,307.991
1786360963.078,305.751
1786360963.179,307.332
1786360963.280,305.303
1786360963.380,306.707
1786360963.481,306.066
1786360963.581,306.032
1786360963.681,306.653
1786360963.782,308.064
1786360963.882,306.818
1786360963.983,307.503
1786360964.083,307.638
1786360964.184,308.375
1786360964.284,308.139
1786360964.385,308.903
1786360964.485,308.741
1786360964.586,310.667
1786360964.686,310.174
1786360964.787,310.718
1786360964.887,310.691
1786360964.988,310.734
1786360965.088,312.122
1786360965.189,311.942
1786360965.289,311.918
1786360965.389,311.894
1786360965.491,311.525
1786360965.592,311.505
1786360965.693,309.93
1786360965.793,310.608
1786360965.894,311.565
1786360965.997,308.399
1786360966.097,309.529
1786360966.198,309.529
1786360966.298,307.986
1786360966.400,307.957
1786360966.502,307.882
1786360966.603,308.104
1786360966.704,308.506
1786360966.805,308.561
1786360966.905,309.762
1786360967.006,309.594
1786360967.106,307.334
1786360967.207,310.542
1786360967.307,309.266
1786360967.408,310.918
1786360967.509,309.805
1786360967.609,311.143
1786360967.710,310.923
1786360967.810,310.095
1786360967.910,310.164
1786360968.011,309.407
1786360968.111,309.291
1786360968.212,309.638
1786360968.312,309.558
1786360968.413,309.535
1786360968.513,309.406
1786360968.614,309.294
1786360968.714,309.367
1786360968.815,308.267
1786360968.915,310.388
1786360969.015,308.99
1786360969.116,308.582
1786360969.216,309.124
1786360969.317,309.526
1786360969.417,309.566
1786360969.517,311.063
1786360969.619,309.895
1786360969.719,311.121
1786360969.820,311.121
1786360969.920,309.778
1786360970.021,309.358
1786360970.121,309.82
1786360970.221,311.172
1786360970.322,311.26
1786360970.422,310.987
1786360970.523,312.346
1786360970.623,312.398
1786360970.724,310.545
1786360970.824,311.737
1786360970.925,309.891
1786360971.025,311.018
1786360971.125,312.639
1786360971.226,310.494
1786360971.326,310.393
1786360971.426,311.927
1786360971.527,310.478
1786360971.627,308.924
1786360971.728,308.848
1786360971.828,309.459
1786360971.929,309.466
1786360972.029,309.263
1786360972.130,309.427
1786360972.230,309.346
1786360972.330,310.053
1786360972.431,310.138
1786360972.532,308.381
1786360972.636,309.67
1786360972.739,309.339
1786360972.843,309.287
1786360972.943,309.055
1786360973.043,309.03
1786360973.144,311.231
1786360973.247,309.786
1786360973.350,310.051
1786360973.451,308.794
1786360973.553,308.867
1786360973.654,309.203
1786360973.755,309.111
1786360973.855,309.111
1786360973.956,309.704
1786360974.056,309.78
1786360974.156,309.881
1786360974.257,309.893
1786360974.357,307.761
1786360974.458,309.192
1786360974.559,307.1
1786360974.660,309.341
1786360974.761,309.212
1786360974.862,310.599
1786360974.962,309.419
1786360975.064,310.695
1786360975.164,309.437
1786360975.265,310.7
1786360975.365,309.256
1786360975.466,311.188
1786360975.567,309.319
1786360975.668,311.108
1786360975.768,309.984
1786360975.869,308.363
1786360975.970,308.51
1786360976.071,309.956
1786360976.171,308.547
1786360976.272,307.765
1786360976.373,306.402
1786360976.473,306.313
1786360976.574,306.616
1786360976.674,307.302
1786360976.775,307.499
1786360976.875,307.911
1786360976.976,308.264
1786360977.076,307.993
1786360977.177,306.66
1786360977.277,308.019
1786360977.377,310.13
1786360977.478,310.13
1786360977.578,310.248
1786360977.679,310.204
1786360977.779,310.146
1786360977.880,310.605
1786360977.980,311.316
1786360978.081,310.822
1786360978.181,312.07
1786360978.282,311.111
1786360978.382,310.661
1786360978.483,311.076
1786360978.583,309.791
1786360978.683,310.838
1786360978.784,310.481
1786360978.884,310.333
1786360978.984,309.553
1786360979.085,309.108
1786360979.186,310.3
1786360979.286,309.058
1786360979.387,310.192
1786360979.490,309.585
1786360979.590,307.718
1786360979.691,308.87
1786360979.792,307.883
1786360979.895,307.731
1786360979.998,307.676
1786360980.100,307.119
1786360980.203,307.48
1786360980.307,307.397
1786360980.409,307.229
1786360980.510,306.403
1786360980.612,307.797
1786360980.713,307.783
1786360980.813,307.728
1786360980.913,307.586
1786360981.014,309.634
1786360981.114,307.48
1786360981.215,307.326
1786360981.315,307.17
1786360981.416,305.939
1786360981.516,306.398
1786360981.617,306.398
1786360981.717,305.889
1786360981.817,306.597
1786360981.918,305.863
1786360982.018,305.908
1786360982.119,307.079
1786360982.219,305.089
1786360982.320,307.295
1786360982.420,306.506
1786360982.520,306.78
1786360982.621,306.917
1786360982.721,307.749
1786360982.824,306.849
1786360982.924,306.816
1786360983.025,306.621
1786360983.126,306.6
1786360983.226,305.083
1786360983.327,306.9
1786360983.427,305.46
1786360983.527,307.581
1786360983.628,306.095
1786360983.728,307.178
1786360983.829,307.172
1786360983.929,309.518
1786360984.030,308.234
1786360984.130,309.899
1786360984.231,309.357
1786360984.331,310.919
1786360984.432,309.894
1786360984.532,309.893
1786360984.633,309.908
1786360984.734,310.114
1786360984.835,310.137
1786360984.935,308.404
1786360985.036,308.203
1786360985.136,308.203
1786360985.237,308.381
1786360985.337,309.017
1786360985.437,308.36
1786360985.538,308.263
1786360985.638,307.956
1786360985.739,309.534
1786360985.839,309.617
1786360985.940,309.532
1786360986.041,309.487
1786360986.142,310.076
1786360986.242,308.453
1786360986.343,310.068
1786360986.444,310.137
1786360986.545,309.808
1786360986.646,308.849
1786360986.746,309.364
1786360986.847,306.387
1786360986.948,304.926
1786360987.049,306.104
1786360987.149,305.01
1786360987.250,305.358
1786360987.350,306.699
1786360987.451,306.261
1786360987.551,304.8
1786360987.652,306.481
1786360987.752,306.214
1786360987.852,307.174
1786360987.953,308.794
1786360988.053,310.156
1786360988.154,310.127
1786360988.254,311.18
1786360988.354,310.917
1786360988.455,311.178
1786360988.555,310.064
1786360988.656,310.064
1786360988.759,311.568
1786360988.863,309.462
1786360988.967,310.814
1786360989.067,309.486
1786360989.168,310.704
1786360989.268,309.41
1786360989.369,309.444
1786360989.469,308.339
1786360989.569,308.351
1786360989.670,308.358
1786360989.770,308.005
1786360989.871,308.099
1786360989.971,308.261
1786360990.071,308.401
1786360990.172,308.068
1786360990.273,308.023
1786360990.373,309.285
1786360990.474,309.412
1786360990.574,309.463
1786360990.675,310.653
1786360990.775,309.325
1786360990.875,309.451
1786360990.976,309.266
1786360991.076,309.559
1786360991.177,309.582
1786360991.277,311.419
1786360991.378,310.364
1786360990.385,310.506
1786360990.485,309.278
1786360990.586,310.547
1786360990.686,309.087
1786360990.787,309.736
1786360990.887,309.67
1786360990.987,310.029
1786360991.088,311.697
1786360991.188,310.386
1786360991.289,310.386
1786360991.389,310.58
1786360991.490,311.697
1786360991.590,310.297
1786360991.691,309.995
1786360991.791,309.874
1786360991.892,309.564
1786360991.992,310.417
1786360992.092,311.991
1786360992.193,310.725
1786360992.293,309.394
1786360992.393,310.662
1786360992.494,310.549
1786360992.595,309.029
1786360992.696,310.359
1786360992.796,310.761
1786360992.897,310.806
1786360992.997,312.701
1786360993.098,311.495
1786360993.199,311.473
1786360993.299,310.927
1786360993.399,312.239
1786360993.500,312.261
1786360993.601,310.716
1786360993.701,312.407
1786360993.802,312.588
1786360993.902,312.234
1786360994.002,312.502
1786360994.103,311.278
1786360994.204,312.338
1786360994.304,312.215
1786360994.405,312.897
1786360994.505,312.601
1786360994.605,310.593
1786360994.707,311.922
1786360994.808,311.922
1786360994.910,310.433
1786360995.011,310.494
1786360995.112,310.608
1786360995.213,310.409
1786360995.314,310.43
1786360995.415,310.444
1786360995.516,308.838
1786360995.617,309.609
1786360995.718,307.982
1786360995.819,309.666
1786360995.920,309.661
1786360996.021,308.507
1786360996.121,308.323
1786360996.222,309.732
1786360996.322,309.624
1786360996.422,310.678
1786360996.526,310.692
1786360996.630,310.916
1786360996.734,310.89
1786360996.837,311.685
1786360996.941,311.689
1786360997.045,309.884
1786360997.146,312.19
1786360997.247,310.549
1786360997.348,310.4
1786360997.449,308.854
1786360997.550,308.943
1786360997.652,309.073
1786360997.753,308.273
1786360997.854,307.061
1786360997.955,308.065
1786360998.055,306.056
1786360998.156,307.974
1786360998.257,305.941
1786360998.358,307.679
1786360998.458,306.552
1786360998.559,308.098
1786360998.659,307.984
1786360998.759,306.063
1786360998.860,308.193
1786360998.960,308.033
1786360999.060,308.073
1786360999.161,309.172
1786360999.262,309.005
1786360999.362,309.005
1786360999.462,309.75
1786360999.562,307.767
1786360999.663,309.244
1786360999.763,309.33
1786360999.863,308.21
1786360999.966,309.965
1786361000.069,308.779
1786361000.173,310.321
1786361000.277,308.43
1786361000.380,308.13
1786361000.481,308.1
1786361000.582,308.091
1786361000.683,309.853
1786361000.783,308.691
1786361000.884,308.278
1786361000.985,309.328
1786361001.086,307.226
1786361001.186,307.324
1786361001.287,306.139
1786361001.387,308.037
1786361001.488,308.259
1786361001.590,308.306
1786361001.692,308.158
1786361001.794,308.691
1786361001.897,308.403
1786361001.997,308.734
1786361002.098,308.913
1786361002.198,310.112
1786361002.299,311.241
1786361002.399,310.583
1786361002.500,310.608
1786361002.600,310.341
1786361002.700,310.352
1786361002.801,310.684
1786361002.901,310.387
1786361003.002,310.08
1786361003.102,310.29
1786361003.203,309.055
1786361003.303,310.066
1786361003.403,308.918
1786361003.504,310.696
1786361003.604,310.696
1786361003.705,309.311
1786361003.805,310.861
1786361003.906,309.678
1786361004.006,309.833
1786361004.107,309.772
1786361004.207,311.289
1786361004.307,310.094
1786361004.408,311.308
1786361004.508,310.01
1786361004.609,311.004
1786361004.709,310.05
1786361004.810,311.532
1786361004.910,310.288
1786361005.011,311.599
1786361005.111,311.567
1786361005.212,311.536
1786361005.312,310.158
1786361005.413,311.224
1786361005.513,311.31
1786361005.614,311.394
1786361005.714,310.509
1786361005.815,310.775
1786361005.915,309.601
1786361006.019,310.783
1786361006.123,309.581
1786361006.227,310.628
1786361006.328,308.984
1786361006.432,309.278
1786361006.535,307.813
1786361006.639,307.873
1786361006.742,308.921
1786361006.846,308.733
1786361006.950,309.432
1786361007.054,310.606
1786361007.158,309.37
1786361007.261,309.323
1786361007.362,309.393
1786361007.463,311.016
1786361007.563,310.472
1786361007.663,310.254
1786361007.764,310.05
1786361007.864,310.201
1786361007.964,310.4
1786361008.065,310.419
1786361008.165,308.725
1786361008.266,309.911
1786361008.366,309.911
1786361008.467,311.137
1786361008.568,309.691
1786361008.668,309.705
1786361008.769,309.499
1786361008.869,311.098
1786361008.970,309.938
1786361009.070,309.869
1786361009.171,309.743
1786361009.272,309.519
1786361009.372,309.9
1786361009.473,309.945
1786361009.573,308.29
1786361009.674,309.786
1786361009.775,309.665
1786361009.875,309.723
1786361009.975,309.801
1786361010.076,309.609
1786361010.177,309.509
1786361010.278,309.06
1786361010.379,309.337
1786361010.479,308.454
1786361010.580,308.478
1786361010.680,308.904
1786361010.781,308.939
1786361010.881,309.058
1786361010.982,308.641
1786361011.083,308.604
1786361011.183,307.786
1786361011.284,307.871
1786361011.385,308.42
1786361011.486,306.931
1786361011.586,308.349
1786361011.687,306.798
1786361011.788,308.18
1786361011.888,308.305
1786361011.989,308.305
1786361012.089,308.284
1786361012.190,308.447
1786361012.290,308.701
1786361012.391,308.772
1786361012.491,308.971
1786361012.591,307.914
1786361012.692,308.272
1786361012.792,308.935
1786361012.893,310.359
1786361012.993,310.274
1786361013.094,310.012
1786361013.195,310.08
1786361013.296,310.896
1786361013.396,310.619
1786361013.496,312.691
1786361013.597,311.457
1786361013.697,312.436
1786361013.798,313.519
1786361013.898,313.504
1786361013.999,312.005
1786361014.102,312.266
1786361014.205,312.261
1786361014.307,310.632
1786361014.411,311.871
1786361014.512,310.202
1786361014.616,310.36
1786361014.718,309.28
1786361014.820,310.455
1786361014.924,309.182
1786361015.024,307.881
1786361015.128,309.399
1786361015.231,308.98
1786361015.335,307.818
1786361015.439,309.272
1786361015.541,307.186
1786361015.645,307.421
1786361015.747,306.755
1786361015.848,307.365
1786361015.951,307.407
1786361016.053,306.602
1786361016.153,308.035
1786361016.254,306.904
1786361016.354,306.846
1786361016.455,306.916
1786361016.555,306.97
1786361016.656,307.715
1786361016.756,306.536
1786361016.856,307.46
1786361016.957,307.46
1786361017.057,307.516
1786361017.158,307.28
1786361017.258,308.077
1786361017.359,306.715
1786361017.459,307.846
1786361017.560,306.151
1786361017.660,305.932
1786361017.760,305.903
1786361017.861,305.979
1786361017.961,308.553
1786361018.061,306.645
1786361018.162,308.022
1786361018.263,306.476
1786361018.364,307.696
1786361018.464,307.214
1786361018.564,307.649
1786361018.665,307.667
1786361018.765,309.196
1786361018.866,307.215
1786361018.966,308.522
1786361019.067,306.372
1786361019.167,307.927
1786361019.268,307.945
1786361019.368,309.546
1786361019.469,309.637
1786361019.569,309.186
1786361019.669,308.979
1786361019.770,310.639
1786361019.870,309.23
1786361019.971,311.119
1786361020.071,309.373
1786361020.172,311.653
1786361020.272,311.653
1786361020.372,310.51
1786361020.473,310.5
1786361020.573,308.708
1786361020.674,307.02
1786361020.774,309.582
1786361020.878,308.242
1786361020.979,308.284
1786361021.080,308.31
1786361021.181,308.359
1786361021.282,309.927
1786361021.383,308.707
1786361021.484,309.782
1786361021.585,308.699
1786361021.685,310.493
1786361021.786,312.045
1786361021.886,311.623
1786361021.987,312.644
1786361022.087,312.568
1786361022.188,313.716
1786361022.292,313.773
1786361022.392,313.832
1786361022.492,315.072
1786361022.593,314.996
1786361021.594,316.165
1786361021.694,316.212
1786361021.794,316.302
1786361021.895,316.324
1786361021.995,316.422
1786361022.096,316.515
1786361022.196,316.504
1786361022.297,316.505
1786361022.397,314.19
1786361022.498,314.259
1786361022.598,312.791
1786361022.699,312.839
1786361022.799,311.522
1786361022.900,309.925
1786361023.001,309.925
1786361023.102,309.912
1786361023.202,308.292
1786361023.303,308.713
1786361023.403,307.372
1786361023.504,307.427
1786361023.604,308.499
1786361023.705,308.234
1786361023.805,308.872
1786361023.906,308.455
1786361024.006,308.245
1786361024.107,310.295
1786361024.207,308.966
1786361024.308,310.579
1786361024.408,309.081
1786361024.511,310.519
1786361024.614,309.078
1786361024.717,308.643
1786361024.817,308.375
1786361024.918,309.346
1786361025.020,307.848
1786361025.120,307.779
1786361025.221,307.642
1786361025.321,307.567
1786361025.422,307.599
1786361025.526,308.705
1786361025.626,307.453
1786361025.727,308.895
1786361025.827,310.156
1786361025.928,309.724
1786361026.028,307.85
1786361026.128,309.858
1786361026.229,311.477
1786361026.330,310.037
1786361026.430,310.063
1786361026.531,310.093
1786361026.631,308.969
1786361026.731,310.211
1786361026.832,310.211
1786361026.932,309.188
1786361027.033,309.682
1786361027.133,309.124
1786361027.234,311.091
1786361027.334,309.735
1786361027.435,309.884
1786361027.535,309.559
1786361027.635,309.842
1786361027.736,308.545
1786361027.836,309.691
1786361027.937,307.555
1786361028.037,308.678
1786361028.138,308.625
1786361028.238,309.999
1786361028.338,309.927
1786361028.439,310.147
1786361028.539,309.134
1786361028.640,310.495
1786361028.740,310.481
1786361028.840,311.866
1786361028.941,310.547
1786361029.041,312.719
1786361029.142,311.237
1786361029.242,311.291
1786361029.343,309.883
1786361029.443,309.93
1786361029.544,309.562
1786361029.645,310.589
1786361029.746,309.213
1786361029.847,310.461
1786361029.948,309.221
1786361030.049,310.603
1786361030.150,309.686
1786361030.251,311.01
1786361030.352,311.01
1786361030.452,309.6
1786361030.553,310.952
1786361030.653,309.904
1786361030.753,311.341
1786361030.854,309.939
1786361030.954,309.802
1786361031.054,310.193
1786361031.155,310.14
1786361031.255,309.968
1786361031.356,309.626
1786361031.456,309.628
1786361031.556,310.959
1786361031.657,310.977
1786361031.757,311.983
1786361031.858,310.842
1786361031.958,311.098
1786361032.059,312.568
1786361032.159,310.403
1786361032.260,311.837
1786361032.360,311.919
1786361032.460,311.927
1786361032.561,311.873
1786361032.661,312.011
1786361032.762,310.633
1786361032.862,310.083
1786361032.963,310.111
1786361033.063,309.133
1786361033.165,309.187
1786361033.269,310.746
1786361033.373,310.367
1786361033.474,310.324
1786361033.578,311.697
1786361033.682,311.77
1786361033.786,311.627
1786361033.889,312.925
1786361033.993,313.429
1786361034.097,314.418
1786361034.201,316.364
1786361034.305,316.384
1786361034.405,315.931
1786361034.505,315.606
1786361034.606,315.135
1786361034.706,313.241
1786361034.807,313.291
1786361034.907,311.656
1786361035.008,311.656
1786361035.109,311.752
1786361035.210,311.718
1786361035.310,311.743
1786361035.412,311.726
1786361035.512,311.63
1786361035.613,312.131
1786361035.713,312.533
1786361035.814,312.975
1786361035.915,314.588
1786361036.015,314.523
1786361036.116,316.109
1786361036.217,316.022
1786361036.317,314.796
1786361036.417,313.358
1786361036.518,313.558
1786361036.618,312.235
1786361036.719,312.326
1786361036.819,312.321
1786361036.919,311.29
1786361037.020,311.369
1786361037.120,309.558
1786361037.221,309.611
1786361037.321,308.563
1786361037.422,309.75
1786361037.522,309.67
1786361037.623,308.242
1786361037.723,309.616
1786361037.824,309.635
1786361037.924,309.991
1786361038.025,308.158
1786361038.126,308.117
1786361038.226,308.967
1786361038.327,307.76
1786361038.428,308.925
1786361038.529,308.925
1786361038.630,307.941
1786361038.731,307.999
1786361038.831,309.834
1786361038.932,308.483
1786361039.032,306.528
1786361039.133,306.344
1786361039.233,308.792
1786361039.334,308.35
1786361039.435,307.548
1786361039.535,308.763
1786361039.636,307.566
1786361039.736,308.606
1786361039.837,310.134
1786361039.937,309.626
1786361040.038,309.023
1786361040.139,309.366
1786361040.240,309.752
1786361040.341,308.666
1786361040.442,309.331
1786361040.543,310.031
1786361040.644,309.405
1786361040.744,309.46
1786361040.845,309.534
1786361040.946,309.688
1786361041.046,308.335
1786361041.147,308.779
1786361041.247,310.856
1786361041.348,310.278
1786361041.449,309.887
1786361041.551,308.145
1786361041.652,309.344
1786361041.752,308.735
1786361041.853,309.808
1786361041.953,308.221
1786361042.054,308.452
1786361042.155,308.374
1786361042.256,308.374
1786361042.357,310.252
1786361042.458,309.843
1786361042.558,308.747
1786361042.659,308.942
1786361042.759,310.604
1786361042.859,309.473
1786361042.960,310.765
1786361043.060,308.786
1786361043.161,310.374
1786361043.261,307.067
1786361043.362,307.24
1786361043.462,307.225
1786361043.563,305.78
1786361043.663,306.925
1786361043.764,307.711
1786361043.866,306.132
1786361043.967,307.093
1786361044.067,305.838
1786361044.167,308.118
1786361044.268,306.335
1786361044.368,308.489
1786361044.469,309.133
1786361044.569,308.904
1786361044.670,307.448
1786361044.770,307.525
1786361044.871,307.455
1786361044.971,309.051
1786361045.072,308.151
1786361045.172,309.413
1786361045.273,309.256
1786361045.373,309.649
1786361045.474,310.647
1786361045.574,310.128
1786361045.675,309.629
1786361045.775,309.629
1786361045.875,311.831
1786361045.976,311.809
1786361046.076,311.79
1786361046.177,310.337
1786361046.277,311.5
1786361046.378,309.87
1786361046.478,310.104
1786361046.579,309.987
1786361046.679,309.814
1786361046.780,311.003
1786361046.880,310.499
1786361046.981,311.17
1786361047.083,309.43
1786361047.184,310.775
1786361047.285,310.094
1786361047.387,310.245
1786361047.488,310.625
1786361047.589,310.441
1786361047.690,310.808
1786361047.792,310.841
1786361047.893,308.94
1786361047.994,308.481
1786361048.096,308.879
1786361048.197,310.585
1786361048.298,309.085
1786361048.400,310.285
1786361048.501,308.298
1786361048.602,308.412
1786361048.703,307.343
1786361048.805,308.192
1786361048.906,308.26
1786361049.007,308.47
1786361049.108,309.918
1786361049.209,308.143
1786361049.310,308.108
1786361049.411,308.281
1786361049.512,307.192
1786361049.613,308.782
1786361049.714,308.706
1786361049.815,308.144
1786361049.916,308.144
1786361050.017,308.49
1786361050.118,307.083
1786361050.218,308.607
1786361050.319,307.115
1786361050.420,308.361
1786361050.520,307.04
1786361050.620,308.154
1786361050.721,308.615
1786361050.822,308.89
1786361050.925,310.07
1786361051.029,310.259
1786361051.132,310.366
1786361051.236,310.341
1786361051.338,310.386
1786361051.442,309.557
1786361051.546,309.409
1786361051.650,309.529
1786361051.750,309.424
1786361051.851,309.602
1786361051.951,309.27
1786361052.052,307.321
1786361052.152,308.482
1786361052.256,306.653
1786361052.357,307.855
1786361052.459,305.921
1786361052.559,308.163
1786361052.660,307.076
1786361052.760,306.769
1786361052.860,307.062
1786361052.961,307.209
1786361053.061,307.295
1786361053.162,307.994
1786361053.262,308.055
1786361053.362,306.976
1786361053.463,307.051
1786361053.563,306.742
1786361053.664,306.792
1786361053.764,307.07
1786361052.759,308.513
1786361052.862,306.922
1786361052.966,307.624
1786361053.066,305.777
1786361053.170,305.457
1786361053.274,305.467
1786361053.378,308.364
1786361053.481,307.058
1786361053.585,308.809
1786361053.689,307.415
1786361053.793,308.388
1786361053.894,307.351
1786361053.996,308.684
1786361054.097,308.078
1786361054.199,309.823
1786361054.300,309.659
1786361054.401,310.25
1786361054.503,308.687
1786361054.605,308.687
1786361054.706,310.045
1786361054.808,309.543
1786361054.909,310.82
1786361055.010,309.782
1786361055.112,310.859
1786361055.213,309.843
1786361055.315,310.836
1786361055.417,309.08
1786361055.518,310.715
1786361055.620,308.897
1786361055.721,310.445
1786361055.823,310.416
1786361055.925,310.255
1786361056.025,308.916
1786361056.127,310.039
1786361056.228,310.066
1786361056.330,311.147
1786361056.432,311.236
1786361056.534,313.295
1786361056.635,312.0
1786361056.737,313.242
1786361056.839,313.05
1786361056.941,311.87
1786361057.043,313.065
1786361057.146,313.468
1786361057.248,313.537
1786361057.350,313.529
1786361057.452,312.0
1786361057.555,312.05
1786361057.657,309.822
1786361057.760,309.678
1786361057.863,309.946
1786361057.965,308.288
1786361058.066,309.515
1786361058.169,308.331
1786361058.271,309.301
1786361058.374,307.967
1786361058.478,307.884
1786361058.581,307.331
1786361058.684,307.203
1786361058.787,307.922
1786361058.891,309.333
1786361058.994,309.17
1786361059.098,308.759
1786361059.201,308.726
1786361059.302,308.654
1786361059.406,308.794
1786361059.506,308.899
1786361059.607,309.123
1786361059.710,311.263
1786361059.814,310.114
1786361059.918,309.862
1786361060.022,310.109
1786361060.126,308.806
1786361060.229,310.864
1786361060.331,309.717
1786361060.433,310.983
1786361060.535,309.456
1786361060.636,308.955
1786361060.738,309.184
1786361060.839,307.657
1786361060.941,308.815
1786361061.042,309.325
1786361061.144,309.305
1786361061.245,308.982
1786361061.346,307.649
1786361061.448,308.789
1786361061.549,309.078
1786361061.651,308.251
1786361061.752,310.076
1786361061.858,307.561
1786361061.959,309.276
1786361062.061,309.186
1786361062.162,309.186
1786361062.263,308.295
1786361062.365,306.759
1786361062.466,307.875
1786361062.567,308.454
1786361062.669,308.484
1786361062.770,306.337
1786361062.872,307.355
1786361062.973,305.975
1786361063.075,308.207
1786361063.176,308.029
1786361063.278,307.032
1786361063.379,307.944
1786361063.481,309.385
1786361063.583,308.079
1786361063.684,308.882
1786361063.786,306.971
1786361063.888,307.623
1786361063.990,308.922
1786361064.092,310.234
1786361064.193,309.035
1786361064.295,308.928
1786361064.397,308.037
1786361064.499,309.071
1786361064.601,308.1
1786361064.703,309.962
1786361064.805,310.02
1786361064.907,310.376
1786361065.009,310.015
1786361065.111,310.09
1786361065.213,310.111
1786361065.316,310.12
1786361065.418,310.203
1786361065.520,310.151
1786361065.622,310.348
1786361065.725,310.207
1786361065.827,310.078
1786361065.930,309.997
1786361066.032,311.568
1786361066.133,312.03
1786361066.234,311.93
1786361066.334,309.824
1786361066.434,309.463
1786361066.535,309.41
1786361066.636,311.561
1786361066.739,310.175
1786361066.839,311.196
1786361066.942,309.08
1786361067.046,309.028
1786361067.146,308.869
1786361067.247,308.819
1786361067.348,308.762
1786361067.449,310.704
1786361067.549,312.141
1786361067.650,312.235
1786361067.751,312.235
1786361067.851,312.251
1786361067.952,313.402
1786361068.053,311.336
1786361068.154,313.329
1786361068.255,312.114
1786361068.355,312.259
1786361068.456,311.783
1786361068.557,312.133
1786361068.657,310.931
1786361068.757,309.723
1786361068.858,309.679
1786361068.958,307.636
1786361069.059,307.622
1786361069.159,308.171
1786361069.260,308.831
1786361069.361,310.074
1786361069.461,308.58
1786361069.562,310.038
1786361069.662,308.693
1786361069.763,308.509
1786361069.863,309.778
1786361069.963,309.733
1786361070.064,310.352
1786361070.164,310.389
1786361070.265,310.662
1786361070.365,310.297
1786361070.466,310.28
1786361070.567,311.735
1786361070.668,310.361
1786361070.769,310.178
1786361070.869,311.623
1786361070.969,310.497
1786361071.070,310.512
1786361071.170,311.91
1786361071.271,311.91
1786361071.371,310.864
1786361071.472,310.855
1786361071.572,310.931
1786361071.673,310.892
1786361071.773,309.633
1786361071.874,311.203
1786361071.974,311.652
1786361072.075,311.729
1786361072.175,312.828
1786361072.276,311.601
1786361072.376,311.454
1786361072.476,311.428
1786361072.577,312.692
1786361072.677,310.492
1786361072.778,310.756
1786361072.878,310.557
1786361072.979,310.444
1786361073.079,309.999
1786361073.180,307.631
1786361073.280,307.549
1786361073.381,307.791
1786361073.481,307.588
1786361073.582,306.383
1786361073.682,304.743
1786361073.783,306.754
1786361073.883,304.91
1786361073.984,306.387
1786361074.084,304.432
1786361074.185,305.767
1786361074.285,308.004
1786361074.386,307.055
1786361074.486,308.029
1786361074.587,306.471
1786361074.687,306.471
1786361074.788,308.727
1786361074.888,310.399
1786361074.988,309.133
1786361075.089,309.583
1786361075.189,308.872
1786361075.290,309.224
1786361075.390,308.597
1786361075.490,306.927
1786361075.591,308.242
1786361075.691,306.367
1786361075.792,308.183
1786361075.893,306.929
1786361075.994,307.086
1786361076.094,307.282
1786361076.194,308.18
1786361076.295,307.551
1786361076.395,309.321
1786361076.496,308.376
1786361076.596,310.587
1786361076.697,308.552
1786361076.797,308.09
1786361076.897,308.291
1786361076.998,309.563
1786361077.098,309.47
1786361077.199,309.283
1786361077.300,308.017
1786361077.400,309.312
1786361077.500,308.281
1786361077.601,309.859
1786361077.701,308.06
1786361077.802,309.851
1786361077.903,310.226
1786361078.003,310.255
1786361078.104,310.255
1786361078.204,309.16
1786361078.304,309.199
1786361078.405,307.099
1786361078.506,308.728
1786361078.606,308.781
1786361078.707,308.432
1786361078.807,307.124
1786361078.908,308.4
1786361079.008,305.978
1786361079.109,306.734
1786361079.209,306.491
1786361079.310,306.452
1786361079.410,306.427
1786361079.511,308.658
1786361079.612,308.609
1786361079.713,307.012
1786361079.814,308.527
1786361079.914,308.508
1786361080.015,308.587
1786361080.116,309.751
1786361080.216,311.126
1786361080.317,309.896
1786361080.418,311.04
1786361080.519,309.687
1786361080.620,310.858
1786361080.720,309.695
1786361080.821,311.221
1786361080.922,309.899
1786361081.023,311.166
1786361081.123,309.951
1786361081.224,311.191
1786361081.324,311.021
1786361081.425,310.695
1786361081.525,310.853
1786361081.625,310.56
1786361081.726,310.56
1786361081.827,310.443
1786361081.927,311.667
1786361082.028,311.852
1786361082.129,311.797
1786361082.229,311.104
1786361082.330,311.809
1786361082.430,310.711
1786361082.530,310.601
1786361082.631,310.955
1786361082.731,310.714
1786361082.831,311.274
1786361082.932,311.461
1786361083.032,310.277
1786361083.132,310.063
1786361083.233,309.998
1786361083.333,310.718
1786361083.433,309.857
1786361083.534,308.068
1786361083.634,307.542
1786361083.734,308.84
1786361083.835,307.711
1786361083.935,307.385
1786361084.035,307.289
1786361084.136,308.429
1786361084.236,307.444
1786361084.336,308.787
1786361084.436,307.443
1786361084.537,308.717
1786361084.637,309.989
1786361084.738,309.383
1786361084.838,309.261
1786361083.833,308.923
1786361083.933,308.923
1786361084.034,310.293
1786361084.135,308.371
1786361084.236,308.332
1786361084.337,308.066
1786361084.437,307.97
1786361084.538,309.134
1786361084.638,307.944
1786361084.739,309.607
1786361084.839,308.887
1786361084.939,307.632
1786361085.040,309.236
1786361085.141,308.162
1786361085.241,310.012
1786361085.341,308.825
1786361085.442,308.578
1786361085.543,308.828
1786361085.643,308.91
1786361085.743,307.999
1786361085.844,307.939
1786361085.944,308.459
1786361086.045,309.825
1786361086.145,308.161
1786361086.246,309.386
1786361086.346,307.956
1786361086.447,307.739
1786361086.547,309.239
1786361086.648,307.364
1786361086.748,307.391
1786361086.849,308.292
1786361086.949,306.77
1786361087.050,308.21
1786361087.150,308.129
1786361087.250,307.439
1786361087.351,307.294
1786361087.451,307.294
1786361087.552,307.367
1786361087.652,307.358
1786361087.753,306.263
1786361087.853,308.021
1786361087.953,305.826
1786361088.054,307.078
1786361088.155,307.398
1786361088.255,307.294
1786361088.355,306.241
1786361088.456,308.59
1786361088.556,307.335
1786361088.657,308.718
1786361088.758,310.089
1786361088.859,309.938
1786361088.959,309.7
1786361089.060,310.176
1786361089.161,310.165
1786361089.261,310.089
1786361089.362,308.761
1786361089.463,309.832
1786361089.563,308.86
1786361089.664,309.568
1786361089.764,308.063
1786361089.865,308.341
1786361089.965,308.133
1786361090.066,308.366
1786361090.166,309.726
1786361090.266,308.955
1786361090.367,309.145
1786361090.468,310.602
1786361090.568,310.596
1786361090.668,310.402
1786361090.769,309.697
1786361090.869,310.536
1786361090.970,310.536
1786361091.070,309.796
1786361091.170,309.32
1786361091.271,307.621
1786361091.371,308.409
1786361091.472,307.895
1786361091.572,308.886
1786361091.673,307.758
1786361091.773,307.865
1786361091.874,308.994
1786361091.974,309.463
1786361092.075,309.785
1786361092.175,308.525
1786361092.276,310.446
1786361092.376,310.7
1786361092.477,310.169
1786361092.578,309.48
1786361092.678,308.172
1786361092.779,308.597
1786361092.880,306.997
1786361092.980,305.771
1786361093.081,304.97
1786361093.182,305.945
1786361093.282,306.41
1786361093.382,306.287
1786361093.483,306.393
1786361093.583,306.345
1786361093.684,307.155
1786361093.784,306.9
1786361093.884,307.979
1786361093.985,309.572
1786361094.085,309.114
1786361094.186,309.598
1786361094.286,309.009
1786361094.386,309.009
1786361094.487,308.957
1786361094.587,309.225
1786361094.688,308.409
1786361094.788,308.538
1786361094.889,308.115
1786361094.989,309.833
1786361095.090,308.054
1786361095.190,308.14
1786361095.290,310.009
1786361095.391,311.145
1786361095.491,309.701
1786361095.592,311.133
1786361095.692,310.057
1786361095.793,312.051
1786361095.893,310.167
1786361095.994,311.821
1786361096.094,310.617
1786361096.195,312.01
1786361096.295,310.485
1786361096.396,310.26
1786361096.496,309.3
1786361096.597,310.72
1786361096.698,309.906
1786361096.798,310.52
1786361096.898,308.621
1786361096.999,310.57
1786361097.100,309.219
1786361097.200,310.426
1786361097.301,308.869
1786361097.401,310.409
1786361097.502,310.268
1786361097.602,310.406
1786361097.703,308.706
1786361097.804,308.706
1786361097.904,309.505
1786361098.005,308.781
1786361098.105,309.532
1786361098.206,309.619
1786361098.307,309.881
1786361098.408,309.823
1786361098.508,309.994
1786361098.609,310.051
1786361098.709,309.042
1786361098.810,309.973
1786361098.910,310.092
1786361099.011,310.056
1786361099.111,310.197
1786361099.212,311.422
1786361099.313,311.273
1786361099.413,310.681
1786361099.514,310.799
1786361099.614,310.551
1786361099.715,310.627
1786361099.816,312.045
1786361099.917,310.828
1786361100.017,311.183
1786361100.118,311.275
1786361100.218,310.687
1786361100.319,310.929
1786361100.420,311.063
1786361100.520,309.682
1786361100.621,308.167
1786361100.721,309.836
1786361100.822,308.494
1786361100.922,307.156
1786361101.023,308.245
1786361101.123,309.622
1786361101.224,309.52
1786361101.325,311.046
1786361101.425,311.046
1786361101.525,310.731
1786361101.626,309.454
1786361101.726,312.428
1786361101.827,311.714
1786361101.927,310.03
1786361102.027,311.057
1786361102.128,311.027
1786361102.228,310.081
1786361102.329,309.594
1786361102.430,308.131
1786361102.530,307.879
1786361102.630,306.558
1786361102.731,307.784
1786361102.831,306.364
1786361102.932,308.475
1786361103.032,310.06
1786361103.133,308.742
1786361103.233,308.981
1786361103.334,308.247
1786361103.434,308.734
1786361103.534,310.163
1786361103.635,309.201
1786361103.735,310.447
1786361103.836,308.956
1786361103.936,310.367
1786361104.037,309.145
1786361104.137,309.07
1786361104.238,309.051
1786361104.338,309.828
1786361104.439,310.073
1786361104.539,309.769
1786361104.640,309.93
1786361104.740,309.71
1786361104.841,309.71
1786361104.941,309.675
1786361105.042,311.005
1786361105.142,309.737
1786361105.243,310.891
1786361105.343,309.649
1786361105.444,310.98
1786361105.544,309.878
1786361105.644,311.354
1786361105.745,309.78
1786361105.846,308.269
1786361105.946,309.649
1786361106.047,309.883
1786361106.147,308.811
1786361106.248,310.049
1786361106.348,308.839
1786361106.448,310.235
1786361106.549,308.768
1786361106.649,309.981
1786361106.749,307.912
1786361106.850,309.53
1786361106.950,308.986
1786361107.051,307.581
1786361107.151,307.418
1786361107.251,308.591
1786361107.352,307.483
1786361107.452,307.842
1786361107.553,307.414
1786361107.653,307.239
1786361107.754,307.687
1786361107.854,308.368
1786361107.955,308.436
1786361108.055,309.265
1786361108.156,309.548
1786361108.256,309.548
1786361108.357,309.679
1786361108.457,307.698
1786361108.558,308.597
1786361108.658,309.525
1786361108.758,308.782
1786361108.859,310.456
1786361108.959,308.735
1786361109.060,310.062
1786361109.160,309.034
1786361109.261,310.089
1786361109.361,309.592
1786361109.462,309.486
1786361109.562,310.316
1786361109.663,310.611
1786361109.764,309.25
1786361109.865,310.315
1786361109.965,308.482
1786361110.067,309.898
1786361110.167,308.572
1786361110.268,307.69
1786361110.368,307.929
1786361110.469,309.757
1786361110.569,308.615
1786361110.669,309.852
1786361110.772,308.067
1786361110.874,309.493
1786361110.974,307.704
1786361111.075,307.941
1786361111.176,306.218
1786361111.276,307.535
1786361111.377,308.385
1786361111.478,308.166
1786361111.578,305.74
1786361111.679,306.282
1786361111.779,304.832
1786361111.880,304.832
1786361111.980,306.696
1786361112.080,304.728
1786361112.181,305.034
1786361112.281,307.09
1786361112.382,307.153
1786361112.482,306.71
1786361112.583,306.534
1786361112.683,306.586
1786361112.783,307.811
1786361112.884,307.236
1786361112.984,308.437
1786361113.084,308.43
1786361113.185,310.425
1786361113.285,312.046
1786361113.386,311.706
1786361113.486,313.315
1786361113.587,312.679
1786361113.687,314.116
1786361113.787,312.159
1786361113.888,311.808
1786361113.988,313.021
1786361114.089,313.256
1786361114.189,311.994
1786361114.290,311.831
1786361114.391,310.442
1786361114.493,308.84
1786361114.597,309.007
1786361114.701,310.226
1786361114.805,308.128
1786361114.906,308.756
1786361115.009,310.198
1786361115.112,310.314
1786361115.213,310.361
1786361115.314,309.976
1786361115.416,310.236
1786361115.518,312.189
1786361115.621,311.983
1786361115.721,310.02
1786361115.824,309.928
1786361115.925,310.066
1786361116.026,309.909
1786361115.024,310.194
1786361115.124,310.194
1786361115.225,308.973
1786361115.325,308.839
1786361115.426,309.232
1786361115.526,309.145
1786361115.626,309.672
1786361115.727,309.326
1786361115.827,311.287
1786361115.928,309.552
1786361116.029,311.41
1786361116.130,311.566
1786361116.231,309.457
1786361116.333,310.849
1786361116.433,309.767
1786361116.534,311.135
1786361116.639,309.563
1786361116.740,309.547
1786361116.842,310.738
1786361116.945,309.2
1786361117.048,309.45
1786361117.149,309.587
1786361117.249,310.471
1786361117.349,311.735
1786361117.450,311.536
1786361117.551,312.678
1786361117.651,310.321
1786361117.752,311.867
1786361117.853,310.716
1786361117.954,310.615
1786361118.054,310.533
1786361118.155,312.27
1786361118.255,312.093
1786361118.359,310.815
1786361118.460,311.363
1786361118.560,309.904
1786361118.661,310.063
1786361118.761,310.082
1786361118.861,310.0
1786361118.962,309.503
1786361119.062,309.402
1786361119.163,309.332
1786361119.263,309.332
1786361119.364,309.074
1786361119.464,308.045
1786361119.564,308.386
1786361119.665,308.417
1786361119.765,308.667
1786361119.866,308.423
1786361119.966,309.502
1786361120.066,307.965
1786361120.167,309.469
1786361120.267,308.069
1786361120.367,309.645
1786361120.468,308.396
1786361120.568,309.409
1786361120.669,309.594
1786361120.769,309.575
1786361120.869,309.5
1786361120.970,309.449
1786361121.070,308.91
1786361121.171,310.536
1786361121.271,310.537
1786361121.372,309.221
1786361121.472,309.097
1786361121.573,308.448
1786361121.673,308.39
1786361121.773,308.87
1786361121.874,309.584
1786361121.974,310.775
1786361122.074,310.918
1786361122.175,312.467
1786361122.275,312.379
1786361122.376,312.6
1786361122.480,315.362
1786361122.580,315.34
1786361122.681,315.34
1786361122.781,315.63
1786361122.882,314.802
1786361122.982,313.651
1786361123.083,313.559
1786361123.183,312.086
1786361123.284,312.04
1786361123.384,311.0
1786361123.485,310.986
1786361123.585,309.029
1786361123.685,309.0
1786361123.786,307.893
1786361123.887,309.469
1786361123.987,308.597
1786361124.087,308.398
1786361124.188,308.463
1786361124.288,307.826
1786361124.389,307.918
1786361124.489,306.986
1786361124.592,307.133
1786361124.693,308.9
1786361124.793,307.33
1786361124.894,308.492
1786361124.994,307.306
1786361125.094,307.722
1786361125.195,309.074
1786361125.296,307.907
1786361125.400,310.018
1786361125.500,308.302
1786361125.600,310.259
1786361125.701,309.062
1786361125.801,308.995
1786361125.902,308.946
1786361126.002,308.952
1786361126.103,308.619
1786361126.203,309.966
1786361126.303,309.966
1786361126.404,308.571
1786361126.504,309.756
1786361126.604,308.547
1786361126.705,310.132
1786361126.805,309.268
1786361126.905,309.013
1786361127.006,309.186
1786361127.106,308.296
1786361127.207,307.225
1786361127.307,307.588
1786361127.407,307.606
1786361127.508,309.084
1786361127.608,307.374
1786361127.708,308.682
1786361127.809,307.164
1786361127.909,308.287
1786361128.009,306.869
1786361128.110,305.397
1786361128.210,307.911
1786361128.311,306.867
1786361128.411,307.839
1786361128.512,306.621
1786361128.612,306.475
1786361128.712,308.121
1786361128.813,306.786
1786361128.913,306.669
1786361129.014,306.504
1786361129.114,308.016
1786361129.215,309.442
1786361129.315,307.652
1786361129.416,309.762
1786361129.516,309.933
1786361129.616,309.767
1786361129.717,309.767
1786361129.817,309.712
1786361129.918,309.732
1786361130.018,310.951
1786361130.119,312.444
1786361130.219,310.702
1786361130.320,311.868
1786361130.420,310.226
1786361130.520,311.874
1786361130.621,310.508
1786361130.721,310.467
1786361130.822,310.394
1786361130.922,310.566
1786361131.023,308.949
1786361131.123,308.843
1786361131.224,306.931
1786361131.324,306.969
1786361131.425,306.851
1786361131.525,308.497
1786361131.626,307.313
1786361131.726,308.606
1786361131.827,307.343
1786361131.928,306.688
1786361132.028,306.751
1786361132.129,306.406
1786361132.229,306.679
1786361132.330,307.709
1786361132.430,309.395
1786361132.531,307.623
1786361132.631,307.591
1786361132.732,307.91
1786361132.836,308.008
1786361132.936,309.359
1786361133.037,309.72
1786361133.137,309.683
1786361133.237,309.683
1786361133.338,308.821
1786361133.438,308.681
1786361133.539,308.487
1786361133.639,308.454
1786361133.739,309.086
1786361133.840,309.089
1786361133.940,308.789
1786361134.041,308.763
1786361134.141,307.31
1786361134.242,309.007
1786361134.342,307.239
1786361134.443,310.252
1786361134.543,309.041
1786361134.644,310.178
1786361134.744,308.13
1786361134.845,309.43
1786361134.945,308.357
1786361135.045,309.512
1786361135.146,308.023
1786361135.246,309.393
1786361135.347,308.216
1786361135.447,309.92
1786361135.547,309.106
1786361135.648,309.984
1786361135.748,308.241
1786361135.848,310.304
1786361135.949,309.021
1786361136.049,310.285
1786361136.150,308.174
1786361136.250,309.775
1786361136.351,308.326
1786361136.451,309.477
1786361136.551,307.922
1786361136.652,307.922
1786361136.752,308.484
1786361136.853,307.579
1786361136.953,309.173
1786361137.054,307.076
1786361137.154,308.207
1786361137.254,305.977
1786361137.355,306.548
1786361137.455,306.729
1786361137.556,306.492
1786361137.656,306.479
1786361137.757,307.754
1786361137.857,306.85
1786361137.957,308.002
1786361138.058,306.912
1786361138.158,308.913
1786361138.259,307.795
1786361138.359,309.431
1786361138.460,308.794
1786361138.560,308.447
1786361138.661,308.428
1786361138.761,308.47
1786361138.862,307.22
1786361138.962,308.454
1786361139.062,307.13
1786361139.163,308.425
1786361139.263,306.856
1786361139.365,308.012
1786361139.467,307.198
1786361139.568,309.455
1786361139.668,308.351
1786361139.768,310.151
1786361139.869,310.124
1786361139.970,309.913
1786361140.070,309.913
1786361140.170,309.687
1786361140.271,309.864
1786361140.371,309.75
1786361140.471,309.903
1786361140.572,309.956
1786361140.672,309.502
1786361140.773,310.154
1786361140.873,311.336
1786361140.974,309.941
1786361141.074,310.176
1786361141.175,310.639
1786361141.275,310.62
1786361141.376,311.416
1786361141.476,311.549
1786361141.577,311.35
1786361141.677,311.57
1786361141.778,313.353
1786361141.878,310.729
1786361141.979,310.84
1786361142.079,310.82
1786361142.180,308.848
1786361142.280,309.989
1786361142.381,308.744
1786361142.481,309.079
1786361142.582,307.422
1786361142.682,307.682
1786361142.782,307.491
1786361142.883,306.227
1786361142.984,308.181
1786361143.084,307.998
1786361143.185,307.565
1786361143.285,309.285
1786361143.386,308.167
1786361143.486,309.366
1786361143.587,309.366
1786361143.687,307.854
1786361143.788,309.519
1786361143.888,309.464
1786361143.989,309.626
1786361144.089,310.756
1786361144.189,308.626
1786361144.290,308.696
1786361144.390,309.218
1786361144.491,309.124
1786361144.591,309.075
1786361144.692,309.045
1786361144.792,308.802
1786361144.893,308.715
1786361144.993,310.122
1786361145.093,308.407
1786361145.194,308.231
1786361145.294,308.965
1786361145.395,308.844
1786361145.495,308.698
1786361145.595,308.916
1786361145.696,310.156
1786361145.796,308.809
1786361145.897,310.388
1786361145.997,309.228
1786361146.098,309.304
1786361146.198,309.035
1786361146.298,309.174
1786361146.399,309.105
1786361146.499,309.259
1786361146.599,309.216
1786361146.700,309.3
1786361146.800,307.907
1786361146.901,307.907
1786361147.001,309.334
1786361147.101,308.163
1786361146.104,308.129
1786361146.204,308.051
1786361146.304,308.584
1786361146.405,308.495
1786361146.505,308.941
1786361146.605,308.862
1786361146.706,309.113
1786361146.806,307.816
1786361146.907,309.328
1786361147.007,308.018
1786361147.107,308.695
1786361147.208,309.559
1786361147.310,309.628
1786361147.411,308.818
1786361147.512,308.937
1786361147.612,308.64
1786361147.713,307.169
1786361147.813,307.229
1786361147.914,308.449
1786361148.014,306.634
1786361148.114,307.912
1786361148.214,306.601
1786361148.317,307.016
1786361148.419,305.287
1786361148.522,307.429
1786361148.624,306.932
1786361148.727,307.294
1786361148.827,307.674
1786361148.928,308.88
1786361149.028,307.433
1786361149.129,309.218
1786361149.229,307.856
1786361149.331,309.938
1786361149.434,308.053
1786361149.536,309.881
1786361149.639,308.668
1786361149.742,309.142
1786361149.842,308.407
1786361149.943,308.407
1786361150.044,309.429
1786361150.144,309.375
1786361150.245,310.656
1786361150.345,308.691
1786361150.445,310.072
1786361150.547,308.872
1786361150.650,310.785
1786361150.753,310.665
1786361150.856,311.923
1786361150.959,311.866
1786361151.062,313.662
1786361151.166,313.633
1786361151.269,313.505
1786361151.372,311.624
1786361151.476,313.399
1786361151.580,313.388
1786361151.683,313.339
1786361151.787,313.438
1786361151.891,312.074
1786361151.995,312.305
1786361152.096,310.945
1786361152.197,310.99
1786361152.298,310.038
1786361152.398,310.143
1786361152.499,310.435
1786361152.600,310.479
1786361152.700,309.541
1786361152.801,310.711
1786361152.902,309.42
1786361153.002,309.628
1786361153.103,309.303
1786361153.203,309.079
1786361153.303,308.918
1786361153.405,307.987
1786361153.506,308.038
1786361153.607,308.513
1786361153.711,308.657
1786361153.811,309.6
1786361153.914,308.371
1786361154.018,309.728
1786361154.122,309.626
1786361154.226,309.563
1786361154.330,311.164
1786361154.433,310.015
1786361154.534,311.905
1786361154.635,310.05
1786361154.736,311.194
1786361154.837,309.345
1786361154.937,309.383
1786361155.038,309.48
1786361155.138,309.224
1786361155.239,309.471
1786361155.340,309.631
1786361155.441,309.585
1786361155.541,309.267
1786361155.642,309.612
1786361155.743,311.679
1786361155.844,311.679
1786361155.944,310.325
1786361156.045,312.083
1786361156.146,310.987
1786361156.246,310.57
1786361156.347,310.911
1786361156.447,310.595
1786361156.548,310.515
1786361156.648,309.594
1786361156.749,309.456
1786361156.849,309.126
1786361156.950,307.575
1786361157.051,308.705
1786361157.151,307.38
1786361157.252,308.418
1786361157.352,308.811
1786361157.453,308.494
1786361157.553,308.642
1786361157.653,308.63
1786361157.753,308.46
1786361157.856,310.169
1786361157.956,309.017
1786361158.058,309.42
1786361158.160,307.668
1786361158.262,308.82
1786361158.363,307.59
1786361158.463,308.743
1786361158.564,307.26
1786361158.666,308.644
1786361158.769,307.558
1786361158.871,308.718
1786361158.973,307.53
1786361159.076,308.763
1786361159.178,308.007
1786361159.280,310.022
1786361159.383,308.824
1786361159.485,308.381
1786361159.588,308.489
1786361159.688,308.915
1786361159.789,307.842
1786361159.889,308.93
1786361159.990,308.913
1786361160.090,308.641
1786361160.191,308.641
1786361160.291,307.851
1786361160.392,307.742
1786361160.493,307.475
1786361160.593,307.752
1786361160.694,308.184
1786361160.794,307.466
1786361160.895,308.096
1786361160.996,307.39
1786361161.097,307.728
1786361161.197,307.731
1786361161.298,307.592
1786361161.399,307.12
1786361161.499,308.087
1786361161.600,307.962
1786361161.701,309.019
1786361161.802,309.071
1786361161.903,308.402
1786361162.004,308.763
1786361162.105,308.618
1786361162.206,308.334
1786361162.306,308.315
1786361162.407,308.711
1786361162.508,309.946
1786361162.609,310.69
1786361162.709,309.875
1786361162.810,309.937
1786361162.910,309.899
1786361163.011,311.163
1786361163.112,311.332
1786361163.212,311.469
1786361163.313,311.424
1786361163.414,309.965
1786361163.515,309.212
1786361163.616,309.441
1786361163.717,307.384
1786361163.817,308.77
1786361163.918,308.77
1786361164.018,308.669
1786361164.119,308.848
1786361164.219,308.874
1786361164.320,307.471
1786361164.421,309.051
1786361164.522,307.451
1786361164.622,308.861
1786361164.723,310.746
1786361164.825,310.43
1786361164.925,310.829
1786361165.026,310.736
1786361165.127,309.645
1786361165.227,310.734
1786361165.328,310.842
1786361165.428,312.181
1786361165.529,312.23
1786361165.632,313.886
1786361165.733,312.748
1786361165.833,312.704
1786361165.933,310.961
1786361166.034,312.553
1786361166.134,311.292
1786361166.234,312.351
1786361166.335,310.985
1786361166.435,310.822
1786361166.536,309.281
1786361166.637,309.138
1786361166.737,309.001
1786361166.838,309.029
1786361166.938,307.562
1786361167.039,309.242
1786361167.140,309.175
1786361167.240,310.37
1786361167.341,310.482
1786361167.442,311.741
1786361167.545,309.723
1786361167.648,311.173
1786361167.749,311.173
1786361167.850,309.719
1786361167.950,309.9
1786361168.050,311.09
1786361168.151,311.208
1786361168.251,311.302
1786361168.354,311.09
1786361168.457,309.267
1786361168.561,308.119
1786361168.661,308.132
1786361168.762,308.214
1786361168.862,308.183
1786361168.964,309.591
1786361169.068,306.221
1786361169.172,306.321
1786361169.272,306.162
1786361169.375,306.177
1786361169.476,304.659
1786361169.576,305.85
1786361169.677,307.103
1786361169.777,305.81
1786361169.879,305.961
1786361169.983,305.962
1786361170.087,306.077
1786361170.187,309.257
1786361170.288,308.658
1786361170.388,310.145
1786361170.490,310.202
1786361170.594,312.066
1786361170.698,311.363
1786361170.798,311.098
1786361170.899,311.066
1786361171.001,312.852
1786361171.105,311.774
1786361171.209,310.323
1786361171.309,310.314
1786361171.410,308.682
1786361171.510,308.72
1786361171.611,308.654
1786361171.711,307.493
1786361171.812,308.792
1786361171.912,307.278
1786361172.013,308.612
1786361172.113,307.292
1786361172.214,308.705
1786361172.314,308.962
1786361172.414,308.345
1786361172.515,310.173
1786361172.615,310.173
1786361172.716,307.791
1786361172.817,306.222
1786361172.917,307.7
1786361173.018,307.835
1786361173.118,307.246
1786361173.219,305.722
1786361173.319,307.315
1786361173.420,307.182
1786361173.520,307.259
1786361173.621,305.7
1786361173.721,305.987
1786361173.821,307.303
1786361173.925,309.077
1786361174.029,306.895
1786361174.133,306.832
1786361174.237,307.97
1786361174.340,309.607
1786361174.444,309.458
1786361174.546,307.461
1786361174.647,308.615
1786361174.748,309.662
1786361174.849,309.663
1786361174.950,309.577
1786361175.051,309.469
1786361175.153,309.691
1786361175.254,309.622
1786361175.355,308.842
1786361175.456,308.772
1786361175.557,307.677
1786361175.658,309.263
1786361175.759,309.245
1786361175.860,309.424
1786361175.961,309.487
1786361176.062,309.482
1786361176.163,309.461
1786361176.263,310.037
1786361176.364,310.027
1786361176.464,311.93
1786361176.565,310.782
1786361176.666,311.83
1786361176.770,310.18
1786361176.874,310.225
1786361176.975,310.23
1786361177.077,308.92
1786361177.178,310.192
1786361177.280,310.329
1786361177.381,309.976
1786361177.483,309.976
1786361177.584,308.068
1786361177.686,308.252
1786361177.787,309.381
1786361177.889,307.255
1786361177.990,309.16
1786361178.092,308.636
1786361178.194,309.065
1786361178.295,310.376
1786361177.283,308.841
1786361177.386,308.695
1786361177.490,308.188
1786361177.593,310.111
1786361177.696,307.006
1786361177.799,307.019
1786361177.903,309.185
1786361178.007,308.122
1786361178.111,307.399
1786361178.215,308.083
1786361178.317,306.605
1786361178.421,308.263
1786361178.524,308.285
1786361178.626,310.283
1786361178.729,310.542
1786361178.832,312.203
1786361178.935,312.179
1786361179.038,311.133
1786361179.141,312.235
1786361179.244,312.747
1786361179.347,311.647
1786361179.451,313.063
1786361179.554,311.628
1786361179.658,311.688
1786361179.761,309.998
1786361179.865,308.298
1786361179.965,309.532
1786361180.065,308.326
1786361180.169,309.358
1786361180.272,308.183
1786361180.376,308.87
1786361180.480,309.94
1786361180.584,308.753
1786361180.687,309.933
1786361180.791,309.775
1786361180.892,309.941
1786361180.996,311.695
1786361181.100,310.4
1786361181.203,311.662
1786361181.307,310.506
1786361181.408,311.688
1786361181.509,310.47
1786361181.610,310.379
1786361181.711,310.394
1786361181.811,310.384
1786361181.912,308.526
1786361182.012,309.852
1786361182.113,309.53
1786361182.213,309.639
1786361182.315,309.681
1786361182.419,309.445
1786361182.523,307.427
1786361182.626,308.857
1786361182.729,307.118
1786361182.832,307.425
1786361182.934,306.156
1786361183.037,308.073
1786361183.140,307.183
1786361183.242,307.293
1786361183.345,307.571
1786361183.448,307.283
1786361183.551,308.736
1786361183.654,309.659
1786361183.758,308.275
1786361183.858,310.137
1786361183.962,310.973
1786361184.065,311.319
1786361184.168,311.386
1786361184.272,311.285
1786361184.374,311.232
1786361184.476,312.291
1786361184.576,311.041
1786361184.678,311.063
1786361184.780,310.646
1786361184.882,312.045
1786361184.983,310.973
1786361185.084,309.901
1786361185.184,310.957
1786361185.285,310.928
1786361185.385,310.862
1786361185.485,310.929
1786361185.586,309.548
1786361185.688,311.122
1786361185.789,311.122
1786361185.891,309.794
1786361185.992,310.405
1786361186.093,310.064
1786361186.195,309.223
1786361186.296,310.473
1786361186.397,309.389
1786361186.499,307.974
1786361186.600,309.481
