t,gpu0_w
1786359937.780,27.786
1786359937.883,27.833
1786359937.987,27.815
1786359938.089,27.806
1786359938.193,27.806
1786359938.296,27.81
1786359938.399,27.81
1786359938.503,27.856
1786359938.606,27.865
1786359938.710,27.869
1786359938.813,27.862
1786359938.914,27.849
1786359939.015,27.855
1786359939.118,27.883
1786359939.219,27.883
1786359939.323,27.869
1786359939.426,27.86
1786359939.530,27.904
1786359939.634,27.962
1786359939.734,28.421
1786359939.835,28.812
1786359939.938,28.975
1786359940.040,28.983
1786359940.141,28.957
1786359940.242,28.934
1786359940.345,28.935
1786359940.449,28.953
1786359940.553,28.981
1786359940.656,28.927
1786359940.760,28.858
1786359940.863,28.392
1786359940.967,27.991
1786359941.068,27.864
1786359941.170,27.931
1786359941.272,27.9
1786359941.375,27.909
1786359941.479,27.914
1786359941.583,27.926
1786359941.686,27.919
1786359941.787,28.071
1786359941.891,28.166
1786359941.994,28.212
1786359942.096,28.683
1786359942.198,29.092
1786359942.302,31.517
1786359942.406,34.64
1786359942.509,37.732
1786359942.613,40.926
1786359942.716,44.051
1786359942.817,47.148
1786359942.921,52.743
1786359943.024,76.628
1786359943.128,93.866
1786359943.228,112.568
1786359943.329,135.693
1786359943.429,154.861
1786359943.530,175.133
1786359943.631,195.993
1786359943.732,212.364
1786359943.833,233.044
1786359943.934,250.771
1786359944.035,265.566
1786359944.136,266.717
1786359944.236,261.076
1786359944.337,260.059
1786359944.437,257.096
1786359944.538,254.429
1786359944.639,249.92
1786359944.740,244.717
1786359944.841,241.807
1786359944.941,240.29
1786359945.042,235.067
1786359945.142,232.798
1786359945.243,227.414
1786359945.343,222.355
1786359945.443,219.118
1786359945.544,212.032
1786359945.644,209.286
1786359945.744,209.858
1786359945.845,211.818
1786359945.945,216.255
1786359946.046,216.255
1786359946.146,218.099
1786359946.247,223.872
1786359946.347,231.613
1786359946.447,241.893
1786359946.548,250.88
1786359946.648,269.786
1786359946.749,270.243
1786359946.849,278.702
1786359946.950,282.471
1786359947.050,285.692
1786359947.151,287.469
1786359947.251,287.69
1786359947.351,289.356
1786359947.452,285.951
1786359947.552,284.785
1786359947.653,281.993
1786359946.734,273.789
1786359946.835,270.659
1786359946.936,268.971
1786359947.036,268.543
1786359947.137,264.8
1786359947.237,265.247
1786359947.338,264.062
1786359947.438,263.406
1786359947.539,266.137
1786359947.639,267.871
1786359947.740,270.833
1786359947.840,276.584
1786359947.941,280.166
1786359948.041,281.251
1786359948.141,283.325
1786359948.242,287.935
1786359948.342,289.729
1786359948.443,290.03
1786359948.543,289.312
1786359948.644,289.004
1786359948.744,289.004
1786359948.844,287.531
1786359948.948,290.138
1786359949.048,292.024
1786359949.150,293.733
1786359949.251,294.704
1786359949.355,293.699
1786359949.459,293.591
1786359949.562,291.95
1786359949.666,293.808
1786359949.769,295.493
1786359949.873,295.514
1786359949.976,296.47
1786359950.078,295.226
1786359950.180,295.262
1786359950.283,292.919
1786359950.386,290.858
1786359950.490,290.744
1786359950.593,289.845
1786359950.697,289.591
1786359950.801,288.319
1786359950.904,287.579
1786359951.005,286.438
1786359951.106,285.02
1786359951.210,286.35
1786359951.313,286.639
1786359951.417,289.46
1786359951.520,291.529
1786359951.624,291.062
1786359951.727,291.612
1786359951.831,292.231
1786359951.934,291.497
1786359952.036,291.615
1786359952.136,293.018
1786359952.236,295.986
1786359952.340,296.3
1786359952.444,295.264
1786359952.547,295.16
1786359952.651,294.259
1786359952.754,296.072
1786359952.858,295.429
1786359952.961,296.217
1786359953.062,296.46
1786359953.162,297.008
1786359953.264,298.101
1786359953.367,297.129
1786359953.471,294.888
1786359953.574,295.992
1786359953.678,294.884
1786359953.782,295.762
1786359953.883,294.222
1786359953.987,295.417
1786359954.088,295.008
1786359954.190,295.152
1786359954.291,295.227
1786359954.391,294.383
1786359954.491,295.159
1786359954.592,295.762
1786359954.692,295.753
1786359954.793,296.794
1786359954.893,295.627
1786359954.993,296.556
1786359955.094,295.547
1786359955.194,294.743
1786359955.295,295.967
1786359955.395,295.882
1786359955.496,297.137
1786359955.599,297.206
1786359955.703,297.84
1786359955.806,297.898
1786359955.910,296.454
1786359956.013,297.316
1786359956.114,296.821
1786359956.218,298.101
1786359956.320,298.531
1786359956.420,298.735
1786359956.524,298.801
1786359956.627,297.782
1786359956.731,297.752
1786359956.834,299.008
1786359956.938,298.875
1786359957.039,300.114
1786359957.141,298.866
1786359957.244,300.253
1786359957.347,300.209
1786359957.450,299.985
1786359957.554,299.969
1786359957.657,299.987
1786359957.761,299.961
1786359957.865,298.898
1786359957.968,298.444
1786359958.072,297.872
1786359958.174,295.701
1786359958.278,297.501
1786359958.381,295.281
1786359958.484,295.419
1786359958.588,295.644
1786359958.691,295.66
1786359958.795,295.767
1786359958.898,295.775
1786359959.002,296.779
1786359959.105,296.915
1786359959.209,295.769
1786359959.313,298.538
1786359959.416,298.409
1786359959.519,300.52
1786359959.623,299.01
1786359959.726,300.344
1786359959.830,299.239
1786359959.934,299.297
1786359960.037,298.971
1786359960.138,298.32
1786359960.242,294.964
1786359960.345,297.127
1786359960.449,296.975
1786359960.552,296.888
1786359960.656,296.764
1786359960.760,296.704
1786359960.863,296.759
1786359960.967,296.815
1786359961.070,296.801
1786359961.173,295.661
1786359961.276,295.142
1786359961.380,297.434
1786359961.480,297.097
1786359961.581,295.881
1786359961.681,295.989
1786359961.784,293.61
1786359961.887,295.055
1786359961.991,294.975
1786359962.094,296.08
1786359962.194,295.965
1786359962.298,295.688
1786359962.402,297.009
1786359962.505,296.543
1786359962.606,295.383
1786359962.707,296.506
1786359962.808,295.375
1786359962.908,296.24
1786359963.009,296.636
1786359963.110,296.629
1786359963.210,294.74
1786359963.310,294.207
1786359963.411,295.703
1786359963.513,295.575
1786359963.616,297.472
1786359963.720,298.673
1786359963.823,298.754
1786359963.923,299.924
1786359964.024,299.924
1786359964.124,299.965
1786359964.226,299.822
1786359964.329,299.629
1786359964.433,298.514
1786359964.533,299.147
1786359964.636,299.38
1786359964.740,299.456
1786359964.840,298.097
1786359964.944,298.217
1786359965.047,297.001
1786359965.151,296.911
1786359965.254,295.183
1786359965.355,294.792
1786359965.455,292.57
1786359965.556,295.599
1786359965.657,295.763
1786359965.761,296.246
1786359965.863,296.295
1786359965.967,295.11
1786359966.067,295.044
1786359966.171,294.849
1786359966.272,294.948
1786359966.373,296.522
1786359966.473,295.702
1786359966.575,298.256
1786359966.677,296.429
1786359966.778,296.373
1786359966.878,297.15
1786359966.979,296.016
1786359967.079,297.125
1786359967.179,297.126
1786359967.281,298.638
1786359967.382,298.673
1786359967.483,299.237
1786359967.584,298.634
1786359967.685,298.738
1786359967.787,298.386
1786359967.888,296.657
1786359967.989,296.703
1786359968.090,297.498
1786359968.191,298.068
1786359968.292,297.062
1786359968.392,296.997
1786359968.493,294.898
1786359968.594,294.783
1786359968.695,296.404
1786359968.795,294.868
1786359968.896,295.638
1786359968.996,297.659
1786359969.096,296.011
1786359969.197,296.51
1786359969.300,296.677
1786359969.404,297.243
1786359969.507,296.152
1786359969.610,297.093
1786359969.714,298.459
1786359969.817,297.404
1786359969.921,298.816
1786359970.024,299.006
1786359970.128,298.619
1786359970.231,298.347
1786359970.335,298.283
1786359970.438,298.483
1786359970.541,296.869
1786359970.645,298.062
1786359970.748,298.125
1786359970.852,296.903
1786359970.953,298.036
1786359971.055,298.015
1786359971.156,299.297
1786359971.257,299.376
1786359971.358,301.112
1786359971.460,300.326
1786359971.561,300.326
1786359971.663,297.989
1786359971.764,300.004
1786359971.865,297.494
1786359971.967,298.453
1786359972.068,299.609
1786359972.169,297.275
1786359972.270,297.29
1786359972.371,295.864
1786359972.472,296.335
1786359972.573,296.362
1786359972.674,294.226
1786359972.775,296.98
1786359972.876,295.778
1786359972.977,298.308
1786359973.078,298.413
1786359973.178,296.971
1786359973.279,299.268
1786359973.379,297.958
1786359973.480,299.333
1786359973.580,297.246
1786359973.680,295.396
1786359973.784,298.257
1786359973.888,296.219
1786359973.991,297.581
1786359974.095,296.262
1786359974.198,296.191
1786359974.302,297.708
1786359974.404,297.718
1786359974.508,297.917
1786359974.611,297.134
1786359974.715,297.511
1786359974.818,298.158
1786359974.920,298.125
1786359975.023,298.853
1786359975.127,298.764
1786359975.231,299.946
1786359975.334,298.889
1786359975.438,298.798
1786359975.541,297.928
1786359975.645,298.732
1786359975.748,297.699
1786359975.851,298.086
1786359975.955,298.12
1786359976.058,298.228
1786359976.162,299.568
1786359976.266,298.232
1786359976.369,296.697
1786359976.473,297.936
1786359976.576,297.952
1786359976.680,298.772
1786359976.783,297.215
1786359976.885,299.155
1786359976.987,300.043
1786359977.090,300.157
1786359977.192,300.005
1786359977.294,300.005
1786359977.397,299.074
1786359977.499,300.751
1786359977.599,299.426
1786359977.700,299.451
1786359977.800,296.937
1786359977.901,297.196
1786359978.003,297.087
1786359978.104,295.37
1786359978.206,296.516
1786359978.308,295.204
1786359978.411,295.356
1786359978.511,296.311
1786359978.611,296.238
1786359978.713,296.486
1786359978.816,293.982
1786359978.919,296.57
1786359977.995,298.287
1786359978.098,298.397
1786359978.202,298.728
1786359978.305,298.804
1786359978.409,298.757
1786359978.512,298.687
1786359978.616,299.993
1786359978.719,300.035
1786359978.823,297.903
1786359978.926,300.518
1786359979.030,298.965
1786359979.133,299.107
1786359979.236,298.957
1786359979.338,299.144
1786359979.439,299.002
1786359979.540,300.444
1786359979.641,300.45
1786359979.742,300.569
1786359979.843,297.967
1786359979.944,300.97
1786359980.044,300.805
1786359980.145,301.235
1786359980.246,300.974
1786359980.347,301.061
1786359980.447,301.061
1786359980.547,300.68
1786359980.648,300.908
1786359980.749,298.685
1786359980.852,298.27
1786359980.956,296.005
1786359981.059,297.94
1786359981.160,296.618
1786359981.260,296.71
1786359981.360,297.841
1786359981.463,297.873
1786359981.566,294.933
1786359981.670,296.399
1786359981.773,295.129
1786359981.877,297.325
1786359981.980,293.696
1786359982.083,295.878
1786359982.187,295.254
1786359982.291,296.621
1786359982.393,295.218
1786359982.496,295.144
1786359982.600,293.68
1786359982.703,297.016
1786359982.807,296.997
1786359982.911,296.111
1786359983.014,293.546
1786359983.117,295.905
1786359983.221,295.943
1786359983.324,295.981
1786359983.428,296.04
1786359983.530,297.401
1786359983.632,295.796
1786359983.735,297.275
1786359983.837,295.476
1786359983.940,295.624
1786359984.042,294.984
1786359984.144,297.651
1786359984.247,297.981
1786359984.350,297.861
1786359984.452,299.129
1786359984.555,297.953
1786359984.658,297.965
1786359984.760,299.699
1786359984.863,298.147
1786359984.966,299.687
1786359985.069,297.698
1786359985.172,300.389
1786359985.276,300.372
1786359985.379,300.552
1786359985.483,300.64
1786359985.586,299.125
1786359985.690,300.274
1786359985.793,300.302
1786359985.897,298.364
1786359986.000,300.031
1786359986.101,298.624
1786359986.205,299.108
1786359986.308,299.129
1786359986.412,299.093
1786359986.513,300.18
1786359986.614,300.436
1786359986.715,300.711
1786359986.816,299.404
1786359986.917,299.633
1786359987.018,299.847
1786359987.118,298.739
1786359987.219,299.996
1786359987.320,301.634
1786359987.420,301.698
1786359987.521,301.797
1786359987.622,299.992
1786359987.722,299.667
1786359987.823,298.922
1786359987.923,300.175
1786359988.024,298.121
1786359988.127,297.943
1786359988.231,299.038
1786359988.334,299.051
1786359988.438,298.866
1786359988.541,298.792
1786359988.645,298.598
1786359988.747,300.456
1786359988.851,300.604
1786359988.954,302.647
1786359989.055,302.781
1786359989.159,302.797
1786359989.262,304.552
1786359989.365,304.399
1786359989.469,304.423
1786359989.573,304.596
1786359989.676,304.672
1786359989.780,305.0
1786359989.883,305.034
1786359989.987,304.96
1786359990.087,304.949
1786359990.190,303.185
1786359990.294,305.073
1786359990.397,305.405
1786359990.501,305.633
1786359990.604,305.75
1786359990.707,305.776
1786359990.810,305.019
1786359990.912,304.873
1786359991.015,304.845
1786359991.116,304.918
1786359991.219,303.599
1786359991.322,305.277
1786359991.425,305.255
1786359991.528,305.082
1786359991.631,304.886
1786359991.735,304.846
1786359991.838,303.615
1786359991.942,304.253
1786359992.045,304.156
1786359992.148,304.164
1786359992.250,302.473
1786359992.352,303.507
1786359992.454,303.628
1786359992.557,303.681
1786359992.659,303.678
1786359992.761,303.796
1786359992.864,303.775
1786359992.966,304.931
1786359993.067,305.015
1786359993.168,305.097
1786359993.269,302.428
1786359993.370,304.11
1786359993.473,304.376
1786359993.576,304.576
1786359993.680,304.527
1786359993.781,304.549
1786359993.884,304.558
1786359993.988,304.492
1786359994.088,304.427
1786359994.192,304.503
1786359994.295,301.867
1786359994.399,304.589
1786359994.502,304.553
1786359994.605,304.625
1786359994.709,304.464
1786359994.812,304.388
1786359994.916,304.398
1786359995.019,304.489
1786359995.121,304.546
1786359995.225,304.468
1786359995.328,303.446
1786359995.429,305.656
1786359995.532,305.645
1786359995.635,305.903
1786359995.738,305.891
1786359995.842,305.888
1786359995.945,305.876
1786359996.049,305.776
1786359996.151,305.63
1786359996.255,305.646
1786359996.359,304.632
1786359996.462,304.953
1786359996.565,305.405
1786359996.669,305.301
1786359996.772,305.134
1786359996.876,305.029
1786359996.979,303.994
1786359997.083,302.525
1786359997.183,302.574
1786359997.284,301.468
1786359997.385,299.008
1786359997.486,298.326
1786359997.586,298.326
1786359997.687,298.84
1786359997.787,298.617
1786359997.889,296.91
1786359997.989,297.301
1786359998.090,295.716
1786359998.191,296.74
1786359998.292,298.166
1786359998.393,296.866
1786359998.494,295.45
1786359998.595,296.179
1786359998.696,297.911
1786359998.799,297.856
1786359998.901,296.738
1786359999.004,298.482
1786359999.107,298.022
1786359999.210,299.606
1786359999.314,299.485
1786359999.417,298.435
1786359999.520,297.189
1786359999.624,299.679
1786359999.728,301.314
1786359999.831,301.256
1786359999.934,299.835
1786360000.038,299.846
1786360000.139,299.703
1786360000.242,299.67
1786360000.346,298.701
1786360000.449,298.667
1786360000.550,297.814
1786360000.650,299.607
1786360000.751,298.477
1786360000.852,297.777
1786360000.955,296.726
1786360001.059,298.176
1786360001.162,297.982
1786360001.266,298.054
1786360001.369,296.238
1786360001.473,295.793
1786360001.577,294.908
1786360001.677,295.057
1786360001.777,295.722
1786360001.878,296.807
1786360001.979,296.403
1786360002.080,295.996
1786360002.180,295.205
1786360002.281,296.627
1786360002.382,296.713
1786360002.483,298.541
1786360002.583,299.03
1786360002.684,299.489
1786360002.784,301.328
1786360002.885,299.753
1786360002.985,300.018
1786360003.086,299.436
1786360003.189,301.093
1786360003.293,301.876
1786360003.397,300.845
1786360003.500,300.833
1786360003.604,299.658
1786360003.707,299.897
1786360003.811,300.432
1786360003.914,300.576
1786360004.015,302.309
1786360004.118,302.155
1786360004.222,303.96
1786360004.325,303.848
1786360004.429,304.113
1786360004.532,305.253
1786360004.636,304.669
1786360004.739,304.482
1786360004.843,305.211
1786360004.946,303.637
1786360005.049,303.514
1786360005.153,303.404
1786360005.256,303.547
1786360005.360,303.514
1786360005.463,301.931
1786360005.567,301.971
1786360005.670,299.781
1786360005.774,299.327
1786360005.877,300.771
1786360005.981,299.273
1786360006.084,301.096
1786360006.187,301.066
1786360006.291,301.167
1786360006.394,299.718
1786360006.498,299.658
1786360006.602,300.247
1786360006.705,299.827
1786360006.809,299.013
1786360006.913,300.145
1786360007.016,300.14
1786360007.120,299.417
1786360007.220,299.098
1786360007.320,299.167
1786360007.421,297.004
1786360007.522,298.404
1786360007.624,296.904
1786360007.728,298.025
1786360007.832,295.182
1786360007.932,298.15
1786360008.032,298.052
1786360008.133,297.956
1786360008.235,300.241
1786360008.338,299.295
1786360008.438,299.305
1786360008.539,301.539
1786360008.642,301.406
1786360008.744,302.875
1786360008.847,301.386
1786360008.948,304.456
1786360009.050,302.731
1786360009.154,302.74
1786360009.257,302.834
1786360009.357,302.834
1786360009.461,301.447
1786360009.564,302.708
1786360009.668,301.068
1786360009.768,301.068
1786360009.869,301.018
1786360009.972,298.931
1786360010.076,298.742
1786360010.176,298.811
1786360009.254,300.586
1786360009.358,300.618
1786360009.461,299.5
1786360009.565,300.828
1786360009.668,300.664
1786360009.772,302.207
1786360009.876,301.748
1786360009.979,299.108
1786360010.083,301.287
1786360010.186,302.968
1786360010.287,301.825
1786360010.387,301.816
1786360010.488,301.913
1786360010.588,301.222
1786360010.688,301.478
1786360010.790,299.424
1786360010.893,299.378
1786360010.997,299.402
1786360011.097,300.096
1786360011.199,300.123
1786360011.302,298.131
1786360011.405,299.251
1786360011.509,299.179
1786360011.612,297.15
1786360011.712,298.864
1786360011.813,297.179
1786360011.916,299.289
1786360012.017,296.656
1786360012.118,297.087
1786360012.219,299.073
1786360012.319,299.137
1786360012.420,299.77
1786360012.520,299.754
1786360012.621,299.819
1786360012.721,301.727
1786360012.822,301.765
1786360012.926,303.217
1786360013.026,301.188
1786360013.127,303.716
1786360013.227,303.835
1786360013.328,301.73
1786360013.428,301.741
1786360013.529,302.001
1786360013.631,302.056
1786360013.735,302.051
1786360013.835,300.783
1786360013.936,301.076
1786360014.036,299.105
1786360014.139,299.925
1786360014.243,299.911
1786360014.346,298.745
1786360014.450,301.001
1786360014.551,300.9
1786360014.652,301.982
1786360014.752,302.023
1786360014.853,302.119
1786360014.953,302.319
1786360015.054,301.24
1786360015.154,300.907
1786360015.255,302.107
1786360015.355,302.107
1786360015.456,300.632
1786360015.556,300.263
1786360015.656,300.662
1786360015.757,299.446
1786360015.860,299.408
1786360015.963,299.265
1786360016.064,298.191
1786360016.164,297.414
1786360016.265,298.299
1786360016.367,300.67
1786360016.471,299.204
1786360016.574,300.619
1786360016.678,302.076
1786360016.781,300.514
1786360016.885,301.695
1786360016.989,301.674
1786360017.092,301.771
1786360017.196,301.961
1786360017.299,303.892
1786360017.403,303.846
1786360017.506,303.834
1786360017.610,305.244
1786360017.712,305.435
1786360017.816,305.499
1786360017.919,306.691
1786360018.023,306.789
1786360018.126,306.887
1786360018.230,304.934
1786360018.333,305.894
1786360018.437,306.016
1786360018.540,305.968
1786360018.644,306.021
1786360018.747,306.038
1786360018.850,306.009
1786360018.953,306.036
1786360019.056,306.044
1786360019.159,306.012
1786360019.262,305.558
1786360019.365,306.782
1786360019.468,306.655
1786360019.571,306.552
1786360019.675,306.708
1786360019.778,304.685
1786360019.881,303.013
1786360019.985,303.379
1786360020.088,302.032
1786360020.192,301.778
1786360020.296,301.424
1786360020.399,301.113
1786360020.503,300.216
1786360020.604,300.181
1786360020.705,300.161
1786360020.806,298.861
1786360020.907,300.878
1786360021.007,300.857
1786360021.108,300.501
1786360021.209,301.92
1786360021.310,301.387
1786360021.410,300.691
1786360021.511,301.481
1786360021.611,303.344
1786360021.712,302.086
1786360021.812,302.165
1786360021.914,300.872
1786360022.017,300.904
1786360022.121,300.928
1786360022.224,301.046
1786360022.328,300.625
1786360022.431,298.895
1786360022.535,299.873
1786360022.639,299.855
1786360022.742,298.212
1786360022.846,299.693
1786360022.949,299.607
1786360023.053,302.174
1786360023.156,300.621
1786360023.260,302.36
1786360023.363,300.35
1786360023.467,298.828
1786360023.571,301.412
1786360023.674,300.886
1786360023.778,300.889
1786360023.881,302.291
1786360023.985,302.298
1786360024.088,302.377
1786360024.191,300.254
1786360024.295,301.963
1786360024.399,300.274
1786360024.502,301.258
1786360024.606,301.877
1786360024.709,301.739
1786360024.813,301.281
1786360024.916,300.083
1786360025.020,300.014
1786360025.124,299.87
1786360025.227,297.95
1786360025.331,300.021
1786360025.432,299.782
1786360025.534,298.471
1786360025.635,299.34
1786360025.736,299.493
1786360025.838,299.465
1786360025.939,300.447
1786360026.041,300.53
1786360026.142,300.567
1786360026.243,299.273
1786360026.344,301.11
1786360026.445,299.839
1786360026.546,298.361
1786360026.648,301.369
1786360026.749,300.03
1786360026.850,301.277
1786360026.951,300.135
1786360027.052,299.738
1786360027.153,299.153
1786360027.254,299.327
1786360027.354,300.66
1786360027.455,299.653
1786360027.556,299.053
1786360027.657,299.167
1786360027.758,299.172
1786360027.859,299.588
1786360027.959,299.535
1786360028.060,300.78
1786360028.161,300.78
1786360028.261,300.357
1786360028.362,302.02
1786360028.463,301.922
1786360028.563,301.771
1786360028.664,301.627
1786360028.764,303.541
1786360028.864,303.311
1786360028.965,303.265
1786360029.065,303.177
1786360029.166,303.147
1786360029.269,301.744
1786360029.371,302.885
1786360029.473,301.394
1786360029.575,301.901
1786360029.678,299.378
1786360029.780,298.816
1786360029.883,298.734
1786360029.985,299.344
1786360030.088,299.419
1786360030.190,300.544
1786360030.293,300.567
1786360030.395,301.918
1786360030.498,301.819
1786360030.601,302.14
1786360030.704,299.509
1786360030.807,302.112
1786360030.910,302.45
1786360031.013,302.684
1786360031.117,303.807
1786360031.220,303.804
1786360031.321,303.814
1786360031.423,302.599
1786360031.525,302.628
1786360031.627,301.272
1786360031.729,301.207
1786360031.831,303.504
1786360031.932,303.621
1786360032.034,305.082
1786360032.136,304.936
1786360032.238,303.621
1786360032.340,303.523
1786360032.442,303.621
1786360032.544,304.885
1786360032.646,303.684
1786360032.748,302.386
1786360032.848,303.436
1786360032.950,303.231
1786360033.052,302.048
1786360033.154,300.651
1786360033.256,300.594
1786360033.358,301.911
1786360033.460,302.033
1786360033.562,302.143
1786360033.664,300.898
1786360033.765,299.482
1786360033.865,302.035
1786360033.965,302.248
1786360034.067,302.371
1786360034.169,302.338
1786360034.269,303.78
1786360034.370,303.839
1786360034.472,303.726
1786360034.574,303.682
1786360034.674,303.457
1786360034.774,301.667
1786360034.875,301.667
1786360034.975,304.04
1786360035.077,302.46
1786360035.179,302.935
1786360035.280,301.416
1786360035.382,302.535
1786360035.484,302.456
1786360035.585,301.315
1786360035.687,301.353
1786360035.789,300.021
1786360035.889,299.206
1786360035.990,302.213
1786360036.090,301.444
1786360036.191,303.017
1786360036.292,302.546
1786360036.392,303.947
1786360036.493,302.981
1786360036.594,301.697
1786360036.694,302.849
1786360036.795,301.494
1786360036.895,302.889
1786360036.996,303.54
1786360037.096,302.492
1786360037.197,302.11
1786360037.297,302.487
1786360037.398,301.757
1786360037.499,300.291
1786360037.599,301.38
1786360037.700,302.652
1786360037.800,302.657
1786360037.901,302.44
1786360038.001,302.078
1786360038.102,302.268
1786360038.205,303.21
1786360038.309,304.752
1786360038.413,304.55
1786360038.513,305.19
1786360038.613,306.703
1786360038.714,306.8
1786360038.814,305.576
1786360038.916,304.938
1786360039.019,304.391
1786360039.121,304.72
1786360039.222,304.772
1786360039.323,305.141
1786360039.424,305.114
1786360039.525,305.016
1786360039.626,305.197
1786360039.727,305.197
1786360039.827,304.517
1786360039.928,302.24
1786360040.029,302.896
1786360040.129,300.881
1786360040.230,303.066
1786360040.330,303.18
1786360040.430,303.253
1786360040.533,303.031
1786360040.637,302.993
1786360040.740,301.615
1786360040.841,301.592
1786360040.942,301.226
1786360041.043,303.341
1786360041.143,302.085
1786360041.244,304.779
1786360041.345,303.717
1786360040.414,303.495
1786360040.518,303.37
1786360040.621,302.228
1786360040.725,302.376
1786360040.828,303.72
1786360040.932,303.792
1786360041.036,304.212
1786360041.140,303.471
1786360041.245,303.11
1786360041.348,303.108
1786360041.450,302.831
1786360041.550,302.989
1786360041.651,301.788
1786360041.751,301.876
1786360041.851,300.69
1786360041.953,300.882
1786360042.057,300.082
1786360042.160,300.23
1786360042.261,299.837
1786360042.361,302.068
1786360042.461,302.044
1786360042.563,302.359
1786360042.667,302.304
1786360042.770,301.95
1786360042.871,303.121
1786360042.971,302.047
1786360043.072,300.655
1786360043.172,299.416
1786360043.276,299.915
1786360043.379,299.84
1786360043.480,299.749
1786360043.580,299.679
1786360043.682,300.673
1786360043.786,300.728
1786360043.889,302.357
1786360043.992,300.723
1786360044.095,302.215
1786360044.199,300.47
1786360044.302,302.542
1786360044.406,302.577
1786360044.510,302.752
1786360044.613,302.844
1786360044.717,301.592
1786360044.820,301.511
1786360044.923,300.177
1786360045.026,300.023
1786360045.128,299.811
1786360045.230,299.851
1786360045.333,302.721
1786360045.436,300.731
1786360045.539,300.58
1786360045.641,300.28
1786360045.744,300.319
1786360045.847,300.578
1786360045.949,300.483
1786360046.052,301.628
1786360046.154,299.808
1786360046.256,300.757
1786360046.359,300.257
1786360046.461,300.277
1786360046.564,300.98
1786360046.666,300.956
1786360046.768,299.899
1786360046.871,299.712
1786360046.974,299.297
1786360047.077,299.414
1786360047.180,297.298
1786360047.283,297.753
1786360047.386,298.589
1786360047.490,294.257
1786360047.593,293.133
1786360047.696,294.259
1786360047.800,293.194
1786360047.903,295.347
1786360048.004,293.949
1786360048.104,295.973
1786360048.205,295.352
1786360048.305,296.213
1786360048.405,297.723
1786360048.506,297.723
1786360048.606,297.859
1786360048.706,301.932
1786360048.807,302.443
1786360048.907,301.319
1786360049.008,302.501
1786360049.108,302.75
1786360049.209,304.305
1786360049.309,303.813
1786360049.410,301.289
1786360049.510,302.643
1786360049.610,300.56
1786360049.711,300.272
1786360049.811,300.214
1786360049.912,300.906
1786360050.012,300.779
1786360050.113,300.823
1786360050.213,299.812
1786360050.313,298.623
1786360050.414,296.597
1786360050.514,299.732
1786360050.614,298.731
1786360050.715,300.82
1786360050.815,299.717
1786360050.916,301.092
1786360051.016,299.863
1786360051.116,301.188
1786360051.217,301.168
1786360051.317,302.203
1786360051.418,302.003
1786360051.518,304.003
1786360051.618,302.849
1786360051.719,303.895
1786360051.819,301.581
1786360051.920,302.051
1786360052.020,302.033
1786360052.120,302.033
1786360052.221,301.921
1786360052.321,301.965
1786360052.421,302.008
1786360052.522,300.689
1786360052.622,302.18
1786360052.723,302.201
1786360052.823,303.527
1786360052.924,303.65
1786360053.024,305.983
1786360053.125,305.584
1786360053.225,305.591
1786360053.325,305.783
1786360053.426,304.276
1786360053.526,302.67
1786360053.627,304.018
1786360053.727,304.037
1786360053.828,302.866
1786360053.928,302.788
1786360054.028,302.699
1786360054.129,302.682
1786360054.229,303.798
1786360054.329,303.85
1786360054.430,305.317
1786360054.530,302.284
1786360054.631,303.994
1786360054.731,303.945
1786360054.832,302.625
1786360054.932,303.786
1786360055.032,303.8
1786360055.133,302.683
1786360055.233,302.701
1786360055.334,301.162
1786360055.437,301.129
1786360055.539,298.12
1786360055.642,302.759
1786360055.744,302.68
1786360055.848,302.8
1786360055.952,304.092
1786360056.052,304.109
1786360056.156,301.87
1786360056.259,303.052
1786360056.363,300.948
1786360056.464,302.577
1786360056.566,301.395
1786360056.669,304.205
1786360056.772,302.726
1786360056.876,302.783
1786360056.983,300.574
1786360057.085,300.157
1786360057.190,298.528
1786360057.293,300.925
1786360057.396,299.631
1786360057.497,301.747
1786360057.599,300.951
1786360057.700,301.238
1786360057.804,299.954
1786360057.907,301.336
1786360058.011,300.034
1786360058.113,302.114
1786360058.217,302.674
1786360058.321,304.402
1786360058.424,304.245
1786360058.525,305.512
1786360058.626,305.512
1786360058.729,302.759
1786360058.832,301.93
1786360058.936,301.807
1786360059.039,303.025
1786360059.143,302.994
1786360059.246,304.201
1786360059.350,304.191
1786360059.454,304.108
1786360059.556,304.15
1786360059.656,304.153
1786360059.759,303.705
1786360059.863,305.175
1786360059.967,306.693
1786360060.068,307.922
1786360060.172,306.56
1786360060.275,306.562
1786360060.379,305.264
1786360060.480,305.302
1786360060.582,304.155
1786360060.684,304.127
1786360060.787,304.149
1786360060.890,302.023
1786360060.994,302.154
1786360061.096,302.229
1786360061.200,300.941
1786360061.303,302.356
1786360061.407,300.392
1786360061.508,301.932
1786360061.612,300.947
1786360061.713,302.003
1786360061.816,299.454
1786360061.920,298.709
1786360062.023,301.237
1786360062.126,300.534
1786360062.230,300.558
1786360062.334,300.737
1786360062.437,300.64
1786360062.538,302.519
1786360062.642,300.751
1786360062.744,301.769
1786360062.846,299.971
1786360062.950,300.339
1786360063.051,299.884
1786360063.154,299.966
1786360063.258,301.788
1786360063.361,300.512
1786360063.464,301.515
1786360063.567,300.153
1786360063.671,300.236
1786360063.774,301.754
1786360063.877,300.069
1786360063.980,300.587
1786360064.082,301.657
1786360064.186,301.534
1786360064.289,301.441
1786360064.393,299.65
1786360064.496,301.109
1786360064.600,301.096
1786360064.704,301.507
1786360064.807,301.507
1786360064.910,301.57
1786360065.013,300.665
1786360065.117,300.647
1786360065.220,301.658
1786360065.324,301.865
1786360065.427,301.824
1786360065.528,303.596
1786360065.631,303.397
1786360065.733,303.413
1786360065.837,304.337
1786360065.939,302.979
1786360066.040,301.051
1786360066.144,302.614
1786360066.247,301.871
1786360066.351,301.827
1786360066.455,301.409
1786360066.556,301.462
1786360066.660,300.099
1786360066.763,300.065
1786360066.866,298.8
1786360066.969,299.104
1786360067.071,299.326
1786360067.174,299.329
1786360067.278,300.381
1786360067.382,300.801
1786360067.482,299.461
1786360067.585,300.136
1786360067.685,299.745
1786360067.789,301.148
1786360067.892,300.215
1786360067.995,301.359
1786360068.097,297.864
1786360068.200,299.058
1786360068.304,298.834
1786360068.407,298.768
1786360068.509,300.399
1786360068.612,300.757
1786360068.713,301.592
1786360068.817,301.956
1786360068.920,301.9
1786360069.023,302.951
1786360069.126,301.379
1786360069.230,304.68
1786360069.334,302.55
1786360069.437,304.646
1786360069.538,304.694
1786360069.642,304.709
1786360069.744,305.815
1786360069.847,304.394
1786360069.951,304.474
1786360070.052,304.447
1786360070.156,301.769
1786360070.259,302.246
1786360070.363,302.284
1786360070.466,304.427
1786360070.568,303.138
1786360070.672,303.302
1786360070.774,301.903
1786360070.878,301.869
1786360070.982,303.097
1786360071.084,302.368
1786360071.188,300.581
1786360071.292,301.173
1786360071.395,302.347
1786360071.496,302.351
1786360071.599,302.42
1786360071.699,303.809
1786360071.803,301.864
1786360071.907,303.276
1786360072.010,301.811
1786360072.113,302.059
1786360072.217,299.74
1786360072.320,301.691
1786360072.424,303.728
1786360072.524,302.41
1786360072.628,301.532
1786360071.699,301.146
1786360071.803,300.053
1786360071.907,301.939
1786360072.007,300.256
1786360072.110,301.682
1786360072.213,298.702
1786360072.317,301.981
1786360072.419,301.531
1786360072.522,300.683
1786360072.623,302.018
1786360072.727,302.914
1786360072.830,303.206
1786360072.934,302.344
1786360073.035,302.465
1786360073.139,302.891
1786360073.242,300.317
1786360073.345,302.105
1786360073.449,301.861
1786360073.550,302.309
1786360073.654,301.565
1786360073.756,300.578
1786360073.860,300.61
1786360073.963,300.588
1786360074.066,301.411
1786360074.170,301.338
1786360074.273,301.164
1786360074.376,303.781
1786360074.480,305.116
1786360074.583,303.674
1786360074.687,303.834
1786360074.791,305.508
1786360074.894,305.459
1786360074.997,305.354
1786360075.098,303.68
1786360075.198,304.761
1786360075.299,301.54
1786360075.400,303.05
1786360075.500,303.158
1786360075.601,303.029
1786360075.701,303.192
1786360075.802,303.009
1786360075.902,301.91
1786360076.003,303.019
1786360076.103,301.998
1786360076.204,303.777
1786360076.304,302.717
1786360076.404,305.222
1786360076.505,303.252
1786360076.605,303.197
1786360076.706,303.275
1786360076.806,304.045
1786360076.906,304.045
1786360077.007,304.103
1786360077.107,305.154
1786360077.209,305.11
1786360077.312,305.02
1786360077.416,304.298
1786360077.520,302.753
1786360077.623,303.389
1786360077.727,303.183
1786360077.830,303.254
1786360077.934,303.224
1786360078.036,302.525
1786360078.139,302.488
1786360078.241,301.264
1786360078.344,301.382
1786360078.448,301.503
1786360078.551,300.817
1786360078.655,303.474
1786360078.759,302.438
1786360078.862,304.531
1786360078.966,303.224
1786360079.069,303.347
1786360079.173,304.599
1786360079.277,302.541
1786360079.380,303.751
1786360079.483,302.379
1786360079.587,301.467
1786360079.691,301.405
1786360079.795,301.787
1786360079.899,301.617
1786360080.002,301.699
1786360080.106,301.894
1786360080.210,301.628
1786360080.313,300.361
1786360080.416,302.364
1786360080.520,301.127
1786360080.624,300.457
1786360080.727,302.395
1786360080.831,302.535
1786360080.935,302.115
1786360081.038,303.301
1786360081.142,300.529
1786360081.245,301.498
1786360081.349,300.484
1786360081.452,301.641
1786360081.556,301.727
1786360081.660,300.237
1786360081.763,302.086
1786360081.867,302.381
1786360081.970,301.644
1786360082.072,301.644
1786360082.176,300.074
1786360082.279,302.772
1786360082.383,302.858
1786360082.486,302.002
1786360082.590,302.249
1786360082.693,301.246
1786360082.797,302.634
1786360082.899,302.634
1786360083.002,302.325
1786360083.106,303.675
1786360083.210,303.085
1786360083.313,304.585
1786360083.417,303.19
1786360083.518,303.19
1786360083.622,304.837
1786360083.725,302.095
1786360083.829,301.689
1786360083.933,303.03
1786360084.036,303.066
1786360084.140,303.076
1786360084.243,302.946
1786360084.347,303.467
1786360084.451,304.816
1786360084.554,304.996
1786360084.658,303.18
1786360084.761,305.901
1786360084.865,307.635
1786360084.969,306.541
1786360085.072,306.618
1786360085.176,305.665
1786360085.279,305.711
1786360085.383,305.456
1786360085.487,305.755
1786360085.590,305.372
1786360085.693,303.852
1786360085.797,306.067
1786360085.901,306.024
1786360086.004,305.748
1786360086.108,306.908
1786360086.212,306.853
1786360086.315,307.927
1786360086.419,307.939
1786360086.522,308.001
1786360086.626,309.118
1786360086.729,306.224
1786360086.833,307.738
1786360086.937,307.798
1786360087.037,307.7
1786360087.141,305.824
1786360087.244,305.851
1786360087.348,304.747
1786360087.452,304.857
1786360087.555,303.651
1786360087.658,303.05
1786360087.762,300.39
1786360087.866,303.689
1786360087.969,303.661
1786360088.073,302.276
1786360088.177,301.085
1786360088.280,301.897
1786360088.384,300.514
1786360088.488,301.631
1786360088.591,300.274
1786360088.694,301.166
1786360088.798,298.836
1786360088.902,301.637
1786360089.005,300.427
1786360089.109,300.388
1786360089.212,300.395
1786360089.316,301.722
1786360089.420,301.583
1786360089.523,302.876
1786360089.627,303.109
1786360089.730,302.284
1786360089.834,301.227
1786360089.938,304.218
1786360090.041,303.986
1786360090.145,303.986
1786360090.249,304.141
1786360090.352,304.137
1786360090.456,304.087
1786360090.559,302.91
1786360090.662,303.01
1786360090.765,300.926
1786360090.869,301.86
1786360090.973,301.444
1786360091.077,301.378
1786360091.180,301.288
1786360091.284,302.366
1786360091.388,300.543
1786360091.492,301.835
1786360091.595,301.685
1786360091.699,303.993
1786360091.803,303.985
1786360091.907,302.476
1786360092.010,303.507
1786360092.113,303.877
1786360092.217,303.934
1786360092.321,302.038
1786360092.424,302.256
1786360092.528,304.078
1786360092.631,301.973
1786360092.735,302.098
1786360092.839,300.701
1786360092.943,299.507
1786360093.046,301.398
1786360093.149,301.609
1786360093.252,303.1
1786360093.356,301.471
1786360093.460,303.358
1786360093.561,303.398
1786360093.665,301.719
1786360093.768,303.831
1786360093.872,302.431
1786360093.976,302.705
1786360094.079,304.065
1786360094.183,303.362
1786360094.287,303.251
1786360094.390,300.942
1786360094.494,302.702
1786360094.598,301.265
1786360094.701,301.206
1786360094.805,302.867
1786360094.908,301.46
1786360095.012,300.977
1786360095.115,302.028
1786360095.219,301.754
1786360095.323,303.873
1786360095.426,302.363
1786360095.530,304.54
1786360095.633,302.318
1786360095.734,303.846
1786360095.838,302.669
1786360095.941,302.566
1786360096.045,301.993
1786360096.149,302.578
1786360096.252,301.735
1786360096.356,301.498
1786360096.460,300.324
1786360096.563,301.949
1786360096.666,302.004
1786360096.770,302.171
1786360096.873,300.955
1786360096.977,302.216
1786360097.079,300.344
1786360097.182,301.092
1786360097.286,302.526
1786360097.389,303.511
1786360097.493,302.625
1786360097.597,303.949
1786360097.700,301.867
1786360097.804,301.786
1786360097.907,302.471
1786360098.011,303.543
1786360098.115,302.027
1786360098.218,303.896
1786360098.322,303.401
1786360098.425,303.315
1786360098.529,303.238
1786360098.633,302.767
1786360098.736,302.81
1786360098.840,303.477
1786360098.943,302.854
1786360099.046,303.229
1786360099.150,302.203
1786360099.254,302.254
1786360099.357,302.271
1786360099.461,303.999
1786360099.565,303.91
1786360099.668,304.072
1786360099.772,304.359
1786360099.875,304.249
1786360099.979,304.377
1786360100.083,305.126
1786360100.186,304.6
1786360100.290,304.065
1786360100.393,305.514
1786360100.497,305.44
1786360100.601,305.645
1786360100.704,303.552
1786360100.806,303.53
1786360100.909,304.977
1786360101.013,303.485
1786360101.116,304.579
1786360101.220,303.254
1786360101.324,303.417
1786360101.427,305.09
1786360101.529,302.939
1786360101.632,303.128
1786360101.736,302.859
1786360101.840,304.995
1786360101.943,302.839
1786360102.044,302.838
1786360102.147,303.061
1786360102.251,301.207
1786360102.355,301.444
1786360102.458,302.699
1786360102.562,301.08
1786360102.666,303.11
1786360102.769,300.84
1786360102.873,300.883
1786360102.976,299.349
1786360103.080,301.371
1786360103.183,299.698
1786360103.287,299.84
1786360103.389,301.755
1786360103.493,301.444
1786360103.597,301.317
1786360103.700,301.458
1786360103.804,301.621
1786360102.866,303.775
1786360102.970,302.888
1786360103.073,304.47
1786360103.176,302.384
1786360103.277,302.298
1786360103.381,301.858
1786360103.484,302.009
1786360103.588,303.415
1786360103.692,301.68
1786360103.795,302.111
1786360103.899,301.997
1786360104.003,301.096
1786360104.105,301.948
1786360104.208,301.947
1786360104.312,300.489
1786360104.415,302.226
1786360104.519,303.9
1786360104.622,302.724
1786360104.726,301.687
1786360104.830,303.501
1786360104.933,304.606
1786360105.036,305.01
1786360105.140,305.55
1786360105.243,305.746
1786360105.347,302.635
1786360105.450,306.188
1786360105.554,306.418
1786360105.657,304.946
1786360105.761,306.105
1786360105.864,305.989
1786360105.968,305.97
1786360106.071,305.958
1786360106.174,303.836
1786360106.277,303.796
1786360106.381,303.74
1786360106.485,304.861
1786360106.588,304.95
1786360106.692,302.839
1786360106.795,304.182
1786360106.899,301.816
1786360107.002,302.982
1786360107.106,301.08
1786360107.209,301.221
1786360107.313,301.54
1786360107.416,300.426
1786360107.517,300.42
1786360107.619,301.19
1786360107.723,301.088
1786360107.826,303.017
1786360107.930,301.383
1786360108.034,303.871
1786360108.137,302.848
1786360108.241,304.759
1786360108.344,303.246
1786360108.448,302.911
1786360108.549,302.706
1786360108.652,302.763
1786360108.754,303.997
1786360108.857,303.078
1786360108.961,303.095
1786360109.064,304.832
1786360109.168,303.048
1786360109.271,304.133
1786360109.375,302.304
1786360109.478,302.259
1786360109.579,302.89
1786360109.683,304.317
1786360109.785,302.372
1786360109.889,302.431
1786360109.990,302.239
1786360110.094,302.48
1786360110.197,302.497
1786360110.301,302.861
1786360110.404,302.887
1786360110.505,303.529
1786360110.608,303.912
1786360110.711,305.496
1786360110.814,305.537
1786360110.918,306.02
1786360111.019,304.339
1786360111.122,305.643
1786360111.226,305.396
1786360111.330,303.96
1786360111.434,305.202
1786360111.535,302.858
1786360111.638,302.945
1786360111.738,304.275
1786360111.842,302.506
1786360111.946,302.716
1786360112.049,301.645
1786360112.153,303.443
1786360112.257,303.363
1786360112.361,302.198
1786360112.464,303.563
1786360112.565,301.74
1786360112.668,302.748
1786360112.770,303.901
1786360112.871,303.62
1786360112.975,305.343
1786360113.079,303.535
1786360113.183,306.092
1786360113.287,304.376
1786360113.390,304.652
1786360113.494,304.964
1786360113.595,303.971
1786360113.699,303.78
1786360113.802,303.235
1786360113.906,303.249
1786360114.009,302.045
1786360114.113,302.102
1786360114.217,303.72
1786360114.321,303.628
1786360114.425,303.911
1786360114.525,303.574
1786360114.628,301.978
1786360114.731,302.138
1786360114.835,304.213
1786360114.939,304.601
1786360115.041,304.783
1786360115.144,306.141
1786360115.248,304.236
1786360115.352,304.026
1786360115.456,304.124
1786360115.557,304.208
1786360115.660,303.663
1786360115.762,303.253
1786360115.865,304.626
1786360115.969,303.285
1786360116.072,303.892
1786360116.176,302.365
1786360116.279,302.311
1786360116.383,302.847
1786360116.487,303.089
1786360116.588,303.062
1786360116.689,301.835
1786360116.791,300.386
1786360116.895,302.704
1786360116.998,301.668
1786360117.102,302.925
1786360117.206,302.006
1786360117.310,304.041
1786360117.413,303.922
1786360117.517,305.178
1786360117.619,303.817
1786360117.723,303.223
1786360117.826,304.889
1786360117.930,306.828
1786360118.034,305.499
1786360118.137,306.622
1786360118.241,306.598
1786360118.345,306.268
1786360118.449,306.584
1786360118.550,305.305
1786360118.653,305.252
1786360118.753,305.318
1786360118.857,304.655
1786360118.961,304.202
1786360119.065,304.322
1786360119.169,304.612
1786360119.273,304.559
1786360119.376,302.406
1786360119.480,303.703
1786360119.581,302.101
1786360119.685,303.411
1786360119.786,303.411
1786360119.890,302.049
1786360119.994,303.293
1786360120.098,303.063
1786360120.201,302.947
1786360120.305,302.45
1786360120.409,302.759
1786360120.513,304.976
1786360120.614,304.101
1786360120.718,305.31
1786360120.821,305.39
1786360120.925,304.62
1786360121.025,304.62
1786360121.129,307.232
1786360121.234,307.141
1786360121.338,305.85
1786360121.442,307.372
1786360121.543,307.372
1786360121.646,306.116
1786360121.746,306.187
1786360121.850,305.869
1786360121.954,306.298
1786360122.057,304.255
1786360122.161,305.228
1786360122.265,303.519
1786360122.369,305.295
1786360122.473,303.514
1786360122.575,304.95
1786360122.679,305.033
1786360122.779,306.148
1786360122.883,306.121
1786360122.987,307.547
1786360123.091,304.887
1786360123.195,307.01
1786360123.299,305.008
1786360123.403,306.684
1786360123.507,304.623
1786360123.608,306.327
1786360123.712,305.736
1786360123.814,305.23
1786360123.918,305.12
1786360124.022,304.994
1786360124.126,302.48
1786360124.230,304.583
1786360124.334,303.395
1786360124.437,305.241
1786360124.538,303.983
1786360124.640,305.953
1786360124.744,304.621
1786360124.847,305.191
1786360124.951,304.453
1786360125.055,304.48
1786360125.159,303.306
1786360125.260,304.327
1786360125.363,304.53
1786360125.467,304.446
1786360125.569,304.48
1786360125.672,305.82
1786360125.773,304.659
1786360125.876,305.986
1786360125.980,304.823
1786360126.083,305.926
1786360126.187,302.832
1786360126.290,304.025
1786360126.394,305.432
1786360126.498,304.291
1786360126.599,305.528
1786360126.702,303.894
1786360126.804,303.822
1786360126.908,305.029
1786360127.012,303.521
1786360127.116,304.763
1786360127.219,301.686
1786360127.323,304.958
1786360127.427,304.908
1786360127.530,303.679
1786360127.632,304.458
1786360127.735,302.567
1786360127.838,304.385
1786360127.941,303.114
1786360128.045,302.294
1786360128.148,303.452
1786360128.252,301.522
1786360128.355,303.366
1786360128.459,303.152
1786360128.560,303.229
1786360128.662,304.445
1786360128.764,304.935
1786360128.867,305.598
1786360128.971,305.404
1786360129.075,305.521
1786360129.178,306.408
1786360129.282,305.284
1786360129.385,307.343
1786360129.489,308.707
1786360129.591,308.578
1786360129.694,307.228
1786360129.796,307.176
1786360129.899,307.116
1786360130.002,306.148
1786360130.106,306.079
1786360130.210,305.875
1786360130.311,303.266
1786360130.414,304.646
1786360130.518,303.134
1786360130.619,303.089
1786360130.723,301.138
1786360130.825,302.55
1786360130.929,302.521
1786360131.029,302.324
1786360131.133,304.442
1786360131.236,302.298
1786360131.340,302.096
1786360131.443,304.537
1786360131.547,303.025
1786360131.649,304.44
1786360131.753,302.942
1786360131.856,305.227
1786360131.959,305.429
1786360132.063,303.242
1786360132.166,303.443
1786360132.270,302.096
1786360132.374,302.73
1786360132.477,302.818
1786360132.578,303.063
1786360132.681,303.416
1786360132.782,303.224
1786360132.886,302.157
1786360132.989,301.848
1786360133.092,301.634
1786360133.196,302.804
1786360133.299,302.597
1786360133.403,302.107
1786360133.506,303.627
1786360133.607,303.977
1786360133.711,303.95
1786360133.812,303.855
1786360133.916,303.98
1786360134.020,305.352
1786360134.123,305.485
1786360134.227,305.497
1786360134.332,304.907
1786360134.435,303.104
1786360134.539,304.982
1786360134.640,303.109
1786360134.744,304.261
1786360134.847,304.092
1786360134.950,305.361
1786360135.054,305.354
1786360134.091,305.29
1786360134.195,305.265
1786360134.299,303.288
1786360134.402,302.821
1786360134.506,303.725
1786360134.609,303.703
1786360134.713,304.316
1786360134.817,304.228
1786360134.920,304.214
1786360135.022,302.601
1786360135.125,301.112
1786360135.228,302.72
1786360135.332,301.456
1786360135.435,301.464
1786360135.538,303.58
1786360135.639,303.369
1786360135.742,302.087
1786360135.845,303.365
1786360135.948,303.431
1786360136.051,303.619
1786360136.154,305.263
1786360136.257,306.731
1786360136.361,304.794
1786360136.464,304.122
1786360136.564,304.03
1786360136.666,304.106
1786360136.769,304.247
1786360136.872,305.592
1786360136.975,304.626
1786360137.078,303.551
1786360137.181,303.328
1786360137.284,303.354
1786360137.387,303.274
1786360137.490,304.411
1786360137.591,305.542
1786360137.694,307.622
1786360137.795,307.511
1786360137.898,308.597
1786360138.001,308.626
1786360138.104,309.663
1786360138.208,310.849
1786360138.311,311.065
1786360138.414,311.301
1786360138.517,310.702
1786360138.618,310.478
1786360138.721,310.53
1786360138.822,309.833
1786360138.925,309.984
1786360139.029,308.829
1786360139.132,308.817
1786360139.235,307.345
1786360139.338,307.381
1786360139.441,307.17
1786360139.547,306.307
1786360139.648,305.555
1786360139.751,304.984
1786360139.854,304.603
1786360139.957,305.355
1786360140.059,303.003
1786360140.163,302.923
1786360140.266,302.825
1786360140.369,304.319
1786360140.472,304.277
1786360140.572,302.9
1786360140.675,302.92
1786360140.778,302.949
1786360140.881,304.55
1786360140.984,305.878
1786360141.087,305.706
1786360141.191,308.077
1786360141.294,307.36
1786360141.397,307.288
1786360141.500,305.844
1786360141.602,305.21
1786360141.705,304.296
1786360141.806,304.88
1786360141.909,306.383
1786360142.012,304.448
1786360142.115,303.14
1786360142.216,303.267
1786360142.320,302.088
1786360142.423,304.062
1786360142.526,303.037
1786360142.626,303.199
1786360142.729,301.418
1786360142.831,303.84
1786360142.934,302.624
1786360143.037,302.487
1786360143.140,302.819
1786360143.246,303.948
1786360143.351,303.916
1786360143.455,303.822
1786360143.560,303.815
1786360143.663,304.097
1786360143.768,303.353
1786360143.873,305.697
1786360143.978,305.741
1786360144.083,306.938
1786360144.188,304.913
1786360144.294,306.306
1786360144.399,306.373
1786360144.503,306.315
1786360144.605,306.355
1786360144.710,304.321
1786360144.812,305.093
1786360144.917,307.061
1786360145.019,305.385
1786360145.124,305.251
1786360145.230,304.001
1786360145.335,306.041
1786360145.440,304.833
1786360145.545,304.781
1786360145.647,303.477
1786360145.752,304.503
1786360145.855,305.256
1786360145.961,305.6
1786360146.066,303.454
1786360146.171,305.147
1786360146.276,305.438
1786360146.382,305.375
1786360146.487,305.373
1786360146.588,304.443
1786360146.691,304.591
1786360146.796,303.928
1786360146.901,302.962
1786360147.007,304.242
1786360147.112,302.219
1786360147.217,304.299
1786360147.322,301.89
1786360147.428,301.65
1786360147.533,302.983
1786360147.633,303.089
1786360147.739,305.121
1786360147.841,305.037
1786360147.946,305.838
1786360148.051,306.967
1786360148.157,307.016
1786360148.262,307.248
1786360148.367,307.57
1786360148.472,308.482
1786360148.578,308.554
1786360148.679,308.576
1786360148.784,308.476
1786360148.889,306.198
1786360148.994,305.531
1786360149.099,305.032
1786360149.205,305.292
1786360149.310,305.161
1786360149.415,305.248
1786360149.521,305.016
1786360149.623,306.542
1786360149.728,304.951
1786360149.829,304.992
1786360149.935,303.194
1786360150.037,304.262
1786360150.142,304.9
1786360150.248,306.718
1786360150.353,306.514
1786360150.458,304.668
1786360150.563,306.167
1786360150.666,306.252
1786360150.770,306.276
1786360150.874,306.643
1786360150.978,305.903
1786360151.081,306.304
1786360151.185,307.691
1786360151.289,307.554
1786360151.393,307.492
1786360151.496,307.437
1786360151.597,307.329
1786360151.700,307.301
1786360151.800,305.872
1786360151.904,305.925
1786360152.008,307.031
1786360152.111,305.718
1786360152.215,307.113
1786360152.319,305.017
1786360152.422,305.071
1786360152.526,301.98
1786360152.628,301.99
1786360152.731,302.957
1786360152.832,301.598
1786360152.936,302.859
1786360153.040,302.531
1786360153.143,300.734
1786360153.247,302.688
1786360153.351,300.762
1786360153.454,302.668
1786360153.558,301.19
1786360153.659,304.433
1786360153.763,304.384
1786360153.865,305.644
1786360153.969,305.561
1786360154.073,305.363
1786360154.176,304.311
1786360154.280,304.515
1786360154.384,304.515
1786360154.487,305.277
1786360154.588,304.579
1786360154.690,306.299
1786360154.793,303.874
1786360154.897,303.891
1786360154.997,301.569
1786360155.100,296.676
1786360155.204,292.78
1786360155.307,292.432
1786360155.411,292.347
1786360155.515,287.125
1786360155.616,279.777
1786360155.719,276.211
1786360155.820,271.892
1786360155.923,272.115
1786360156.027,270.546
1786360156.131,269.524
1786360156.235,274.378
1786360156.338,275.766
1786360156.442,277.277
1786360156.546,275.062
1786360156.646,280.278
1786360156.750,283.682
1786360156.852,281.004
1786360156.955,280.272
1786360157.059,275.658
1786360157.162,276.742
1786360157.266,279.167
1786360157.370,278.65
1786360157.473,279.329
1786360157.577,279.619
1786360157.679,279.863
1786360157.783,274.502
1786360157.886,275.356
1786360157.989,282.322
1786360158.093,284.715
1786360158.197,287.343
1786360158.300,284.665
1786360158.404,285.494
1786360158.508,286.131
1786360158.609,288.286
1786360158.711,286.87
1786360158.812,290.645
1786360158.915,294.275
1786360159.019,298.652
1786360159.123,296.862
1786360159.226,298.678
1786360159.330,301.348
1786360159.433,304.765
1786360159.536,304.742
1786360159.637,306.12
1786360159.740,304.696
1786360159.841,305.973
1786360159.944,306.07
1786360160.046,306.394
1786360160.149,306.331
1786360160.253,307.687
1786360160.356,304.517
1786360160.460,304.664
1786360160.563,302.313
1786360160.664,300.717
1786360160.768,299.016
1786360160.869,299.058
1786360160.973,297.01
1786360161.076,295.79
1786360161.179,295.613
1786360161.283,295.437
1786360161.386,293.821
1786360161.490,297.661
1786360161.593,298.878
1786360161.695,299.299
1786360161.799,299.447
1786360161.902,298.978
1786360162.005,298.769
1786360162.108,300.749
1786360162.211,301.7
1786360162.314,302.651
1786360162.418,302.06
1786360162.521,304.164
1786360162.622,302.505
1786360162.725,302.572
1786360162.825,304.313
1786360162.929,303.558
1786360163.033,305.807
1786360163.136,307.521
1786360163.240,305.565
1786360163.343,305.351
1786360163.445,301.851
1786360163.548,301.348
1786360163.648,301.348
1786360163.752,299.744
1786360163.853,301.535
1786360163.957,299.858
1786360164.060,299.866
1786360164.164,301.834
1786360164.267,300.489
1786360164.371,300.23
1786360164.474,301.814
1786360164.578,298.624
1786360164.679,302.774
1786360164.782,304.023
1786360164.884,303.074
1786360164.988,302.939
1786360165.091,304.608
1786360165.194,303.768
1786360165.298,304.006
1786360165.401,304.553
1786360165.505,300.623
1786360165.607,296.738
1786360165.711,296.548
1786360165.814,294.842
1786360165.918,294.908
1786360166.021,294.997
1786360166.125,291.875
1786360166.228,290.065
1786360165.216,290.354
1786360165.320,285.221
1786360165.423,280.388
1786360165.527,280.963
1786360165.630,282.957
1786360165.734,286.314
1786360165.837,284.489
1786360165.941,286.827
1786360166.044,288.479
1786360166.147,290.323
1786360166.251,289.407
1786360166.354,294.383
1786360166.458,296.746
1786360166.561,300.167
1786360166.665,300.927
1786360166.768,299.664
1786360166.872,301.886
1786360166.975,302.436
1786360167.079,302.467
1786360167.182,301.334
1786360167.284,301.196
1786360167.385,301.088
1786360167.487,296.875
1786360167.588,296.557
1786360167.690,294.861
1786360167.791,296.384
1786360167.893,296.618
1786360167.994,296.635
1786360168.096,293.87
1786360168.197,290.604
1786360168.298,287.437
1786360168.400,284.574
1786360168.501,281.345
1786360168.602,282.452
1786360168.703,285.896
1786360168.805,287.66
1786360168.905,286.278
1786360169.007,287.738
1786360169.108,286.179
1786360169.210,289.817
1786360169.311,293.053
1786360169.413,297.588
1786360169.514,299.094
1786360169.616,303.734
1786360169.717,306.856
1786360169.819,305.512
1786360169.920,305.415
1786360170.022,306.823
1786360170.123,305.325
1786360170.225,307.101
1786360170.326,307.034
1786360170.427,303.665
1786360170.529,300.868
1786360170.631,299.529
1786360170.732,299.745
1786360170.834,298.402
1786360170.935,299.81
1786360171.037,299.783
1786360171.138,298.495
1786360171.240,299.808
1786360171.341,298.271
1786360171.442,298.115
1786360171.544,298.807
1786360171.645,302.749
1786360171.747,303.42
1786360171.848,302.136
1786360171.949,301.49
1786360172.051,300.595
1786360172.152,298.762
1786360172.254,300.238
1786360172.355,299.744
1786360172.456,299.689
1786360172.558,296.477
1786360172.659,297.87
1786360172.761,297.952
1786360172.862,298.192
1786360172.964,298.231
1786360173.065,300.316
1786360173.167,298.711
1786360173.268,299.302
1786360173.370,299.037
1786360173.472,296.312
1786360173.575,293.652
1786360173.677,296.909
1786360173.781,297.42
1786360173.885,295.862
1786360173.988,297.656
1786360174.092,297.117
1786360174.196,294.466
1786360174.299,294.271
1786360174.403,294.049
1786360174.507,293.392
1786360174.610,293.257
1786360174.713,297.216
1786360174.817,297.154
1786360174.921,295.476
1786360175.024,295.553
1786360175.128,293.708
1786360175.231,295.502
1786360175.335,298.081
1786360175.439,300.934
1786360175.543,301.043
1786360175.647,298.675
1786360175.750,302.1
1786360175.854,302.121
1786360175.958,302.419
1786360176.062,303.419
1786360176.165,304.828
1786360176.269,305.37
1786360176.373,305.218
1786360176.477,305.306
1786360176.581,304.482
1786360176.685,303.952
1786360176.789,306.97
1786360176.893,305.634
1786360176.996,305.735
1786360177.100,305.519
1786360177.204,306.485
1786360177.308,306.534
1786360177.412,307.839
1786360177.516,307.779
1786360177.620,307.689
1786360177.723,303.937
1786360177.827,305.933
1786360177.931,305.996
1786360178.035,307.375
1786360178.139,307.41
1786360178.242,307.413
1786360178.346,307.969
1786360178.450,307.933
1786360178.554,306.384
1786360178.658,306.471
1786360178.758,304.64
1786360178.862,309.034
1786360178.965,307.669
1786360179.069,307.673
1786360179.173,305.575
1786360179.277,305.614
1786360179.380,303.987
1786360179.484,304.059
1786360179.588,304.004
1786360179.692,304.517
1786360179.796,301.706
1786360179.900,303.43
1786360180.003,302.191
1786360180.107,303.5
1786360180.211,302.245
1786360180.315,303.068
1786360180.419,302.854
1786360180.522,303.296
1786360180.626,303.182
1786360180.730,303.143
1786360180.834,301.931
1786360180.937,304.685
1786360181.041,304.757
1786360181.145,304.562
1786360181.249,304.569
1786360181.352,305.655
1786360181.456,305.707
1786360181.560,305.614
1786360181.664,305.836
1786360181.768,300.636
1786360181.872,299.239
1786360181.975,300.366
1786360182.077,299.685
1786360182.181,298.273
1786360182.285,296.97
1786360182.389,293.115
1786360182.493,289.193
1786360182.597,287.048
1786360182.698,286.385
1786360182.802,285.946
1786360182.905,288.545
1786360183.008,290.102
1786360183.112,288.949
1786360183.216,289.647
1786360183.321,291.056
1786360183.426,292.983
1786360183.532,293.379
1786360183.632,294.251
1786360183.736,296.953
1786360183.838,295.834
1786360183.941,292.526
1786360184.046,295.145
1786360184.151,293.113
1786360184.256,295.568
1786360184.357,294.267
1786360184.462,293.372
1786360184.567,292.574
1786360184.670,293.382
1786360184.774,293.658
1786360184.876,293.521
1786360184.981,292.081
1786360185.086,296.698
1786360185.191,294.049
1786360185.296,294.121
1786360185.402,293.938
1786360185.507,295.288
1786360185.612,295.829
1786360185.714,296.564
1786360185.819,297.708
1786360185.924,300.7
1786360186.029,296.44
1786360186.133,296.427
1786360186.239,293.093
1786360186.344,294.473
1786360186.449,296.463
1786360186.554,292.327
1786360186.656,285.924
1786360186.760,279.778
1786360186.861,278.906
1786360186.967,280.47
1786360187.072,278.374
1786360187.176,283.457
1786360187.281,284.656
1786360187.386,288.086
1786360187.491,288.351
1786360187.597,287.329
1786360187.698,290.397
1786360187.803,296.796
1786360187.907,302.055
1786360188.012,303.774
1786360188.117,303.714
1786360188.222,305.927
1786360188.327,305.946
1786360188.432,306.313
1786360188.537,304.865
1786360188.638,306.102
1786360188.741,306.064
1786360188.846,307.264
1786360188.948,307.44
1786360189.053,307.697
1786360189.159,307.858
1786360189.264,306.324
1786360189.369,306.539
1786360189.474,306.608
1786360189.582,306.506
1786360189.683,306.507
1786360189.787,306.478
1786360189.888,306.234
1786360189.992,306.229
1786360190.095,306.044
1786360190.199,306.093
1786360190.303,304.448
1786360190.406,306.162
1786360190.510,306.025
1786360190.613,304.823
1786360190.715,306.031
1786360190.818,307.197
1786360190.921,305.476
1786360191.025,307.226
1786360191.128,307.157
1786360191.232,305.989
1786360191.335,306.899
1786360191.439,307.496
1786360191.542,307.321
1786360191.643,304.855
1786360191.745,304.855
1786360191.848,306.044
1786360191.951,306.772
1786360192.055,308.652
1786360192.158,308.246
1786360192.262,308.5
1786360192.365,307.899
1786360192.469,308.177
1786360192.572,309.14
1786360192.674,309.14
1786360192.777,306.917
1786360192.878,308.259
1786360192.981,306.543
1786360193.085,306.647
1786360193.189,303.985
1786360193.292,298.688
1786360193.395,298.059
1786360193.499,295.792
1786360193.603,297.694
1786360193.703,296.16
1786360193.807,296.038
1786360193.909,296.643
1786360194.012,297.736
1786360194.116,299.563
1786360194.220,297.979
1786360194.323,300.606
1786360194.426,304.727
1786360194.530,304.614
1786360194.634,306.73
1786360194.735,306.787
1786360194.839,308.206
1786360194.942,308.392
1786360195.045,308.058
1786360195.149,306.57
1786360195.253,306.501
1786360195.356,308.179
1786360195.460,306.923
1786360195.563,308.237
1786360195.664,308.024
1786360195.767,307.935
1786360195.867,306.822
1786360195.971,306.789
1786360196.074,305.219
1786360196.178,306.606
1786360196.281,307.544
1786360196.385,307.489
1786360196.488,306.12
1786360196.591,307.447
1786360196.692,306.129
1786360196.795,307.065
1786360196.897,305.909
1786360197.000,306.864
1786360197.104,306.96
1786360197.208,308.372
1786360197.311,307.738
1786360197.415,306.893
1786360197.518,307.064
1786360197.622,308.363
1786360197.723,308.362
1786360197.827,308.609
1786360197.929,308.57
1786360198.033,308.603
1786360198.136,307.174
1786360198.240,305.658
1786360198.343,306.192
1786360198.447,305.989
1786360198.550,307.317
1786360198.653,305.614
1786360198.757,305.695
1786360198.861,304.183
1786360198.963,305.175
1786360199.066,303.994
1786360199.170,305.185
1786360199.273,306.721
1786360199.374,307.047
1786360199.475,306.736
1786360199.576,308.406
1786360199.677,306.205
1786360199.778,307.907
1786360199.879,307.766
1786360199.980,309.169
1786360200.081,307.883
1786360200.182,309.085
1786360200.283,309.131
1786360200.384,307.667
1786360200.485,308.788
1786360200.586,308.729
1786360200.687,308.484
1786360200.788,309.371
1786360200.889,308.14
1786360200.990,307.438
1786360201.091,307.543
1786360201.192,308.794
1786360201.293,308.707
1786360201.394,308.619
1786360201.495,310.057
1786360201.596,308.934
1786360201.697,308.922
1786360201.798,309.036
1786360201.900,309.16
1786360202.001,310.109
1786360202.102,308.937
1786360202.203,308.959
1786360202.304,307.469
1786360202.405,307.467
1786360202.506,307.42
1786360202.607,308.511
1786360202.708,308.437
1786360202.809,308.43
1786360202.910,309.534
1786360203.011,307.414
1786360203.112,309.359
1786360203.213,308.076
1786360203.314,309.855
1786360203.415,309.856
1786360203.516,309.963
1786360203.617,310.005
1786360203.718,310.358
1786360203.819,310.444
1786360203.920,310.322
1786360204.023,310.358
1786360204.126,312.494
1786360204.230,312.469
1786360204.334,313.71
1786360204.437,313.12
1786360204.541,313.025
1786360204.644,313.121
1786360204.748,313.252
1786360204.851,311.461
1786360204.955,311.381
1786360205.058,309.726
1786360205.162,309.84
1786360205.265,309.949
1786360205.369,309.931
1786360205.472,310.019
1786360205.576,310.625
1786360205.680,310.56
1786360205.783,310.303
1786360205.887,308.449
1786360205.990,310.26
1786360206.094,310.27
1786360206.197,311.981
1786360206.301,309.861
1786360206.405,309.787
1786360206.508,307.782
1786360206.612,307.627
1786360206.715,305.977
1786360206.819,306.37
1786360206.923,305.072
1786360207.026,306.797
1786360207.130,306.453
1786360207.233,306.426
1786360207.336,306.694
1786360207.438,308.65
1786360207.540,308.748
1786360207.641,310.759
1786360207.743,310.857
1786360207.845,311.039
1786360207.947,311.06
1786360208.050,312.442
1786360208.152,311.22
1786360208.254,309.978
1786360208.356,310.013
1786360208.458,308.597
1786360208.560,307.04
1786360208.662,307.166
1786360208.764,305.949
1786360208.866,305.871
1786360208.968,307.37
1786360209.070,305.187
1786360209.172,305.065
1786360209.274,306.188
1786360209.376,306.354
1786360209.478,306.319
1786360209.580,306.041
1786360209.682,307.552
1786360209.785,305.825
1786360209.887,307.268
1786360209.989,306.249
1786360210.091,306.132
1786360210.193,307.397
1786360210.295,307.178
1786360210.397,307.153
1786360210.499,308.293
1786360210.602,306.569
1786360210.704,308.067
1786360210.806,308.105
1786360210.908,308.526
1786360211.010,308.338
1786360211.113,307.997
1786360211.214,308.073
1786360211.316,308.61
1786360211.417,308.905
1786360211.520,308.986
1786360211.622,307.398
1786360211.724,309.044
1786360211.826,307.566
1786360211.928,307.901
1786360212.030,309.171
1786360212.132,309.254
1786360212.235,309.193
1786360212.336,309.201
1786360212.439,308.058
1786360212.541,307.996
1786360211.322,307.521
1786360211.424,308.418
1786360211.525,307.25
1786360211.627,306.589
1786360211.729,306.336
1786360211.831,306.194
1786360211.936,303.763
1786360212.038,304.211
1786360212.140,302.298
1786360212.242,303.476
1786360212.344,302.328
1786360212.446,301.529
1786360212.549,302.21
1786360212.650,303.559
1786360212.752,304.655
1786360212.854,303.706
1786360212.956,303.31
1786360213.058,305.623
1786360213.160,305.047
1786360213.262,306.982
1786360213.364,305.83
1786360213.466,307.228
1786360213.568,307.278
1786360213.671,307.284
1786360213.773,307.183
1786360213.875,307.022
1786360213.977,307.838
1786360214.080,306.377
1786360214.184,306.315
1786360214.287,306.805
1786360214.391,306.66
1786360214.494,307.703
1786360214.598,307.458
1786360214.702,308.654
1786360214.805,307.527
1786360214.909,307.547
1786360215.012,308.698
1786360215.116,308.739
1786360215.219,308.463
1786360215.322,308.481
1786360215.426,308.716
1786360215.530,308.432
1786360215.634,306.939
1786360215.737,307.22
1786360215.841,307.215
1786360215.945,308.287
1786360216.049,308.329
1786360216.152,308.295
1786360216.256,308.254
1786360216.359,310.439
1786360216.463,310.565
1786360216.567,311.517
1786360216.671,311.832
1786360216.774,313.611
1786360216.878,313.513
1786360216.982,313.62
1786360217.085,313.651
1786360217.189,312.478
1786360217.292,312.596
1786360217.396,312.812
1786360217.500,312.898
1786360217.604,312.973
1786360217.707,313.018
1786360217.811,313.151
1786360217.915,313.07
1786360218.018,313.077
1786360218.122,313.04
1786360218.226,313.166
1786360218.329,314.446
1786360218.433,314.407
1786360218.537,314.303
1786360218.640,314.256
1786360218.743,314.203
1786360218.847,314.389
1786360218.951,314.51
1786360219.055,314.53
1786360219.158,314.523
1786360219.262,314.652
1786360219.365,314.61
1786360219.469,314.562
1786360219.572,314.608
1786360219.673,314.657
1786360219.775,314.602
1786360219.879,314.592
1786360219.983,314.344
1786360220.086,314.435
1786360220.190,314.422
1786360220.294,314.437
1786360220.397,314.336
1786360220.500,314.308
1786360220.604,314.292
1786360220.706,314.29
1786360220.809,314.278
1786360220.910,314.324
1786360221.014,314.403
1786360221.118,314.334
1786360221.222,314.338
1786360221.325,314.361
1786360221.428,314.464
1786360221.532,314.612
1786360221.636,314.818
1786360221.737,314.921
1786360221.841,314.926
1786360221.943,314.822
1786360222.047,314.885
1786360222.150,314.743
1786360222.254,314.775
1786360222.358,313.446
1786360222.461,313.396
1786360222.565,313.158
1786360222.667,313.009
1786360222.769,312.827
1786360222.873,312.672
1786360222.974,312.75
1786360223.078,312.867
1786360223.182,312.226
1786360223.286,312.184
1786360223.391,312.228
1786360223.497,313.437
1786360223.604,313.41
1786360223.707,313.49
1786360223.813,313.48
1786360223.914,313.454
1786360224.021,313.588
1786360224.128,313.445
1786360224.234,313.314
1786360224.341,313.852
1786360224.448,313.913
1786360224.554,313.919
1786360224.661,312.216
1786360224.764,312.185
1786360224.871,312.036
1786360224.976,310.609
1786360225.083,310.466
1786360225.190,310.254
1786360225.297,308.095
1786360225.404,308.054
1786360225.511,305.838
1786360225.617,305.769
1786360225.720,304.448
1786360225.826,305.902
1786360225.929,305.88
1786360226.035,304.35
1786360226.142,305.656
1786360226.249,304.417
1786360226.356,304.394
1786360226.463,306.654
1786360226.570,306.729
1786360226.676,309.077
1786360226.780,309.133
1786360226.887,308.471
1786360226.994,308.506
1786360227.101,307.282
1786360227.207,308.932
1786360227.314,307.444
1786360227.421,308.83
1786360227.528,308.93
1786360227.629,306.795
1786360227.733,306.846
1786360227.839,305.676
1786360227.941,305.458
1786360228.043,305.962
1786360228.147,306.024
1786360228.250,306.216
1786360228.354,306.126
1786360228.457,307.656
1786360228.561,307.644
1786360228.664,306.41
1786360228.766,306.848
1786360228.869,306.976
1786360228.972,307.389
1786360229.076,306.919
1786360229.179,308.25
1786360229.283,306.981
1786360229.386,306.7
1786360229.490,306.891
1786360229.594,306.86
1786360229.694,305.732
1786360229.796,305.119
1786360229.900,306.716
1786360230.003,305.347
1786360230.107,305.943
1786360230.211,306.557
1786360230.314,304.967
1786360230.418,306.139
1786360230.521,307.413
1786360230.625,305.957
1786360230.726,306.147
1786360230.830,307.169
1786360230.931,307.65
1786360231.034,307.526
1786360231.138,307.204
1786360231.242,306.092
1786360231.345,306.105
1786360231.449,307.719
1786360231.552,306.357
1786360231.656,306.604
1786360231.757,307.819
1786360231.860,307.618
1786360231.963,306.182
1786360232.066,307.621
1786360232.170,306.337
1786360232.273,307.765
1786360232.377,308.844
1786360232.480,309.026
1786360232.584,307.888
1786360232.686,309.277
1786360232.788,306.715
1786360232.892,306.788
1786360232.995,305.8
1786360233.099,307.272
1786360233.202,306.437
1786360233.306,307.78
1786360233.409,307.897
1786360233.513,306.779
1786360233.616,306.647
1786360233.717,306.113
1786360233.820,306.103
1786360233.921,306.849
1786360234.024,306.861
1786360234.128,306.222
1786360234.231,306.612
1786360234.335,307.388
1786360234.438,306.081
1786360234.542,306.084
1786360234.646,307.525
1786360234.746,306.17
1786360234.850,307.854
1786360234.951,307.591
1786360235.055,308.354
1786360235.158,308.257
1786360235.262,308.654
1786360235.365,308.347
1786360235.469,307.118
1786360235.573,308.386
1786360235.676,308.282
1786360235.777,306.35
1786360235.881,307.689
1786360235.984,306.133
1786360236.087,306.377
1786360236.191,307.318
1786360236.294,307.51
1786360236.398,308.929
1786360236.502,308.808
1786360236.605,309.905
1786360236.706,309.945
1786360236.808,309.945
1786360236.912,310.338
1786360237.014,310.338
1786360237.118,310.344
1786360237.222,311.946
1786360237.325,310.548
1786360237.429,310.347
1786360237.532,308.545
1786360237.633,308.545
1786360237.734,308.896
1786360237.837,307.385
1786360237.938,307.611
1786360238.042,306.669
1786360238.145,306.865
1786360238.246,306.981
1786360238.350,305.672
1786360238.453,305.566
1786360238.557,306.905
1786360238.661,307.162
1786360238.762,308.898
1786360238.865,308.627
1786360238.967,310.245
1786360239.071,308.753
1786360239.174,309.807
1786360239.277,311.012
1786360239.381,308.953
1786360239.483,310.364
1786360239.585,308.315
1786360239.686,308.519
1786360239.787,307.226
1786360239.889,307.311
1786360239.991,307.357
1786360240.093,307.451
1786360240.195,307.754
1786360240.297,307.578
1786360240.398,306.117
1786360240.500,307.953
1786360240.602,306.068
1786360240.703,308.188
1786360240.805,306.785
1786360240.906,308.012
1786360241.008,308.091
1786360241.110,306.343
1786360241.212,305.057
1786360241.314,306.055
1786360241.416,305.023
1786360241.518,306.583
1786360241.619,305.341
1786360241.721,307.669
1786360241.823,307.72
1786360241.925,308.829
1786360242.027,308.803
1786360242.129,308.627
1786360242.230,310.325
1786360242.332,310.365
1786360242.434,310.557
1786360242.536,311.666
1786360242.636,309.892
1786360242.738,311.107
1786360242.840,309.372
1786360242.942,309.421
1786360243.044,309.481
1786360243.146,307.212
1786360243.248,306.475
1786360243.349,305.408
1786360243.451,306.56
1786360243.553,306.32
1786360242.590,304.604
1786360242.692,305.519
1786360242.794,306.979
1786360242.896,306.903
1786360242.997,305.453
1786360243.099,307.752
1786360243.201,306.614
1786360243.303,307.707
1786360243.405,306.499
1786360243.506,306.532
1786360243.608,308.031
1786360243.710,306.221
1786360243.812,307.598
1786360243.914,307.365
1786360244.016,307.306
1786360244.118,308.819
1786360244.219,308.802
1786360244.321,310.721
1786360244.423,310.707
1786360244.525,311.896
1786360244.627,312.097
1786360244.729,312.19
1786360244.830,313.441
1786360244.933,313.544
1786360245.036,312.152
1786360245.140,312.18
1786360245.243,312.096
1786360245.347,312.102
1786360245.450,312.012
1786360245.554,311.999
1786360245.658,312.069
1786360245.761,311.968
1786360245.864,312.104
1786360245.968,310.972
1786360246.072,308.878
1786360246.175,310.316
1786360246.279,309.139
1786360246.382,308.854
1786360246.486,308.82
1786360246.587,308.845
1786360246.690,307.559
1786360246.794,307.564
1786360246.897,307.505
1786360247.001,307.371
1786360247.104,307.455
1786360247.208,307.557
1786360247.312,307.515
1786360247.415,307.577
1786360247.519,308.016
1786360247.623,307.975
1786360247.727,306.668
1786360247.831,308.081
1786360247.935,307.989
1786360248.039,307.96
1786360248.143,307.97
1786360248.247,308.983
1786360248.351,310.895
1786360248.455,309.034
1786360248.559,310.085
1786360248.663,308.102
1786360248.767,308.066
1786360248.870,308.229
1786360248.974,307.719
1786360249.079,307.738
1786360249.183,306.009
1786360249.286,305.967
1786360249.390,304.173
1786360249.494,304.169
1786360249.598,306.116
1786360249.702,306.267
1786360249.805,308.189
1786360249.909,308.247
1786360250.012,308.29
1786360250.116,308.64
1786360250.220,308.652
1786360250.324,310.385
1786360250.428,310.402
1786360250.532,312.307
1786360250.636,312.348
1786360250.738,312.415
1786360250.841,312.472
1786360250.942,312.447
1786360251.046,310.478
1786360251.150,311.644
1786360251.254,310.31
1786360251.355,310.407
1786360251.458,308.975
1786360251.562,309.116
1786360251.666,307.795
1786360251.766,307.857
1786360251.870,305.727
1786360251.972,305.697
1786360252.076,303.914
1786360252.180,306.023
1786360252.284,305.059
1786360252.388,304.763
1786360252.492,304.694
1786360252.596,304.629
1786360252.700,304.521
1786360252.802,305.777
1786360252.906,303.98
1786360253.009,306.042
1786360253.113,304.504
1786360253.217,306.345
1786360253.321,306.483
1786360253.426,305.189
1786360253.530,307.111
1786360253.634,305.756
1786360253.736,307.346
1786360253.839,307.079
1786360253.939,306.14
1786360254.043,307.965
1786360254.147,306.755
1786360254.251,307.012
1786360254.355,307.074
1786360254.459,305.504
1786360254.563,307.735
1786360254.667,307.355
1786360254.768,308.852
1786360254.872,308.732
1786360254.974,309.123
1786360255.077,308.206
1786360255.181,308.381
1786360255.285,309.517
1786360255.389,310.731
1786360255.495,309.407
1786360255.601,310.767
1786360255.708,310.95
1786360255.811,310.95
1786360255.917,311.276
1786360256.022,311.135
1786360256.128,311.309
1786360256.235,311.155
1786360256.341,313.026
1786360256.448,311.599
1786360256.554,311.654
1786360256.660,309.799
1786360256.763,311.153
1786360256.869,309.972
1786360256.971,309.753
1786360257.078,308.559
1786360257.184,308.65
1786360257.290,307.19
1786360257.397,307.249
1786360257.503,307.187
1786360257.610,307.231
1786360257.716,307.206
1786360257.820,309.104
1786360257.926,308.901
1786360258.032,308.723
1786360258.139,308.738
1786360258.245,308.715
1786360258.351,308.618
1786360258.458,308.078
1786360258.564,308.05
1786360258.671,306.887
1786360258.771,308.204
1786360258.878,306.935
1786360258.980,306.995
1786360259.087,306.59
1786360259.194,307.421
1786360259.300,305.816
1786360259.406,307.251
1786360259.513,306.048
1786360259.620,308.112
1786360259.726,306.81
1786360259.832,307.963
1786360259.936,307.73
1786360260.039,308.213
1786360260.143,307.918
1786360260.246,306.75
1786360260.350,307.781
1786360260.453,309.415
1786360260.557,307.091
1786360260.660,308.335
1786360260.764,306.741
1786360260.868,308.015
1786360260.971,308.318
1786360261.075,308.435
1786360261.178,309.261
1786360261.282,309.471
1786360261.385,311.096
1786360261.489,310.654
1786360261.590,309.288
1786360261.693,311.565
1786360261.797,311.512
1786360261.901,312.893
1786360262.004,311.808
1786360262.107,311.576
1786360262.210,309.263
1786360262.314,309.686
1786360262.417,308.479
1786360262.520,308.552
1786360262.624,307.335
1786360262.728,308.654
1786360262.831,307.18
1786360262.935,307.473
1786360263.038,306.082
1786360263.142,307.192
1786360263.245,306.202
1786360263.349,308.491
1786360263.452,306.928
1786360263.556,307.819
1786360263.659,307.79
1786360263.763,307.625
1786360263.866,307.566
1786360263.970,308.707
1786360264.074,308.41
1786360264.177,308.575
1786360264.281,309.024
1786360264.384,308.626
1786360264.487,308.725
1786360264.591,309.964
1786360264.694,310.487
1786360264.798,310.474
1786360264.902,310.546
1786360265.005,310.608
1786360265.109,310.599
1786360265.212,310.863
1786360265.313,310.896
1786360265.417,310.528
1786360265.520,310.836
1786360265.623,310.607
1786360265.727,308.792
1786360265.830,308.557
1786360265.934,308.526
1786360266.037,307.998
1786360266.141,307.981
1786360266.242,306.794
1786360266.346,306.734
1786360266.449,308.062
1786360266.553,306.808
1786360266.656,307.963
1786360266.759,308.07
1786360266.863,310.02
1786360266.966,310.076
1786360267.070,310.158
1786360267.173,310.59
1786360267.277,310.635
1786360267.380,312.036
1786360267.484,311.912
1786360267.587,311.908
1786360267.691,313.301
1786360267.794,313.319
1786360267.898,311.816
1786360268.001,311.618
1786360268.105,309.101
1786360268.208,309.026
1786360268.312,309.246
1786360268.415,309.127
1786360268.519,309.037
1786360268.622,308.943
1786360268.726,308.899
1786360268.828,308.899
1786360268.931,308.905
1786360269.034,309.283
1786360269.138,309.187
1786360269.241,310.439
1786360269.345,310.162
1786360269.448,310.143
1786360269.552,308.925
1786360269.655,309.019
1786360269.756,309.019
1786360269.859,307.81
1786360269.959,306.51
1786360270.063,306.483
1786360270.166,305.844
1786360270.270,305.96
1786360270.373,307.245
1786360270.477,307.093
1786360270.580,307.225
1786360270.684,306.044
1786360270.784,307.337
1786360270.888,305.915
1786360270.989,307.384
1786360271.093,308.893
1786360271.196,308.943
1786360271.300,310.838
1786360271.403,309.638
1786360271.507,309.904
1786360271.607,308.893
1786360271.709,308.869
1786360271.810,310.372
1786360271.911,310.339
1786360272.012,310.241
1786360272.113,308.584
1786360272.214,307.795
1786360272.316,307.942
1786360272.417,307.763
1786360272.518,307.041
1786360272.619,306.935
1786360272.720,306.037
1786360272.821,307.514
1786360272.922,305.242
1786360273.023,305.18
1786360273.124,305.638
1786360273.226,306.077
1786360273.327,305.126
1786360273.428,305.073
1786360273.529,304.689
1786360273.630,305.66
1786360273.731,304.635
1786360273.832,306.737
1786360273.933,306.64
1786360274.034,307.462
1786360274.136,308.48
1786360274.237,308.423
1786360274.338,309.904
1786360274.439,308.841
1786360274.540,309.226
1786360274.641,310.125
1786360273.682,309.516
1786360273.783,309.291
1786360273.884,309.247
1786360273.985,307.342
1786360274.086,308.86
1786360274.188,307.7
1786360274.289,308.838
1786360274.390,307.702
1786360274.491,308.652
1786360274.592,307.082
1786360274.694,307.208
1786360274.795,307.319
1786360274.896,307.402
1786360274.997,307.291
1786360275.098,308.236
1786360275.199,308.008
1786360275.301,309.256
1786360275.402,308.012
1786360275.503,309.139
1786360275.604,309.091
1786360275.705,309.483
1786360275.806,307.93
1786360275.907,309.462
1786360276.009,309.39
1786360276.112,308.238
1786360276.216,308.88
1786360276.319,308.887
1786360276.423,307.611
1786360276.527,308.708
1786360276.630,308.611
1786360276.734,308.573
1786360276.836,309.661
1786360276.940,311.043
1786360277.043,309.244
1786360277.146,308.629
1786360277.250,308.545
1786360277.353,308.547
1786360277.457,308.425
1786360277.561,308.46
1786360277.665,308.519
1786360277.766,307.491
1786360277.869,307.516
1786360277.969,305.843
1786360278.072,305.798
1786360278.176,306.18
1786360278.280,306.615
1786360278.383,306.434
1786360278.487,306.513
1786360278.591,306.565
1786360278.695,307.957
1786360278.795,307.904
1786360278.899,308.894
1786360279.000,307.203
1786360279.103,308.875
1786360279.207,309.177
1786360279.311,309.23
1786360279.414,309.224
1786360279.518,310.647
1786360279.622,310.842
1786360279.726,309.477
1786360279.828,309.328
1786360279.933,309.07
1786360280.037,308.426
1786360280.141,310.123
1786360280.246,309.249
1786360280.350,309.009
1786360280.455,310.425
1786360280.560,310.567
1786360280.664,310.559
1786360280.765,309.246
1786360280.869,310.632
1786360280.970,310.632
1786360281.074,309.401
1786360281.178,309.078
1786360281.283,308.32
1786360281.388,308.689
1786360281.492,309.662
1786360281.597,309.697
1786360281.702,308.363
1786360281.802,308.297
1786360281.907,307.418
1786360282.009,308.565
1786360282.113,307.509
1786360282.218,308.687
1786360282.323,308.074
1786360282.427,308.459
1786360282.532,306.999
1786360282.637,307.094
1786360282.741,307.091
1786360282.844,308.445
1786360282.948,308.474
1786360283.052,308.217
1786360283.157,308.367
1786360283.261,309.342
1786360283.366,308.164
1786360283.470,308.131
1786360283.575,309.225
1786360283.680,310.291
1786360283.781,310.239
1786360283.885,310.355
1786360283.986,309.149
1786360284.091,309.186
1786360284.196,309.307
1786360284.300,309.274
1786360284.404,307.994
1786360284.509,309.178
1786360284.614,310.502
1786360284.718,310.603
1786360284.819,310.79
1786360284.921,310.847
1786360285.023,310.739
1786360285.128,310.828
1786360285.233,309.344
1786360285.337,310.444
1786360285.442,310.529
1786360285.547,312.03
1786360285.652,312.127
1786360285.756,312.144
1786360285.861,310.489
1786360285.966,310.332
1786360286.070,310.246
1786360286.175,310.376
1786360286.280,311.544
1786360286.384,312.083
1786360286.489,312.135
1786360286.593,311.983
1786360286.698,311.882
1786360286.803,311.823
1786360286.907,311.839
1786360287.012,313.375
1786360287.117,312.261
1786360287.222,312.307
1786360287.326,312.193
1786360287.430,312.179
1786360287.531,313.133
1786360287.634,312.214
1786360287.739,312.447
1786360287.845,312.454
1786360287.951,312.499
1786360288.057,311.084
1786360288.163,310.963
1786360288.269,312.294
1786360288.375,310.155
1786360288.481,309.148
1786360288.586,307.916
1786360288.692,307.98
1786360288.798,308.937
1786360288.904,307.362
1786360289.010,307.566
1786360289.116,306.392
1786360289.222,307.811
1786360289.323,307.057
1786360289.427,306.893
1786360289.527,309.134
1786360289.632,310.18
1786360289.738,310.31
1786360289.844,310.348
1786360289.950,309.148
1786360290.056,310.61
1786360290.162,310.619
1786360290.268,310.287
1786360290.374,310.369
1786360290.480,309.428
1786360290.585,309.545
1786360290.692,309.502
1786360290.798,307.452
1786360290.903,308.647
1786360291.009,308.589
1786360291.115,307.884
1786360291.221,307.876
1786360291.327,306.668
1786360291.433,308.031
1786360291.539,307.914
1786360291.645,309.736
1786360291.751,309.634
1786360291.855,307.665
1786360291.961,309.588
1786360292.067,309.351
1786360292.173,309.471
1786360292.279,311.327
1786360292.385,311.407
1786360292.491,312.348
1786360292.597,312.583
1786360292.703,311.342
1786360292.809,309.606
1786360292.915,308.384
1786360293.021,310.472
1786360293.127,308.329
1786360293.233,308.61
1786360293.339,307.197
1786360293.445,307.19
1786360293.551,307.128
1786360293.657,306.099
1786360293.762,305.867
1786360293.868,306.138
1786360293.974,306.684
1786360294.080,307.917
1786360294.186,306.685
1786360294.292,307.602
1786360294.398,307.771
1786360294.504,309.0
1786360294.610,307.331
1786360294.716,306.019
1786360294.821,307.197
1786360294.927,307.311
1786360295.033,307.266
1786360295.139,308.554
1786360295.245,307.514
1786360295.351,308.596
1786360295.457,308.533
1786360295.563,308.438
1786360295.669,308.615
1786360295.774,308.024
1786360295.877,309.318
1786360295.980,308.034
1786360296.083,308.037
1786360296.186,308.05
1786360296.289,307.975
1786360296.392,307.081
1786360296.495,307.014
1786360296.598,307.071
1786360296.701,306.993
1786360296.804,306.893
1786360296.907,309.117
1786360297.010,309.029
1786360297.113,308.644
1786360297.216,308.551
1786360297.319,309.444
1786360297.422,309.506
1786360297.525,311.36
1786360297.628,310.833
1786360297.731,311.5
1786360297.834,309.447
1786360297.936,309.38
1786360298.039,307.437
1786360298.142,306.364
1786360298.245,306.856
1786360298.348,306.889
1786360298.451,306.926
1786360298.554,306.905
1786360298.657,306.925
1786360298.760,307.584
1786360298.863,308.253
1786360298.966,308.599
1786360299.069,308.848
1786360299.172,309.982
1786360299.275,309.097
1786360299.378,309.24
1786360299.481,308.176
1786360299.584,308.358
1786360299.687,307.478
1786360299.790,307.454
1786360299.893,305.98
1786360299.996,307.663
1786360300.099,307.391
1786360300.202,308.346
1786360300.305,306.99
1786360300.408,308.996
1786360300.511,308.784
1786360300.614,308.488
1786360300.717,308.336
1786360300.820,309.324
1786360300.923,309.256
1786360301.026,308.966
1786360301.129,308.816
1786360301.232,307.408
1786360301.335,308.504
1786360301.438,308.588
1786360301.540,308.533
1786360301.643,307.565
1786360301.746,308.994
1786360301.849,307.932
1786360301.950,307.828
1786360302.053,306.778
1786360302.156,308.498
1786360302.259,308.435
1786360302.364,308.389
1786360302.467,307.289
1786360302.570,308.488
1786360302.673,307.375
1786360302.776,308.296
1786360302.879,306.863
1786360302.982,308.133
1786360303.084,306.758
1786360303.187,306.81
1786360303.290,306.942
1786360303.393,305.84
1786360303.496,307.271
1786360303.599,306.934
1786360303.702,306.971
1786360303.804,307.156
1786360303.904,307.288
1786360304.005,307.805
1786360304.105,307.596
1786360304.205,307.701
1786360304.305,308.955
1786360304.406,307.716
1786360304.506,308.842
1786360304.606,308.901
1786360304.706,308.942
1786360304.807,308.796
1786360304.907,308.394
1786360305.007,308.345
1786360305.108,307.858
1786360305.208,308.044
1786360305.309,309.348
1786360305.409,307.031
1786360305.509,308.384
1786360305.609,307.213
1786360305.710,307.222
1786360305.810,308.739
1786360305.910,307.74
1786360304.914,309.134
1786360305.015,307.928
1786360305.115,309.675
1786360305.215,309.353
1786360305.315,307.973
1786360305.416,310.128
1786360305.516,309.942
1786360305.616,311.233
1786360305.716,311.38
1786360305.817,311.285
1786360305.917,312.306
1786360306.017,311.073
1786360306.117,312.44
1786360306.217,312.203
1786360306.318,310.862
1786360306.418,312.257
1786360306.518,312.145
1786360306.618,312.189
1786360306.719,312.157
1786360306.819,310.904
1786360306.919,310.923
1786360307.019,311.045
1786360307.120,311.143
1786360307.220,311.107
1786360307.320,311.086
1786360307.421,312.632
1786360307.521,312.796
1786360307.621,311.433
1786360307.721,311.373
1786360307.822,311.282
1786360307.922,312.444
1786360308.022,312.702
1786360308.122,312.764
1786360308.223,312.612
1786360308.323,312.661
1786360308.423,312.645
1786360308.523,311.369
1786360308.624,312.878
1786360308.724,311.781
1786360308.825,311.886
1786360308.929,310.496
1786360309.032,310.255
1786360309.136,308.909
1786360309.239,308.194
1786360309.343,308.146
1786360309.446,308.164
1786360309.550,308.161
1786360309.653,306.86
1786360309.757,306.768
1786360309.860,306.682
1786360309.964,306.176
1786360310.067,306.263
1786360310.171,306.165
1786360310.275,306.476
1786360310.378,308.431
1786360310.482,308.404
1786360310.585,308.386
1786360310.688,309.308
1786360310.792,309.42
1786360310.895,309.265
1786360310.998,309.159
1786360311.101,309.642
1786360311.205,310.95
1786360311.308,309.982
1786360311.411,310.868
1786360311.515,309.546
1786360311.618,309.564
1786360311.722,307.882
1786360311.826,308.211
1786360311.927,309.44
1786360312.032,308.657
1786360312.137,309.395
1786360312.241,308.065
1786360312.346,308.135
1786360312.451,309.121
1786360312.556,308.047
1786360312.661,309.371
1786360312.765,309.373
1786360312.870,311.059
1786360312.971,311.005
1786360313.076,311.009
1786360313.181,312.009
1786360313.283,311.54
1786360313.387,311.433
1786360313.492,311.609
1786360313.597,310.212
1786360313.702,311.578
1786360313.806,311.586
1786360313.911,310.542
1786360314.016,309.196
1786360314.121,309.045
1786360314.225,309.142
1786360314.330,308.105
1786360314.434,309.113
1786360314.539,308.777
1786360314.644,308.653
1786360314.749,310.134
1786360314.852,308.556
1786360314.957,308.45
1786360315.058,308.715
1786360315.163,308.907
1786360315.264,308.907
1786360315.369,308.961
1786360315.474,307.492
1786360315.579,308.478
1786360315.684,308.607
1786360315.789,308.228
1786360315.894,308.24
1786360315.998,308.169
1786360316.100,308.169
1786360316.205,306.905
1786360316.308,307.64
1786360316.413,306.547
1786360316.518,306.474
1786360316.623,306.529
1786360316.728,306.638
1786360316.828,306.601
1786360316.933,307.407
1786360317.035,307.412
1786360317.140,307.405
1786360317.245,307.459
1786360317.350,308.877
1786360317.454,308.249
1786360317.559,310.326
1786360317.664,310.375
1786360317.769,311.704
1786360317.872,311.592
1786360317.976,311.629
1786360318.080,312.995
1786360318.185,312.907
1786360318.290,313.066
1786360318.395,313.034
1786360318.500,313.103
1786360318.605,311.74
1786360318.709,311.803
1786360318.811,311.73
1786360318.916,310.355
1786360319.017,310.23
1786360319.122,310.031
1786360319.227,309.975
1786360319.332,309.99
1786360319.437,311.32
1786360319.542,311.412
1786360319.647,311.396
1786360319.751,313.647
1786360319.853,313.731
1786360319.961,313.901
1786360320.066,314.854
1786360320.174,314.87
1786360320.282,315.071
1786360320.391,314.501
1786360320.499,314.653
1786360320.607,314.498
1786360320.715,314.435
1786360320.818,314.414
1786360320.924,314.259
1786360321.025,312.765
1786360321.133,312.694
1786360321.241,313.176
1786360321.350,313.366
1786360321.458,313.352
1786360321.566,313.956
1786360321.674,313.873
1786360321.782,311.994
1786360321.886,312.021
1786360321.995,310.208
1786360322.102,310.278
1786360322.209,309.898
1786360322.317,309.911
1786360322.425,309.953
1786360322.533,308.743
1786360322.641,308.764
1786360322.749,307.685
1786360322.851,306.363
1786360322.959,308.314
1786360323.064,306.94
1786360323.172,308.73
1786360323.277,307.409
1786360323.382,309.413
1786360323.490,308.263
1786360323.598,308.148
1786360323.706,308.282
1786360323.808,308.288
1786360323.913,309.414
1786360324.018,310.629
1786360324.126,310.671
1786360324.234,311.958
1786360324.337,311.951
1786360324.445,310.942
1786360324.553,310.86
1786360324.661,312.03
1786360324.770,312.072
1786360324.872,313.262
1786360324.980,313.44
1786360325.086,313.415
1786360325.194,311.653
1786360325.299,311.859
1786360325.401,310.808
1786360325.510,310.798
1786360325.618,313.094
1786360325.726,313.064
1786360325.827,313.124
1786360325.930,313.252
1786360326.031,313.176
1786360326.134,313.164
1786360326.236,311.34
1786360326.339,311.954
1786360326.440,311.79
1786360326.544,310.961
1786360326.647,311.16
1786360326.751,311.117
1786360326.854,309.62
1786360326.958,309.548
1786360327.061,309.444
1786360327.165,309.529
1786360327.266,309.327
1786360327.369,311.241
1786360327.470,312.56
1786360327.573,312.721
1786360327.677,314.754
1786360327.780,314.479
1786360327.884,314.507
1786360327.987,316.025
1786360328.091,313.362
1786360328.194,313.369
1786360328.296,313.25
1786360328.399,310.715
1786360328.500,310.618
1786360328.603,309.502
1786360328.706,309.318
1786360328.810,308.196
1786360328.913,308.289
1786360329.017,306.836
1786360329.120,306.991
1786360329.224,309.834
1786360329.326,308.59
1786360329.427,308.58
1786360329.528,310.102
1786360329.631,310.07
1786360329.734,310.894
1786360329.838,309.686
1786360329.941,308.888
1786360330.045,308.712
1786360330.148,310.015
1786360330.248,308.596
1786360330.351,308.501
1786360330.455,308.461
1786360330.555,308.452
1786360330.657,309.411
1786360330.761,309.564
1786360330.864,308.576
1786360330.968,309.75
1786360331.071,311.635
1786360331.174,311.397
1786360331.275,310.582
1786360331.379,310.512
1786360331.482,310.417
1786360331.582,311.623
1786360331.684,311.519
1786360331.787,310.527
1786360331.891,310.292
1786360331.994,309.99
1786360332.098,309.912
1786360332.201,308.435
1786360332.303,308.791
1786360332.406,309.651
1786360332.509,310.936
1786360332.610,311.04
1786360332.711,311.04
1786360332.814,309.675
1786360332.918,308.927
1786360333.021,309.226
1786360333.125,308.264
1786360333.228,307.812
1786360333.331,307.779
1786360333.434,307.95
1786360333.537,306.908
1786360333.637,306.908
1786360333.738,306.933
1786360333.842,305.647
1786360333.945,306.945
1786360334.049,305.275
1786360334.152,307.14
1786360334.253,307.08
1786360334.356,308.27
1786360334.459,308.733
1786360334.562,309.225
1786360334.666,307.986
1786360334.766,309.196
1786360334.868,307.704
1786360334.971,309.098
1786360335.074,309.274
1786360335.178,309.938
1786360335.279,310.009
1786360335.383,309.974
1786360335.486,311.172
1786360335.589,310.269
1786360335.693,311.223
1786360335.795,310.899
1786360335.898,310.865
1786360335.999,312.348
1786360336.100,310.902
1786360336.200,310.807
1786360336.300,310.398
1786360336.400,310.334
1786360336.500,309.176
1786360336.601,309.145
1786360336.701,308.921
1786360336.801,309.053
1786360336.901,309.062
1786360337.002,309.098
1786360335.964,310.405
1786360336.064,310.302
1786360336.164,310.548
1786360336.265,310.559
1786360336.365,311.712
1786360336.465,310.354
1786360336.565,311.747
1786360336.666,310.471
1786360336.766,311.86
1786360336.866,310.342
1786360336.966,310.382
1786360337.067,309.213
1786360337.167,308.325
1786360337.267,309.592
1786360337.367,309.7
1786360337.468,308.504
1786360337.568,308.468
1786360337.668,308.348
1786360337.768,309.676
1786360337.868,309.55
1786360337.969,310.858
1786360338.069,309.185
1786360338.169,310.733
1786360338.269,311.803
1786360338.370,309.974
1786360338.470,310.078
1786360338.570,309.927
1786360338.670,311.454
1786360338.770,309.334
1786360338.871,308.69
1786360338.971,308.731
1786360339.071,309.109
1786360339.171,310.823
1786360339.272,310.394
1786360339.372,310.234
1786360339.472,312.02
1786360339.572,311.834
1786360339.673,313.291
1786360339.773,313.37
1786360339.873,314.24
1786360339.973,314.868
1786360340.073,315.063
1786360340.174,313.403
1786360340.274,313.714
1786360340.374,313.74
1786360340.474,313.931
1786360340.575,312.484
1786360340.675,312.686
1786360340.775,312.664
1786360340.875,311.093
1786360340.976,312.386
1786360341.076,310.421
1786360341.176,310.471
1786360341.280,311.975
1786360341.383,310.515
1786360341.487,310.567
1786360341.590,310.544
1786360341.694,310.977
1786360341.794,310.752
1786360341.898,310.664
1786360342.002,311.083
1786360342.102,311.034
1786360342.205,311.024
1786360342.309,310.986
1786360342.412,309.502
1786360342.516,310.877
1786360342.619,309.864
1786360342.723,309.928
1786360342.824,311.006
1786360342.927,311.019
1786360343.031,309.892
1786360343.132,310.961
1786360343.235,309.579
1786360343.339,311.841
1786360343.443,311.689
1786360343.546,313.107
1786360343.650,312.938
1786360343.752,313.32
1786360343.853,313.883
1786360343.956,311.911
1786360344.058,310.238
1786360344.161,311.839
1786360344.266,311.772
1786360344.371,313.042
1786360344.477,311.547
1786360344.582,311.745
1786360344.687,311.708
1786360344.792,309.432
1786360344.893,309.69
1786360344.998,309.711
1786360345.100,311.581
1786360345.205,313.217
1786360345.307,310.659
1786360345.412,310.692
1786360345.518,309.288
1786360345.623,310.565
1786360345.728,308.442
1786360345.833,308.505
1786360345.938,310.712
1786360346.043,310.494
1786360346.145,310.479
1786360346.250,310.403
1786360346.355,308.838
1786360346.460,311.098
1786360346.566,309.411
1786360346.671,311.002
1786360346.776,309.55
1786360346.881,311.455
1786360346.986,311.395
1786360347.087,310.335
1786360347.187,310.158
1786360347.288,309.843
1786360347.388,309.306
1786360347.489,311.145
1786360347.589,311.034
1786360347.690,311.486
1786360347.790,311.287
1786360347.891,312.75
1786360347.991,312.762
1786360348.092,312.921
1786360348.192,314.231
1786360348.294,314.261
1786360348.399,314.504
1786360348.504,315.198
1786360348.610,314.93
1786360348.715,314.836
1786360348.820,315.369
1786360348.925,315.388
1786360349.030,315.514
1786360349.135,315.578
1786360349.236,314.072
1786360349.336,313.673
1786360349.437,312.57
1786360349.537,312.491
1786360349.638,312.491
1786360349.743,312.358
1786360349.849,311.235
1786360349.954,311.807
1786360350.059,310.704
1786360350.159,310.704
1786360350.260,310.412
1786360350.362,308.79
1786360350.464,310.132
1786360350.569,310.397
1786360350.674,309.293
1786360350.779,309.492
1786360350.885,308.305
1786360350.990,309.404
1786360351.095,307.311
1786360351.197,307.249
1786360351.303,308.335
1786360351.407,308.366
1786360351.512,309.938
1786360351.617,310.01
1786360351.722,310.112
1786360351.827,310.977
1786360351.933,310.805
1786360352.038,310.89
1786360352.141,310.919
1786360352.248,311.999
1786360352.349,312.061
1786360352.457,310.131
1786360352.564,310.096
1786360352.672,306.663
1786360352.780,306.496
1786360352.888,304.886
1786360352.996,306.395
1786360353.104,304.852
1786360353.208,306.038
1786360353.316,305.147
1786360353.423,304.61
1786360353.531,304.842
1786360353.639,306.809
1786360353.743,306.896
1786360353.851,308.284
1786360353.959,308.223
1786360354.067,308.073
1786360354.168,308.131
1786360354.276,309.849
1786360354.379,309.763
1786360354.487,310.547
1786360354.595,312.11
1786360354.701,311.847
1786360354.809,311.908
1786360354.917,311.883
1786360355.025,311.846
1786360355.126,312.182
1786360355.231,312.275
1786360355.339,312.034
1786360355.443,310.216
1786360355.551,310.37
1786360355.659,309.185
1786360355.767,309.258
1786360355.875,308.211
1786360355.983,308.08
1786360356.091,307.105
1786360356.192,309.165
1786360356.300,307.752
1786360356.404,309.321
1786360356.512,308.088
1786360356.620,309.765
1786360356.728,309.166
1786360356.836,309.795
1786360356.944,308.624
1786360357.052,309.714
1786360357.154,308.583
1786360357.257,309.474
1786360357.357,309.526
1786360357.465,309.37
1786360357.573,309.207
1786360357.681,309.492
1786360357.789,309.512
1786360357.892,308.919
1786360357.996,308.532
1786360358.100,309.681
1786360358.201,308.506
1786360358.304,309.699
1786360358.407,308.634
1786360358.510,308.589
1786360358.614,310.159
1786360358.717,308.918
1786360358.821,309.232
1786360358.924,307.474
1786360359.027,308.404
1786360359.132,308.329
1786360359.235,308.323
1786360359.339,307.654
1786360359.442,307.582
1786360359.546,307.417
1786360359.649,307.333
1786360359.753,305.591
1786360359.857,306.846
1786360359.960,306.342
1786360360.063,308.01
1786360360.167,306.692
1786360360.271,307.769
1786360360.374,306.391
1786360360.478,308.273
1786360360.581,306.977
1786360360.684,308.316
1786360360.788,308.352
1786360360.891,310.058
1786360360.995,309.939
1786360361.098,311.09
1786360361.202,309.659
1786360361.306,311.09
1786360361.409,311.19
1786360361.513,312.68
1786360361.616,312.558
1786360361.720,313.951
1786360361.823,313.897
1786360361.927,312.438
1786360362.030,312.713
1786360362.133,311.328
1786360362.237,311.305
1786360362.341,312.596
1786360362.444,312.666
1786360362.548,311.1
1786360362.651,310.983
1786360362.755,311.123
1786360362.858,311.168
1786360362.962,311.321
1786360363.065,312.837
1786360363.167,311.328
1786360363.270,312.755
1786360363.371,312.817
1786360363.474,313.057
1786360363.578,313.139
1786360363.681,314.684
1786360363.784,314.702
1786360363.888,314.744
1786360363.991,314.721
1786360364.095,314.633
1786360364.196,314.697
1786360364.299,315.954
1786360364.401,316.053
1786360364.502,316.118
1786360364.606,314.725
1786360364.709,314.591
1786360364.813,314.596
1786360364.917,314.603
1786360365.020,314.551
1786360365.121,314.431
1786360365.223,314.322
1786360365.326,314.244
1786360365.429,314.0
1786360365.530,314.196
1786360365.631,314.146
1786360365.734,315.508
1786360365.838,315.653
1786360365.941,314.173
1786360366.045,314.383
1786360366.145,314.33
1786360366.248,313.111
1786360366.351,313.247
1786360366.455,312.114
1786360366.556,312.16
1786360366.660,310.492
1786360366.763,310.535
1786360366.867,309.31
1786360366.970,309.132
1786360367.074,310.677
1786360367.175,310.666
1786360367.278,309.439
1786360367.380,310.726
1786360367.483,309.622
1786360367.585,310.751
1786360367.688,310.824
1786360367.792,311.031
1786360367.895,311.007
1786360367.999,310.755
1786360368.102,310.72
1786360367.068,310.738
1786360367.169,309.307
1786360367.269,308.721
1786360367.369,308.675
1786360367.469,308.582
1786360367.570,308.402
1786360367.670,306.36
1786360367.770,307.447
1786360367.870,307.28
1786360367.971,307.728
1786360368.071,307.754
1786360368.171,307.671
1786360368.272,307.11
1786360368.372,309.074
1786360368.472,307.86
1786360368.572,308.993
1786360368.673,307.929
1786360368.773,308.313
1786360368.873,308.832
1786360368.973,308.946
1786360369.074,309.879
1786360369.174,308.52
1786360369.274,308.837
1786360369.375,309.017
1786360369.475,308.856
1786360369.575,309.012
1786360369.675,308.986
1786360369.776,310.256
1786360369.876,310.704
1786360369.976,310.263
1786360370.076,310.368
1786360370.177,310.34
1786360370.277,311.627
1786360370.377,311.307
1786360370.478,312.853
1786360370.578,312.818
1786360370.678,312.726
1786360370.778,312.711
1786360370.879,311.167
1786360370.979,312.385
1786360371.079,311.379
1786360371.180,311.313
1786360371.280,310.136
1786360371.380,310.255
1786360371.480,308.705
1786360371.581,308.776
1786360371.681,308.817
1786360371.781,310.028
1786360371.881,310.276
1786360371.982,311.746
1786360372.082,311.727
1786360372.182,310.467
1786360372.283,310.386
1786360372.383,311.538
1786360372.483,310.452
1786360372.583,311.843
1786360372.684,311.709
1786360372.784,311.704
1786360372.884,310.406
1786360372.984,310.222
1786360373.085,308.15
1786360373.185,306.886
1786360373.285,308.346
1786360373.385,308.221
1786360373.486,306.889
1786360373.586,308.295
1786360373.686,306.846
1786360373.786,306.876
1786360373.889,306.898
1786360373.990,306.747
1786360374.094,306.739
1786360374.194,307.738
1786360374.298,307.659
1786360374.399,308.454
1786360374.502,307.56
1786360374.606,308.92
1786360374.708,308.6
1786360374.812,310.194
1786360374.915,308.055
1786360375.017,307.985
1786360375.121,309.365
1786360375.222,308.418
1786360375.326,309.52
1786360375.428,309.142
1786360375.532,309.103
1786360375.635,307.819
1786360375.738,307.953
1786360375.842,306.525
1786360375.945,306.391
1786360376.048,307.195
1786360376.149,307.258
1786360376.252,306.259
1786360376.356,307.214
1786360376.460,305.998
1786360376.564,307.66
1786360376.669,306.65
1786360376.773,309.074
1786360376.878,309.068
1786360376.978,310.503
1786360377.083,310.353
1786360377.185,310.784
1786360377.289,310.827
1786360377.390,310.85
1786360377.494,309.354
1786360377.598,310.603
1786360377.703,309.951
1786360377.807,309.581
1786360377.912,309.539
1786360378.016,307.309
1786360378.121,307.429
1786360378.222,307.641
1786360378.327,308.633
1786360378.429,307.663
1786360378.534,308.719
1786360378.638,309.038
1786360378.742,309.027
1786360378.847,309.801
1786360378.951,310.088
1786360379.056,310.361
1786360379.156,311.283
1786360379.259,311.137
1786360379.363,311.167
1786360379.467,311.118
1786360379.572,310.823
1786360379.676,310.675
1786360379.776,311.817
1786360379.881,310.666
1786360379.985,310.498
1786360380.089,309.972
1786360380.190,308.468
1786360380.294,309.787
1786360380.396,308.66
1786360380.500,308.628
1786360380.605,308.536
1786360380.709,308.389
1786360380.813,308.452
1786360380.918,308.546
1786360381.022,308.469
1786360381.127,308.471
1786360381.228,308.823
1786360381.332,310.02
1786360381.435,308.812
1786360381.539,310.065
1786360381.644,310.198
1786360381.748,310.378
1786360381.853,311.798
1786360381.957,311.894
1786360382.062,309.802
1786360382.163,311.012
1786360382.268,311.17
1786360382.372,311.05
1786360382.477,311.099
1786360382.582,309.874
1786360382.686,309.71
1786360382.790,308.444
1786360382.895,308.353
1786360383.000,306.613
1786360383.104,306.427
1786360383.209,307.348
1786360383.313,307.425
1786360383.418,307.246
1786360383.522,307.1
1786360383.627,307.066
1786360383.731,308.265
1786360383.835,308.343
1786360383.940,309.555
1786360384.045,309.696
1786360384.149,311.419
1786360384.255,311.493
1786360384.363,312.519
1786360384.472,312.365
1786360384.580,312.433
1786360384.689,313.978
1786360384.797,312.502
1786360384.905,313.701
1786360385.013,313.667
1786360385.122,311.265
1786360385.231,310.93
1786360385.339,310.782
1786360385.448,309.027
1786360385.556,309.132
1786360385.665,307.178
1786360385.773,307.154
1786360385.882,306.121
1786360385.990,307.61
1786360386.099,306.009
1786360386.207,303.876
1786360386.316,305.026
1786360386.424,304.036
1786360386.533,304.127
1786360386.642,305.973
1786360386.750,305.246
1786360386.859,307.354
1786360386.967,307.442
1786360387.076,308.641
1786360387.184,308.7
1786360387.293,310.247
1786360387.401,312.424
1786360387.510,313.589
1786360387.618,314.82
1786360387.727,314.232
1786360387.835,314.265
1786360387.944,314.204
1786360388.053,314.109
1786360388.161,314.17
1786360388.269,312.304
1786360388.378,310.64
1786360388.486,310.98
1786360388.595,309.376
1786360388.703,309.42
1786360388.812,308.005
1786360388.921,308.531
1786360389.029,308.544
1786360389.138,309.282
1786360389.246,308.051
1786360389.352,307.896
1786360389.456,307.64
1786360389.560,309.228
1786360389.663,308.888
1786360389.767,310.502
1786360389.870,310.565
1786360389.972,312.105
1786360390.075,311.126
1786360390.179,311.1
1786360390.280,309.88
1786360390.384,311.122
1786360390.487,309.588
1786360390.591,311.84
1786360390.694,310.617
1786360390.798,310.593
1786360390.902,309.397
1786360391.005,309.315
1786360391.109,307.796
1786360391.212,308.885
1786360391.316,308.823
1786360391.419,310.022
1786360391.523,310.047
1786360391.627,310.509
1786360391.730,310.231
1786360391.832,311.443
1786360391.936,310.354
1786360392.040,311.615
1786360392.143,311.686
1786360392.244,311.792
1786360392.347,311.749
1786360392.451,310.414
1786360392.554,310.511
1786360392.658,309.468
1786360392.762,310.591
1786360392.865,309.474
1786360392.969,309.484
1786360393.072,309.174
1786360393.176,308.671
1786360393.279,308.532
1786360393.382,308.712
1786360393.486,308.746
1786360393.589,310.126
1786360393.693,310.071
1786360393.797,309.711
1786360393.900,309.732
1786360394.004,309.696
1786360394.107,309.784
1786360394.211,310.038
1786360394.314,310.477
1786360394.418,309.416
1786360394.521,310.593
1786360394.625,310.646
1786360394.728,310.672
1786360394.832,310.654
1786360394.935,312.06
1786360395.039,310.968
1786360395.142,312.186
1786360395.246,310.964
1786360395.349,312.352
1786360395.452,310.805
1786360395.556,311.924
1786360395.659,311.876
1786360395.763,310.811
1786360395.867,310.783
1786360395.968,308.733
1786360396.072,308.7
1786360396.175,308.316
1786360396.279,308.452
1786360396.383,309.657
1786360396.486,307.321
1786360396.589,308.872
1786360396.693,307.707
1786360396.796,307.661
1786360396.900,307.677
1786360397.003,307.612
1786360397.107,309.703
1786360397.210,308.599
1786360397.313,310.021
1786360397.417,308.286
1786360397.520,308.508
1786360397.624,310.684
1786360397.727,308.05
1786360397.831,309.319
1786360397.935,309.324
1786360398.038,310.383
1786360398.142,308.275
1786360398.245,308.27
1786360398.349,306.321
1786360398.452,306.421
1786360398.555,308.035
1786360398.659,307.801
1786360398.762,306.667
1786360398.866,309.223
1786360398.969,309.203
1786360399.073,309.18
1786360399.176,308.816
1786360399.280,310.093
1786360398.300,308.853
1786360398.401,311.987
1786360398.505,311.909
1786360398.608,311.825
1786360398.712,310.708
1786360398.815,310.286
1786360398.919,310.51
1786360399.022,308.581
1786360399.126,308.626
1786360399.228,308.95
1786360399.332,308.751
1786360399.433,308.39
1786360399.537,308.269
1786360399.640,308.236
1786360399.744,307.077
1786360399.847,308.217
1786360399.951,308.526
1786360400.054,308.371
1786360400.158,309.322
1786360400.258,309.319
1786360400.358,309.257
1786360400.459,309.09
1786360400.560,310.645
1786360400.661,310.761
1786360400.763,310.825
1786360400.864,312.059
1786360400.965,311.972
1786360401.066,311.418
1786360401.168,311.348
1786360401.269,312.291
1786360401.370,312.251
1786360401.471,310.37
1786360401.572,311.521
1786360401.674,310.24
1786360401.775,310.21
1786360401.876,310.274
1786360401.977,310.273
1786360402.079,309.113
1786360402.180,310.95
1786360402.281,309.403
1786360402.382,306.659
1786360402.483,306.668
1786360402.585,308.6
1786360402.686,308.678
1786360402.787,308.43
1786360402.888,308.393
1786360402.990,306.871
1786360403.091,307.376
1786360403.192,308.669
1786360403.293,306.549
1786360403.395,308.154
1786360403.496,309.623
1786360403.597,309.559
1786360403.698,308.096
1786360403.800,308.143
1786360403.901,307.665
1786360404.002,307.649
1786360404.103,309.04
1786360404.205,308.497
1786360404.306,308.402
1786360404.407,310.469
1786360404.508,309.324
1786360404.610,310.742
1786360404.711,310.821
1786360404.812,312.318
1786360404.913,312.425
1786360405.014,314.509
1786360405.116,314.541
1786360405.217,313.096
1786360405.318,313.24
1786360405.419,313.404
1786360405.521,310.902
1786360405.622,312.114
1786360405.723,312.113
1786360405.824,310.039
1786360405.926,309.955
1786360406.027,308.461
1786360406.127,308.374
1786360406.228,306.713
1786360406.329,308.345
1786360406.430,308.191
1786360406.532,308.109
1786360406.633,310.088
1786360406.734,310.052
1786360406.835,309.89
1786360406.938,309.825
1786360407.039,309.804
1786360407.141,311.148
1786360407.242,310.112
1786360407.342,311.82
1786360407.443,309.906
1786360407.547,308.871
1786360407.650,307.515
1786360407.754,308.026
1786360407.857,308.011
1786360407.961,306.714
1786360408.064,308.854
1786360408.168,308.961
1786360408.271,307.777
1786360408.372,308.823
1786360408.475,307.416
1786360408.579,309.351
1786360408.683,309.051
1786360408.787,310.564
1786360408.890,310.621
1786360408.994,309.676
1786360409.097,311.032
1786360409.200,311.146
1786360409.304,311.239
1786360409.407,311.05
1786360409.507,311.155
1786360409.609,310.642
1786360409.709,310.599
1786360409.810,312.091
1786360409.910,310.762
1786360410.011,310.789
1786360410.111,309.932
1786360410.211,309.954
1786360410.312,309.956
1786360410.413,308.137
1786360410.514,309.563
1786360410.614,307.976
1786360410.715,310.435
1786360410.815,310.417
1786360410.915,310.204
1786360411.016,311.433
1786360411.116,311.29
1786360411.217,313.108
1786360411.317,311.976
1786360411.418,311.925
1786360411.518,313.704
1786360411.619,313.76
1786360411.719,313.258
1786360411.819,312.62
1786360411.922,310.761
1786360412.025,310.897
1786360412.128,309.662
1786360412.230,309.771
1786360412.330,308.261
1786360412.431,308.261
1786360412.531,309.367
1786360412.632,309.334
1786360412.732,308.299
1786360412.833,308.233
1786360412.933,308.949
1786360413.033,309.044
1786360413.134,309.437
1786360413.236,309.324
1786360413.338,309.047
1786360413.439,309.087
1786360413.539,309.472
1786360413.640,309.441
1786360413.740,307.815
1786360413.841,308.555
1786360413.941,306.842
1786360414.041,308.207
1786360414.142,308.295
1786360414.242,309.624
1786360414.343,309.675
1786360414.443,310.931
1786360414.544,311.01
1786360414.644,312.049
1786360414.745,312.065
1786360414.845,313.606
1786360414.945,313.816
1786360415.046,315.511
1786360415.146,315.59
1786360415.247,314.063
1786360415.347,314.247
1786360415.448,313.019
1786360415.548,313.185
1786360415.649,313.069
1786360415.752,311.775
1786360415.856,310.311
1786360415.959,310.279
1786360416.063,309.184
1786360416.166,309.189
1786360416.269,309.153
1786360416.373,309.442
1786360416.476,309.41
1786360416.577,310.418
1786360416.678,309.004
1786360416.779,308.981
1786360416.880,308.499
1786360416.980,308.499
1786360417.081,310.054
1786360417.181,308.402
1786360417.282,309.574
1786360417.382,308.353
1786360417.483,308.409
1786360417.583,309.472
1786360417.688,307.428
1786360417.791,307.893
1786360417.892,306.192
1786360417.996,306.285
1786360418.101,306.958
1786360418.205,305.366
1786360418.310,307.256
1786360418.414,305.92
1786360418.519,307.292
1786360418.622,305.927
1786360418.727,305.963
1786360418.830,307.897
1786360418.932,305.674
1786360419.037,308.759
1786360419.141,307.447
1786360419.246,308.705
1786360419.351,309.012
1786360419.455,308.807
1786360419.560,308.971
1786360419.664,308.686
1786360419.769,308.738
1786360419.872,308.74
1786360419.975,308.749
1786360420.080,309.513
1786360420.184,309.64
1786360420.289,309.493
1786360420.394,309.323
1786360420.498,308.263
1786360420.603,308.341
1786360420.707,307.416
1786360420.812,307.38
1786360420.913,308.65
1786360421.018,307.511
1786360421.123,306.5
1786360421.227,307.876
1786360421.332,307.737
1786360421.436,309.169
1786360421.539,309.374
1786360421.640,311.757
1786360421.744,310.147
1786360421.849,312.18
1786360421.952,312.376
1786360422.056,311.023
1786360422.161,312.16
1786360422.261,311.44
1786360422.362,311.348
1786360422.462,311.39
1786360422.563,311.134
1786360422.663,311.04
1786360422.764,309.782
1786360422.864,311.35
1786360422.965,310.08
1786360423.065,309.367
1786360423.169,309.181
1786360423.272,307.251
1786360423.375,309.2
1786360423.478,307.146
1786360423.582,307.315
1786360423.685,307.184
1786360423.789,306.408
1786360423.892,306.016
1786360423.995,306.09
1786360424.099,307.403
1786360424.200,308.089
1786360424.303,309.592
1786360424.407,311.537
1786360424.507,310.192
1786360424.607,312.203
1786360424.710,311.952
1786360424.814,311.504
1786360424.917,311.86
1786360425.017,312.357
1786360425.118,312.236
1786360425.218,312.208
1786360425.319,310.252
1786360425.419,310.252
1786360425.520,310.211
1786360425.620,309.154
1786360425.720,309.384
1786360425.821,309.401
1786360425.921,308.168
1786360426.022,309.126
1786360426.122,309.436
1786360426.223,310.443
1786360426.323,310.518
1786360426.424,310.566
1786360426.524,311.479
1786360426.624,311.235
1786360426.725,310.425
1786360426.825,310.02
1786360426.926,309.991
1786360427.026,311.418
1786360427.127,308.946
1786360427.228,309.194
1786360427.331,309.263
1786360427.432,309.205
1786360427.536,309.078
1786360427.639,310.103
1786360427.743,308.885
1786360427.844,310.784
1786360427.945,310.799
1786360428.046,310.839
1786360428.147,309.001
1786360428.248,310.469
1786360428.349,310.332
1786360428.449,310.262
1786360428.549,310.454
1786360428.650,310.607
1786360428.750,310.711
1786360428.851,310.789
1786360428.951,310.847
1786360429.052,312.131
1786360429.152,310.657
1786360429.252,312.355
1786360429.353,311.494
1786360429.453,311.812
1786360429.554,311.812
1786360429.654,311.974
1786360429.755,310.311
1786360429.855,310.364
1786360429.956,308.89
1786360430.056,310.195
1786360430.157,308.834
1786360430.257,308.887
1786360430.358,310.344
1786360430.458,310.444
1786360429.604,311.975
1786360429.705,311.734
1786360429.806,311.717
1786360429.907,313.387
1786360430.008,313.452
1786360430.109,314.881
1786360430.210,314.98
1786360430.311,316.242
1786360430.412,316.161
1786360430.512,316.122
1786360430.613,316.109
1786360430.714,316.366
1786360430.814,316.334
1786360430.915,314.856
1786360431.015,314.785
1786360431.115,313.103
1786360431.216,312.923
1786360431.316,313.026
1786360431.416,313.119
1786360431.517,311.112
1786360431.617,311.3
1786360431.718,310.169
1786360431.818,310.127
1786360431.919,308.773
1786360432.022,310.193
1786360432.126,310.173
1786360432.229,311.884
1786360432.333,310.822
1786360432.435,310.133
1786360432.539,309.01
1786360432.643,310.976
1786360432.746,309.797
1786360432.850,310.918
1786360432.954,309.505
1786360433.057,310.776
1786360433.161,309.087
1786360433.264,309.049
1786360433.368,308.764
1786360433.470,308.587
1786360433.574,309.397
1786360433.678,310.659
1786360433.781,309.47
1786360433.885,310.578
1786360433.989,309.497
1786360434.092,310.977
1786360434.196,311.123
1786360434.300,311.756
1786360434.403,311.849
1786360434.504,312.007
1786360434.604,312.156
1786360434.708,312.093
1786360434.812,310.62
1786360434.915,311.914
1786360435.019,310.873
1786360435.123,311.907
1786360435.225,310.326
1786360435.329,310.085
1786360435.432,309.71
1786360435.534,309.807
1786360435.638,308.376
1786360435.741,309.584
1786360435.845,308.155
1786360435.949,309.397
1786360436.049,308.344
1786360436.149,303.275
