t,gpu0_w
1786362771.405,256.045
1786362771.508,235.442
1786362771.612,214.682
1786362771.713,194.016
1786362771.817,173.253
1786362771.921,152.582
1786362772.025,131.911
1786362772.129,111.191
1786362772.233,92.006
1786362772.336,91.74
1786362772.440,91.475
1786362772.540,91.344
1786362772.644,91.177
1786362772.744,91.088
1786362772.847,90.966
1786362772.951,90.86
1786362773.054,88.311
1786362773.158,85.532
1786362773.262,82.788
1786362773.366,80.039
1786362773.467,76.247
1786362773.567,72.311
1786362773.668,72.311
1786362773.768,72.311
1786362773.868,72.311
1786362773.971,72.311
1786362774.072,72.311
1786362774.176,72.311
1786362774.280,72.311
1786362774.385,72.311
1786362774.489,72.311
1786362774.589,47.39
1786362774.690,47.384
1786362774.790,47.384
1786362774.890,47.377
1786362774.990,47.375
1786362775.091,47.37
1786362775.192,48.669
1786362775.292,52.268
1786362775.393,56.342
1786362775.494,59.995
1786362775.594,69.654
1786362775.695,107.892
1786362775.795,138.395
1786362775.895,154.345
1786362775.997,178.75
1786362776.101,203.181
1786362776.204,227.607
1786362776.307,250.273
1786362776.411,269.362
1786362776.515,287.138
1786362776.616,304.852
1786362776.719,308.169
1786362776.819,312.294
1786362776.920,313.041
1786362777.020,313.142
1786362777.121,313.261
1786362777.221,313.396
1786362777.322,313.41
1786362777.422,313.509
1786362777.524,313.589
1786362777.626,313.556
1786362777.727,312.01
1786362777.830,315.324
1786362777.931,315.32
1786362778.031,315.332
1786362778.132,315.252
1786362778.234,315.355
1786362778.338,315.245
1786362778.438,315.263
1786362778.539,315.246
1786362778.642,315.097
1786362778.746,314.944
1786362778.849,316.37
1786362778.951,316.313
1786362779.051,316.29
1786362779.152,314.752
1786362779.252,314.759
1786362779.353,314.759
1786362779.453,314.582
1786362779.554,314.765
1786362779.654,314.942
1786362779.754,314.901
1786362779.858,314.936
1786362779.960,315.111
1786362780.063,315.076
1786362780.164,315.072
1786362780.267,313.525
1786362780.371,315.063
1786362780.472,315.012
1786362780.573,315.092
1786362780.674,314.9
1786362780.775,314.262
1786362780.875,314.255
1786362780.976,314.328
1786362781.077,311.936
1786362781.177,312.079
1786362781.278,312.124
1786362781.379,313.686
1786362781.479,313.144
1786362781.580,313.188
1786362781.680,313.103
1786362781.780,313.166
1786362781.881,311.267
1786362781.981,311.304
1786362782.082,311.288
1786362782.186,313.743
1786362782.288,313.734
1786362782.392,313.745
1786362782.496,314.051
1786362782.600,314.627
1786362782.704,314.694
1786362782.808,313.269
1786362782.912,313.404
1786362783.016,315.888
1786362783.117,315.94
1786362783.219,316.038
1786362783.320,316.035
1786362783.422,316.098
1786362783.523,316.19
1786362783.625,315.916
1786362783.726,315.945
1786362783.828,315.992
1786362783.929,316.231
1786362784.031,316.13
1786362784.132,316.12
1786362784.234,316.138
1786362784.334,316.305
1786362784.436,316.28
1786362784.537,316.243
1786362784.638,316.243
1786362784.739,316.304
1786362784.840,316.441
1786362784.941,316.453
1786362785.042,316.424
1786362785.144,315.522
1786362785.245,315.443
1786362785.346,315.395
1786362785.447,315.34
1786362785.548,315.141
1786362785.649,315.342
1786362785.751,315.404
1786362785.851,315.362
1786362785.952,313.922
1786362786.053,314.127
1786362786.154,314.086
1786362786.255,316.221
1786362786.357,316.267
1786362786.458,316.283
1786362786.559,316.296
1786362786.661,316.222
1786362786.761,315.945
1786362786.863,314.601
1786362786.963,314.58
1786362787.065,314.79
1786362787.167,314.821
1786362787.268,314.945
1786362787.369,314.92
1786362787.470,315.044
1786362787.572,315.025
1786362787.673,312.796
1786362787.775,312.946
1786362787.876,313.105
1786362787.978,314.444
1786362788.079,314.496
1786362788.181,315.742
1786362788.283,315.566
1786362788.384,315.648
1786362788.486,315.87
1786362788.587,315.773
1786362788.689,315.833
1786362788.790,318.146
1786362788.891,316.758
1786362788.992,316.758
1786362789.094,316.765
1786362789.195,316.787
1786362789.297,316.799
1786362789.398,316.71
1786362789.500,316.651
1786362789.602,316.59
1786362789.703,316.376
1786362789.804,314.933
1786362789.906,314.772
1786362790.008,314.674
1786362790.110,315.839
1786362790.212,315.705
1786362790.314,315.734
1786362790.415,315.707
1786362790.517,315.922
1786362790.618,316.046
1786362790.720,313.738
1786362790.821,314.008
1786362790.923,315.554
1786362791.025,313.888
1786362791.127,313.997
1786362791.227,314.254
1786362791.329,313.623
1786362791.431,312.928
1786362791.533,312.994
1786362791.634,312.799
1786362791.735,312.663
1786362791.837,315.183
1786362791.939,315.062
1786362792.039,315.065
1786362792.141,314.864
1786362792.243,313.618
1786362792.344,313.505
1786362792.446,314.223
1786362792.548,314.939
1786362792.649,314.969
1786362792.751,315.014
1786362792.851,313.266
1786362792.952,313.315
1786362793.053,313.254
1786362793.155,313.383
1786362793.256,315.486
1786362793.358,316.709
1786362793.460,316.77
1786362793.561,316.771
1786362793.663,316.716
1786362793.764,315.255
1786362793.864,315.227
1786362793.965,315.227
1786362794.067,317.06
1786362794.168,316.762
1786362794.270,316.789
1786362794.371,316.603
1786362794.472,315.827
1786362794.574,315.472
1786362794.675,315.563
1786362794.776,315.62
1786362794.877,315.709
1786362794.978,317.127
1786362795.079,317.161
1786362795.179,317.215
1786362795.280,315.85
1786362795.381,315.868
1786362795.481,315.988
1786362795.582,316.685
1786362795.683,317.018
1786362795.783,317.013
1786362795.884,316.907
1786362795.985,316.836
1786362796.085,315.163
1786362796.186,315.148
1786362796.286,314.94
1786362796.386,316.262
1786362795.341,316.153
1786362795.445,316.003
1786362795.548,316.012
1786362795.649,316.071
1786362795.751,314.845
1786362795.852,314.778
1786362795.956,314.629
1786362796.060,316.113
1786362796.161,316.062
1786362796.265,315.243
1786362796.369,315.124
1786362796.470,314.982
1786362796.571,314.822
1786362796.672,314.707
1786362796.772,314.59
1786362796.873,315.651
1786362796.974,314.264
1786362797.074,314.32
1786362797.175,314.32
1786362797.275,314.374
1786362797.376,314.569
1786362797.476,315.262
1786362797.577,315.357
1786362797.678,315.533
1786362797.779,313.911
1786362797.883,313.935
1786362797.983,313.89
1786362798.084,313.823
1786362798.184,315.271
1786362798.284,315.281
1786362798.387,315.196
1786362798.488,315.149
1786362798.592,315.341
1786362798.696,315.271
1786362798.800,315.237
1786362798.903,316.967
1786362799.007,317.096
1786362799.111,317.179
1786362799.215,317.313
1786362799.317,317.324
1786362799.421,317.54
1786362799.521,317.673
1786362799.625,317.481
1786362799.726,315.733
1786362799.827,316.317
1786362799.927,316.392
1786362800.027,316.452
1786362800.128,316.423
1786362800.228,316.453
1786362800.328,315.64
1786362800.429,315.656
1786362800.529,315.77
1786362800.631,314.245
1786362800.731,314.309
1786362800.832,316.076
1786362800.933,315.912
1786362801.034,315.939
1786362801.135,315.964
1786362801.236,316.051
1786362801.338,316.055
1786362801.439,316.804
1786362801.540,315.669
1786362801.641,315.511
1786362801.741,315.535
1786362801.842,315.473
1786362801.942,315.473
1786362802.043,315.432
1786362802.144,315.325
1786362802.244,315.286
1786362802.345,315.269
1786362802.445,315.162
1786362802.545,315.177
1786362802.647,315.296
1786362802.751,316.509
1786362802.851,316.371
1786362802.955,316.497
1786362803.057,316.48
1786362803.161,316.435
1786362803.265,316.262
1786362803.369,316.222
1786362803.469,316.217
1786362803.570,316.338
1786362803.671,316.383
1786362803.772,316.357
1786362803.872,316.339
1786362803.973,316.296
1786362804.074,317.602
1786362804.174,317.682
1786362804.275,316.33
1786362804.375,316.282
1786362804.475,316.3
1786362804.576,316.233
1786362804.676,316.177
1786362804.778,316.122
1786362804.880,316.134
1786362804.984,316.19
1786362805.084,316.307
1786362805.185,316.081
1786362805.288,315.256
1786362805.392,316.758
1786362805.493,316.91
1786362805.597,316.886
1786362805.698,316.963
1786362805.802,317.117
1786362805.906,317.272
1786362806.010,317.294
1786362806.111,317.285
1786362806.213,317.311
1786362806.314,315.421
1786362806.415,316.403
1786362806.516,316.418
1786362806.618,316.247
1786362806.719,315.096
1786362806.820,315.314
1786362806.922,315.156
1786362807.023,315.156
1786362807.124,315.038
1786362807.225,315.014
1786362807.326,315.011
1786362807.426,314.996
1786362807.527,315.832
1786362807.628,315.895
1786362807.729,315.867
1786362807.830,316.028
1786362807.930,317.296
1786362808.031,317.11
1786362808.131,317.127
1786362808.232,317.125
1786362808.332,317.084
1786362808.436,317.101
1786362808.536,317.246
1786362808.636,318.577
1786362808.736,316.94
1786362808.840,316.894
1786362808.943,316.911
1786362809.047,317.13
1786362809.151,317.159
1786362809.255,317.082
1786362809.359,317.149
1786362809.460,315.463
1786362809.561,315.905
1786362809.665,315.715
1786362809.767,315.647
1786362809.867,317.206
1786362809.971,317.24
1786362810.074,317.226
1786362810.175,317.085
1786362810.277,316.252
1786362810.378,316.458
1786362810.482,314.843
1786362810.586,316.536
1786362810.686,316.05
1786362810.786,316.102
1786362810.887,316.283
1786362810.989,316.303
1786362811.091,316.328
1786362811.193,316.293
1786362811.294,314.578
1786362811.396,315.453
1786362811.497,315.254
1786362811.599,316.804
1786362811.700,316.926
1786362811.802,316.934
1786362811.903,315.734
1786362812.005,315.505
1786362812.107,315.659
1786362812.208,315.606
1786362812.310,315.49
1786362812.412,315.49
1786362812.513,317.011
1786362812.615,316.885
1786362812.717,316.749
1786362812.819,316.715
1786362812.921,316.49
1786362813.023,316.337
1786362813.125,317.651
1786362813.225,317.438
1786362813.327,315.816
1786362813.429,315.787
1786362813.531,315.879
1786362813.633,315.915
1786362813.735,315.972
1786362813.838,316.105
1786362813.940,316.007
1786362814.042,315.985
1786362814.144,316.074
1786362814.246,315.904
1786362814.348,316.323
1786362814.451,317.784
1786362814.554,317.839
1786362814.656,317.789
1786362814.759,317.803
1786362814.860,317.808
1786362814.962,317.684
1786362815.062,317.773
1786362815.165,316.47
1786362815.267,316.539
1786362815.370,316.546
1786362815.471,316.336
1786362815.573,316.428
1786362815.676,316.57
1786362815.776,316.576
1786362815.877,316.557
1786362815.979,314.402
1786362816.082,314.502
1786362816.183,314.455
1786362816.286,315.843
1786362816.389,315.783
1786362816.489,315.828
1786362816.592,315.816
1786362816.694,314.365
1786362816.797,314.245
1786362816.898,314.231
1786362817.001,314.259
1786362817.105,315.423
1786362817.209,315.381
1786362817.313,315.345
1786362817.417,315.351
1786362817.519,314.095
1786362817.623,314.068
1786362817.727,314.092
1786362817.829,315.391
1786362817.932,315.343
1786362818.035,315.417
1786362818.138,315.536
1786362818.241,316.533
1786362818.344,316.731
1786362818.445,316.744
1786362818.545,316.855
1786362818.647,316.74
1786362818.748,316.768
1786362818.851,316.785
1786362818.952,316.802
1786362819.056,316.821
1786362819.160,316.809
1786362819.264,316.652
1786362819.368,316.634
1786362819.472,316.534
1786362819.575,316.598
1786362819.679,316.684
1786362819.780,318.051
1786362819.881,317.979
1786362819.982,317.916
1786362820.082,317.916
1786362820.183,317.985
1786362820.285,317.918
1786362820.389,317.153
1786362820.489,317.331
1786362820.593,317.475
1786362820.697,317.506
1786362820.799,317.604
1786362820.900,317.523
1786362821.001,315.648
1786362821.104,316.075
1786362821.207,316.151
1786362821.310,316.17
1786362821.413,316.163
1786362821.514,316.933
1786362821.617,316.86
1786362821.719,315.838
1786362821.822,315.447
1786362821.923,315.402
1786362822.026,315.36
1786362822.129,317.331
1786362822.231,317.017
1786362822.334,316.03
1786362822.438,316.04
1786362822.538,316.079
1786362822.641,314.58
1786362822.745,314.558
1786362822.848,315.492
1786362822.951,315.888
1786362823.053,315.829
1786362823.157,315.89
1786362823.259,315.878
1786362823.363,315.918
1786362823.463,316.978
1786362823.567,316.873
1786362823.671,316.862
1786362823.774,317.145
1786362823.878,317.1
1786362823.982,316.976
1786362824.086,317.098
1786362824.190,317.25
1786362824.294,317.154
1786362824.398,317.345
1786362824.502,317.219
1786362824.606,317.17
1786362824.710,317.218
1786362824.814,317.158
1786362824.918,318.429
1786362825.021,318.584
1786362825.129,316.434
1786362825.233,316.22
1786362825.337,316.107
1786362825.441,316.09
1786362825.545,315.886
1786362825.649,315.917
1786362825.753,315.926
1786362825.857,316.183
1786362825.958,316.341
1786362826.062,314.828
1786362826.166,314.773
1786362826.270,317.061
1786362826.374,317.273
1786362826.478,317.268
1786362826.582,317.319
1786362826.685,315.715
1786362826.788,315.827
1786362826.892,315.938
1786362826.997,315.781
1786362827.101,315.757
1786362827.205,317.211
1786362827.308,317.217
1786362827.412,317.22
1786362827.516,315.955
1786362826.470,315.982
1786362826.574,315.996
1786362826.677,317.674
1786362826.781,317.65
1786362826.882,317.485
1786362826.986,316.077
1786362827.090,316.063
1786362827.194,316.11
1786362827.298,316.134
1786362827.402,316.082
1786362827.506,317.241
1786362827.610,317.277
1786362827.713,317.361
1786362827.817,317.245
1786362827.921,317.17
1786362828.025,317.234
1786362828.129,318.522
1786362828.230,318.591
1786362828.334,317.027
1786362828.438,316.808
1786362828.542,316.758
1786362828.646,316.837
1786362828.750,316.67
1786362828.854,316.403
1786362828.958,316.418
1786362829.062,316.329
1786362829.166,315.401
1786362829.270,315.445
1786362829.374,315.448
1786362829.476,316.926
1786362829.580,315.174
1786362829.684,315.139
1786362829.788,314.989
1786362829.892,315.045
1786362829.996,315.17
1786362830.100,315.081
1786362830.204,315.043
1786362830.307,314.42
1786362830.411,314.402
1786362830.515,314.215
1786362830.619,314.205
1786362830.723,316.003
1786362830.827,316.099
1786362830.930,316.25
1786362831.034,316.153
1786362831.138,316.167
1786362831.239,316.262
1786362831.343,314.237
1786362831.447,315.738
1786362831.551,314.648
1786362831.653,314.632
1786362831.757,314.831
1786362831.861,314.737
1786362831.965,314.629
1786362832.067,314.476
1786362832.171,313.075
1786362832.275,313.057
1786362832.379,312.948
1786362832.483,314.946
1786362832.587,314.876
1786362832.691,315.954
1786362832.791,316.089
1786362832.892,315.923
1786362832.992,316.29
1786362833.097,316.405
1786362833.198,316.486
1786362833.302,315.817
1786362833.406,315.774
1786362833.510,315.825
1786362833.614,315.839
1786362833.718,315.869
1786362833.822,315.886
1786362833.924,315.877
1786362834.027,314.463
1786362834.131,314.197
1786362834.235,314.067
1786362834.340,313.937
1786362834.444,316.178
1786362834.544,316.333
1786362834.644,316.47
1786362834.745,316.527
1786362834.845,316.501
1786362834.946,316.497
1786362835.049,316.436
1786362835.150,316.059
1786362835.252,316.122
1786362835.355,316.289
1786362835.458,316.34
1786362835.561,316.195
1786362835.662,316.078
1786362835.765,315.875
1786362835.868,316.103
1786362835.971,316.176
1786362836.074,316.142
1786362836.175,316.105
1786362836.276,317.941
1786362836.379,316.094
1786362836.481,316.009
1786362836.585,316.038
1786362836.686,315.095
1786362836.790,315.359
1786362836.891,315.528
1786362836.994,315.286
1786362837.098,315.302
1786362837.200,315.451
1786362837.302,315.672
1786362837.406,315.7
1786362837.510,317.572
1786362837.614,317.564
1786362837.714,317.199
1786362837.818,317.138
1786362837.919,316.871
1786362838.023,316.909
1786362838.127,316.955
1786362838.230,316.943
1786362838.331,317.121
1786362838.432,317.003
1786362838.533,316.982
1786362838.635,316.894
1786362838.736,316.773
1786362838.837,317.034
1786362838.938,317.034
1786362839.042,318.178
1786362839.144,318.314
1786362839.247,317.689
1786362839.351,317.888
1786362839.452,315.408
1786362839.552,315.234
1786362839.655,315.287
1786362839.758,315.338
1786362839.860,315.16
1786362839.961,315.29
1786362840.062,315.316
1786362840.164,314.589
1786362840.265,313.894
1786362840.367,314.466
1786362840.468,314.223
1786362840.570,316.767
1786362840.671,316.44
1786362840.773,316.196
1786362840.874,316.125
1786362840.975,316.497
1786362841.076,316.454
1786362841.177,316.614
1786362841.278,317.361
1786362841.378,318.036
1786362841.479,318.02
1786362841.580,318.179
1786362841.680,316.818
1786362841.781,317.056
1786362841.881,316.194
1786362841.983,316.203
1786362842.085,316.016
1786362842.189,315.984
1786362842.290,315.868
1786362842.394,315.852
1786362842.498,315.839
1786362842.601,315.817
1786362842.705,315.759
1786362842.806,314.723
1786362842.909,314.89
1786362843.013,315.941
1786362843.116,316.04
1786362843.220,316.063
1786362843.322,316.141
1786362843.426,316.266
1786362843.530,316.137
1786362843.634,315.994
1786362843.738,315.958
1786362843.839,315.864
1786362843.943,318.076
1786362844.047,318.001
1786362844.148,318.144
1786362844.248,315.936
1786362844.349,315.998
1786362844.450,316.101
1786362844.550,315.974
1786362844.651,316.141
1786362844.751,316.322
1786362844.851,316.441
1786362844.955,316.601
1786362845.056,316.829
1786362845.158,316.829
1786362845.262,316.833
1786362845.363,316.756
1786362845.467,318.87
1786362845.571,319.084
1786362845.675,319.002
1786362845.778,318.994
1786362845.880,319.005
1786362845.984,317.594
1786362846.088,317.481
1786362846.192,317.279
1786362846.296,317.212
1786362846.398,317.022
1786362846.502,316.942
1786362846.604,316.878
1786362846.707,316.569
1786362846.808,316.535
1786362846.912,316.644
1786362847.016,316.494
1786362847.117,316.659
1786362847.221,316.523
1786362847.321,316.559
1786362847.424,314.957
1786362847.528,314.955
1786362847.632,314.869
1786362847.736,314.855
1786362847.837,314.995
1786362847.941,315.013
1786362848.045,314.924
1786362848.147,314.917
1786362848.249,314.513
1786362848.349,314.55
1786362848.453,312.569
1786362848.557,313.969
1786362848.661,314.006
1786362848.765,313.942
1786362848.868,313.87
1786362848.969,313.802
1786362849.070,313.128
1786362849.171,312.334
1786362849.272,312.256
1786362849.372,313.742
1786362849.473,313.737
1786362849.574,315.737
1786362849.675,315.864
1786362849.776,316.043
1786362849.877,316.234
1786362849.978,314.745
1786362850.078,314.9
1786362850.179,315.479
1786362850.280,316.239
1786362850.381,316.277
1786362850.482,316.33
1786362850.583,316.402
1786362850.684,316.369
1786362850.784,316.378
1786362850.885,316.233
1786362850.986,316.312
1786362851.087,318.011
1786362851.188,316.161
1786362851.289,316.476
1786362851.390,316.603
1786362851.491,316.776
1786362851.592,316.732
1786362851.693,316.722
1786362851.794,316.73
1786362851.894,316.73
1786362851.995,316.603
1786362852.096,316.483
1786362852.197,316.285
1786362852.298,315.178
1786362852.399,316.75
1786362852.500,316.409
1786362852.601,314.403
1786362852.702,314.234
1786362852.803,314.18
1786362852.904,314.168
1786362853.005,314.113
1786362853.105,314.18
1786362853.206,314.224
1786362853.306,314.148
1786362853.407,315.297
1786362853.507,315.327
1786362853.610,315.381
1786362853.711,315.913
1786362853.812,315.997
1786362853.913,315.997
1786362854.014,315.953
1786362854.115,315.972
1786362854.216,315.952
1786362854.317,316.061
1786362854.418,316.112
1786362854.518,315.94
1786362854.619,315.932
1786362854.720,315.996
1786362854.820,315.94
1786362854.921,315.877
1786362855.021,316.001
1786362855.121,316.188
1786362855.222,316.365
1786362855.322,316.441
1786362855.425,316.435
1786362855.529,316.578
1786362855.633,316.615
1786362855.737,316.72
1786362855.837,316.703
1786362855.941,318.183
1786362856.045,318.275
1786362856.145,318.275
1786362856.246,315.963
1786362856.347,315.965
1786362856.450,315.761
1786362856.554,315.698
1786362856.658,315.751
1786362856.761,315.786
1786362856.862,315.751
1786362856.962,315.616
1786362857.065,315.671
1786362857.167,315.682
1786362857.269,315.708
1786362857.370,317.918
1786362857.474,317.803
1786362857.575,315.426
1786362857.679,315.625
1786362857.783,315.345
1786362857.886,315.379
1786362857.990,315.349
1786362858.094,315.455
1786362858.197,315.421
1786362858.302,315.405
1786362858.404,315.276
1786362858.508,315.398
1786362858.610,315.512
1786362857.566,318.083
1786362857.667,318.028
1786362857.770,317.064
1786362857.874,317.028
1786362857.975,316.46
1786362858.077,316.579
1786362858.181,316.772
1786362858.284,316.748
1786362858.388,316.823
1786362858.492,316.798
1786362858.596,316.821
1786362858.697,316.81
1786362858.801,315.497
1786362858.905,316.741
1786362859.009,316.639
1786362859.109,317.313
1786362859.209,317.28
1786362859.310,317.159
1786362859.411,317.257
1786362859.511,317.337
1786362859.612,315.932
1786362859.713,315.937
1786362859.813,316.0
1786362859.913,317.323
1786362860.014,317.279
1786362860.114,317.416
1786362860.215,317.414
1786362860.319,317.624
1786362860.419,316.145
1786362860.520,316.175
1786362860.624,316.243
1786362860.725,317.696
1786362860.829,317.797
1786362860.932,317.701
1786362861.036,317.784
1786362861.136,317.72
1786362861.237,317.68
1786362861.338,317.712
1786362861.442,317.485
1786362861.542,316.338
1786362861.646,316.235
1786362861.748,316.058
1786362861.852,315.945
1786362861.952,316.025
1786362862.055,315.979
1786362862.158,315.797
1786362862.259,315.873
1786362862.361,315.873
1786362862.465,315.639
1786362862.569,315.488
1786362862.672,315.413
1786362862.775,317.952
1786362862.878,317.953
1786362862.979,318.012
1786362863.083,316.6
1786362863.186,316.319
1786362863.288,316.338
1786362863.391,316.563
1786362863.495,316.591
1786362863.599,316.788
1786362863.699,316.869
1786362863.803,316.89
1786362863.907,316.908
1786362864.011,316.869
1786362864.112,316.904
1786362864.216,318.435
1786362864.320,318.458
1786362864.423,318.529
1786362864.527,318.553
1786362864.631,318.589
1786362864.735,318.533
1786362864.839,318.6
1786362864.943,318.639
1786362865.047,318.567
1786362865.148,318.662
1786362865.249,318.647
1786362865.351,317.113
1786362865.454,317.032
1786362865.558,316.966
1786362865.662,316.685
1786362865.766,316.572
1786362865.870,316.627
1786362865.974,316.74
1786362866.078,316.686
1786362866.181,316.789
1786362866.284,316.704
1786362866.387,316.718
1786362866.487,318.159
1786362866.591,316.838
1786362866.695,316.85
1786362866.799,315.782
1786362866.903,315.787
1786362867.005,315.929
1786362867.109,315.85
1786362867.212,315.867
1786362867.316,315.815
1786362867.420,315.807
1786362867.523,315.699
1786362867.623,315.71
1786362867.724,315.644
1786362867.824,315.6
1786362867.925,316.743
1786362868.025,316.028
1786362868.128,315.819
1786362868.231,315.86
1786362868.335,315.728
1786362868.436,315.802
1786362868.536,314.094
1786362868.636,314.127
1786362868.739,314.092
1786362868.843,315.548
1786362868.945,315.555
1786362869.049,315.558
1786362869.149,316.287
1786362869.253,316.357
1786362869.354,316.224
1786362869.454,316.351
1786362869.555,316.451
1786362869.655,318.178
1786362869.758,316.59
1786362869.862,316.565
1786362869.964,316.818
1786362870.068,316.808
1786362870.169,316.753
1786362870.273,316.652
1786362870.377,316.594
1786362870.480,316.46
1786362870.583,316.532
1786362870.684,316.416
1786362870.788,314.878
1786362870.891,316.527
1786362870.995,316.602
1786362871.099,316.293
1786362871.200,316.333
1786362871.304,316.27
1786362871.408,316.553
1786362871.512,316.546
1786362871.616,316.725
1786362871.718,316.637
1786362871.821,314.957
1786362871.921,315.711
1786362872.025,315.733
1786362872.129,315.8
1786362872.232,315.873
1786362872.336,315.843
1786362872.436,316.01
1786362872.540,315.823
1786362872.644,315.857
1786362872.745,316.045
1786362872.849,316.025
1786362872.950,317.728
1786362873.053,318.541
1786362873.157,318.525
1786362873.260,318.527
1786362873.362,316.67
1786362873.463,316.749
1786362873.567,316.715
1786362873.671,316.702
1786362873.775,316.59
1786362873.879,316.44
1786362873.981,316.505
1786362874.085,316.311
1786362874.185,316.5
1786362874.289,316.606
1786362874.390,314.788
1786362874.493,316.507
1786362874.597,316.597
1786362874.697,316.597
1786362874.801,316.547
1786362874.905,316.737
1786362875.008,316.737
1786362875.109,316.614
1786362875.209,315.115
1786362875.313,315.165
1786362875.417,314.957
1786362875.518,314.713
1786362875.622,316.508
1786362875.723,316.602
1786362875.827,316.57
1786362875.931,316.638
1786362876.035,316.625
1786362876.138,316.609
1786362876.240,316.676
1786362876.341,318.26
1786362876.444,318.514
1786362876.545,318.537
1786362876.648,316.952
1786362876.750,316.934
1786362876.853,317.076
1786362876.955,316.973
1786362877.056,316.883
1786362877.156,315.771
1786362877.257,315.794
1786362877.360,315.802
1786362877.460,315.78
1786362877.563,315.764
1786362877.667,315.899
1786362877.768,317.617
1786362877.871,315.783
1786362877.972,315.165
1786362878.075,315.125
1786362878.179,315.255
1786362878.282,316.363
1786362878.385,316.375
1786362878.486,316.406
1786362878.590,316.431
1786362878.694,316.342
1786362878.797,316.265
1786362878.901,314.934
1786362879.002,316.799
1786362879.106,317.325
1786362879.210,317.323
1786362879.314,317.107
1786362879.418,316.993
1786362879.520,316.913
1786362879.624,316.96
1786362879.728,316.849
1786362879.831,316.767
1786362879.935,316.559
1786362880.039,317.804
1786362880.143,315.453
1786362880.247,315.356
1786362880.350,315.297
1786362880.454,315.423
1786362880.556,315.439
1786362880.660,315.67
1786362880.764,315.33
1786362880.868,315.299
1786362880.971,313.861
1786362881.075,313.891
1786362881.179,313.935
1786362881.283,316.327
1786362881.384,316.417
1786362881.488,316.484
1786362881.588,316.47
1786362881.692,316.533
1786362881.796,316.016
1786362881.900,316.346
1786362882.004,316.436
1786362882.105,317.911
1786362882.209,315.867
1786362882.312,314.76
1786362882.416,314.618
1786362882.520,314.577
1786362882.624,314.46
1786362882.728,314.493
1786362882.832,314.568
1786362882.936,314.838
1786362883.039,314.576
1786362883.142,313.028
1786362883.246,312.966
1786362883.350,315.047
1786362883.453,316.141
1786362883.557,316.122
1786362883.661,316.076
1786362883.763,316.145
1786362883.866,316.055
1786362883.968,315.866
1786362884.071,316.062
1786362884.173,316.166
1786362884.275,315.932
1786362884.376,316.109
1786362884.478,316.331
1786362884.580,316.28
1786362884.683,316.362
1786362884.785,316.421
1786362884.888,316.452
1786362884.989,314.983
1786362885.092,315.214
1786362885.195,315.012
1786362885.298,315.008
1786362885.401,316.693
1786362885.504,316.555
1786362885.607,316.292
1786362885.709,314.002
1786362885.812,313.998
1786362885.915,313.876
1786362886.019,314.087
1786362886.122,315.548
1786362886.226,315.427
1786362886.330,315.416
1786362886.431,315.438
1786362886.535,315.479
1786362886.638,315.534
1786362886.742,315.572
1786362886.846,317.918
1786362886.950,317.947
1786362887.054,318.239
1786362887.154,318.054
1786362887.258,316.434
1786362887.362,316.373
1786362887.464,315.173
1786362887.565,315.243
1786362887.666,315.223
1786362887.767,315.16
1786362887.868,315.282
1786362887.970,315.234
1786362888.071,315.228
1786362888.171,315.228
1786362888.272,315.044
1786362888.373,312.991
1786362888.474,314.649
1786362888.575,314.777
1786362888.675,316.042
1786362888.776,316.044
1786362888.876,316.03
1786362888.976,315.852
1786362889.080,315.89
1786362889.182,315.946
1786362889.286,313.973
1786362889.390,314.125
1786362889.491,316.223
1786362889.591,316.26
1786362889.691,316.151
1786362888.641,316.012
1786362888.744,315.982
1786362888.848,316.045
1786362888.952,316.13
1786362889.056,316.011
1786362889.159,316.261
1786362889.263,318.155
1786362889.367,317.852
1786362889.471,317.71
1786362889.572,317.47
1786362889.676,316.075
1786362889.780,316.196
1786362889.884,316.226
1786362889.984,316.191
1786362890.088,316.453
1786362890.192,316.541
1786362890.295,316.274
1786362890.399,316.378
1786362890.500,316.727
1786362890.604,315.12
1786362890.708,315.394
1786362890.812,317.029
1786362890.916,317.149
1786362891.020,317.207
1786362891.124,317.255
1786362891.227,317.179
1786362891.331,317.23
1786362891.435,317.327
1786362891.539,316.183
1786362891.643,316.112
1786362891.746,316.334
1786362891.850,316.301
1786362891.954,316.249
1786362892.058,316.111
1786362892.159,315.937
1786362892.259,315.834
1786362892.360,315.763
1786362892.460,315.75
1786362892.561,315.569
1786362892.663,316.621
1786362892.765,316.449
1786362892.867,317.938
1786362892.969,318.054
1786362893.072,318.076
1786362893.174,318.035
1786362893.276,318.004
1786362893.378,315.852
1786362893.480,315.741
1786362893.583,315.604
1786362893.685,315.789
1786362893.787,315.786
1786362893.890,315.81
1786362893.992,315.825
1786362894.094,315.589
1786362894.197,315.608
1786362894.299,315.577
1786362894.401,315.666
1786362894.503,317.934
1786362894.606,316.005
1786362894.709,316.04
1786362894.811,316.042
1786362894.914,316.172
1786362895.017,316.274
1786362895.120,316.338
1786362895.222,316.523
1786362895.325,316.384
1786362895.426,316.491
1786362895.527,316.731
1786362895.630,316.487
1786362895.733,318.415
1786362895.835,318.461
1786362895.937,317.055
1786362896.038,317.055
1786362896.141,317.027
1786362896.245,316.935
1786362896.348,316.705
1786362896.452,316.58
1786362896.553,316.546
1786362896.657,316.499
1786362896.761,315.915
1786362896.864,315.458
1786362896.968,315.561
1786362897.070,315.423
1786362897.171,316.756
1786362897.271,316.562
1786362897.372,316.058
1786362897.472,315.339
1786362897.576,315.333
1786362897.680,315.302
1786362897.783,315.294
1786362897.887,315.86
1786362897.991,316.501
1786362898.092,316.498
1786362898.195,316.672
1786362898.296,315.221
1786362898.400,315.35
1786362898.504,315.862
1786362898.607,316.752
1786362898.711,316.841
1786362898.813,316.914
1786362898.917,316.919
1786362899.020,316.704
1786362899.124,316.657
1786362899.228,316.697
1786362899.330,316.684
1786362899.432,318.131
1786362899.532,318.063
1786362899.634,318.083
1786362899.736,316.55
1786362899.838,316.471
1786362899.940,316.348
1786362900.041,316.341
1786362900.143,316.393
1786362900.244,316.429
1786362900.346,316.413
1786362900.448,316.271
1786362900.549,314.497
1786362900.651,314.121
1786362900.753,314.063
1786362900.855,315.535
1786362900.958,315.6
1786362901.059,315.567
1786362901.161,315.517
1786362901.263,315.425
1786362901.364,315.406
1786362901.466,314.044
1786362901.567,314.065
1786362901.669,315.814
1786362901.772,316.178
1786362901.874,315.284
1786362901.976,315.322
1786362902.078,315.235
1786362902.180,315.262
1786362902.282,315.275
1786362902.385,315.199
1786362902.487,315.182
1786362902.589,315.212
1786362902.692,315.185
1786362902.794,315.165
1786362902.897,315.206
1786362903.000,316.062
1786362903.102,316.075
1786362903.204,316.348
1786362903.305,316.387
1786362903.408,316.377
1786362903.510,316.458
1786362903.613,316.417
1786362903.716,316.348
1786362903.817,316.133
1786362903.920,316.095
1786362904.023,315.981
1786362904.125,315.981
1786362904.229,316.042
1786362904.330,316.158
1786362904.432,315.987
1786362904.535,316.169
1786362904.638,314.384
1786362904.742,314.597
1786362904.843,314.771
1786362904.947,316.133
1786362905.051,316.585
1786362905.154,316.723
1786362905.258,317.024
1786362905.360,317.096
1786362905.464,316.881
1786362905.567,316.781
1786362905.671,316.714
1786362905.772,318.622
1786362905.873,318.358
1786362905.974,318.397
1786362906.075,318.533
1786362906.175,316.747
1786362906.276,316.797
1786362906.377,316.731
1786362906.477,316.688
1786362906.577,316.872
1786362906.679,317.083
1786362906.781,314.63
1786362906.884,314.229
1786362906.984,314.374
1786362907.084,313.151
1786362907.187,312.837
1786362907.291,314.487
1786362907.394,314.372
1786362907.498,314.324
1786362907.599,314.323
1786362907.699,314.363
1786362907.800,312.589
1786362907.900,315.024
1786362908.000,315.369
1786362908.101,315.373
1786362908.203,316.567
1786362908.307,316.786
1786362908.410,316.864
1786362908.514,316.817
1786362908.615,316.824
1786362908.719,316.878
1786362908.823,316.913
1786362908.927,318.636
1786362909.030,317.021
1786362909.132,317.059
1786362909.236,317.128
1786362909.340,317.021
1786362909.443,317.045
1786362909.546,317.061
1786362909.650,317.243
1786362909.754,317.168
1786362909.858,317.195
1786362909.962,317.135
1786362910.065,315.258
1786362910.169,316.857
1786362910.273,316.874
1786362910.377,316.658
1786362910.478,316.782
1786362910.580,316.715
1786362910.684,316.651
1786362910.785,316.816
1786362910.888,315.502
1786362910.992,315.499
1786362911.095,315.572
1786362911.199,317.512
1786362911.302,317.65
1786362911.406,318.042
1786362911.509,318.262
1786362911.613,318.289
1786362911.717,318.406
1786362911.821,318.424
1786362911.924,316.265
1786362912.028,317.836
1786362912.129,317.812
1786362912.230,317.42
1786362912.330,317.306
1786362912.431,317.137
1786362912.531,315.375
1786362912.632,315.254
1786362912.732,315.142
1786362912.835,315.142
1786362912.938,315.082
1786362913.042,314.901
1786362913.146,316.401
1786362913.250,316.244
1786362913.354,316.453
1786362913.458,316.596
1786362913.562,316.511
1786362913.663,316.511
1786362913.764,317.742
1786362913.865,317.63
1786362913.966,315.876
1786362914.067,315.772
1786362914.168,315.819
1786362914.269,315.724
1786362914.370,315.723
1786362914.470,315.641
1786362914.571,315.547
1786362914.671,315.352
1786362914.772,315.409
1786362914.872,313.838
1786362914.975,313.754
1786362915.077,315.434
1786362915.181,315.547
1786362915.285,315.544
1786362915.389,315.611
1786362915.493,315.637
1786362915.594,315.767
1786362915.697,314.378
1786362915.797,314.473
1786362915.901,314.449
1786362916.005,315.946
1786362916.106,316.025
1786362916.210,316.057
1786362916.314,316.074
1786362916.417,316.146
1786362916.521,316.191
1786362916.621,316.178
1786362916.725,316.139
1786362916.826,316.908
1786362916.929,315.523
1786362917.033,315.49
1786362917.134,315.636
1786362917.238,315.624
1786362917.340,315.629
1786362917.442,315.733
1786362917.545,314.66
1786362917.646,314.659
1786362917.749,314.699
1786362917.851,314.722
1786362917.953,316.05
1786362918.055,315.383
1786362918.157,315.446
1786362918.260,315.448
1786362918.362,315.494
1786362918.465,315.523
1786362918.568,315.362
1786362918.670,316.638
1786362918.773,316.731
1786362918.873,316.749
1786362918.976,316.809
1786362919.078,315.933
1786362919.180,316.773
1786362919.283,316.858
1786362919.384,316.851
1786362919.487,316.908
1786362919.590,316.887
1786362919.693,316.868
1786362919.797,316.604
1786362919.898,316.543
1786362920.001,316.529
1786362920.105,316.496
1786362920.208,318.095
1786362920.311,316.652
1786362920.412,316.608
1786362920.516,316.733
1786362920.620,316.918
1786362920.721,316.903
1786362919.679,317.04
1786362919.781,317.151
1786362919.885,317.195
1786362919.989,317.256
1786362920.089,317.282
1786362920.193,317.02
1786362920.297,318.387
1786362920.401,318.34
1786362920.504,316.863
1786362920.608,316.605
1786362920.712,316.573
1786362920.816,316.539
1786362920.917,316.751
1786362921.021,316.744
1786362921.125,316.904
1786362921.229,316.964
1786362921.330,315.299
1786362921.432,315.299
1786362921.535,315.306
1786362921.636,314.17
1786362921.740,315.615
1786362921.844,315.835
1786362921.946,315.946
1786362922.050,315.942
1786362922.151,315.964
1786362922.255,316.041
1786362922.358,315.749
1786362922.461,315.805
1786362922.565,317.606
1786362922.666,317.759
1786362922.768,318.943
1786362922.870,318.958
1786362922.972,317.137
1786362923.074,317.037
1786362923.175,316.946
1786362923.277,316.648
1786362923.379,316.519
1786362923.481,316.618
1786362923.582,316.56
1786362923.683,314.714
1786362923.785,314.693
1786362923.887,314.688
1786362923.989,314.677
1786362924.091,316.326
1786362924.193,316.574
1786362924.295,316.612
1786362924.397,314.789
1786362924.499,314.911
1786362924.601,315.072
1786362924.702,314.953
1786362924.804,316.831
1786362924.905,316.815
1786362925.007,316.858
1786362925.109,316.849
1786362925.211,316.88
1786362925.313,316.737
1786362925.413,316.786
1786362925.515,318.663
1786362925.617,318.111
1786362925.719,316.394
1786362925.821,316.592
1786362925.922,316.618
1786362926.024,316.815
1786362926.126,316.963
1786362926.229,317.047
1786362926.331,317.212
1786362926.432,317.277
1786362926.534,317.389
1786362926.636,317.519
1786362926.739,315.663
1786362926.841,317.218
1786362926.942,317.12
1786362927.045,317.088
1786362927.147,316.949
1786362927.250,316.889
1786362927.352,316.804
1786362927.454,316.888
1786362927.556,316.795
1786362927.659,316.675
1786362927.762,316.578
1786362927.865,318.958
1786362927.967,319.099
1786362928.070,319.233
1786362928.173,319.167
1786362928.274,317.716
1786362928.377,317.642
1786362928.480,317.734
1786362928.584,317.546
1786362928.687,317.546
1786362928.791,317.514
1786362928.894,317.444
1786362928.998,317.337
1786362929.102,317.234
1786362929.207,317.117
1786362929.311,317.004
1786362929.415,318.299
1786362929.518,318.206
1786362929.619,318.206
1786362929.720,317.964
1786362929.821,317.994
1786362929.922,316.31
1786362930.023,316.258
1786362930.123,316.26
1786362930.224,316.297
1786362930.324,316.124
1786362930.425,315.998
1786362930.526,316.138
1786362930.630,314.56
1786362930.734,314.51
1786362930.838,314.643
1786362930.942,314.608
1786362931.046,316.216
1786362931.150,316.082
1786362931.254,316.038
1786362931.358,315.971
1786362931.462,315.964
1786362931.563,316.004
1786362931.667,314.099
1786362931.771,315.648
1786362931.875,315.635
1786362931.979,314.734
1786362932.083,314.656
1786362932.187,314.617
1786362932.291,314.965
1786362932.392,315.035
1786362932.494,313.707
1786362932.597,313.749
1786362932.700,313.761
1786362932.802,315.63
1786362932.905,315.683
1786362933.008,315.857
1786362933.111,316.763
1786362933.212,316.735
1786362933.314,315.116
1786362933.417,315.045
1786362933.520,314.853
1786362933.624,316.26
1786362933.727,316.277
1786362933.830,316.321
1786362933.934,316.285
1786362934.037,316.377
1786362934.141,316.349
1786362934.245,316.327
1786362934.346,316.615
1786362934.450,316.428
1786362934.554,316.386
1786362934.659,316.683
1786362934.759,316.734
1786362934.863,316.723
1786362934.967,316.709
1786362935.071,316.739
1786362935.175,316.719
1786362935.279,316.661
1786362935.383,316.696
1786362935.485,315.959
1786362935.589,317.167
1786362935.693,316.463
1786362935.797,316.434
1786362935.901,316.592
1786362936.005,316.612
1786362936.109,316.663
1786362936.213,316.704
1786362936.317,316.647
1786362936.421,316.643
1786362936.525,316.641
1786362936.629,317.212
1786362936.733,317.963
1786362936.837,318.746
1786362936.941,318.853
1786362937.045,318.661
1786362937.149,315.082
1786362937.252,315.025
1786362937.355,314.951
1786362937.456,314.982
1786362937.560,315.068
1786362937.663,315.275
1786362937.767,315.173
1786362937.870,315.116
1786362937.971,315.004
1786362938.075,312.847
1786362938.179,312.717
1786362938.281,316.418
1786362938.385,316.541
1786362938.487,316.682
1786362938.591,316.782
1786362938.695,316.779
1786362938.799,316.649
1786362938.903,316.832
1786362939.007,316.942
1786362939.109,314.959
1786362939.213,316.918
1786362939.317,317.076
1786362939.422,316.943
1786362939.523,316.826
1786362939.625,316.734
1786362939.726,316.636
1786362939.828,316.671
1786362939.929,314.618
1786362940.031,314.446
1786362940.133,314.361
1786362940.234,316.428
1786362940.338,316.487
1786362940.442,316.536
1786362940.546,316.589
1786362940.650,316.611
1786362940.753,315.088
1786362940.857,315.105
1786362940.957,315.044
1786362941.061,317.0
1786362941.165,317.006
1786362941.268,316.909
1786362941.372,317.015
1786362941.473,317.004
1786362941.574,315.072
1786362941.678,315.115
1786362941.781,315.251
1786362941.885,316.707
1786362941.986,316.693
1786362942.087,316.709
1786362942.191,316.643
1786362942.292,313.475
1786362942.397,313.48
1786362942.498,313.272
1786362942.602,313.219
1786362942.706,315.1
1786362942.810,315.066
1786362942.914,315.092
1786362943.016,315.232
1786362943.120,315.312
1786362943.224,315.298
1786362943.327,315.329
1786362943.431,317.264
1786362943.535,317.319
1786362943.639,317.395
1786362943.741,317.395
1786362943.842,317.491
1786362943.943,317.518
1786362944.044,317.464
1786362944.145,317.298
1786362944.246,317.297
1786362944.347,317.26
1786362944.448,317.249
1786362944.549,317.359
1786362944.650,318.76
1786362944.750,318.896
1786362944.851,318.962
1786362944.951,319.034
1786362945.051,318.954
1786362945.154,319.011
1786362945.258,319.058
1786362945.362,318.956
1786362945.463,319.027
1786362945.564,317.504
1786362945.664,316.802
1786362945.765,316.734
1786362945.865,316.708
1786362945.965,316.606
1786362946.069,316.571
1786362946.172,316.651
1786362946.274,316.852
1786362946.376,316.904
1786362946.480,316.988
1786362946.584,316.978
1786362946.685,316.574
1786362946.786,317.476
1786362946.886,317.381
1786362946.987,317.23
1786362947.087,317.178
1786362947.188,317.115
1786362947.288,317.133
1786362947.389,316.823
1786362947.489,315.713
1786362947.589,315.718
1786362947.690,315.701
1786362947.790,317.59
1786362947.891,317.37
1786362947.991,317.37
1786362948.092,315.157
1786362948.192,315.23
1786362948.293,315.1
1786362948.393,315.203
1786362948.493,315.172
1786362948.594,315.116
1786362948.694,316.042
1786362948.796,315.991
1786362948.899,315.807
1786362949.003,315.809
1786362949.107,315.716
1786362949.209,317.541
1786362949.311,316.221
1786362949.415,316.239
1786362949.515,316.034
1786362949.619,315.895
1786362949.723,316.169
1786362949.825,316.053
1786362949.928,315.932
1786362950.028,315.921
1786362950.130,315.789
1786362950.234,315.786
1786362950.337,316.152
1786362950.440,317.404
1786362950.541,315.998
1786362950.643,315.897
1786362950.744,315.839
1786362950.845,315.518
1786362950.946,315.787
1786362951.047,315.797
1786362951.149,315.864
1786362951.250,315.911
1786362951.351,315.865
1786362951.451,315.855
1786362951.552,315.894
1786362951.653,316.623
1786362951.754,316.223
1786362951.855,316.325
1786362950.779,316.453
1786362950.880,316.294
1786362950.984,316.405
1786362951.088,316.379
1786362951.189,316.406
1786362951.293,316.636
1786362951.397,316.553
1786362951.500,314.272
1786362951.604,315.004
1786362951.708,315.479
1786362951.812,315.47
1786362951.915,315.424
1786362952.018,315.447
1786362952.120,315.47
1786362952.222,313.665
1786362952.323,313.615
1786362952.427,313.399
1786362952.530,313.473
1786362952.633,315.688
1786362952.737,315.863
1786362952.839,315.834
1786362952.942,315.85
1786362953.043,315.854
1786362953.146,315.823
1786362953.250,315.762
1786362953.352,317.621
1786362953.455,316.313
1786362953.555,316.313
1786362953.659,316.393
1786362953.760,316.38
1786362953.862,316.585
1786362953.966,316.422
1786362954.067,316.517
1786362954.170,316.543
1786362954.274,316.641
1786362954.377,316.833
1786362954.478,316.897
1786362954.580,316.213
1786362954.682,317.688
1786362954.783,317.667
1786362954.884,317.863
1786362954.985,316.019
1786362955.086,316.095
1786362955.187,316.095
1786362955.288,316.132
1786362955.390,316.008
1786362955.490,315.77
1786362955.591,315.656
1786362955.692,314.763
1786362955.793,314.691
1786362955.894,314.645
1786362955.995,314.563
1786362956.096,316.507
1786362956.196,316.466
1786362956.297,316.478
1786362956.398,316.452
1786362956.498,314.993
1786362956.599,315.31
1786362956.699,314.098
1786362956.799,315.665
1786362956.900,315.671
1786362957.003,315.757
1786362957.103,315.765
1786362957.207,315.575
1786362957.311,315.701
1786362957.414,315.697
1786362957.518,315.919
1786362957.620,317.528
1786362957.724,317.196
1786362957.824,318.358
1786362957.925,316.831
1786362958.026,316.886
1786362958.126,316.885
1786362958.227,316.86
1786362958.327,316.789
1786362958.428,316.696
1786362958.528,316.77
1786362958.629,316.58
1786362958.729,316.566
1786362958.830,316.707
1786362958.933,316.91
1786362959.035,316.91
1786362959.137,318.525
1786362959.241,318.542
1786362959.341,318.537
1786362959.445,318.595
1786362959.548,318.773
1786362959.651,317.287
1786362959.754,317.245
1786362959.855,317.242
1786362959.956,317.192
1786362960.056,317.165
1786362960.157,317.15
1786362960.258,317.101
1786362960.358,317.083
1786362960.459,317.069
1786362960.559,316.338
1786362960.660,314.739
1786362960.760,316.229
1786362960.860,316.244
1786362960.963,316.234
1786362961.068,316.271
1786362961.171,316.53
1786362961.272,316.514
1786362961.372,316.492
1786362961.473,316.526
1786362961.573,314.885
1786362961.674,315.663
1786362961.777,317.366
1786362961.878,316.134
1786362961.983,316.042
1786362962.083,315.941
1786362962.185,315.858
1786362962.289,315.528
1786362962.391,315.543
1786362962.496,314.145
1786362962.596,314.037
1786362962.697,315.658
1786362962.797,315.422
1786362962.899,315.057
1786362963.004,316.278
1786362963.104,316.182
1786362963.206,315.925
1786362963.311,314.248
1786362963.413,314.063
1786362963.513,313.851
1786362963.615,315.122
1786362963.715,314.897
1786362963.816,312.869
1786362963.918,312.869
1786362964.021,312.868
1786362964.122,312.919
1786362964.222,312.808
1786362964.323,312.798
1786362964.423,313.053
1786362964.524,313.45
1786362964.628,313.55
1786362964.733,312.065
1786362964.837,312.101
1786362964.941,312.293
1786362965.044,314.258
1786362965.149,314.063
1786362965.253,314.197
1786362965.358,314.311
1786362965.459,314.535
1786362965.564,314.508
1786362965.668,315.667
1786362965.773,315.636
1786362965.874,317.094
1786362965.979,315.404
1786362966.082,315.203
1786362966.183,315.166
1786362966.283,315.315
1786362966.384,315.136
1786362966.484,315.082
1786362966.584,314.834
1786362966.686,315.005
1786362966.790,315.137
1786362966.895,315.194
1786362966.999,315.151
1786362967.100,314.601
1786362967.200,314.138
1786362967.301,314.089
1786362967.401,314.136
1786362967.502,314.164
1786362967.603,314.109
1786362967.705,314.455
1786362967.810,314.361
1786362967.912,314.31
1786362968.012,314.446
1786362968.113,314.605
1786362968.213,316.867
1786362968.314,316.284
1786362968.414,316.182
1786362968.515,316.255
1786362968.615,316.386
1786362968.716,316.547
1786362968.816,316.547
1786362968.917,316.34
1786362969.017,316.323
1786362969.121,316.281
1786362969.223,316.295
1786362969.327,316.513
1786362969.431,316.559
1786362969.535,317.816
1786362969.635,318.165
1786362969.737,318.156
1786362969.841,316.526
1786362969.945,316.34
1786362970.049,316.372
1786362970.153,316.302
1786362970.258,316.387
1786362970.361,316.347
1786362970.465,316.159
1786362970.569,316.244
1786362970.673,316.338
1786362970.777,316.226
1786362970.882,316.371
1786362970.986,318.13
1786362971.090,318.254
1786362971.193,318.232
1786362971.297,316.501
1786362971.401,316.525
1786362971.503,316.498
1786362971.604,316.496
1786362971.705,316.381
1786362971.806,316.298
1786362971.907,316.393
1786362972.007,316.274
1786362972.108,314.334
1786362972.209,314.236
1786362972.309,313.485
1786362972.410,315.081
1786362972.510,315.104
1786362972.612,315.256
1786362972.716,315.329
1786362972.821,315.365
1786362972.924,313.143
1786362973.028,313.089
1786362973.132,313.059
1786362973.237,314.933
1786362973.341,315.047
1786362973.445,315.857
1786362973.549,316.155
1786362973.651,316.399
1786362973.752,316.418
1786362973.853,316.45
1786362973.955,316.525
1786362974.056,318.783
1786362974.157,317.33
1786362974.258,317.297
1786362974.359,317.215
1786362974.460,316.747
1786362974.564,316.428
1786362974.668,316.412
1786362974.772,316.139
1786362974.877,316.233
1786362974.981,316.253
1786362975.085,316.239
1786362975.189,316.339
1786362975.293,317.792
1786362975.398,317.768
1786362975.500,316.159
1786362975.604,316.583
1786362975.704,316.933
1786362975.809,316.864
1786362975.913,316.912
1786362976.016,316.782
1786362976.120,316.771
1786362976.221,316.845
1786362976.325,316.774
1786362976.430,316.84
1786362976.531,315.191
1786362976.635,316.913
1786362976.736,317.078
1786362976.841,317.115
1786362976.945,317.404
1786362977.049,317.345
1786362977.150,317.364
1786362977.252,317.422
1786362977.354,315.825
1786362977.458,315.999
1786362977.561,314.845
1786362977.665,316.671
1786362977.769,316.592
1786362977.873,316.578
1786362977.977,316.606
1786362978.081,316.408
1786362978.182,314.327
1786362978.286,314.432
1786362978.390,314.344
1786362978.494,315.888
1786362978.596,315.808
1786362978.699,316.877
1786362978.803,316.873
1786362978.907,316.836
1786362979.011,316.798
1786362979.112,316.78
1786362979.214,316.774
1786362979.315,318.994
1786362979.417,318.78
1786362979.519,318.814
1786362979.621,318.814
1786362979.722,318.872
1786362979.823,318.801
1786362979.924,318.852
1786362980.026,317.196
1786362980.127,317.222
1786362980.229,317.175
1786362980.331,317.073
1786362980.432,317.041
1786362980.533,317.099
1786362980.635,317.084
1786362980.736,316.973
1786362980.838,316.766
1786362980.939,315.232
1786362981.041,315.026
1786362981.142,316.499
1786362981.244,316.447
1786362981.345,316.314
1786362981.446,316.266
1786362981.547,316.232
1786362981.648,316.08
1786362981.749,316.032
1786362981.850,316.188
1786362981.951,313.818
1786362982.052,315.386
1786362982.153,315.468
1786362982.254,315.446
1786362982.355,315.445
1786362982.456,315.437
1786362982.557,315.463
1786362982.658,315.363
1786362982.758,314.344
1786362982.859,314.399
1786362982.959,312.459
1786362981.868,315.393
1786362981.972,315.21
1786362982.074,315.13
1786362982.178,315.18
1786362982.280,315.176
1786362982.384,315.194
1786362982.486,315.159
1786362982.589,315.261
1786362982.693,316.315
1786362982.796,314.636
1786362982.900,316.232
1786362983.002,315.769
1786362983.104,315.913
1786362983.207,315.99
1786362983.309,315.319
1786362983.413,315.33
1786362983.515,315.328
1786362983.618,315.414
1786362983.722,315.442
1786362983.826,315.484
1786362983.930,317.115
1786362984.032,317.278
1786362984.136,317.281
1786362984.237,317.228
1786362984.340,315.858
1786362984.443,316.464
1786362984.544,316.464
1786362984.644,316.432
1786362984.745,316.472
1786362984.845,316.428
1786362984.946,316.37
1786362985.046,316.259
1786362985.147,316.377
1786362985.247,316.516
1786362985.348,316.45
1786362985.448,316.451
1786362985.549,316.278
1786362985.649,316.325
1786362985.749,316.295
1786362985.850,316.267
1786362985.950,316.249
1786362986.051,316.272
1786362986.151,316.244
1786362986.252,316.19
1786362986.352,316.043
1786362986.453,316.153
1786362986.553,314.813
1786362986.654,316.326
1786362986.755,315.425
1786362986.855,315.409
1786362986.955,315.463
1786362987.056,315.47
1786362987.156,315.521
1786362987.257,315.531
1786362987.358,315.631
1786362987.458,315.664
1786362987.558,315.737
1786362987.659,317.095
1786362987.759,317.157
1786362987.860,317.157
1786362987.960,316.673
1786362988.061,316.74
1786362988.161,316.797
1786362988.262,316.854
1786362988.362,316.793
1786362988.463,316.766
1786362988.563,316.742
1786362988.664,316.85
1786362988.764,316.77
1786362988.865,314.94
1786362988.965,315.015
1786362989.066,316.489
1786362989.166,316.581
1786362989.267,316.596
1786362989.367,316.68
1786362989.468,316.902
1786362989.568,317.073
1786362989.669,315.38
1786362989.769,315.26
1786362989.869,315.228
1786362989.970,317.213
1786362990.070,317.166
1786362990.171,317.254
1786362990.271,317.225
1786362990.372,317.202
1786362990.472,315.714
1786362990.573,315.572
1786362990.673,315.52
1786362990.774,317.183
1786362990.874,317.225
1786362990.975,317.217
1786362991.075,317.217
1786362991.175,317.1
1786362991.276,317.204
1786362991.376,315.581
1786362991.477,315.568
1786362991.577,315.588
1786362991.677,316.974
1786362991.778,317.017
1786362991.878,316.953
1786362991.979,315.965
1786362992.079,315.982
1786362992.179,316.014
1786362992.280,315.977
1786362992.380,313.654
1786362992.481,315.199
1786362992.581,315.179
1786362992.681,315.198
1786362992.782,315.149
1786362992.882,315.012
1786362992.983,314.985
1786362993.083,315.963
1786362993.184,315.965
1786362993.284,315.383
1786362993.385,315.346
1786362993.485,317.605
1786362993.586,317.651
1786362993.686,317.635
1786362993.787,315.991
1786362993.887,316.076
1786362993.988,316.195
1786362994.088,316.301
1786362994.188,316.384
1786362994.289,316.409
1786362994.390,316.409
1786362994.490,316.912
1786362994.591,317.019
1786362994.691,317.113
1786362994.791,314.733
1786362994.892,314.728
1786362994.992,316.321
1786362995.093,316.268
1786362995.193,316.236
1786362995.294,316.182
1786362995.396,316.068
1786362995.497,315.991
1786362995.598,316.074
1786362995.699,316.029
1786362995.799,315.896
1786362995.900,318.195
1786362996.000,316.722
1786362996.101,316.698
1786362996.201,316.818
1786362996.301,316.823
1786362996.402,316.795
1786362996.502,316.931
1786362996.603,316.989
1786362996.704,316.89
1786362996.804,314.888
1786362996.905,314.765
1786362997.005,314.768
1786362997.106,315.138
1786362997.206,315.089
1786362997.307,314.861
1786362997.407,314.716
1786362997.507,312.853
1786362997.608,312.809
1786362997.708,312.809
1786362997.809,312.701
1786362997.909,312.898
1786362998.010,314.749
1786362998.110,314.769
1786362998.210,314.654
1786362998.311,315.652
1786362998.411,315.583
1786362998.512,315.568
1786362998.612,315.648
1786362998.713,316.912
1786362998.813,315.785
1786362998.913,315.792
1786362999.014,315.477
1786362999.114,315.512
1786362999.215,315.678
1786362999.315,315.731
1786362999.416,315.663
1786362999.516,315.663
1786362999.616,315.753
1786362999.717,315.641
1786362999.817,315.947
1786362999.918,317.1
1786363000.018,317.138
1786363000.119,317.519
1786363000.219,317.544
1786363000.320,317.427
1786363000.420,314.837
1786363000.521,314.975
1786363000.621,315.121
1786363000.722,315.019
1786363000.822,315.12
1786363000.923,315.12
1786363001.023,315.16
1786363001.124,315.208
1786363001.224,315.192
1786363001.325,314.981
1786363001.425,315.139
1786363001.526,315.139
1786363001.626,317.837
1786363001.727,315.652
1786363001.827,315.584
1786363001.928,315.61
1786363002.028,315.495
1786363002.129,315.447
1786363002.229,315.469
1786363002.330,314.554
1786363002.430,312.929
1786363002.531,312.743
1786363002.631,312.94
1786363002.731,312.908
1786363002.832,315.096
1786363002.932,315.112
1786363003.033,315.204
1786363003.134,315.431
1786363003.234,314.18
1786363003.334,313.502
1786363003.435,314.493
1786363003.535,316.177
1786363003.636,316.338
1786363003.736,316.204
1786363003.837,316.474
1786363003.937,316.508
1786363004.038,314.644
1786363004.138,314.647
1786363004.238,314.59
1786363004.339,314.59
1786363004.439,315.899
1786363004.540,316.648
1786363004.640,316.764
1786363004.740,316.68
1786363004.841,316.567
1786363004.941,314.668
1786363005.042,314.432
1786363005.142,314.42
1786363005.243,316.216
1786363005.343,316.209
1786363005.443,316.361
1786363005.544,316.418
1786363005.644,316.415
1786363005.745,314.637
1786363005.845,314.843
1786363005.946,314.749
1786363006.046,316.648
1786363006.147,316.686
1786363006.247,316.824
1786363006.348,317.041
1786363006.448,316.983
1786363006.548,316.914
1786363006.649,316.993
1786363006.750,316.989
1786363006.850,318.776
1786363006.950,318.714
1786363007.051,319.055
1786363007.151,319.151
1786363007.252,319.131
1786363007.352,317.354
1786363007.453,316.267
1786363007.553,316.3
1786363007.654,316.3
1786363007.754,316.145
1786363007.855,316.04
1786363007.955,316.025
1786363008.056,315.829
1786363008.156,314.019
1786363008.257,313.72
1786363008.357,313.651
1786363008.458,313.552
1786363008.558,315.259
1786363008.658,316.562
1786363008.759,316.661
1786363008.859,316.805
1786363008.960,316.875
1786363009.060,316.942
1786363009.161,314.605
1786363009.261,316.226
1786363009.362,316.356
1786363009.462,316.372
1786363009.563,316.379
1786363009.663,316.375
1786363009.764,316.144
1786363009.864,316.037
1786363009.965,315.94
1786363010.065,315.668
1786363010.165,314.503
1786363010.266,316.857
1786363010.366,316.907
1786363010.467,316.85
1786363010.571,316.745
1786363010.675,317.054
1786363010.779,317.09
1786363010.883,315.445
1786363010.985,315.522
1786363011.088,315.574
1786363011.192,316.036
1786363011.296,317.044
1786363011.401,317.069
1786363011.505,317.12
1786363011.605,317.244
1786363011.705,317.34
1786363011.806,317.098
1786363011.907,317.141
1786363012.008,317.141
1786363012.108,317.605
1786363012.208,317.313
1786363012.309,317.326
1786363012.409,317.197
1786363012.510,317.281
1786363012.610,317.366
1786363012.711,316.49
1786363012.811,316.441
1786363012.912,314.842
1786363013.012,314.877
1786363013.113,314.925
1786363013.213,316.22
1786363013.314,315.881
1786363013.415,315.889
1786363013.515,315.921
1786363013.616,315.987
1786363013.717,315.958
1786363013.817,316.935
1786363013.920,316.936
1786363014.022,316.696
1786363012.981,316.508
1786363013.084,316.354
1786363013.186,316.169
1786363013.290,316.694
1786363013.392,316.814
1786363013.496,316.612
1786363013.600,316.488
1786363013.701,316.434
1786363013.801,316.286
1786363013.901,316.205
1786363014.002,317.947
1786363014.102,318.173
1786363014.203,316.481
1786363014.303,316.396
1786363014.405,316.511
1786363014.505,316.326
1786363014.606,316.399
1786363014.706,316.462
1786363014.807,316.462
1786363014.907,316.517
1786363015.008,316.565
1786363015.108,316.649
1786363015.209,315.282
1786363015.309,315.134
1786363015.410,316.847
1786363015.510,316.84
1786363015.611,316.991
1786363015.711,317.041
1786363015.812,317.129
1786363015.912,317.103
1786363016.013,317.077
1786363016.113,317.044
1786363016.214,317.084
1786363016.314,318.371
1786363016.415,318.493
1786363016.515,317.587
1786363016.617,316.968
1786363016.717,315.715
1786363016.819,315.637
1786363016.921,315.54
1786363017.021,315.592
1786363017.123,315.532
1786363017.223,315.625
1786363017.323,315.612
1786363017.424,315.818
1786363017.524,315.905
1786363017.624,315.172
1786363017.725,315.886
1786363017.825,316.932
1786363017.926,316.956
1786363018.026,316.929
1786363018.127,316.865
1786363018.231,316.919
1786363018.331,316.919
1786363018.432,316.839
1786363018.532,316.752
1786363018.634,316.686
1786363018.735,316.745
1786363018.837,318.369
1786363018.938,318.397
1786363019.039,318.515
1786363019.140,318.505
1786363019.240,318.449
1786363019.340,318.469
1786363019.441,318.407
1786363019.541,318.401
1786363019.642,318.333
1786363019.742,318.454
1786363019.843,315.721
1786363019.943,315.635
1786363020.044,315.559
1786363020.144,315.406
1786363020.245,315.371
1786363020.345,315.462
1786363020.446,314.757
1786363020.546,313.214
1786363020.646,313.054
1786363020.747,313.06
1786363020.847,312.848
1786363020.948,315.481
1786363021.048,315.491
1786363021.149,315.497
1786363021.249,315.531
1786363021.350,314.213
1786363021.450,313.563
1786363021.551,312.73
1786363021.651,314.479
1786363021.752,314.479
1786363021.852,314.641
1786363021.952,313.712
1786363022.053,313.614
1786363022.153,313.424
1786363022.253,312.83
1786363022.354,312.765
1786363022.454,312.766
1786363022.554,314.029
1786363022.655,314.647
1786363022.755,316.11
1786363022.856,315.836
1786363022.956,315.734
1786363023.058,314.139
1786363023.162,314.387
1786363023.262,314.437
1786363023.363,314.967
1786363023.463,314.934
1786363023.564,314.903
1786363023.664,315.009
1786363023.765,315.11
1786363023.865,315.156
1786363023.966,315.313
1786363024.066,315.371
1786363024.167,317.961
1786363024.267,317.953
1786363024.367,316.542
1786363024.468,316.671
1786363024.568,316.74
1786363024.669,316.848
1786363024.769,316.878
1786363024.870,316.787
1786363024.970,316.772
1786363025.071,316.772
1786363025.171,316.724
1786363025.272,316.651
1786363025.372,316.641
1786363025.473,315.097
1786363025.573,316.476
1786363025.674,316.424
1786363025.774,316.394
1786363025.874,316.282
1786363025.975,316.355
1786363026.076,316.502
1786363026.176,316.467
1786363026.276,316.401
1786363026.377,316.431
1786363026.478,316.363
1786363026.579,316.083
1786363026.679,316.073
1786363026.780,316.078
1786363026.881,316.057
1786363026.982,315.997
1786363027.082,315.906
1786363027.182,314.757
1786363027.283,312.887
1786363027.383,312.839
1786363027.484,312.873
1786363027.584,312.811
1786363027.685,314.617
1786363027.785,314.59
1786363027.885,313.159
1786363027.986,313.199
1786363028.087,313.462
1786363028.187,313.43
1786363028.288,314.414
1786363028.388,314.414
1786363028.489,316.242
1786363028.589,316.321
1786363028.689,316.329
1786363028.790,316.514
1786363028.890,316.436
1786363028.991,316.573
1786363029.091,318.091
1786363029.192,318.243
1786363029.292,318.173
1786363029.393,318.312
1786363029.493,318.608
1786363029.594,318.661
1786363029.694,318.488
1786363029.795,318.446
1786363029.895,318.462
1786363029.995,318.419
1786363030.096,318.455
1786363030.197,318.209
1786363030.297,318.056
1786363030.397,317.854
1786363030.498,316.114
1786363030.598,315.737
1786363030.699,315.674
1786363030.799,316.053
1786363030.900,316.153
1786363031.000,316.031
1786363031.100,316.071
1786363031.201,314.44
1786363031.301,314.596
1786363031.401,314.568
1786363031.502,314.62
1786363031.602,314.62
1786363031.703,316.117
1786363031.803,316.147
1786363031.904,316.259
1786363032.004,316.036
1786363032.104,315.967
1786363032.205,313.601
1786363032.305,313.57
1786363032.406,314.155
1786363032.506,314.166
1786363032.607,314.193
1786363032.707,314.285
1786363032.808,314.467
1786363032.908,314.575
1786363033.008,314.423
1786363033.109,312.974
1786363033.209,312.983
1786363033.310,315.345
1786363033.410,315.473
1786363033.511,316.443
1786363033.611,316.487
1786363033.712,316.497
1786363033.812,316.59
1786363033.912,314.827
1786363034.013,314.78
1786363034.113,314.964
1786363034.214,316.484
1786363034.314,316.617
1786363034.415,316.738
1786363034.516,316.665
1786363034.616,316.724
1786363034.717,316.838
1786363034.817,316.838
1786363034.918,316.854
1786363035.018,315.436
1786363035.119,317.245
1786363035.219,317.368
1786363035.319,317.367
1786363035.420,317.421
1786363035.521,317.398
1786363035.622,317.316
1786363035.722,317.382
1786363035.822,317.42
1786363035.923,317.316
1786363036.024,315.892
1786363036.124,317.189
1786363036.225,317.136
1786363036.326,317.035
1786363036.426,317.098
1786363036.527,317.096
1786363036.627,316.958
1786363036.728,316.883
1786363036.828,316.677
1786363036.929,316.519
1786363037.029,316.379
1786363037.130,316.216
1786363037.230,316.176
1786363037.331,316.068
1786363037.431,315.97
1786363037.532,314.762
1786363037.632,314.555
1786363037.733,313.13
1786363037.833,313.076
1786363037.934,313.113
1786363038.034,313.113
1786363038.135,313.042
1786363038.236,313.121
1786363038.336,314.61
1786363038.440,314.595
1786363038.544,314.563
1786363038.648,314.504
1786363038.749,315.716
1786363038.851,313.996
1786363038.953,315.351
1786363039.056,315.407
1786363039.160,315.563
1786363039.263,315.681
1786363039.364,315.661
1786363039.464,315.729
1786363039.568,315.835
1786363039.670,315.935
1786363039.772,314.128
1786363039.874,314.044
1786363039.975,315.888
1786363040.079,316.028
1786363040.183,316.089
1786363040.285,316.032
1786363040.388,316.165
1786363040.489,316.23
1786363040.593,316.239
1786363040.694,316.129
1786363040.796,316.23
1786363040.898,318.188
1786363040.999,316.987
1786363041.101,316.768
1786363041.202,316.763
1786363041.304,316.835
1786363041.405,316.908
1786363041.507,316.788
1786363041.608,316.831
1786363041.710,316.859
1786363041.812,314.867
1786363041.913,314.944
1786363042.015,314.955
1786363042.116,316.383
1786363042.219,315.933
1786363042.323,315.9
1786363042.427,315.881
1786363042.529,315.839
1786363042.633,315.834
1786363042.733,314.85
1786363042.837,314.843
1786363042.939,316.923
1786363043.041,316.685
1786363043.144,315.143
1786363043.244,314.86
1786363043.345,315.553
1786363043.449,315.536
1786363043.552,315.551
1786363043.656,315.57
1786363043.756,315.653
1786363043.860,316.573
1786363043.964,316.748
1786363044.067,316.769
1786363044.169,315.168
1786363044.270,316.722
1786363044.372,316.908
1786363044.476,316.908
1786363044.579,317.016
1786363044.683,316.913
1786363044.785,316.82
1786363044.887,316.73
1786363044.989,314.13
1786363045.093,313.899
1786363044.034,313.751
1786363044.135,315.301
1786363044.238,315.312
1786363044.342,315.349
1786363044.444,315.349
1786363044.548,315.311
1786363044.652,315.403
1786363044.756,315.596
1786363044.860,315.66
1786363044.963,315.702
1786363045.067,318.227
1786363045.168,318.372
1786363045.268,316.593
1786363045.372,316.642
1786363045.476,316.599
1786363045.579,316.474
1786363045.683,316.525
1786363045.785,316.359
1786363045.889,316.289
1786363045.992,316.607
1786363046.095,316.744
1786363046.197,316.832
1786363046.298,316.816
1786363046.399,316.983
1786363046.499,317.08
1786363046.599,317.141
1786363046.700,317.12
1786363046.800,315.874
1786363046.904,315.924
1786363047.008,315.936
1786363047.112,315.737
1786363047.214,315.621
1786363047.315,315.639
1786363047.419,313.847
1786363047.523,315.539
1786363047.627,315.506
1786363047.731,315.552
1786363047.835,315.491
1786363047.939,316.792
1786363048.039,316.805
1786363048.143,314.739
1786363048.245,314.629
1786363048.349,314.636
1786363048.453,314.621
1786363048.557,316.357
1786363048.661,316.403
1786363048.764,316.467
1786363048.869,316.417
1786363048.970,316.659
1786363049.074,315.121
1786363049.175,315.091
1786363049.277,317.139
1786363049.381,317.347
1786363049.485,317.478
1786363049.588,317.535
1786363049.692,317.669
1786363049.792,317.768
1786363049.896,317.715
1786363050.000,317.665
1786363050.103,317.53
1786363050.205,318.952
1786363050.306,318.927
1786363050.410,318.963
1786363050.514,318.778
1786363050.614,318.809
1786363050.714,317.05
1786363050.815,316.938
1786363050.918,316.807
1786363051.020,316.253
1786363051.124,316.371
1786363051.226,316.355
1786363051.328,316.459
1786363051.432,316.374
1786363051.536,316.326
1786363051.639,314.202
1786363051.743,313.963
1786363051.845,315.751
1786363051.949,314.628
1786363052.049,314.669
1786363052.153,315.294
1786363052.257,315.283
1786363052.359,315.345
1786363052.463,315.367
1786363052.564,315.555
1786363052.668,315.638
1786363052.772,317.8
1786363052.875,317.878
1786363052.977,316.234
1786363053.078,317.309
1786363053.179,317.208
1786363053.283,317.126
1786363053.385,317.156
1786363053.489,317.038
1786363053.590,316.805
1786363053.692,316.625
1786363053.796,316.45
1786363053.899,316.227
1786363054.003,316.072
1786363054.105,317.487
1786363054.205,317.688
1786363054.309,317.796
1786363054.410,315.926
1786363054.514,316.336
1786363054.616,316.258
1786363054.720,316.391
1786363054.820,316.456
1786363054.921,316.546
1786363055.021,316.546
1786363055.122,316.743
1786363055.223,316.846
1786363055.324,316.919
1786363055.424,316.747
1786363055.525,316.697
1786363055.626,317.089
1786363055.726,316.475
1786363055.827,316.525
1786363055.927,316.736
1786363056.028,316.725
1786363056.128,316.636
1786363056.231,316.607
1786363056.335,316.512
1786363056.436,316.516
1786363056.537,316.525
1786363056.639,316.459
1786363056.743,317.899
1786363056.847,318.048
1786363056.949,316.173
1786363057.053,316.078
1786363057.155,315.152
1786363057.259,315.034
1786363057.363,314.845
1786363057.465,314.934
1786363057.569,315.001
1786363057.673,315.053
1786363057.777,315.091
1786363057.878,315.287
1786363057.982,313.427
1786363058.086,315.218
1786363058.189,315.085
1786363058.291,316.278
1786363058.392,316.461
1786363058.496,316.6
1786363058.600,316.571
1786363058.701,316.492
1786363058.805,316.356
1786363058.907,316.296
1786363059.011,316.068
1786363059.115,317.771
1786363059.219,316.52
1786363059.323,316.468
1786363059.425,316.159
1786363059.529,316.141
1786363059.629,316.337
1786363059.733,316.377
1786363059.837,316.35
1786363059.939,316.4
1786363060.043,316.509
1786363060.144,316.519
1786363060.248,314.768
1786363060.352,316.117
1786363060.454,316.246
1786363060.558,316.301
1786363060.659,316.271
1786363060.763,316.051
1786363060.867,316.076
1786363060.969,314.423
1786363061.073,314.308
1786363061.175,314.255
1786363061.278,314.271
1786363061.382,316.101
1786363061.486,316.056
1786363061.590,315.908
1786363061.692,315.927
1786363061.796,316.008
1786363061.898,316.077
1786363061.999,315.678
1786363062.099,316.198
1786363062.199,316.27
1786363062.300,315.178
1786363062.401,315.216
1786363062.501,315.219
1786363062.602,315.254
1786363062.702,315.331
1786363062.803,315.261
1786363062.903,315.261
1786363063.004,315.176
1786363063.104,315.149
1786363063.205,314.996
1786363063.306,315.232
1786363063.406,315.353
1786363063.507,316.469
1786363063.607,316.54
1786363063.708,316.479
1786363063.808,316.56
1786363063.909,316.499
1786363064.009,314.889
1786363064.109,315.052
1786363064.210,315.06
1786363064.310,315.633
1786363064.411,316.591
1786363064.511,316.516
1786363064.612,316.391
1786363064.712,316.31
1786363064.813,316.416
1786363064.914,316.502
1786363065.014,316.62
1786363065.115,318.272
1786363065.216,318.153
1786363065.316,318.178
1786363065.417,318.199
1786363065.518,318.275
1786363065.619,318.384
1786363065.719,318.547
1786363065.820,317.227
1786363065.921,317.208
1786363066.022,317.002
1786363066.123,316.881
1786363066.223,316.882
1786363066.324,316.882
1786363066.425,316.962
1786363066.525,317.031
1786363066.625,317.0
1786363066.726,314.669
1786363066.827,314.834
1786363066.928,314.756
1786363067.028,316.232
1786363067.129,316.245
1786363067.230,316.341
1786363067.331,316.43
1786363067.431,316.551
1786363067.532,313.406
1786363067.633,313.228
1786363067.734,313.179
1786363067.834,315.412
1786363067.934,315.122
1786363068.035,315.297
1786363068.135,315.202
1786363068.236,315.146
1786363068.337,315.095
1786363068.438,315.114
1786363068.538,313.01
1786363068.639,316.238
1786363068.740,316.332
1786363068.841,316.334
1786363068.942,316.34
1786363069.043,316.396
1786363069.143,316.263
1786363069.244,315.054
1786363069.344,315.137
1786363069.445,315.19
1786363069.546,315.266
1786363069.646,317.346
1786363069.747,317.346
1786363069.847,317.228
1786363069.948,317.255
1786363070.051,317.34
1786363070.155,317.417
1786363070.256,317.382
1786363070.360,317.461
1786363070.464,318.652
1786363070.567,316.612
1786363070.670,316.569
1786363070.773,316.646
1786363070.876,316.475
1786363070.976,316.363
1786363071.079,315.533
1786363071.183,315.288
1786363071.285,315.233
1786363071.386,315.113
1786363071.487,313.631
1786363071.591,313.543
1786363071.694,315.47
1786363071.797,315.342
1786363071.901,315.261
1786363072.002,315.317
1786363072.106,315.25
1786363072.210,315.866
1786363072.313,315.997
1786363072.416,315.967
1786363072.517,314.58
1786363072.621,315.94
1786363072.725,314.794
1786363072.829,314.728
1786363072.933,314.93
1786363073.035,314.751
1786363073.139,314.729
1786363073.240,314.767
1786363073.340,314.887
1786363073.440,314.821
1786363073.541,314.712
1786363073.642,316.097
1786363073.742,314.377
1786363073.843,315.325
1786363073.943,315.351
1786363074.044,315.149
1786363074.144,315.426
1786363074.244,315.374
1786363074.348,315.219
1786363074.451,315.193
1786363074.553,315.134
1786363074.657,315.176
1786363074.761,315.103
1786363074.865,316.736
1786363074.969,316.8
1786363075.073,316.883
1786363075.177,316.861
1786363075.280,316.632
1786363075.384,316.653
1786363075.488,316.761
1786363075.589,315.379
1786363075.691,315.375
1786363075.792,315.388
1786363075.893,315.567
1786363075.994,315.572
1786363076.095,315.766
1786363076.195,315.706
1786363075.139,315.826
1786363075.243,316.041
1786363075.347,316.06
1786363075.450,316.101
1786363075.552,317.46
1786363075.654,316.188
1786363075.758,316.208
1786363075.862,316.12
1786363075.966,316.18
1786363076.069,316.124
1786363076.172,316.083
1786363076.275,316.105
1786363076.379,315.919
1786363076.481,314.423
1786363076.585,314.432
1786363076.689,313.391
1786363076.793,314.77
1786363076.897,314.741
1786363077.001,314.72
1786363077.105,314.684
1786363077.205,313.007
1786363077.309,313.257
1786363077.413,313.165
1786363077.517,313.061
1786363077.619,314.531
1786363077.723,314.443
1786363077.827,315.427
1786363077.931,315.486
1786363078.035,315.516
1786363078.139,315.686
1786363078.242,315.914
1786363078.346,317.57
1786363078.450,317.449
1786363078.554,317.555
1786363078.659,315.617
1786363078.763,315.649
1786363078.867,315.778
1786363078.970,315.895
1786363079.073,315.904
1786363079.177,315.928
1786363079.277,315.802
1786363079.380,315.636
1786363079.484,315.658
1786363079.586,315.565
1786363079.690,315.697
1786363079.790,317.186
1786363079.894,316.856
1786363079.996,316.856
1786363080.099,314.607
1786363080.203,314.571
1786363080.304,314.55
1786363080.408,313.947
1786363080.512,313.829
1786363080.615,314.046
1786363080.719,314.058
1786363080.820,314.11
1786363080.924,311.451
1786363081.028,311.955
1786363081.132,312.24
1786363081.236,314.507
1786363081.337,314.542
1786363081.441,314.513
1786363081.541,315.208
1786363081.645,315.309
1786363081.749,315.01
1786363081.851,314.971
1786363081.955,314.003
1786363082.056,316.478
1786363082.160,316.406
1786363082.264,316.319
1786363082.366,316.173
1786363082.470,314.669
1786363082.571,314.67
1786363082.675,314.582
1786363082.779,314.664
1786363082.882,314.724
1786363082.986,314.732
1786363083.087,315.655
1786363083.191,315.675
1786363083.293,315.97
1786363083.396,314.57
1786363083.500,314.593
1786363083.602,316.11
1786363083.706,316.357
1786363083.810,316.377
1786363083.914,316.323
1786363084.018,316.288
1786363084.122,316.3
1786363084.226,316.287
1786363084.330,316.366
1786363084.434,316.159
1786363084.538,317.77
1786363084.640,317.956
1786363084.744,316.578
1786363084.848,316.357
1786363084.952,316.437
1786363085.056,316.501
1786363085.160,316.614
1786363085.261,316.515
1786363085.362,315.024
1786363085.466,314.815
1786363085.570,314.788
1786363085.674,314.718
1786363085.778,314.702
1786363085.882,316.157
1786363085.986,316.375
1786363086.087,316.391
1786363086.191,314.776
1786363086.295,314.785
1786363086.395,314.929
1786363086.496,316.576
1786363086.597,316.653
1786363086.699,316.679
1786363086.800,316.613
1786363086.901,316.451
1786363087.001,316.166
1786363087.102,314.667
1786363087.203,314.552
1786363087.303,315.991
1786363087.404,314.224
1786363087.505,314.219
1786363087.606,313.959
1786363087.707,313.903
1786363087.807,313.798
1786363087.908,313.845
1786363088.008,313.758
1786363088.109,313.827
1786363088.209,314.93
1786363088.310,314.813
1786363088.411,315.072
1786363088.511,316.711
1786363088.612,316.594
1786363088.713,316.701
1786363088.814,314.436
1786363088.915,314.426
1786363089.015,314.426
1786363089.116,314.425
1786363089.219,314.572
1786363089.323,314.532
1786363089.426,314.668
1786363089.530,314.744
1786363089.632,314.802
1786363089.735,314.801
1786363089.838,312.763
1786363089.939,312.038
1786363090.039,314.274
1786363090.139,314.197
1786363090.240,314.157
1786363090.341,314.13
1786363090.441,314.316
1786363090.542,314.403
1786363090.643,314.217
1786363090.744,312.192
1786363090.844,312.35
1786363090.945,314.394
1786363091.046,315.048
1786363091.147,315.013
1786363091.248,315.065
1786363091.348,315.053
1786363091.449,314.99
1786363091.549,313.591
1786363091.650,313.432
1786363091.751,313.602
1786363091.852,315.376
1786363091.952,315.186
1786363092.053,315.213
1786363092.154,315.464
1786363092.255,315.549
1786363092.356,313.838
1786363092.456,312.876
1786363092.557,312.874
1786363092.658,314.183
1786363092.759,314.212
1786363092.859,314.211
1786363092.960,314.262
1786363093.061,314.262
1786363093.162,314.499
1786363093.263,312.764
1786363093.363,312.681
1786363093.464,312.664
1786363093.565,314.628
1786363093.669,315.634
1786363093.773,315.674
1786363093.877,315.692
1786363093.979,315.647
1786363094.082,315.629
1786363094.183,315.581
1786363094.283,314.63
1786363094.384,316.603
1786363094.484,316.476
1786363094.585,316.47
1786363094.687,314.548
1786363094.791,314.904
1786363094.895,314.168
1786363094.998,314.159
1786363095.102,314.246
1786363095.202,314.306
1786363095.306,314.321
1786363095.408,315.146
1786363095.510,313.437
1786363095.614,313.414
1786363095.715,313.542
1786363095.819,315.379
1786363095.923,315.059
1786363096.026,315.859
1786363096.130,316.127
1786363096.231,316.061
1786363096.335,315.983
1786363096.436,316.095
1786363096.540,316.138
1786363096.644,317.713
1786363096.745,317.881
1786363096.849,317.742
1786363096.952,315.876
1786363097.056,315.798
1786363097.160,315.765
1786363097.262,315.461
1786363097.366,315.35
1786363097.466,315.369
1786363097.570,315.297
1786363097.674,314.16
1786363097.777,313.803
1786363097.881,313.644
1786363097.981,313.748
1786363098.083,315.502
1786363098.187,315.584
1786363098.290,315.623
1786363098.393,314.14
1786363098.494,314.277
1786363098.598,314.179
1786363098.700,314.255
1786363098.801,315.406
1786363098.903,315.689
1786363099.004,315.876
1786363099.106,315.819
1786363099.207,315.822
1786363099.309,315.744
1786363099.414,313.431
1786363099.516,314.828
1786363099.620,314.822
1786363099.724,314.956
1786363099.827,314.224
1786363099.928,314.078
1786363100.030,312.724
1786363100.134,312.505
1786363100.234,312.496
1786363100.338,312.48
1786363100.442,312.472
1786363100.544,314.95
1786363100.648,315.107
1786363100.749,315.11
1786363100.853,315.109
1786363100.957,315.735
1786363101.060,315.796
1786363101.161,315.531
1786363101.262,315.61
1786363101.366,315.705
1786363101.470,315.746
1786363101.571,315.722
1786363101.675,315.488
1786363101.776,315.492
1786363101.880,315.513
1786363101.984,315.542
1786363102.086,314.228
1786363102.190,314.218
1786363102.292,315.894
1786363102.396,315.871
1786363102.500,315.961
1786363102.604,316.109
1786363102.708,316.194
1786363102.810,315.114
1786363102.914,315.209
1786363103.014,315.209
1786363103.118,315.378
1786363103.222,315.398
1786363103.325,316.894
1786363103.427,317.136
1786363103.527,315.642
1786363103.631,315.746
1786363103.735,315.658
1786363103.838,315.578
1786363103.942,315.796
1786363104.044,316.977
1786363104.148,316.909
1786363104.252,316.889
1786363104.352,316.952
1786363104.456,315.386
1786363104.558,314.929
1786363104.662,316.242
1786363104.766,316.137
1786363104.869,316.05
1786363104.973,316.068
1786363105.076,315.901
1786363105.180,315.814
1786363105.280,315.946
1786363105.382,315.847
1786363105.486,314.106
1786363105.588,315.696
1786363105.692,315.96
1786363105.793,316.053
1786363105.897,316.072
1786363105.997,316.119
1786363106.098,315.965
1786363106.198,315.944
1786363106.299,316.034
1786363106.399,315.802
1786363106.499,315.888
1786363106.600,317.595
1786363106.700,317.412
1786363106.801,317.216
1786363106.903,315.387
1786363107.004,315.313
1786363107.106,315.291
1786363107.206,315.404
1786363107.306,315.33
1786363106.248,315.141
1786363106.349,314.791
1786363106.449,313.761
1786363106.550,313.612
1786363106.650,313.522
1786363106.751,313.639
1786363106.851,314.46
1786363106.952,314.448
1786363107.052,314.411
1786363107.153,314.323
1786363107.253,314.371
1786363107.354,314.494
1786363107.455,314.494
1786363107.556,313.148
1786363107.656,314.231
1786363107.758,314.377
1786363107.859,314.71
1786363107.959,314.81
1786363108.062,315.926
1786363108.166,316.042
1786363108.268,316.082
1786363108.372,316.177
1786363108.476,316.316
1786363108.578,316.346
1786363108.682,316.686
1786363108.783,315.719
1786363108.883,315.662
1786363108.984,315.632
1786363109.084,315.692
1786363109.185,315.645
1786363109.285,315.658
1786363109.385,315.702
1786363109.486,315.696
1786363109.586,315.563
1786363109.687,315.576
1786363109.787,317.074
1786363109.888,317.949
1786363109.988,316.172
1786363110.089,316.145
1786363110.189,316.018
1786363110.290,316.167
1786363110.390,316.051
1786363110.490,315.957
1786363110.591,315.899
1786363110.692,315.877
1786363110.793,314.468
1786363110.894,314.407
1786363110.995,314.301
1786363111.096,316.028
1786363111.196,315.777
1786363111.297,315.732
1786363111.397,315.732
1786363111.498,313.843
1786363111.599,313.925
1786363111.700,314.005
1786363111.801,314.078
1786363111.901,314.134
1786363112.002,315.741
1786363112.102,314.744
1786363112.203,314.826
1786363112.303,314.87
1786363112.405,312.741
1786363112.509,312.717
1786363112.613,314.462
1786363112.717,314.414
1786363112.818,314.381
1786363112.918,314.53
1786363113.019,314.441
1786363113.119,314.239
1786363113.220,315.274
1786363113.321,315.237
1786363113.421,315.232
1786363113.522,317.38
1786363113.622,317.52
1786363113.723,316.913
1786363113.824,316.19
1786363113.924,316.162
1786363114.025,316.045
1786363114.125,316.154
1786363114.226,316.238
1786363114.327,316.244
1786363114.427,316.539
1786363114.528,316.441
1786363114.629,316.59
1786363114.729,316.662
1786363114.830,317.309
1786363114.930,318.181
1786363115.031,318.352
1786363115.132,318.397
1786363115.232,318.397
1786363115.333,318.478
1786363115.434,318.509
1786363115.534,317.01
1786363115.635,316.758
1786363115.736,317.007
1786363115.837,317.018
1786363115.937,316.865
1786363116.038,317.063
1786363116.138,317.125
1786363116.239,317.077
1786363116.340,316.995
1786363116.440,315.256
1786363116.541,315.138
1786363116.642,316.643
1786363116.743,316.646
1786363116.843,316.6
1786363116.944,316.577
1786363117.045,316.647
1786363117.145,316.467
1786363117.246,315.444
1786363117.347,315.374
1786363117.447,315.42
1786363117.548,315.681
1786363117.649,315.773
1786363117.749,315.954
1786363117.850,316.041
1786363117.950,316.093
1786363118.054,316.148
1786363118.158,316.3
1786363118.262,316.458
1786363118.363,317.411
1786363118.467,315.916
1786363118.568,315.983
1786363118.669,316.758
1786363118.770,316.759
1786363118.870,316.653
1786363118.971,316.635
1786363119.071,316.635
1786363119.173,316.792
1786363119.277,316.748
1786363119.378,316.689
1786363119.482,316.463
1786363119.586,316.375
1786363119.690,317.925
1786363119.791,317.868
1786363119.892,316.642
1786363119.994,316.535
1786363120.094,316.468
1786363120.195,316.448
1786363120.295,316.258
1786363120.396,316.206
1786363120.496,316.215
1786363120.599,316.284
1786363120.701,316.534
1786363120.805,316.404
1786363120.909,316.398
1786363121.013,318.187
1786363121.117,318.25
1786363121.218,318.28
1786363121.319,318.225
1786363121.420,318.064
1786363121.520,314.3
1786363121.621,311.149
1786363121.722,311.077
1786363121.822,310.804
1786363121.922,310.846
1786363122.024,310.758
1786363122.129,310.767
1786363122.229,310.585
1786363122.333,310.545
1786363122.437,309.579
1786363122.538,309.543
1786363122.643,313.279
1786363122.747,316.191
1786363122.851,316.117
1786363122.955,316.164
1786363123.059,316.269
1786363123.159,314.598
1786363123.259,314.606
1786363123.360,314.719
1786363123.460,314.484
1786363123.561,315.43
1786363123.661,315.564
1786363123.762,315.555
1786363123.862,315.591
1786363123.963,315.545
1786363124.063,315.546
1786363124.164,315.621
1786363124.264,317.253
1786363124.365,317.032
1786363124.465,317.032
1786363124.566,315.654
1786363124.666,315.781
1786363124.766,315.682
1786363124.867,315.531
1786363124.967,315.544
1786363125.068,315.579
1786363125.169,315.659
1786363125.269,315.598
1786363125.370,315.405
1786363125.470,315.606
1786363125.571,315.766
1786363125.672,317.175
1786363125.772,317.201
1786363125.873,317.273
1786363125.973,317.383
1786363126.074,317.372
1786363126.174,317.411
1786363126.275,316.027
1786363126.377,316.068
1786363126.478,316.238
1786363126.580,316.045
1786363126.681,316.05
1786363126.783,316.235
1786363126.883,316.214
1786363126.984,316.243
1786363127.084,314.738
1786363127.185,314.933
1786363127.285,314.945
1786363127.389,316.348
1786363127.493,316.336
1786363127.597,315.083
1786363127.701,315.098
1786363127.801,313.865
1786363127.902,313.686
1786363128.002,313.728
1786363128.102,313.684
1786363128.203,315.331
1786363128.303,315.331
1786363128.404,315.165
1786363128.504,315.03
1786363128.605,315.01
1786363128.705,314.973
1786363128.806,315.337
1786363128.906,315.368
1786363129.006,316.803
1786363129.107,316.814
1786363129.208,316.811
1786363129.308,315.318
1786363129.409,315.432
1786363129.510,315.398
1786363129.610,315.559
1786363129.711,315.667
1786363129.811,315.672
1786363129.912,316.484
1786363130.013,316.644
1786363130.117,316.615
1786363130.217,316.645
1786363130.318,316.739
1786363130.418,318.006
1786363130.519,316.666
1786363130.619,316.766
1786363130.719,316.767
1786363130.820,316.711
1786363130.920,316.806
1786363131.021,317.006
1786363131.121,316.884
1786363131.222,316.833
1786363131.322,316.842
1786363131.422,316.427
1786363131.523,316.737
1786363131.627,317.94
1786363131.731,317.807
1786363131.832,317.84
1786363131.933,317.84
1786363132.034,317.597
1786363132.134,316.195
1786363132.235,315.934
1786363132.335,315.998
1786363132.436,316.055
1786363132.536,316.162
1786363132.637,316.633
1786363132.738,316.631
1786363132.838,315.304
1786363132.939,315.299
1786363133.039,315.215
1786363133.140,315.5
1786363133.240,314.477
1786363133.341,314.601
1786363133.441,314.464
1786363133.542,314.497
1786363133.642,314.296
1786363133.742,314.216
1786363133.843,314.066
1786363133.943,315.266
1786363134.044,315.37
1786363134.144,315.4
1786363134.245,315.342
1786363134.345,317.73
1786363134.445,317.661
1786363134.546,316.307
1786363134.646,316.176
1786363134.747,316.222
1786363134.847,316.289
1786363134.948,316.451
1786363135.049,316.587
1786363135.149,316.587
1786363135.250,316.78
1786363135.350,316.808
1786363135.452,315.07
1786363135.553,314.991
1786363135.654,314.909
1786363135.755,316.372
1786363135.855,316.501
1786363135.956,316.528
1786363136.056,316.519
1786363136.157,316.411
1786363136.257,316.292
1786363136.358,316.016
1786363136.458,316.057
1786363136.559,316.211
1786363136.659,316.199
1786363136.759,316.363
1786363136.860,316.311
1786363136.961,316.282
1786363137.061,316.295
1786363137.161,316.257
1786363137.262,316.339
1786363137.362,316.431
1786363137.463,316.666
1786363137.563,316.575
1786363137.664,318.287
1786363137.764,318.503
1786363137.865,316.858
1786363137.965,316.004
1786363138.066,315.853
1786363138.166,315.755
1786363138.267,315.524
1786363138.367,315.442
1786363137.303,315.442
1786363137.403,315.141
1786363137.504,314.966
1786363137.604,314.247
1786363137.705,312.265
1786363137.805,312.023
1786363137.905,313.408
1786363138.006,314.196
1786363138.106,314.157
1786363138.207,314.032
1786363138.307,314.137
1786363138.408,314.271
1786363138.508,314.504
1786363138.609,314.532
1786363138.709,315.189
1786363138.809,314.937
1786363138.910,314.918
1786363139.010,314.935
1786363139.111,314.914
1786363139.211,314.863
1786363139.312,314.955
1786363139.412,315.012
1786363139.512,314.912
1786363139.613,314.857
1786363139.714,314.712
1786363139.815,314.614
1786363139.917,314.908
1786363140.018,314.993
1786363140.118,315.1
1786363140.219,315.126
1786363140.320,314.462
1786363140.420,314.407
1786363140.520,314.368
1786363140.621,314.368
1786363140.722,312.395
1786363140.823,312.404
1786363140.923,312.407
1786363141.024,312.56
1786363141.124,314.223
1786363141.225,314.16
1786363141.325,314.122
1786363141.426,314.053
1786363141.526,314.841
1786363141.627,314.981
1786363141.727,313.542
1786363141.827,315.524
1786363141.928,315.544
1786363142.028,314.608
1786363142.129,314.526
1786363142.229,314.622
1786363142.330,314.704
1786363142.430,314.691
1786363142.531,314.747
1786363142.631,312.596
1786363142.732,312.482
1786363142.832,313.928
1786363142.932,313.883
1786363143.033,313.89
1786363143.133,315.025
1786363143.234,315.053
1786363143.334,314.999
1786363143.435,315.014
1786363143.535,312.952
1786363143.636,312.994
1786363143.736,315.08
1786363143.836,315.171
1786363143.937,315.171
1786363144.037,315.296
1786363144.138,315.302
1786363144.240,315.374
1786363144.342,313.905
1786363144.443,313.907
1786363144.543,313.962
1786363144.644,313.878
1786363144.744,316.0
1786363144.844,316.153
1786363144.945,316.177
1786363145.045,316.224
1786363145.145,316.126
1786363145.246,316.173
1786363145.346,316.228
1786363145.447,317.582
1786363145.547,317.582
1786363145.648,317.199
1786363145.748,316.395
1786363145.849,316.471
1786363145.949,316.353
1786363146.050,316.341
1786363146.150,316.308
1786363146.251,316.399
1786363146.351,316.432
1786363146.452,316.294
1786363146.552,316.307
1786363146.653,316.31
1786363146.753,316.858
1786363146.854,317.825
1786363146.954,317.637
1786363147.055,316.159
1786363147.155,315.08
1786363147.258,315.155
1786363147.360,315.155
1786363147.460,315.149
1786363147.561,315.185
1786363147.661,314.577
1786363147.762,314.661
1786363147.862,314.751
1786363147.963,314.698
1786363148.063,314.681
1786363148.163,314.815
1786363148.264,316.374
1786363148.366,317.478
1786363148.470,317.462
1786363148.573,317.449
1786363148.674,317.546
1786363148.774,318.253
1786363148.875,318.23
1786363148.975,315.96
1786363149.076,315.862
1786363149.176,315.825
1786363149.277,315.869
1786363149.377,315.714
1786363149.478,315.764
1786363149.578,315.755
1786363149.679,315.73
1786363149.779,315.61
1786363149.880,315.551
1786363149.980,315.741
1786363150.081,317.995
1786363150.181,318.029
1786363150.281,318.023
1786363150.382,317.944
1786363150.482,318.06
1786363150.583,316.032
1786363150.687,315.991
1786363150.787,315.991
1786363150.887,315.97
1786363150.988,315.985
1786363151.088,315.985
1786363151.189,315.739
1786363151.289,315.774
1786363151.390,315.857
1786363151.490,316.06
1786363151.591,316.037
1786363151.691,316.099
1786363151.792,318.12
1786363151.892,316.408
1786363151.993,314.155
1786363152.093,314.1
1786363152.194,314.326
1786363152.294,314.419
1786363152.395,313.499
1786363152.495,313.038
1786363152.596,312.031
1786363152.697,312.343
1786363152.799,312.251
1786363152.899,312.136
1786363153.001,313.859
1786363153.102,314.516
1786363153.204,314.464
1786363153.305,314.251
1786363153.406,314.199
1786363153.507,314.949
1786363153.608,315.359
1786363153.709,316.252
1786363153.811,315.931
1786363153.911,315.915
1786363154.013,315.985
1786363154.114,315.688
1786363154.214,315.688
1786363154.315,316.116
1786363154.416,316.176
1786363154.517,315.997
1786363154.617,315.878
1786363154.718,316.048
1786363154.819,316.085
1786363154.919,315.814
1786363155.020,315.843
1786363155.120,315.788
1786363155.220,315.752
1786363155.322,315.919
1786363155.423,317.062
1786363155.527,316.959
1786363155.631,317.281
1786363155.733,317.324
1786363155.838,315.617
1786363155.939,315.697
1786363156.039,315.79
1786363156.143,315.7
1786363156.247,315.741
1786363156.351,315.685
1786363156.452,315.857
1786363156.556,315.921
1786363156.661,315.971
1786363156.762,315.803
1786363156.864,315.841
1786363156.966,315.773
1786363157.066,315.588
1786363157.167,315.682
1786363157.268,315.791
1786363157.369,315.819
1786363157.471,315.963
1786363157.572,315.13
1786363157.674,314.182
1786363157.775,314.102
1786363157.876,314.003
1786363157.977,313.971
1786363158.078,315.649
1786363158.179,315.673
1786363158.280,315.63
1786363158.381,314.067
1786363158.482,313.972
1786363158.583,313.818
1786363158.683,314.571
1786363158.784,314.571
1786363158.884,315.438
1786363158.985,315.751
1786363159.089,315.866
1786363159.193,315.851
1786363159.297,315.865
1786363159.401,315.877
1786363159.505,315.904
1786363159.606,317.474
1786363159.707,317.596
1786363159.808,317.781
1786363159.908,317.842
1786363160.009,316.519
1786363160.110,316.31
1786363160.210,316.198
1786363160.311,316.315
1786363160.411,316.386
1786363160.513,316.369
1786363160.618,316.297
1786363160.719,316.2
1786363160.824,316.11
1786363160.924,316.036
1786363161.025,315.939
1786363161.125,317.264
1786363161.225,317.325
1786363161.328,316.051
1786363161.432,315.966
1786363161.536,315.869
1786363161.640,315.838
1786363161.743,316.1
1786363161.847,316.14
1786363161.952,316.146
1786363162.056,316.057
1786363162.160,316.058
1786363162.261,316.064
1786363162.363,313.869
1786363162.464,315.203
1786363162.565,315.218
1786363162.667,315.215
1786363162.768,315.189
1786363162.869,314.083
1786363162.970,314.112
1786363163.071,314.184
1786363163.171,314.391
1786363163.272,314.56
1786363163.373,314.696
1786363163.473,316.892
1786363163.574,315.61
1786363163.674,315.587
1786363163.775,315.742
1786363163.879,315.924
1786363163.983,316.888
1786363164.087,317.15
1786363164.190,317.201
1786363164.293,317.236
1786363164.397,317.299
1786363164.501,317.302
1786363164.605,317.221
1786363164.706,317.205
1786363164.810,317.317
1786363164.914,317.327
1786363165.015,317.327
1786363165.117,317.219
1786363165.219,317.177
1786363165.320,317.011
1786363165.422,316.981
1786363165.524,316.982
1786363165.625,316.953
1786363165.727,316.907
1786363165.828,317.117
1786363165.930,318.687
1786363166.031,316.897
1786363166.133,316.75
1786363166.234,316.841
1786363166.336,317.101
1786363166.437,317.143
1786363166.539,317.229
1786363166.640,317.244
1786363166.741,317.169
1786363166.843,315.127
1786363166.944,314.988
1786363167.045,314.757
1786363167.146,316.603
1786363167.248,316.774
1786363167.349,316.834
1786363167.450,316.694
1786363167.554,313.541
1786363167.658,313.487
1786363167.762,313.426
1786363167.866,313.445
1786363167.970,315.659
1786363168.070,314.43
1786363168.171,314.516
1786363168.272,314.356
1786363168.373,314.205
1786363168.477,314.03
1786363168.581,313.898
1786363168.681,316.96
1786363168.785,316.92
1786363168.889,315.013
1786363168.993,314.84
1786363169.097,314.638
1786363169.201,315.801
1786363169.305,315.587
1786363169.406,315.527
1786363169.507,315.564
1786363168.425,315.585
1786363168.526,315.57
1786363168.630,315.699
1786363168.734,315.472
1786363168.838,314.885
1786363168.942,314.965
1786363169.046,314.938
1786363169.148,314.899
1786363169.249,314.995
1786363169.353,314.984
1786363169.457,314.921
1786363169.559,314.915
1786363169.661,315.078
1786363169.762,314.961
1786363169.863,315.165
1786363169.964,317.586
1786363170.065,316.065
1786363170.165,316.034
1786363170.266,316.044
1786363170.370,316.011
1786363170.474,316.008
1786363170.575,315.943
1786363170.676,315.905
1786363170.777,315.905
1786363170.877,315.701
1786363170.978,315.631
1786363171.078,315.553
1786363171.179,314.381
1786363171.279,315.878
1786363171.380,315.891
1786363171.483,315.932
1786363171.587,316.07
1786363171.690,316.109
1786363171.794,316.157
1786363171.897,316.206
1786363171.998,316.277
1786363172.099,315.169
1786363172.199,315.411
1786363172.300,316.56
1786363172.400,314.084
1786363172.501,314.358
1786363172.601,314.304
1786363172.702,314.096
1786363172.806,314.123
1786363172.906,314.077
1786363173.007,314.041
1786363173.110,312.432
1786363173.214,313.473
1786363173.317,313.238
1786363173.421,313.113
1786363173.524,315.617
1786363173.628,315.353
1786363173.732,315.41
1786363173.835,315.774
1786363173.936,315.73
1786363174.039,315.834
1786363174.141,314.434
1786363174.242,316.231
1786363174.344,316.322
1786363174.445,316.285
1786363174.546,316.332
1786363174.647,316.402
1786363174.749,316.426
1786363174.850,316.452
1786363174.951,316.22
1786363175.052,316.186
1786363175.153,316.082
1786363175.254,317.703
1786363175.355,315.707
1786363175.456,315.582
1786363175.556,315.645
1786363175.657,315.964
1786363175.758,315.979
1786363175.859,315.919
1786363175.959,315.857
1786363176.059,315.911
1786363176.160,316.064
1786363176.260,316.152
1786363176.364,315.349
1786363176.464,317.221
1786363176.568,315.322
1786363176.671,315.558
1786363176.775,315.429
1786363176.878,315.401
1786363176.982,315.683
1786363177.085,315.802
1786363177.189,314.653
1786363177.292,314.64
1786363177.396,314.636
1786363177.500,313.856
1786363177.603,313.768
1786363177.707,315.861
1786363177.810,315.669
1786363177.914,315.528
1786363178.017,315.446
1786363178.121,315.24
1786363178.224,315.399
1786363178.328,316.597
1786363178.431,316.405
1786363178.535,314.699
1786363178.638,316.15
1786363178.742,316.221
1786363178.845,316.199
1786363178.949,316.075
1786363179.053,316.104
1786363179.158,316.122
1786363179.261,316.139
1786363179.366,315.963
1786363179.471,315.946
1786363179.575,316.092
1786363179.680,317.98
1786363179.784,316.543
1786363179.889,316.465
1786363179.994,316.456
1786363180.098,316.539
1786363180.203,316.439
1786363180.307,316.423
1786363180.412,316.573
1786363180.516,316.446
1786363180.621,316.379
1786363180.725,314.494
1786363180.830,314.252
1786363180.935,315.569
1786363181.039,315.604
1786363181.144,315.463
1786363181.248,315.493
1786363181.352,314.349
1786363181.457,314.193
1786363181.561,313.984
1786363181.666,314.113
1786363181.771,314.122
1786363181.875,315.977
1786363181.980,315.994
1786363182.084,316.014
1786363182.189,316.037
1786363182.294,316.385
1786363182.398,315.228
1786363182.503,316.468
1786363182.607,315.153
1786363182.712,315.278
1786363182.816,315.198
1786363182.921,315.09
1786363183.026,315.041
1786363183.130,314.958
1786363183.235,314.93
1786363183.339,314.837
1786363183.443,314.682
1786363183.545,315.812
1786363183.648,313.621
1786363183.752,315.06
1786363183.857,314.858
1786363183.962,314.778
1786363184.066,314.762
1786363184.171,314.634
1786363184.275,314.592
1786363184.379,314.542
1786363184.483,314.611
1786363184.587,314.569
1786363184.690,314.531
1786363184.795,314.906
1786363184.899,314.947
1786363185.004,314.861
1786363185.108,314.866
1786363185.213,314.887
1786363185.318,314.896
1786363185.422,315.024
1786363185.524,314.951
1786363185.628,314.825
1786363185.732,314.856
1786363185.837,314.774
1786363185.941,316.491
1786363186.046,315.105
1786363186.150,315.303
1786363186.255,315.376
1786363186.360,314.629
1786363186.464,314.794
1786363186.568,314.759
1786363186.672,314.976
1786363186.776,315.078
1786363186.880,313.827
1786363186.985,313.891
1786363187.089,313.994
1786363187.194,315.422
1786363187.298,315.535
1786363187.402,315.476
1786363187.503,316.205
1786363187.607,315.12
1786363187.711,315.189
1786363187.816,315.125
1786363187.920,315.312
1786363188.024,314.957
1786363188.129,315.054
1786363188.233,315.059
1786363188.337,315.169
1786363188.441,315.068
1786363188.544,315.093
1786363188.647,315.156
1786363188.749,316.316
1786363188.852,316.261
1786363188.956,316.31
1786363189.060,316.102
1786363189.164,316.098
1786363189.269,315.997
1786363189.373,315.935
1786363189.476,315.795
1786363189.579,315.604
1786363189.684,315.957
1786363189.785,315.97
1786363189.889,315.885
1786363189.994,315.981
1786363190.098,315.983
1786363190.202,315.997
1786363190.306,316.203
1786363190.411,316.249
1786363190.512,316.248
1786363190.616,316.177
1786363190.720,316.192
1786363190.822,315.974
1786363190.926,315.957
1786363191.030,316.139
1786363191.135,316.186
1786363191.239,316.174
1786363191.343,316.134
1786363191.448,317.464
1786363191.550,317.483
1786363191.654,317.529
1786363191.758,317.625
1786363191.861,317.591
1786363191.964,315.903
1786363192.069,315.905
1786363192.173,315.803
1786363192.277,315.719
1786363192.382,315.854
1786363192.486,315.967
1786363192.590,315.992
1786363192.694,316.129
1786363192.795,313.26
1786363192.898,313.268
1786363193.002,313.323
1786363193.105,315.075
1786363193.210,315.133
1786363193.311,315.133
1786363193.415,314.995
1786363193.516,315.069
1786363193.620,314.939
1786363193.724,314.779
1786363193.826,314.74
1786363193.929,314.681
1786363194.033,317.638
1786363194.137,317.564
1786363194.242,317.548
1786363194.344,317.515
1786363194.448,315.636
1786363194.549,315.847
1786363194.653,315.752
1786363194.758,315.706
1786363194.861,315.732
1786363194.964,315.745
1786363195.065,315.598
1786363195.169,315.431
1786363195.273,315.389
1786363195.376,315.204
1786363195.480,315.33
1786363195.581,317.165
1786363195.685,315.445
1786363195.789,315.489
1786363195.892,315.482
1786363195.995,315.637
1786363196.097,315.575
1786363196.201,315.568
1786363196.304,315.574
1786363196.404,314.938
1786363196.505,315.051
1786363196.605,314.913
1786363196.706,315.096
1786363196.806,316.718
1786363196.907,316.672
1786363197.007,316.775
1786363197.108,315.023
1786363197.208,314.976
1786363197.309,315.062
1786363197.409,315.088
1786363197.509,315.816
1786363197.610,315.901
1786363197.710,315.968
1786363197.811,315.667
1786363197.911,315.735
1786363198.012,313.527
1786363198.112,313.4
1786363198.213,315.094
1786363198.313,315.115
1786363198.414,315.14
1786363198.514,315.289
1786363198.617,315.278
1786363198.717,315.291
1786363198.821,315.264
1786363198.923,315.461
1786363199.024,313.749
1786363199.125,316.345
1786363199.229,316.377
1786363199.333,316.393
1786363199.435,316.468
1786363199.537,316.362
1786363199.638,316.362
1786363199.742,316.3
1786363199.844,316.221
1786363199.947,316.272
1786363200.048,316.203
1786363200.149,314.887
1786363200.253,316.582
1786363200.357,316.206
1786363200.460,316.211
1786363200.563,316.262
1786363199.477,316.244
1786363199.581,316.25
1786363199.685,316.09
1786363199.788,316.078
1786363199.889,315.89
1786363199.993,315.872
1786363200.097,317.033
1786363200.201,316.902
1786363200.305,316.359
1786363200.409,316.413
1786363200.513,314.037
1786363200.617,314.0
1786363200.720,314.066
1786363200.824,314.216
1786363200.926,314.276
1786363201.030,314.393
1786363201.132,314.385
1786363201.232,314.543
1786363201.333,313.128
1786363201.433,313.606
1786363201.534,313.484
1786363201.634,315.85
1786363201.734,315.867
1786363201.835,315.852
1786363201.935,315.706
1786363202.036,315.088
1786363202.136,315.013
1786363202.237,313.341
1786363202.337,313.12
1786363202.437,314.6
1786363202.538,314.577
1786363202.638,314.802
1786363202.738,314.573
1786363202.839,314.59
1786363202.939,314.497
1786363203.039,314.597
1786363203.140,315.28
1786363203.240,315.397
1786363203.341,317.13
1786363203.441,316.035
1786363203.541,315.933
1786363203.642,316.008
1786363203.742,315.884
1786363203.843,316.002
1786363203.946,316.124
1786363204.050,316.267
1786363204.154,316.263
1786363204.258,316.229
1786363204.362,316.153
1786363204.466,316.12
1786363204.569,317.298
1786363204.673,317.313
1786363204.777,317.341
1786363204.881,315.056
1786363204.985,315.27
1786363205.089,315.166
1786363205.193,314.591
1786363205.297,314.581
1786363205.401,314.588
1786363205.505,314.608
1786363205.606,314.611
1786363205.710,314.688
1786363205.811,314.827
1786363205.915,314.843
1786363206.015,314.843
1786363206.117,317.163
1786363206.220,315.673
1786363206.324,315.63
1786363206.428,316.104
1786363206.532,316.058
1786363206.635,316.163
1786363206.739,316.048
1786363206.840,315.978
1786363206.944,313.831
1786363207.048,313.692
1786363207.152,313.601
1786363207.256,312.354
1786363207.360,313.579
1786363207.464,313.708
1786363207.564,313.633
1786363207.667,313.572
1786363207.771,313.349
1786363207.874,313.444
1786363207.977,312.228
1786363208.081,314.288
1786363208.185,314.278
1786363208.288,314.338
1786363208.392,315.598
1786363208.495,315.724
1786363208.596,315.698
1786363208.698,315.869
1786363208.798,315.976
1786363208.902,316.177
1786363209.006,316.382
1786363209.110,317.765
1786363209.214,317.882
1786363209.318,318.101
1786363209.422,318.139
1786363209.526,318.156
1786363209.628,316.793
1786363209.731,316.882
1786363209.832,316.676
1786363209.933,316.758
1786363210.036,315.063
1786363210.140,315.101
1786363210.244,314.303
1786363210.348,314.274
1786363210.452,314.265
1786363210.556,314.369
1786363210.659,314.326
1786363210.763,315.682
1786363210.867,315.588
1786363210.971,315.831
1786363211.074,315.933
1786363211.178,317.663
1786363211.282,317.534
1786363211.383,318.316
1786363211.487,316.263
1786363211.588,316.219
1786363211.692,316.138
1786363211.792,316.208
1786363211.896,316.11
1786363212.000,316.138
1786363212.104,316.134
1786363212.205,316.019
1786363212.308,314.518
1786363212.412,314.105
1786363212.515,313.737
1786363212.617,315.882
1786363212.720,315.756
1786363212.821,315.87
1786363212.925,315.94
1786363213.028,315.973
1786363213.132,314.464
1786363213.236,314.45
1786363213.340,314.587
1786363213.442,316.114
1786363213.546,316.546
1786363213.650,316.879
1786363213.753,316.786
1786363213.857,316.83
1786363213.961,314.53
1786363214.065,314.424
1786363214.169,314.374
1786363214.273,315.868
1786363214.377,315.834
1786363214.481,315.691
1786363214.584,315.56
1786363214.688,315.438
1786363214.789,315.48
1786363214.892,315.637
1786363214.996,315.676
1786363215.100,317.897
1786363215.204,317.189
1786363215.308,317.34
1786363215.412,316.166
1786363215.516,316.245
1786363215.620,316.272
1786363215.724,316.293
1786363215.828,316.413
1786363215.932,316.495
1786363216.036,316.376
1786363216.140,316.351
1786363216.241,316.39
1786363216.345,317.13
1786363216.449,317.042
1786363216.553,318.091
1786363216.656,318.038
1786363216.760,316.499
1786363216.864,316.453
1786363216.968,316.39
1786363217.072,316.21
1786363217.176,316.104
1786363217.280,316.076
1786363217.384,315.977
1786363217.488,315.613
1786363217.592,314.384
1786363217.696,313.77
1786363217.800,313.812
1786363217.904,315.262
1786363218.008,315.333
1786363218.112,315.278
1786363218.216,315.295
1786363218.316,315.31
1786363218.416,315.243
1786363218.519,315.259
1786363218.623,313.822
1786363218.727,315.04
1786363218.829,315.591
1786363218.933,315.533
1786363219.034,315.726
1786363219.138,315.6
1786363219.242,315.579
1786363219.346,315.527
1786363219.450,315.475
1786363219.554,315.496
1786363219.654,315.459
1786363219.758,315.989
1786363219.862,316.033
1786363219.966,316.107
1786363220.070,316.149
1786363220.174,316.105
1786363220.278,316.116
1786363220.382,316.384
1786363220.486,316.43
1786363220.590,314.664
1786363220.694,314.708
1786363220.797,314.714
1786363220.901,316.037
1786363221.005,315.88
1786363221.109,315.913
1786363221.213,315.84
1786363221.317,315.761
1786363221.421,314.559
1786363221.525,314.298
1786363221.629,314.321
1786363221.733,316.146
1786363221.837,316.145
1786363221.941,316.101
1786363222.045,315.963
1786363222.149,314.667
1786363222.253,314.729
1786363222.357,314.707
1786363222.460,314.621
1786363222.564,315.84
1786363222.668,316.002
1786363222.772,315.972
1786363222.873,314.812
1786363222.974,314.789
1786363223.075,314.835
1786363223.176,314.858
1786363223.280,316.444
1786363223.383,314.724
1786363223.487,314.724
1786363223.590,314.868
1786363223.694,315.129
1786363223.795,314.989
1786363223.899,315.091
1786363224.000,316.317
1786363224.103,316.446
1786363224.204,316.442
1786363224.307,315.079
1786363224.408,314.958
1786363224.512,316.645
1786363224.615,316.609
1786363224.719,316.548
1786363224.820,316.242
1786363224.924,316.303
1786363225.028,316.287
1786363225.132,316.418
1786363225.236,315.634
1786363225.340,315.538
1786363225.440,315.726
1786363225.544,315.528
1786363225.645,315.545
1786363225.749,315.64
1786363225.853,315.534
1786363225.955,315.69
1786363226.056,315.712
1786363226.157,315.72
1786363226.259,315.506
1786363226.360,316.489
1786363226.461,316.63
1786363226.563,317.743
1786363226.664,317.984
1786363226.765,318.067
1786363226.866,318.12
1786363226.967,316.91
1786363227.067,316.891
1786363227.168,316.899
1786363227.269,316.899
1786363227.370,316.901
1786363227.470,316.959
1786363227.571,316.786
1786363227.671,316.697
1786363227.772,316.815
1786363227.875,316.812
1786363227.977,316.934
1786363228.081,315.81
1786363228.182,317.064
1786363228.287,315.844
1786363228.391,315.873
1786363228.495,315.902
1786363228.596,316.017
1786363228.700,315.983
1786363228.804,316.106
1786363228.908,316.211
1786363229.012,316.1
1786363229.116,315.927
1786363229.220,315.282
1786363229.324,315.367
1786363229.428,316.471
1786363229.532,316.545
1786363229.636,316.714
1786363229.738,316.694
1786363229.842,316.779
1786363229.946,316.809
1786363230.050,316.737
1786363230.154,316.878
1786363230.258,315.328
1786363230.362,317.346
1786363230.466,317.402
1786363230.570,317.536
1786363230.674,317.51
1786363230.777,317.337
1786363230.881,317.323
1786363230.985,317.247
1786363231.089,317.246
1786363231.193,317.229
1786363231.297,316.002
1786363231.401,317.603
1786363231.505,317.372
1786363231.609,317.405
1786363230.555,317.458
1786363230.659,317.438
1786363230.763,317.525
1786363230.867,316.402
1786363230.971,316.331
1786363231.075,316.209
1786363231.179,316.179
1786363231.283,317.407
1786363231.387,317.538
1786363231.491,317.594
1786363231.595,317.585
1786363231.699,315.981
1786363231.803,315.851
1786363231.907,315.808
1786363232.011,317.134
1786363232.114,315.982
1786363232.218,316.076
1786363232.322,316.021
1786363232.426,316.004
1786363232.527,315.767
1786363232.629,315.595
1786363232.733,315.549
1786363232.837,317.155
1786363232.938,317.173
1786363233.042,317.135
1786363233.146,315.23
1786363233.250,316.553
1786363233.354,316.433
1786363233.458,316.349
1786363233.562,316.18
1786363233.666,316.184
1786363233.770,316.229
1786363233.874,316.086
1786363233.978,315.839
1786363234.082,315.184
1786363234.186,315.049
1786363234.290,316.704
1786363234.393,315.164
1786363234.497,315.17
1786363234.600,315.311
1786363234.704,315.345
1786363234.808,315.467
1786363234.912,315.392
1786363235.016,315.458
1786363235.120,315.513
1786363235.223,314.551
1786363235.327,314.541
1786363235.431,314.353
1786363235.535,315.65
1786363235.639,315.752
1786363235.742,315.681
1786363235.846,315.623
1786363235.950,313.692
1786363236.054,314.079
1786363236.158,314.009
1786363236.262,313.994
1786363236.366,315.527
1786363236.470,315.5
1786363236.571,315.605
1786363236.675,315.487
1786363236.779,313.893
1786363236.883,313.765
1786363236.987,313.648
1786363237.091,315.455
1786363237.195,315.139
1786363237.299,314.298
1786363237.403,314.35
1786363237.507,314.409
1786363237.611,314.57
1786363237.714,314.601
1786363237.818,314.821
1786363237.922,316.397
1786363238.023,316.796
1786363238.123,315.406
1786363238.224,315.397
1786363238.325,315.361
1786363238.426,316.491
1786363238.526,316.466
1786363238.627,316.455
1786363238.727,316.417
1786363238.828,316.518
1786363238.929,316.565
1786363239.029,316.567
1786363239.130,316.344
1786363239.231,317.924
1786363239.332,316.186
1786363239.432,316.315
1786363239.533,316.131
1786363239.634,316.359
1786363239.735,316.389
1786363239.836,316.461
1786363239.936,316.427
1786363240.037,314.9
1786363240.138,314.834
1786363240.238,314.801
1786363240.339,314.783
1786363240.439,316.479
1786363240.539,316.359
1786363240.640,316.32
1786363240.740,316.15
1786363240.841,316.15
1786363240.941,316.262
1786363241.041,316.324
1786363241.142,316.309
1786363241.243,317.817
1786363241.344,316.305
1786363241.445,316.39
1786363241.546,316.491
1786363241.647,316.644
1786363241.747,316.656
1786363241.848,316.76
1786363241.949,316.752
1786363242.050,316.767
1786363242.150,316.769
1786363242.251,316.848
1786363242.352,316.979
1786363242.453,317.676
1786363242.554,317.656
1786363242.654,316.049
1786363242.755,316.055
1786363242.856,316.146
1786363242.957,316.113
1786363243.057,316.161
1786363243.158,316.163
1786363243.259,316.015
1786363243.359,315.973
1786363243.460,315.947
1786363243.560,316.99
1786363243.661,317.168
1786363243.762,316.621
1786363243.863,316.605
1786363243.964,315.784
1786363244.065,315.727
1786363244.165,315.817
1786363244.266,315.813
1786363244.367,315.813
1786363244.467,315.889
1786363244.568,315.929
1786363244.668,314.576
1786363244.772,314.459
1786363244.876,314.31
1786363244.976,316.502
1786363245.080,316.706
1786363245.182,317.426
1786363245.286,317.543
1786363245.390,315.695
1786363245.494,315.597
1786363245.598,315.561
1786363245.702,315.465
1786363245.802,316.759
1786363245.903,316.77
1786363246.004,316.83
1786363246.104,316.709
1786363246.205,316.493
1786363246.305,316.581
1786363246.405,315.147
1786363246.509,316.905
1786363246.611,316.888
1786363246.715,316.855
1786363246.819,316.835
1786363246.923,317.112
1786363247.027,317.037
1786363247.131,316.937
1786363247.234,314.973
1786363247.338,314.868
1786363247.442,314.785
1786363247.546,316.055
1786363247.650,314.936
1786363247.754,314.936
1786363247.858,315.252
1786363247.962,315.371
1786363248.062,315.181
1786363248.163,315.256
1786363248.264,315.306
1786363248.365,315.648
1786363248.468,315.993
1786363248.569,316.073
1786363248.673,316.202
1786363248.777,317.469
1786363248.881,317.577
1786363248.985,317.252
1786363249.085,317.181
1786363249.187,317.059
1786363249.291,317.109
1786363249.391,317.126
1786363249.494,317.103
1786363249.597,316.878
1786363249.701,316.867
1786363249.805,316.772
1786363249.909,316.67
1786363250.013,316.754
1786363250.113,316.852
1786363250.214,315.18
1786363250.317,315.263
1786363250.421,315.301
1786363250.525,315.41
1786363250.629,317.143
1786363250.733,317.123
1786363250.837,317.091
1786363250.941,317.186
1786363251.041,315.753
1786363251.142,315.572
1786363251.245,315.494
1786363251.349,317.238
1786363251.451,317.125
1786363251.555,316.972
1786363251.656,316.822
1786363251.757,316.767
1786363251.858,316.968
1786363251.959,316.883
1786363252.060,316.76
1786363252.161,316.123
1786363252.261,316.127
1786363252.362,316.06
1786363252.463,315.944
1786363252.563,316.055
1786363252.663,316.171
1786363252.764,316.171
1786363252.864,315.436
1786363252.965,315.474
1786363253.065,315.106
1786363253.166,315.082
1786363253.266,315.156
1786363253.366,317.17
1786363253.467,317.116
1786363253.570,315.296
1786363253.674,315.357
1786363253.778,315.166
1786363253.882,315.088
1786363253.983,315.783
1786363254.087,315.156
1786363254.189,315.216
1786363254.292,315.372
1786363254.395,315.385
1786363254.499,315.356
1786363254.601,315.422
1786363254.705,317.336
1786363254.809,317.598
1786363254.913,317.771
1786363255.016,317.681
1786363255.120,317.682
1786363255.223,316.704
1786363255.327,317.012
1786363255.430,316.989
1786363255.534,317.001
1786363255.638,317.0
1786363255.742,317.062
1786363255.846,317.038
1786363255.948,316.765
1786363256.048,315.316
1786363256.152,315.404
1786363256.256,315.378
1786363256.359,317.053
1786363256.462,316.876
1786363256.562,317.042
1786363256.665,317.007
1786363256.768,317.03
1786363256.871,316.962
1786363256.974,316.884
1786363257.077,316.899
1786363257.181,318.277
1786363257.284,318.293
1786363257.387,318.255
1786363257.491,318.358
1786363257.595,318.227
1786363257.699,318.067
1786363257.803,318.052
1786363257.905,318.055
1786363258.009,315.488
1786363258.113,315.553
1786363258.216,315.562
1786363258.320,315.542
1786363258.420,315.547
1786363258.524,315.61
1786363258.626,315.636
1786363258.729,314.007
1786363258.833,314.057
1786363258.937,314.107
1786363259.041,314.307
1786363259.145,316.93
1786363259.248,316.978
1786363259.352,316.928
1786363259.456,317.034
1786363259.560,315.37
1786363259.664,315.434
1786363259.768,315.319
1786363259.872,317.137
1786363259.976,317.095
1786363260.080,317.111
1786363260.184,316.99
1786363260.286,317.04
1786363260.387,315.568
1786363260.487,315.589
1786363260.588,315.5
1786363260.688,317.116
1786363260.789,317.007
1786363260.890,317.133
1786363260.991,317.117
1786363261.092,317.118
1786363261.192,317.074
1786363261.293,316.961
1786363261.394,316.774
1786363261.494,316.778
1786363261.595,316.858
1786363261.696,316.911
1786363261.797,316.95
1786363261.898,317.067
1786363261.998,316.976
1786363262.099,316.951
1786363262.200,317.03
1786363262.301,317.03
1786363262.402,317.188
1786363262.502,317.281
1786363262.603,317.69
1786363262.704,319.18
1786363261.648,318.994
1786363261.749,318.966
1786363261.849,317.634
1786363261.950,317.554
1786363262.051,316.407
1786363262.151,316.331
1786363262.252,316.247
1786363262.353,316.213
1786363262.453,316.374
1786363262.554,316.094
1786363262.655,314.564
1786363262.756,314.707
1786363262.856,314.244
1786363262.957,315.524
1786363263.058,315.592
1786363263.159,316.641
1786363263.260,316.708
1786363263.360,316.699
1786363263.461,316.729
1786363263.562,316.559
1786363263.663,314.453
1786363263.763,316.037
1786363263.865,316.032
1786363263.965,316.667
1786363264.066,316.789
1786363264.167,316.754
1786363264.268,316.785
1786363264.369,316.834
1786363264.470,316.728
1786363264.570,316.557
1786363264.671,316.557
1786363264.771,316.508
1786363264.872,318.64
1786363264.973,318.646
1786363265.074,318.783
1786363265.174,318.805
1786363265.275,317.185
1786363265.376,317.27
1786363265.476,317.291
1786363265.577,317.444
1786363265.678,317.536
1786363265.782,317.64
1786363265.886,317.599
1786363265.987,317.543
1786363266.091,315.688
1786363266.195,315.452
1786363266.299,315.189
1786363266.403,316.689
1786363266.507,316.627
1786363266.611,316.547
1786363266.714,316.313
1786363266.818,316.32
1786363266.922,316.481
1786363267.026,316.537
1786363267.128,316.472
1786363267.229,315.767
1786363267.332,314.402
1786363267.433,314.257
1786363267.537,314.388
1786363267.641,314.262
1786363267.743,314.16
1786363267.844,314.103
1786363267.948,313.23
1786363268.052,312.979
1786363268.156,313.026
1786363268.257,313.097
1786363268.361,314.014
1786363268.465,315.39
1786363268.569,315.795
1786363268.673,315.573
1786363268.777,315.597
1786363268.881,315.704
1786363268.985,315.599
1786363269.087,315.08
1786363269.191,315.108
1786363269.295,315.093
1786363269.399,315.055
1786363269.503,316.524
1786363269.607,316.63
1786363269.711,316.426
1786363269.815,316.699
1786363269.919,316.847
1786363270.023,316.983
1786363270.125,317.42
1786363270.229,318.84
1786363270.333,318.942
1786363270.437,319.0
1786363270.540,317.628
1786363270.644,317.82
1786363270.748,317.897
1786363270.852,317.934
1786363270.956,317.706
1786363271.060,317.619
1786363271.164,317.493
1786363271.268,317.22
1786363271.372,317.178
1786363271.474,316.937
1786363271.578,316.79
1786363271.682,318.363
1786363271.786,316.668
1786363271.889,316.529
1786363271.993,316.46
1786363272.097,316.569
1786363272.201,316.783
1786363272.304,316.853
1786363272.408,315.913
1786363272.510,315.84
1786363272.614,315.899
1786363272.718,315.964
1786363272.819,315.953
1786363272.920,317.601
1786363273.024,315.944
1786363273.128,315.994
1786363273.232,315.917
1786363273.336,315.863
1786363273.437,315.715
1786363273.537,316.563
1786363273.638,316.622
1786363273.738,316.639
1786363273.838,316.633
1786363273.939,316.319
1786363274.039,316.227
1786363274.140,317.791
1786363274.240,317.975
1786363274.341,318.009
1786363274.441,317.772
1786363274.542,316.021
1786363274.642,316.007
1786363274.742,315.954
1786363274.843,315.89
1786363274.943,315.844
1786363275.044,315.844
1786363275.144,315.94
1786363275.245,315.924
1786363275.345,314.798
1786363275.446,314.568
1786363275.546,314.635
1786363275.647,314.771
1786363275.750,316.536
1786363275.854,316.579
1786363275.955,316.651
1786363276.055,316.724
1786363276.156,316.99
1786363276.256,317.014
1786363276.356,317.079
1786363276.457,318.335
1786363276.557,318.409
1786363276.658,318.33
1786363276.758,318.242
1786363276.858,316.874
1786363276.959,316.928
1786363277.059,316.902
1786363277.159,316.842
1786363277.260,316.537
1786363277.360,316.441
1786363277.460,316.363
1786363277.561,316.199
1786363277.662,315.384
1786363277.762,315.324
1786363277.862,315.314
1786363277.963,316.685
1786363278.063,316.628
1786363278.164,316.658
1786363278.264,316.902
1786363278.365,315.376
1786363278.465,315.376
1786363278.565,315.49
1786363278.666,315.532
1786363278.766,315.866
1786363278.867,316.566
1786363278.967,316.552
1786363279.068,316.52
1786363279.168,316.554
1786363279.268,314.347
1786363279.369,314.335
1786363279.469,314.073
1786363279.569,315.625
1786363279.670,315.527
1786363279.770,315.503
1786363279.871,315.396
1786363279.971,315.388
1786363280.072,315.414
1786363280.172,313.534
1786363280.273,313.876
1786363280.373,316.063
1786363280.473,316.023
1786363280.574,316.075
1786363280.674,316.045
1786363280.774,316.049
1786363280.875,315.975
1786363280.978,314.553
1786363281.082,314.557
1786363281.185,314.5
1786363281.289,316.429
1786363281.390,316.254
1786363281.490,316.299
1786363281.590,316.349
1786363281.691,316.388
1786363281.791,316.291
1786363281.892,316.434
1786363281.992,316.434
1786363282.093,315.1
1786363282.193,316.431
1786363282.294,316.322
1786363282.394,316.164
1786363282.494,316.052
1786363282.595,315.845
1786363282.695,316.008
1786363282.796,315.429
1786363282.896,314.496
1786363282.996,314.635
1786363283.097,314.623
1786363283.197,316.123
1786363283.298,316.085
1786363283.398,316.252
1786363283.499,316.4
1786363283.599,316.458
1786363283.700,314.05
1786363283.800,313.78
1786363283.901,314.466
1786363284.001,315.402
1786363284.102,315.477
1786363284.202,315.419
1786363284.302,315.488
1786363284.403,315.525
1786363284.503,315.509
1786363284.604,315.596
1786363284.704,315.657
1786363284.805,318.098
1786363284.905,318.206
1786363285.006,315.989
1786363285.106,316.042
1786363285.207,316.042
1786363285.307,316.053
1786363285.409,315.991
1786363285.509,315.841
1786363285.609,315.833
1786363285.710,315.902
1786363285.810,316.027
1786363285.911,316.183
1786363286.011,316.232
1786363286.112,316.34
1786363286.212,318.479
1786363286.313,317.066
1786363286.413,317.017
1786363286.513,317.078
1786363286.614,317.033
1786363286.714,317.073
1786363286.815,317.022
1786363286.915,317.069
1786363287.017,315.527
1786363287.117,315.496
1786363287.218,315.341
1786363287.319,315.39
1786363287.419,316.774
1786363287.519,316.75
1786363287.620,315.069
1786363287.720,315.221
1786363287.822,315.155
1786363287.923,315.243
1786363288.024,314.292
1786363288.126,315.845
1786363288.226,315.932
1786363288.327,314.14
1786363288.427,314.556
1786363288.528,314.559
1786363288.629,314.559
1786363288.730,314.657
1786363288.830,316.359
1786363288.931,316.377
1786363289.031,316.494
1786363289.132,316.467
1786363289.232,315.838
1786363289.332,315.629
1786363289.433,315.613
1786363289.533,317.552
1786363289.634,317.023
1786363289.735,316.995
1786363289.836,316.904
1786363289.936,317.088
1786363290.036,316.957
1786363290.137,315.257
1786363290.237,315.178
1786363290.338,316.833
1786363290.439,316.788
1786363290.539,316.782
1786363290.639,316.66
1786363290.740,316.612
1786363290.844,316.627
1786363290.945,316.569
1786363291.045,316.409
1786363291.146,316.281
1786363291.246,318.096
1786363291.346,318.002
1786363291.447,317.775
1786363291.550,317.832
1786363291.653,315.534
1786363291.757,315.533
1786363291.861,315.568
1786363291.965,315.536
1786363292.069,315.517
1786363292.173,315.498
1786363292.277,315.482
1786363292.381,315.415
1786363292.485,315.452
1786363292.589,315.368
1786363292.689,315.186
1786363292.791,315.577
1786363292.892,314.853
1786363292.992,314.831
1786363293.093,314.905
1786363293.193,314.905
1786363293.293,314.037
1786363293.394,313.969
1786363293.494,314.077
1786363293.595,313.782
1786363293.695,313.905
1786363293.796,313.914
1786363292.733,312.663
1786363292.833,314.509
1786363292.934,315.077
1786363293.034,314.987
1786363293.135,314.895
1786363293.235,315.797
1786363293.336,315.731
1786363293.436,315.933
1786363293.536,316.068
1786363293.637,315.976
1786363293.737,315.941
1786363293.838,317.344
1786363293.938,317.189
1786363294.039,317.34
1786363294.139,317.534
1786363294.240,315.322
1786363294.340,315.415
1786363294.441,315.492
1786363294.541,315.491
1786363294.641,315.527
1786363294.742,315.534
1786363294.842,315.641
1786363294.943,315.75
1786363295.043,314.655
1786363295.144,314.613
1786363295.244,314.613
1786363295.345,314.401
1786363295.445,316.57
1786363295.545,316.5
1786363295.646,316.527
1786363295.746,316.473
1786363295.847,316.435
1786363295.947,316.418
1786363296.047,316.376
1786363296.148,316.511
1786363296.249,315.653
1786363296.351,315.663
1786363296.452,315.686
1786363296.553,315.968
1786363296.653,315.886
1786363296.753,315.902
1786363296.854,315.776
1786363296.955,313.95
1786363297.056,314.032
1786363297.158,314.047
1786363297.259,312.82
1786363297.360,314.906
1786363297.461,314.948
1786363297.561,314.977
1786363297.661,314.876
1786363297.762,314.991
1786363297.862,315.045
1786363297.967,312.814
1786363298.067,314.615
1786363298.168,314.504
1786363298.268,314.488
1786363298.369,315.531
1786363298.469,315.561
1786363298.569,315.645
1786363298.670,315.736
1786363298.770,315.736
1786363298.871,315.608
1786363298.971,315.539
1786363299.072,315.58
1786363299.172,317.735
1786363299.272,317.783
1786363299.373,317.801
1786363299.473,316.518
1786363299.574,316.381
1786363299.674,316.417
1786363299.775,316.286
1786363299.875,316.273
1786363299.976,316.248
1786363300.077,316.382
1786363300.177,316.225
1786363300.278,314.05
1786363300.378,314.213
1786363300.478,314.318
1786363300.579,315.877
1786363300.679,316.007
1786363300.779,315.994
1786363300.880,316.081
1786363300.981,316.045
1786363301.081,316.146
1786363301.181,316.077
1786363301.282,316.208
1786363301.382,316.76
1786363301.483,316.514
1786363301.583,316.493
1786363301.684,315.554
1786363301.784,315.674
1786363301.885,315.856
1786363301.985,315.856
1786363302.086,315.841
1786363302.186,315.877
1786363302.286,314.273
1786363302.387,314.489
1786363302.487,313.141
1786363302.588,314.942
1786363302.688,315.086
1786363302.789,315.102
1786363302.889,315.844
1786363302.990,315.835
1786363303.090,315.857
1786363303.191,315.917
1786363303.291,315.979
1786363303.392,317.634
1786363303.492,315.373
1786363303.593,316.882
1786363303.693,316.654
1786363303.794,316.638
1786363303.894,316.602
1786363303.994,316.54
1786363304.095,316.37
1786363304.196,314.156
1786363304.296,314.097
1786363304.396,314.067
1786363304.497,313.986
1786363304.597,316.035
1786363304.698,315.737
1786363304.798,315.865
1786363304.899,315.902
1786363304.999,314.088
1786363305.100,314.1
1786363305.200,314.1
1786363305.300,314.189
1786363305.401,316.081
1786363305.501,316.072
1786363305.602,316.219
1786363305.702,316.199
1786363305.803,314.687
1786363305.903,314.686
1786363306.004,314.739
1786363306.108,314.71
1786363306.212,316.333
1786363306.312,316.265
1786363306.413,316.264
1786363306.513,316.44
1786363306.613,316.292
1786363306.714,315.967
1786363306.814,314.428
1786363306.915,315.967
1786363307.015,315.964
1786363307.116,315.897
1786363307.216,315.857
1786363307.317,315.959
1786363307.417,316.229
1786363307.518,316.2
1786363307.618,315.068
1786363307.718,315.159
1786363307.819,315.34
1786363307.919,315.442
1786363308.020,315.284
1786363308.120,315.241
1786363308.221,315.322
1786363308.321,315.272
1786363308.421,315.374
1786363308.522,315.119
1786363308.622,315.119
1786363308.722,313.233
1786363308.823,314.712
1786363308.923,314.668
1786363309.024,314.611
1786363309.124,316.036
1786363309.225,316.115
1786363309.325,316.289
1786363309.426,316.27
1786363309.526,316.324
1786363309.627,316.307
1786363309.727,316.543
1786363309.827,318.543
1786363309.928,318.033
1786363310.028,318.113
1786363310.129,316.972
1786363310.229,316.879
1786363310.330,316.826
1786363310.430,316.771
1786363310.531,316.797
1786363310.631,316.722
1786363310.735,316.696
1786363310.839,316.322
1786363310.940,316.291
1786363311.040,316.303
1786363311.141,316.462
1786363311.241,317.585
1786363311.341,317.729
1786363311.442,316.557
1786363311.542,316.521
1786363311.643,316.136
1786363311.743,315.748
1786363311.844,315.78
1786363311.944,315.991
1786363312.048,315.974
1786363312.149,315.974
1786363312.249,316.025
1786363312.350,314.356
1786363312.454,314.333
1786363312.554,314.303
1786363312.655,315.563
1786363312.755,315.697
1786363312.856,315.087
1786363312.956,315.504
1786363313.056,315.488
1786363313.157,315.51
1786363313.257,315.486
1786363313.358,315.515
1786363313.458,315.436
1786363313.559,315.497
1786363313.659,315.516
1786363313.760,315.58
1786363313.860,315.635
1786363313.960,316.583
1786363314.061,316.679
1786363314.161,316.727
1786363314.262,314.995
1786363314.362,315.415
1786363314.463,315.41
1786363314.563,316.998
1786363314.664,317.004
1786363314.764,317.005
1786363314.865,316.955
1786363314.965,316.827
1786363315.066,316.871
1786363315.166,315.173
1786363315.266,315.128
1786363315.367,316.825
1786363315.467,316.825
1786363315.568,316.385
1786363315.668,316.339
1786363315.768,316.657
1786363315.869,316.76
1786363315.969,316.815
1786363316.070,316.905
1786363316.170,314.804
1786363316.271,314.864
1786363316.371,316.662
1786363316.472,316.767
1786363316.572,316.818
1786363316.673,316.894
1786363316.773,317.008
1786363316.873,316.75
1786363316.974,316.714
1786363317.074,316.652
1786363317.175,318.239
1786363317.275,317.126
1786363317.375,317.02
1786363317.476,316.837
1786363317.576,316.811
1786363317.677,316.675
1786363317.777,316.764
1786363317.878,316.706
1786363317.978,315.61
1786363318.079,315.503
1786363318.179,315.451
1786363318.280,315.947
1786363318.381,315.587
1786363318.483,315.562
1786363318.585,315.682
1786363318.687,315.661
1786363318.788,315.775
1786363318.890,315.775
1786363318.992,315.765
1786363319.095,315.841
1786363319.197,316.995
1786363319.298,315.16
1786363319.399,315.144
1786363319.501,315.318
1786363319.603,316.641
1786363319.705,316.742
1786363319.807,316.583
1786363319.909,316.6
1786363320.012,315.248
1786363320.114,315.114
1786363320.217,314.995
1786363320.319,315.002
1786363320.419,316.905
1786363320.522,316.947
1786363320.623,316.79
1786363320.724,316.073
1786363320.825,315.448
1786363320.926,315.444
1786363321.028,315.335
1786363321.129,316.768
1786363321.230,316.358
1786363321.331,316.485
1786363321.432,316.432
1786363321.533,316.392
1786363321.634,316.566
1786363321.735,315.792
1786363321.836,316.49
1786363321.937,315.101
1786363322.038,315.288
1786363322.138,315.355
1786363322.238,315.535
1786363322.339,315.923
1786363322.439,315.794
1786363322.540,315.76
1786363322.640,315.911
1786363322.741,315.781
1786363322.842,316.541
1786363322.942,316.511
1786363323.043,318.804
1786363323.143,318.804
1786363323.243,317.749
1786363323.344,317.696
1786363323.445,317.473
1786363323.545,317.479
1786363323.647,317.496
1786363323.750,317.423
1786363323.852,317.407
1786363323.955,317.403
1786363324.056,317.362
1786363324.160,317.312
1786363324.264,317.387
1786363324.366,318.38
1786363324.469,318.316
1786363324.570,318.173
1786363324.674,318.085
1786363324.778,318.03
1786363324.880,317.992
1786363323.817,317.971
1786363323.920,317.852
1786363324.024,317.844
1786363324.128,317.926
1786363324.232,317.794
1786363324.336,317.739
1786363324.440,317.836
1786363324.544,317.845
1786363324.648,317.902
1786363324.749,317.021
1786363324.853,316.447
1786363324.954,316.306
1786363325.056,314.626
1786363325.157,314.505
1786363325.257,314.441
1786363325.358,314.385
1786363325.458,314.377
1786363325.559,314.277
1786363325.659,313.749
1786363325.759,313.693
1786363325.860,314.698
1786363325.960,315.4
1786363326.061,315.47
1786363326.161,315.649
1786363326.261,315.801
1786363326.363,315.589
1786363326.463,315.47
1786363326.564,315.432
1786363326.665,315.457
1786363326.766,316.275
1786363326.867,316.354
1786363326.967,313.774
1786363327.068,313.765
1786363327.168,313.707
1786363327.269,314.092
1786363327.370,314.092
1786363327.470,314.035
1786363327.571,314.193
1786363327.671,314.536
1786363327.772,314.51
1786363327.872,312.977
1786363327.972,312.741
1786363328.073,312.975
1786363328.173,315.433
1786363328.273,315.459
1786363328.374,315.432
1786363328.474,316.615
1786363328.574,315.398
1786363328.674,315.244
1786363328.775,315.019
1786363328.875,315.0
1786363328.976,316.595
1786363329.077,316.608
1786363329.177,316.25
1786363329.278,316.459
1786363329.378,314.646
1786363329.478,314.802
1786363329.579,314.953
1786363329.679,316.096
1786363329.779,316.253
1786363329.880,316.26
1786363329.980,316.299
1786363330.080,316.235
1786363330.181,316.146
1786363330.281,316.258
1786363330.382,316.008
1786363330.482,316.008
1786363330.582,315.579
1786363330.683,315.582
1786363330.783,315.44
1786363330.884,315.501
1786363330.984,315.492
1786363331.085,315.488
1786363331.185,315.545
1786363331.285,315.541
1786363331.386,315.683
1786363331.486,315.624
1786363331.587,314.501
1786363331.687,316.725
1786363331.788,316.674
1786363331.888,316.655
1786363331.988,316.634
1786363332.089,316.974
1786363332.189,317.058
1786363332.290,317.112
1786363332.390,317.268
1786363332.491,316.138
1786363332.591,314.51
1786363332.692,315.734
1786363332.792,315.699
1786363332.893,315.72
1786363332.993,315.725
1786363333.093,315.754
1786363333.195,315.425
1786363333.296,314.021
1786363333.398,313.825
1786363333.498,313.697
1786363333.598,314.8
1786363333.699,314.8
1786363333.799,316.705
1786363333.900,316.69
1786363334.000,316.738
1786363334.100,316.641
1786363334.201,316.601
1786363334.302,316.681
1786363334.402,316.662
1786363334.502,318.041
1786363334.603,318.257
1786363334.703,318.229
1786363334.804,318.266
1786363334.904,318.192
1786363335.004,318.254
1786363335.105,318.151
1786363335.205,318.234
1786363335.306,318.361
1786363335.406,316.935
1786363335.507,316.661
1786363335.607,316.642
1786363335.708,316.542
1786363335.808,316.563
1786363335.908,316.55
1786363336.009,316.51
1786363336.109,316.511
1786363336.210,316.809
1786363336.310,316.897
1786363336.411,315.354
1786363336.512,316.617
1786363336.612,317.131
1786363336.712,317.158
1786363336.813,317.145
1786363336.913,317.145
1786363337.013,317.216
1786363337.114,317.222
1786363337.214,317.164
1786363337.314,315.813
1786363337.415,315.741
1786363337.516,315.639
1786363337.616,317.169
1786363337.717,316.176
1786363337.817,315.923
1786363337.917,316.086
1786363338.018,316.096
1786363338.118,316.073
1786363338.218,315.921
1786363338.319,315.898
1786363338.420,315.104
1786363338.520,315.029
1786363338.621,315.002
1786363338.722,315.001
1786363338.822,316.087
1786363338.923,316.168
1786363339.023,315.936
1786363339.124,316.147
1786363339.224,314.687
1786363339.324,314.842
1786363339.426,314.886
1786363339.530,317.002
1786363339.632,317.214
1786363339.732,317.279
1786363339.833,317.297
1786363339.934,317.443
1786363340.035,317.41
1786363340.135,317.496
1786363340.235,316.034
1786363340.336,316.034
1786363340.436,317.439
1786363340.537,317.476
1786363340.637,316.725
1786363340.738,316.717
1786363340.838,316.431
1786363340.939,316.631
1786363341.039,316.549
1786363341.139,316.407
1786363341.240,316.331
1786363341.340,316.196
1786363341.441,316.085
1786363341.541,316.095
1786363341.641,316.009
1786363341.742,316.633
1786363341.842,316.568
1786363341.943,316.597
1786363342.043,316.144
1786363342.144,316.275
1786363342.244,316.253
1786363342.345,316.31
1786363342.445,316.394
1786363342.545,317.771
1786363342.646,317.845
1786363342.746,316.312
1786363342.847,315.268
1786363342.947,315.271
1786363343.048,315.421
1786363343.148,315.591
1786363343.248,315.475
1786363343.349,315.453
1786363343.450,315.453
1786363343.550,315.422
1786363343.650,315.461
1786363343.751,315.461
1786363343.851,315.354
1786363343.952,316.928
1786363344.052,316.773
1786363344.152,316.836
1786363344.256,316.617
1786363344.360,316.508
1786363344.464,316.717
1786363344.568,316.673
1786363344.672,316.726
1786363344.775,316.602
1786363344.879,316.69
1786363344.983,316.685
1786363345.087,316.657
1786363345.189,317.934
1786363345.293,317.919
1786363345.393,318.112
1786363345.498,315.807
1786363345.602,315.845
1786363345.705,315.847
1786363345.809,315.899
1786363345.913,316.027
1786363346.017,315.943
1786363346.122,316.003
1786363346.223,315.982
1786363346.327,315.946
1786363346.432,315.958
1786363346.534,316.034
1786363346.636,316.729
1786363346.740,316.618
1786363346.844,316.784
1786363346.945,316.887
1786363347.049,316.881
1786363347.150,316.854
1786363347.253,316.893
1786363347.354,316.89
1786363347.454,316.949
1786363347.554,316.974
1786363347.655,314.243
1786363347.756,316.097
1786363347.856,316.008
1786363347.956,315.979
1786363348.057,314.893
1786363348.157,314.865
1786363348.258,314.862
1786363348.358,314.945
1786363348.459,314.982
1786363348.559,314.92
1786363348.659,315.097
1786363348.760,317.643
1786363348.860,317.552
1786363348.961,315.48
1786363349.061,315.385
1786363349.161,316.263
1786363349.262,316.263
1786363349.362,316.231
1786363349.463,316.258
1786363349.563,316.22
1786363349.663,316.359
1786363349.765,314.07
1786363349.865,313.982
1786363349.965,314.017
1786363350.066,313.936
1786363350.166,316.172
1786363350.267,316.213
1786363350.367,316.171
1786363350.467,316.122
1786363350.568,315.283
1786363350.668,315.296
1786363350.769,315.157
1786363350.869,317.544
1786363350.970,317.587
1786363351.070,317.581
1786363351.171,317.646
1786363351.271,315.766
1786363351.371,315.941
1786363351.472,316.141
1786363351.572,316.208
1786363351.673,317.069
1786363351.773,316.962
1786363351.873,316.942
1786363351.974,316.888
1786363352.074,316.74
1786363352.175,316.678
1786363352.275,316.764
1786363352.376,318.504
1786363352.476,318.504
1786363352.577,318.354
1786363352.677,316.803
1786363352.778,316.796
1786363352.878,316.777
1786363352.979,316.85
1786363353.079,317.11
1786363353.179,317.159
1786363353.280,315.849
1786363353.380,315.728
1786363353.481,313.93
1786363353.581,313.844
1786363353.682,313.724
1786363353.782,315.239
1786363353.882,315.302
1786363353.983,315.383
1786363354.083,315.432
1786363354.184,315.217
1786363354.285,315.319
1786363354.385,316.778
1786363354.486,316.956
1786363354.586,318.705
1786363354.687,318.711
1786363354.787,317.331
1786363354.888,317.307
1786363354.988,317.296
1786363355.089,317.338
1786363355.189,317.399
1786363355.291,317.403
1786363355.393,317.386
1786363355.494,317.3
1786363355.594,315.019
1786363355.695,315.076
1786363355.795,315.076
1786363355.896,315.107
1786363355.997,316.818
1786363354.926,316.698
1786363355.027,316.674
1786363355.131,316.629
1786363355.235,316.629
1786363355.339,316.727
1786363355.443,316.723
1786363355.544,316.727
1786363355.646,319.082
1786363355.750,319.105
1786363355.850,317.568
1786363355.951,317.421
1786363356.051,317.655
1786363356.151,317.713
1786363356.252,317.8
1786363356.352,317.77
1786363356.452,317.911
1786363356.553,317.894
1786363356.653,317.964
1786363356.753,317.894
1786363356.853,317.847
1786363356.954,317.921
1786363357.054,317.815
1786363357.154,317.659
1786363357.255,317.117
1786363357.355,316.932
1786363357.455,316.889
1786363357.556,316.582
1786363357.656,315.187
1786363357.756,315.023
1786363357.857,314.963
1786363357.957,314.862
1786363358.058,316.406
1786363358.158,316.618
1786363358.258,316.613
1786363358.359,316.613
1786363358.459,315.313
1786363358.560,315.611
1786363358.660,315.547
1786363358.761,315.54
1786363358.865,316.845
1786363358.969,316.92
1786363359.073,316.935
1786363359.176,316.974
1786363359.276,314.82
1786363359.377,314.721
1786363359.477,314.669
1786363359.578,316.374
1786363359.678,316.259
1786363359.778,316.341
1786363359.879,316.393
1786363359.979,316.43
1786363360.080,314.592
1786363360.180,314.484
1786363360.281,314.498
1786363360.381,316.562
1786363360.481,316.397
1786363360.582,316.482
1786363360.682,316.471
1786363360.782,316.177
1786363360.883,316.152
1786363360.983,316.233
1786363361.084,316.053
1786363361.184,317.806
1786363361.285,317.945
1786363361.385,317.967
1786363361.486,317.986
1786363361.586,315.852
1786363361.686,315.811
1786363361.787,315.832
1786363361.887,316.008
1786363361.988,316.008
1786363362.088,315.987
1786363362.189,316.026
1786363362.289,316.108
1786363362.393,316.165
1786363362.496,314.959
1786363362.600,314.86
1786363362.701,313.217
1786363362.801,315.357
1786363362.902,315.335
1786363363.002,315.332
1786363363.103,315.312
1786363363.203,315.264
1786363363.307,315.343
1786363363.411,315.348
1786363363.515,315.392
1786363363.619,316.532
1786363363.721,316.687
1786363363.823,316.814
1786363363.925,317.068
1786363364.027,317.084
1786363364.128,317.128
1786363364.230,317.03
1786363364.332,317.049
1786363364.433,316.817
1786363364.534,316.84
1786363364.634,315.515
1786363364.734,315.503
1786363364.835,315.416
1786363364.935,316.891
1786363365.036,316.846
1786363365.137,316.92
1786363365.239,316.876
1786363365.341,315.068
1786363365.442,315.177
1786363365.544,315.122
1786363365.645,315.114
1786363365.746,316.274
1786363365.848,316.357
1786363365.949,316.387
1786363366.050,316.414
1786363366.150,316.19
1786363366.251,316.05
1786363366.353,316.021
1786363366.454,318.081
1786363366.554,318.081
1786363366.655,317.959
1786363366.756,317.897
1786363366.857,317.748
1786363366.957,315.941
1786363367.058,315.729
1786363367.158,315.593
1786363367.258,315.514
1786363367.362,315.566
1786363367.466,315.647
1786363367.570,315.708
1786363367.674,315.542
1786363367.775,314.875
1786363367.875,313.35
1786363367.976,313.863
1786363368.076,315.722
1786363368.176,315.865
1786363368.277,315.973
1786363368.377,316.034
1786363368.478,315.938
1786363368.579,315.801
1786363368.679,315.891
1786363368.780,314.216
1786363368.880,314.829
1786363368.981,316.441
1786363369.081,315.873
1786363369.182,315.948
1786363369.282,316.092
1786363369.383,315.744
1786363369.483,315.678
1786363369.583,315.725
1786363369.684,315.685
1786363369.784,315.547
1786363369.885,317.156
1786363369.985,317.264
1786363370.086,317.264
1786363370.186,317.312
1786363370.287,317.513
1786363370.387,317.623
1786363370.488,317.417
1786363370.588,317.806
1786363370.689,317.89
1786363370.789,317.88
1786363370.889,317.943
1786363370.990,315.999
1786363371.092,315.914
1786363371.194,315.853
1786363371.297,315.881
1786363371.400,315.785
1786363371.502,315.562
1786363371.606,315.442
1786363371.707,315.468
1786363371.811,315.557
1786363371.912,313.758
1786363372.013,313.775
1786363372.113,315.636
1786363372.214,315.78
1786363372.315,315.708
1786363372.415,315.599
1786363372.516,315.602
1786363372.616,315.602
1786363372.717,315.676
1786363372.817,315.497
1786363372.921,314.456
1786363373.025,316.341
1786363373.126,316.369
1786363373.227,316.455
1786363373.331,314.24
1786363373.435,314.263
1786363373.538,314.251
1786363373.643,314.345
1786363373.744,314.375
1786363373.849,314.479
1786363373.953,314.536
1786363374.057,315.571
1786363374.161,315.689
1786363374.263,315.722
1786363374.367,315.794
1786363374.467,317.979
1786363374.569,318.103
1786363374.671,318.159
1786363374.772,318.104
1786363374.874,315.919
1786363374.974,315.863
1786363375.076,315.775
1786363375.177,315.775
1786363375.279,315.52
1786363375.381,315.308
1786363375.481,315.467
1786363375.583,315.307
1786363375.684,315.391
1786363375.786,315.261
1786363375.888,315.178
1786363375.989,315.164
1786363376.089,315.733
1786363376.190,315.839
1786363376.290,315.864
1786363376.391,316.034
1786363376.491,316.045
1786363376.592,315.882
1786363376.692,316.111
1786363376.793,316.058
1786363376.893,314.681
1786363376.994,314.7
1786363377.095,314.955
1786363377.199,316.635
1786363377.301,316.566
1786363377.403,316.622
1786363377.504,316.493
1786363377.604,316.522
1786363377.705,316.443
1786363377.805,316.211
1786363377.906,316.109
1786363378.006,317.502
1786363378.107,316.34
1786363378.207,314.791
1786363378.308,314.687
1786363378.408,314.609
1786363378.509,314.527
1786363378.609,314.527
1786363378.709,314.546
1786363378.810,314.415
1786363378.910,314.483
1786363379.011,314.85
1786363379.111,314.844
1786363379.211,313.436
1786363379.312,314.689
1786363379.412,315.452
1786363379.513,315.554
1786363379.613,315.585
1786363379.714,315.719
1786363379.814,315.83
1786363379.915,316.004
1786363380.015,315.992
1786363380.115,315.81
1786363380.216,315.871
1786363380.316,315.457
1786363380.417,315.456
1786363380.517,316.211
1786363380.618,316.096
1786363380.718,316.08
1786363380.820,316.026
1786363380.922,315.905
1786363381.024,315.813
1786363381.124,315.766
1786363381.226,312.76
1786363381.328,312.849
1786363381.430,314.644
1786363381.532,314.845
1786363381.634,314.641
1786363381.736,314.684
1786363381.839,314.68
1786363381.941,314.612
1786363382.043,314.631
1786363382.144,314.668
1786363382.244,314.705
1786363382.345,314.705
1786363382.445,317.648
1786363382.546,317.56
1786363382.648,317.74
1786363382.749,317.554
1786363382.851,315.785
1786363382.952,316.204
1786363383.052,316.235
1786363383.153,316.291
1786363383.253,316.372
1786363383.354,315.353
1786363383.454,315.453
1786363383.555,315.493
1786363383.655,315.616
1786363383.756,315.728
1786363383.856,313.615
1786363383.957,315.507
1786363384.057,315.199
1786363384.157,315.43
1786363384.258,315.527
1786363384.358,315.6
1786363384.458,315.932
1786363384.559,315.818
1786363384.659,315.862
1786363384.760,314.169
1786363384.860,313.913
1786363384.961,316.05
1786363385.061,315.982
1786363385.162,315.974
1786363385.262,315.89
1786363385.362,315.9
1786363385.463,313.936
1786363385.564,314.617
1786363385.664,314.617
1786363385.764,314.735
1786363385.865,314.636
1786363385.965,316.261
1786363386.066,316.473
1786363386.166,316.343
1786363386.267,316.319
1786363386.371,316.296
1786363386.475,316.246
1786363386.578,316.249
1786363386.679,316.65
1786363386.779,316.471
1786363386.879,316.443
1786363386.980,316.424
1786363387.081,316.328
1786363385.991,316.183
1786363386.092,316.248
1786363386.196,316.334
1786363386.300,316.3
1786363386.400,314.367
1786363386.501,314.284
1786363386.601,315.763
1786363386.702,316.118
1786363386.802,316.129
1786363386.903,316.193
1786363387.006,316.285
1786363387.111,316.315
1786363387.215,316.31
1786363387.319,315.055
1786363387.423,315.078
1786363387.526,317.159
1786363387.630,317.266
1786363387.734,317.3
1786363387.838,315.357
1786363387.941,315.273
1786363388.045,315.279
1786363388.149,315.305
1786363388.252,314.589
1786363388.356,314.592
1786363388.460,315.778
1786363388.563,315.769
1786363388.666,315.572
1786363388.770,313.436
1786363388.874,313.52
1786363388.976,315.383
1786363389.080,315.412
1786363389.184,315.638
1786363389.287,315.613
1786363389.388,316.327
1786363389.488,316.344
1786363389.589,316.345
1786363389.689,316.38
1786363389.789,316.399
1786363389.890,318.487
1786363389.991,318.377
1786363390.091,318.367
1786363390.192,318.397
1786363390.292,318.071
1786363390.393,318.266
1786363390.494,318.251
1786363390.594,318.333
1786363390.699,316.148
1786363390.802,316.096
1786363390.906,315.976
1786363391.010,315.857
1786363391.111,315.798
1786363391.215,315.815
1786363391.318,315.722
1786363391.422,315.748
1786363391.526,315.482
1786363391.629,315.558
1786363391.733,315.461
1786363391.837,315.739
1786363391.940,315.847
1786363392.044,315.947
1786363392.148,316.021
1786363392.251,315.963
1786363392.355,315.822
1786363392.459,312.809
1786363392.562,312.725
1786363392.666,312.73
1786363392.769,312.584
1786363392.873,312.781
1786363392.977,314.523
1786363393.080,314.331
1786363393.184,314.344
1786363393.288,314.316
1786363393.391,312.191
1786363393.495,312.243
1786363393.597,315.332
1786363393.700,315.447
1786363393.803,315.482
1786363393.907,315.674
1786363394.011,315.402
1786363394.114,315.551
1786363394.218,315.668
1786363394.319,315.583
1786363394.422,315.596
1786363394.525,316.489
1786363394.628,316.521
1786363394.732,316.482
1786363394.833,316.508
1786363394.934,316.481
1786363395.038,316.248
1786363395.141,316.301
1786363395.245,316.473
1786363395.347,316.431
1786363395.450,316.429
1786363395.553,314.785
1786363395.654,316.313
1786363395.757,316.269
1786363395.862,316.251
1786363395.966,316.181
1786363396.071,316.165
1786363396.175,316.183
1786363396.280,316.186
1786363396.384,315.964
1786363396.488,315.857
1786363396.592,314.353
1786363396.696,315.932
1786363396.801,315.729
1786363396.901,315.729
1786363397.005,315.773
1786363397.110,315.981
1786363397.214,316.136
1786363397.315,316.122
1786363397.420,316.097
1786363397.525,314.934
1786363397.629,314.998
1786363397.733,313.945
1786363397.838,315.417
1786363397.942,315.496
1786363398.047,315.479
1786363398.152,315.629
1786363398.256,315.36
1786363398.359,315.241
1786363398.464,315.292
1786363398.568,315.282
1786363398.673,316.521
1786363398.778,316.529
1786363398.882,317.692
1786363398.985,317.784
1786363399.090,317.875
1786363399.194,318.036
1786363399.299,317.897
1786363399.404,318.022
1786363399.508,316.065
1786363399.609,316.474
1786363399.714,316.587
1786363399.815,316.574
1786363399.917,316.659
1786363400.022,316.794
1786363400.126,316.727
1786363400.231,316.647
1786363400.332,316.71
1786363400.437,316.604
1786363400.542,316.534
1786363400.643,318.603
1786363400.747,318.438
1786363400.852,316.778
1786363400.953,316.814
1786363401.058,316.771
1786363401.161,316.844
1786363401.266,316.973
1786363401.369,317.053
1786363401.474,316.821
1786363401.578,316.994
1786363401.680,317.106
1786363401.785,317.088
1786363401.885,316.875
1786363401.986,318.564
1786363402.086,318.531
1786363402.188,316.62
1786363402.289,316.481
1786363402.389,316.521
1786363402.490,316.56
1786363402.590,316.707
1786363402.691,316.751
1786363402.791,316.939
1786363402.892,315.663
1786363402.992,315.803
1786363403.093,315.82
1786363403.197,315.73
1786363403.302,317.613
1786363403.406,317.603
1786363403.511,317.632
1786363403.612,316.035
1786363403.712,315.992
1786363403.812,315.925
1786363403.913,315.718
1786363404.013,317.067
1786363404.114,317.097
1786363404.214,317.072
1786363404.315,317.171
1786363404.415,317.171
1786363404.516,315.501
1786363404.619,315.604
1786363404.723,315.693
1786363404.827,317.181
1786363404.932,317.243
1786363405.034,317.257
1786363405.137,317.329
1786363405.242,317.311
1786363405.346,317.2
1786363405.450,315.295
1786363405.555,315.337
1786363405.659,317.142
1786363405.763,317.075
1786363405.868,316.929
1786363405.972,316.921
1786363406.076,316.782
1786363406.180,316.798
1786363406.285,317.03
1786363406.389,317.042
1786363406.494,317.042
1786363406.598,319.01
1786363406.702,318.908
1786363406.807,318.753
1786363406.911,318.69
1786363407.015,318.702
1786363407.120,317.932
1786363407.224,317.352
1786363407.329,317.271
1786363407.433,317.075
1786363407.537,316.91
1786363407.642,316.847
1786363407.746,316.755
1786363407.851,316.796
1786363407.955,317.09
1786363408.059,315.896
1786363408.164,314.356
1786363408.267,314.907
1786363408.372,314.875
1786363408.476,314.662
1786363408.580,314.727
1786363408.685,314.985
1786363408.789,314.893
1786363408.893,314.875
1786363408.998,314.68
1786363409.102,314.497
1786363409.203,314.497
1786363409.307,314.305
1786363409.411,316.383
1786363409.515,316.491
1786363409.620,316.454
1786363409.724,316.397
1786363409.829,316.105
1786363409.933,316.291
1786363410.037,316.292
1786363410.139,316.292
1786363410.243,316.397
1786363410.343,316.409
1786363410.444,315.926
1786363410.544,316.468
1786363410.645,316.483
1786363410.745,316.562
1786363410.846,316.631
1786363410.948,316.666
1786363411.051,316.519
1786363411.154,316.419
1786363411.258,316.419
1786363411.358,316.58
1786363411.459,316.676
1786363411.559,318.474
1786363411.660,318.255
1786363411.760,318.303
1786363411.861,318.402
1786363411.961,318.413
1786363412.061,318.429
1786363412.162,318.671
1786363412.262,318.872
1786363412.363,316.668
1786363412.463,316.499
1786363412.564,316.385
1786363412.668,316.395
1786363412.772,316.301
1786363412.876,316.204
1786363412.976,316.08
1786363413.077,316.091
1786363413.179,314.744
1786363413.283,313.586
1786363413.387,313.543
1786363413.491,315.774
1786363413.595,315.756
1786363413.696,315.784
1786363413.800,315.799
1786363413.901,315.863
1786363414.001,315.906
1786363414.104,315.924
1786363414.208,315.871
1786363414.312,317.325
1786363414.413,316.723
1786363414.516,316.766
1786363414.617,316.802
1786363414.721,317.054
1786363414.825,317.064
1786363414.925,317.083
1786363415.025,317.075
1786363415.129,317.06
1786363415.230,315.66
1786363415.331,315.73
1786363415.431,315.73
1786363415.535,315.685
1786363415.639,317.422
1786363415.743,317.286
1786363415.847,317.29
1786363415.951,317.035
1786363416.051,317.058
1786363416.153,317.215
1786363416.257,317.258
1786363416.359,317.309
1786363416.460,318.818
1786363416.563,317.49
1786363416.665,317.485
1786363416.769,317.524
1786363416.873,317.489
1786363416.974,317.453
1786363417.078,317.438
1786363417.181,317.535
1786363417.285,317.397
1786363417.388,317.374
1786363417.492,317.41
1786363417.594,315.311
1786363417.695,316.745
1786363417.795,316.738
1786363417.895,316.858
1786363417.996,316.934
1786363418.096,316.931
1786363416.985,316.313
1786363417.087,316.149
1786363417.188,316.122
1786363417.288,315.282
1786363417.389,313.39
1786363417.489,315.634
1786363417.590,315.66
1786363417.690,315.68
1786363417.792,315.498
1786363417.896,315.44
1786363417.998,315.55
1786363418.102,316.177
1786363418.206,316.287
1786363418.306,315.15
1786363418.410,315.885
1786363418.512,317.701
1786363418.616,317.539
1786363418.720,317.548
1786363418.823,317.59
1786363418.927,317.548
1786363419.029,317.592
1786363419.131,317.537
1786363419.235,317.824
1786363419.339,317.923
1786363419.443,319.159
1786363419.543,319.163
1786363419.646,317.068
1786363419.747,316.884
1786363419.850,316.749
1786363419.954,316.722
1786363420.056,316.805
1786363420.159,316.869
1786363420.259,316.861
1786363420.360,316.68
1786363420.460,316.719
1786363420.561,316.79
1786363420.661,316.969
1786363420.762,319.13
1786363420.862,317.767
1786363420.962,317.713
1786363421.063,317.713
1786363421.163,317.933
1786363421.264,317.996
1786363421.364,317.936
1786363421.465,317.865
1786363421.565,317.812
1786363421.665,316.082
1786363421.766,316.26
1786363421.866,316.22
1786363421.967,316.248
1786363422.067,317.8
1786363422.167,317.958
1786363422.268,317.689
1786363422.368,317.685
1786363422.469,315.066
1786363422.569,315.278
1786363422.670,315.378
1786363422.770,317.035
1786363422.871,316.812
1786363422.971,316.941
1786363423.071,317.164
1786363423.172,317.229
1786363423.272,317.168
1786363423.373,315.038
1786363423.473,315.012
1786363423.574,317.669
1786363423.674,317.578
1786363423.774,317.484
1786363423.875,317.585
1786363423.978,317.553
1786363424.081,316.026
1786363424.185,315.751
1786363424.288,315.696
1786363424.392,315.707
1786363424.495,317.897
1786363424.599,317.822
1786363424.703,317.613
1786363424.807,317.528
1786363424.910,317.753
1786363425.011,317.602
1786363425.111,315.876
1786363425.212,315.876
1786363425.313,317.274
1786363425.414,317.348
1786363425.514,317.178
1786363425.615,317.161
1786363425.715,317.101
1786363425.816,317.084
1786363425.916,317.194
1786363426.017,316.015
1786363426.117,315.665
1786363426.217,315.656
1786363426.318,317.331
1786363426.418,317.24
1786363426.518,317.081
1786363426.618,316.929
1786363426.719,317.066
1786363426.819,317.026
1786363426.919,317.108
1786363427.020,313.736
1786363427.121,314.895
1786363427.221,314.742
1786363427.321,314.648
1786363427.422,314.64
1786363427.522,314.591
1786363427.623,313.502
1786363427.723,313.738
1786363427.824,313.558
1786363427.924,313.591
1786363428.024,313.668
1786363428.125,314.731
1786363428.225,314.703
1786363428.326,314.896
1786363428.426,314.896
1786363428.527,314.881
1786363428.627,314.907
1786363428.727,314.808
1786363428.828,315.886
1786363428.929,315.894
1786363429.029,315.861
1786363429.129,316.028
1786363429.230,315.904
1786363429.330,318.154
1786363429.430,318.169
1786363429.532,316.403
1786363429.633,316.417
1786363429.734,316.3
1786363429.836,316.417
1786363429.937,316.423
1786363430.039,316.427
1786363430.141,316.45
1786363430.242,316.271
1786363430.344,316.394
1786363430.446,316.468
1786363430.548,316.512
1786363430.649,316.78
1786363430.751,316.994
1786363430.852,317.005
1786363430.954,316.976
1786363431.056,317.005
1786363431.157,317.021
1786363431.259,317.031
1786363431.361,317.031
1786363431.463,316.861
1786363431.564,316.791
1786363431.666,316.861
1786363431.766,318.534
1786363431.868,318.334
1786363431.970,318.334
1786363432.071,318.357
1786363432.173,318.392
1786363432.274,316.104
1786363432.376,316.045
1786363432.477,315.971
1786363432.579,315.963
1786363432.680,316.024
1786363432.780,316.024
1786363432.881,316.162
1786363432.981,314.958
1786363433.082,314.995
1786363433.182,315.08
1786363433.282,315.195
1786363433.383,315.158
1786363433.483,315.906
1786363433.585,315.997
1786363433.687,316.138
1786363433.787,316.15
1786363433.888,316.15
1786363433.988,316.12
1786363434.088,317.395
1786363434.189,317.429
1786363434.289,317.577
1786363434.390,316.005
1786363434.490,316.245
1786363434.590,317.898
1786363434.691,317.963
1786363434.791,318.025
1786363434.892,318.065
1786363434.992,318.065
1786363435.093,317.979
1786363435.193,317.887
1786363435.294,317.935
1786363435.394,317.707
1786363435.494,319.294
1786363435.595,319.01
1786363435.695,319.031
1786363435.796,317.402
1786363435.896,317.336
1786363435.997,317.336
1786363436.097,317.42
1786363436.198,317.446
1786363436.298,317.517
1786363436.399,317.531
1786363436.499,317.43
1786363436.600,317.518
1786363436.700,317.499
1786363436.800,317.632
1786363436.901,317.631
1786363437.001,316.181
1786363437.102,316.154
1786363437.202,316.156
1786363437.302,316.417
1786363437.403,316.313
1786363437.503,316.261
1786363437.604,316.42
1786363437.704,316.413
1786363437.807,314.13
1786363437.907,314.064
1786363438.008,313.949
1786363438.108,315.966
1786363438.209,315.915
1786363438.309,316.063
1786363438.410,315.85
1786363438.510,315.79
1786363438.610,314.168
1786363438.711,314.093
1786363438.811,314.34
1786363438.912,316.669
1786363439.012,316.754
1786363439.113,316.779
1786363439.213,317.787
1786363439.314,317.787
1786363439.414,317.891
1786363439.514,317.644
1786363439.615,317.586
1786363439.715,316.527
1786363439.816,317.721
1786363439.916,317.665
1786363440.017,317.535
1786363440.118,317.515
1786363440.218,317.474
1786363440.318,317.433
1786363440.419,317.472
1786363440.520,317.429
1786363440.620,317.49
1786363440.721,317.498
1786363440.821,317.348
1786363440.922,317.768
1786363441.022,317.869
1786363441.123,317.264
1786363441.223,317.116
1786363441.324,317.067
1786363441.424,317.134
1786363441.525,315.669
1786363441.625,315.78
1786363441.726,313.945
1786363441.826,313.923
1786363441.927,315.021
1786363442.027,314.448
1786363442.128,314.297
1786363442.228,314.713
1786363442.328,314.786
1786363442.429,314.629
1786363442.529,314.629
1786363442.630,314.503
1786363442.730,315.915
1786363442.831,315.8
1786363442.931,315.343
1786363443.032,315.501
1786363443.132,315.672
1786363443.233,316.259
1786363443.334,315.191
1786363443.436,315.174
1786363443.537,314.925
1786363443.638,315.035
1786363443.739,315.088
1786363443.839,315.261
1786363443.940,312.767
1786363444.040,314.969
1786363444.140,314.685
1786363444.240,314.605
1786363444.341,314.516
1786363444.441,315.656
1786363444.542,315.662
1786363444.646,315.892
1786363444.749,315.802
1786363444.853,314.072
1786363444.957,313.816
1786363445.061,316.245
1786363445.164,316.32
1786363445.268,316.427
1786363445.372,316.56
1786363445.476,316.563
1786363445.580,316.549
1786363445.684,316.57
1786363445.784,315.106
1786363445.888,315.147
1786363445.992,316.882
1786363446.095,316.875
1786363446.196,316.853
1786363446.296,316.758
1786363446.397,316.7
1786363446.497,316.549
1786363446.600,316.464
1786363446.703,316.619
1786363446.806,316.597
1786363446.909,317.998
1786363447.012,317.31
1786363447.113,316.009
1786363447.216,315.971
1786363447.319,315.905
1786363447.422,315.879
1786363447.526,315.835
1786363447.629,315.809
1786363447.733,315.821
1786363447.836,315.797
1786363447.940,315.753
1786363448.044,315.784
1786363448.146,316.528
1786363448.250,317.79
1786363448.353,317.863
1786363448.457,316.801
1786363448.561,317.051
1786363448.665,317.102
1786363448.769,317.162
1786363448.873,317.172
1786363448.974,316.961
1786363449.075,315.609
1786363449.177,315.571
1786363448.113,315.528
1786363448.217,315.487
1786363448.317,315.463
1786363448.418,315.463
1786363448.518,316.636
1786363448.619,316.348
1786363448.722,316.321
1786363448.826,314.905
1786363448.930,314.909
1786363449.034,314.882
1786363449.138,316.304
1786363449.242,316.487
1786363449.346,316.528
1786363449.449,316.508
1786363449.553,316.437
1786363449.657,316.419
1786363449.762,316.424
1786363449.866,314.969
1786363449.967,316.366
1786363450.071,316.466
1786363450.172,316.592
1786363450.272,316.601
1786363450.372,316.53
1786363450.473,316.563
1786363450.573,316.777
1786363450.673,317.127
1786363450.774,317.239
1786363450.874,317.467
1786363450.975,318.991
1786363451.075,317.462
1786363451.175,317.631
1786363451.276,317.656
1786363451.376,317.537
1786363451.477,317.48
1786363451.577,317.533
1786363451.678,317.51
1786363451.778,317.338
1786363451.879,317.148
1786363451.979,316.926
1786363452.080,317.032
1786363452.180,318.508
1786363452.281,316.965
1786363452.381,316.961
1786363452.481,316.175
1786363452.582,316.36
1786363452.682,316.448
1786363452.783,316.38
1786363452.883,316.364
1786363452.984,316.582
1786363453.084,316.582
1786363453.185,316.796
1786363453.285,316.781
1786363453.386,316.897
1786363453.487,315.789
1786363453.587,315.869
1786363453.688,316.825
1786363453.788,316.923
1786363453.889,316.88
1786363453.989,316.874
1786363454.089,316.982
1786363454.190,316.929
1786363454.290,316.91
1786363454.391,316.982
1786363454.491,316.961
1786363454.591,318.423
1786363454.692,318.109
1786363454.792,318.049
1786363454.893,317.891
1786363454.993,317.856
1786363455.094,317.869
1786363455.194,317.705
1786363455.295,317.698
1786363455.395,317.632
1786363455.495,316.211
1786363455.596,316.201
1786363455.696,317.237
1786363455.797,316.955
1786363455.897,317.041
1786363455.997,317.026
1786363456.102,317.076
1786363456.204,317.192
1786363456.308,317.276
1786363456.412,317.364
1786363456.516,317.461
1786363456.617,318.857
1786363456.719,319.019
1786363456.823,318.515
1786363456.924,318.515
1786363457.025,318.212
1786363457.126,318.209
1786363457.226,318.236
1786363457.327,318.189
1786363457.427,318.032
1786363457.527,318.026
1786363457.628,318.145
1786363457.729,317.101
1786363457.829,316.98
1786363457.929,316.937
1786363458.030,317.481
1786363458.133,318.314
1786363458.237,318.208
1786363458.341,318.039
1786363458.444,318.27
1786363458.547,316.633
1786363458.647,316.436
1786363458.751,316.347
1786363458.855,317.172
1786363458.959,317.136
1786363459.063,316.992
1786363459.167,316.821
1786363459.271,316.733
1786363459.375,316.815
1786363459.479,315.441
1786363459.583,315.19
1786363459.684,316.822
1786363459.784,316.995
1786363459.885,316.775
1786363459.987,316.879
1786363460.089,316.795
1786363460.191,316.826
1786363460.293,316.868
1786363460.395,314.666
1786363460.497,314.567
1786363460.600,316.031
1786363460.702,315.969
1786363460.804,315.966
1786363460.906,315.963
1786363461.008,315.979
1786363461.110,315.907
1786363461.213,316.177
1786363461.315,316.208
1786363461.417,314.539
1786363461.520,316.793
1786363461.620,317.011
1786363461.723,316.814
1786363461.825,316.803
1786363461.927,316.81
1786363462.030,316.701
1786363462.132,316.648
1786363462.235,316.734
1786363462.337,316.473
1786363462.440,316.407
1786363462.542,318.252
1786363462.643,318.27
1786363462.744,318.097
1786363462.847,317.208
1786363462.950,317.235
1786363463.052,317.214
1786363463.155,317.312
1786363463.256,317.643
1786363463.359,317.625
1786363463.462,317.779
1786363463.564,317.779
1786363463.664,317.784
1786363463.765,317.689
1786363463.868,317.668
1786363463.971,317.763
1786363464.074,318.853
1786363464.177,318.919
1786363464.279,316.857
1786363464.382,316.935
1786363464.483,316.829
1786363464.583,316.839
1786363464.683,316.876
1786363464.784,316.885
1786363464.884,316.864
1786363464.985,316.828
1786363465.085,316.718
1786363465.186,316.696
1786363465.286,316.682
1786363465.387,318.782
1786363465.487,317.106
1786363465.588,317.033
1786363465.688,317.02
1786363465.788,316.419
1786363465.889,316.429
1786363465.991,316.395
1786363466.093,316.374
1786363466.195,316.481
1786363466.296,316.508
1786363466.398,316.47
1786363466.500,316.598
1786363466.600,318.288
1786363466.701,318.365
1786363466.801,318.452
1786363466.902,319.04
1786363467.002,319.054
1786363467.102,319.07
1786363467.203,319.222
1786363467.303,317.551
1786363467.404,317.642
1786363467.504,317.642
1786363467.605,317.672
1786363467.707,317.586
1786363467.811,317.546
1786363467.911,317.506
1786363468.012,317.437
1786363468.112,314.68
1786363468.216,315.034
1786363468.320,315.135
1786363468.424,315.073
1786363468.525,316.761
1786363468.625,316.706
1786363468.725,316.813
1786363468.827,316.789
1786363468.931,315.295
1786363469.035,315.097
1786363469.139,315.24
1786363469.243,318.055
1786363469.347,317.658
1786363469.450,317.653
1786363469.552,317.651
1786363469.652,317.599
1786363469.753,317.549
1786363469.854,317.587
1786363469.955,317.563
1786363470.056,318.966
1786363470.157,317.794
1786363470.257,317.701
1786363470.358,317.631
1786363470.458,317.79
1786363470.558,317.763
1786363470.659,317.684
1786363470.760,317.732
1786363470.860,317.857
1786363470.961,316.139
1786363471.061,316.221
1786363471.161,316.211
1786363471.262,317.449
1786363471.362,317.482
1786363471.462,317.441
1786363471.563,317.373
1786363471.663,317.47
1786363471.763,317.567
1786363471.864,317.508
1786363471.965,317.367
1786363472.065,317.367
1786363472.166,318.97
1786363472.266,317.489
1786363472.367,317.626
1786363472.467,317.916
1786363472.568,317.998
1786363472.668,318.023
1786363472.768,318.075
1786363472.869,317.947
1786363472.969,317.92
1786363473.070,317.905
1786363473.170,318.129
1786363473.271,316.849
1786363473.371,318.204
1786363473.471,318.155
1786363473.572,316.528
1786363473.672,316.334
1786363473.773,316.205
1786363473.873,316.068
1786363473.973,315.977
1786363474.074,315.868
1786363474.174,316.027
1786363474.275,315.769
1786363474.375,316.954
1786363474.476,317.008
1786363474.576,316.932
1786363474.677,318.323
1786363474.777,316.898
1786363474.877,317.016
1786363474.978,317.105
1786363475.078,317.199
1786363475.182,317.389
1786363475.286,317.254
1786363475.390,317.386
1786363475.490,317.463
1786363475.591,317.522
1786363475.691,317.522
1786363475.792,317.496
1786363475.892,316.783
1786363475.993,316.65
1786363476.093,316.568
1786363476.194,316.366
1786363476.294,316.222
1786363476.395,316.054
1786363476.495,315.904
1786363476.596,315.842
1786363476.696,315.711
1786363476.800,315.802
1786363476.904,315.756
1786363477.008,316.504
1786363477.109,317.96
1786363477.209,317.974
1786363477.310,316.543
1786363477.410,316.632
1786363477.512,316.615
1786363477.615,316.645
1786363477.715,316.527
1786363477.816,316.62
1786363477.916,316.54
1786363478.018,316.639
1786363478.121,316.66
1786363478.223,316.765
1786363478.326,316.804
1786363478.429,318.362
1786363478.531,316.676
1786363478.634,315.656
1786363478.736,315.739
1786363478.839,315.753
1786363478.942,315.683
1786363479.044,315.821
1786363479.147,315.782
1786363479.250,315.691
1786363479.353,315.651
1786363479.455,315.582
1786363479.556,315.533
1786363479.658,317.109
1786363479.759,318.271
1786363479.861,318.226
1786363479.962,317.001
1786363480.064,317.015
1786363480.165,316.763
1786363480.267,316.762
1786363479.205,317.056
1786363479.310,317.115
1786363479.414,317.176
1786363479.518,317.264
1786363479.622,317.363
1786363479.726,317.279
1786363479.830,317.276
1786363479.934,318.518
1786363480.037,318.21
1786363480.141,317.165
1786363480.243,317.152
1786363480.344,316.904
1786363480.444,316.904
1786363480.545,316.855
1786363480.645,316.943
1786363480.745,317.036
1786363480.846,317.0
1786363480.946,316.976
1786363481.048,316.906
1786363481.150,316.867
1786363481.250,317.208
1786363481.350,318.327
1786363481.452,318.439
1786363481.554,318.424
1786363481.654,317.095
1786363481.756,316.987
1786363481.857,316.768
1786363481.958,317.025
1786363482.058,317.024
1786363482.159,317.166
1786363482.260,317.241
1786363482.361,317.243
1786363482.463,317.176
1786363482.563,317.098
1786363482.664,316.639
1786363482.764,318.023
1786363482.864,318.158
1786363482.965,318.205
1786363483.065,316.408
1786363483.165,316.621
1786363483.266,316.578
1786363483.366,316.625
1786363483.466,316.645
1786363483.567,316.573
1786363483.667,316.436
1786363483.767,316.834
1786363483.868,316.834
1786363483.968,316.971
1786363484.069,316.774
1786363484.171,316.763
1786363484.275,318.639
1786363484.375,316.475
1786363484.479,316.447
1786363484.582,316.64
1786363484.682,315.976
1786363484.782,316.053
1786363484.883,316.22
1786363484.983,316.296
1786363485.084,316.146
1786363485.184,316.23
1786363485.285,315.114
1786363485.385,314.793
1786363485.485,316.872
1786363485.586,316.926
1786363485.686,316.732
1786363485.787,317.454
1786363485.887,317.647
1786363485.988,317.651
1786363486.088,316.03
1786363486.189,316.025
1786363486.289,316.211
1786363486.390,317.332
1786363486.490,317.421
1786363486.591,317.349
1786363486.691,317.321
1786363486.791,317.34
1786363486.892,317.168
1786363486.992,317.053
1786363487.093,314.753
1786363487.193,316.577
1786363487.294,316.507
1786363487.394,316.507
1786363487.495,316.362
1786363487.597,316.691
1786363487.698,316.74
1786363487.802,316.893
1786363487.906,315.941
1786363488.009,316.025
1786363488.113,316.26
1786363488.215,316.324
1786363488.319,318.723
1786363488.423,318.458
1786363488.524,317.366
1786363488.624,317.376
1786363488.725,317.168
1786363488.825,317.125
1786363488.926,317.018
1786363489.026,318.246
1786363489.126,318.22
1786363489.227,318.111
1786363489.327,318.02
1786363489.428,317.994
1786363489.528,318.131
1786363489.628,319.366
1786363489.729,317.839
1786363489.829,317.848
1786363489.930,317.829
1786363490.030,317.855
1786363490.131,317.67
1786363490.231,317.533
1786363490.331,316.837
1786363490.432,316.176
1786363490.532,316.121
1786363490.633,316.012
1786363490.736,315.863
1786363490.837,317.417
1786363490.937,317.425
1786363491.037,317.499
1786363491.138,317.667
1786363491.238,316.028
1786363491.339,316.028
1786363491.439,316.165
1786363491.540,316.933
1786363491.641,317.627
1786363491.742,317.7
1786363491.842,317.708
1786363491.943,317.863
1786363492.043,317.815
1786363492.144,317.704
1786363492.244,317.482
1786363492.345,315.788
1786363492.445,317.28
1786363492.546,317.078
1786363492.649,316.99
1786363492.751,316.888
1786363492.852,316.767
1786363492.953,316.824
1786363493.053,315.833
1786363493.154,315.719
1786363493.254,315.743
1786363493.355,315.91
1786363493.456,317.313
1786363493.556,317.449
1786363493.656,316.218
1786363493.757,316.228
1786363493.857,316.331
1786363493.958,316.305
1786363494.058,316.202
1786363494.159,317.185
1786363494.259,317.08
1786363494.359,317.017
1786363494.460,316.92
1786363494.560,316.916
1786363494.660,314.686
1786363494.761,314.686
1786363494.861,315.988
1786363494.962,316.018
1786363495.063,315.913
1786363495.164,315.923
1786363495.265,316.033
1786363495.367,316.2
1786363495.468,316.346
1786363495.568,316.372
1786363495.669,316.35
1786363495.770,316.362
1786363495.871,318.446
1786363495.971,318.404
1786363496.072,318.409
1786363496.172,317.143
1786363496.273,317.058
1786363496.376,316.857
1786363496.480,316.591
1786363496.581,316.583
1786363496.681,316.887
1786363496.781,316.972
1786363496.882,317.03
1786363496.982,317.129
1786363497.082,317.202
1786363497.183,317.215
1786363497.283,318.569
1786363497.384,318.708
1786363497.484,318.858
1786363497.585,318.979
1786363497.685,319.164
1786363497.786,319.041
1786363497.886,317.259
1786363497.987,317.188
1786363498.087,317.295
1786363498.188,317.295
1786363498.288,316.223
1786363498.389,316.139
1786363498.489,316.061
1786363498.590,316.032
1786363498.690,316.005
1786363498.791,315.216
1786363498.891,314.05
1786363498.991,313.854
1786363499.092,315.667
1786363499.192,315.678
1786363499.293,315.535
1786363499.393,316.794
1786363499.494,316.827
1786363499.596,316.927
1786363499.700,315.511
1786363499.804,315.597
1786363499.908,315.882
1786363500.008,317.461
1786363500.109,317.572
1786363500.209,317.511
1786363500.310,317.62
1786363500.410,316.857
1786363500.511,316.091
1786363500.611,316.098
1786363500.712,316.073
1786363500.812,317.658
1786363500.913,317.74
1786363501.015,317.267
1786363501.117,317.323
1786363501.218,317.288
1786363501.321,317.285
1786363501.424,317.264
1786363501.526,318.114
1786363501.629,318.838
1786363501.730,317.241
1786363501.831,317.271
1786363501.931,317.19
1786363502.032,317.149
1786363502.132,317.737
1786363502.233,317.737
1786363502.333,317.655
1786363502.434,317.719
1786363502.534,317.763
1786363502.635,317.224
1786363502.735,316.338
1786363502.836,316.259
1786363502.936,317.889
1786363503.036,317.891
1786363503.137,317.698
1786363503.237,317.726
1786363503.337,317.654
1786363503.438,316.526
1786363503.538,316.386
1786363503.639,316.451
1786363503.739,317.062
1786363503.840,317.982
1786363503.940,318.007
1786363504.040,318.248
1786363504.141,318.241
1786363504.241,316.729
1786363504.341,316.669
1786363504.442,316.753
1786363504.543,317.923
1786363504.643,317.147
1786363504.743,317.103
1786363504.844,317.078
1786363504.944,317.074
1786363505.045,317.027
1786363505.148,316.817
1786363505.250,316.819
1786363505.353,318.556
1786363505.457,318.684
1786363505.560,318.662
1786363505.664,316.67
1786363505.766,317.644
1786363505.870,317.682
1786363505.974,317.701
1786363506.077,317.821
1786363506.179,317.889
1786363506.283,317.946
1786363506.387,316.61
1786363506.491,316.564
1786363506.595,316.499
1786363506.699,316.689
1786363506.801,316.689
1786363506.905,318.617
1786363507.009,318.701
1786363507.110,318.701
1786363507.210,318.776
1786363507.311,318.758
1786363507.411,318.717
1786363507.511,318.702
1786363507.612,320.11
1786363507.712,317.857
1786363507.813,317.814
1786363507.913,317.61
1786363508.013,317.561
1786363508.114,317.486
1786363508.215,317.402
1786363508.315,317.43
1786363508.416,317.3
1786363508.516,317.32
1786363508.617,317.133
1786363508.717,316.088
1786363508.818,318.351
1786363508.918,316.088
1786363509.019,316.033
1786363509.119,316.075
1786363509.220,316.128
1786363509.320,316.051
1786363509.421,315.955
1786363509.521,315.802
1786363509.622,315.525
1786363509.722,315.575
1786363509.823,316.452
1786363509.923,316.258
1786363510.024,318.391
1786363510.128,317.718
1786363510.228,316.85
1786363510.329,316.783
1786363510.429,316.783
1786363510.530,316.77
1786363510.630,316.652
1786363510.731,316.598
1786363510.831,316.948
1786363510.931,316.893
1786363511.032,316.907
1786363511.132,317.017
1786363511.235,317.007
1786363511.335,317.601
1786363510.259,317.12
1786363510.359,317.089
1786363510.460,317.034
1786363510.560,317.002
1786363510.661,317.194
1786363510.761,317.099
1786363510.862,317.162
1786363510.962,317.405
1786363511.063,317.309
1786363511.163,317.251
1786363511.264,317.296
1786363511.364,318.499
1786363511.465,318.465
1786363511.565,318.395
1786363511.665,316.659
1786363511.766,316.555
1786363511.867,316.495
1786363511.967,316.484
1786363512.068,316.246
1786363512.168,316.572
1786363512.268,316.673
1786363512.369,316.679
1786363512.469,316.679
1786363512.570,316.614
1786363512.670,316.552
1786363512.771,315.383
1786363512.871,315.483
1786363512.971,315.5
1786363513.072,314.166
1786363513.172,314.105
1786363513.273,314.014
1786363513.373,313.666
1786363513.474,312.922
1786363513.574,312.93
1786363513.675,312.253
1786363513.775,312.226
1786363513.876,313.381
1786363513.976,313.51
1786363514.077,313.469
1786363514.177,314.747
1786363514.278,314.792
1786363514.379,314.878
1786363514.479,315.114
1786363514.580,315.758
1786363514.680,315.968
1786363514.781,316.742
1786363514.881,314.644
1786363514.982,314.711
1786363515.082,316.171
1786363515.183,316.302
1786363515.283,316.31
1786363515.384,316.373
1786363515.484,316.319
1786363515.585,316.319
1786363515.685,314.57
1786363515.786,314.583
1786363515.886,314.205
1786363515.986,314.225
1786363516.087,316.332
1786363516.187,316.229
1786363516.288,316.194
1786363516.388,316.076
1786363516.489,314.533
1786363516.589,314.39
1786363516.693,314.355
1786363516.794,315.957
1786363516.894,316.148
1786363516.995,316.303
1786363517.095,316.183
1786363517.196,316.404
1786363517.296,316.655
1786363517.397,316.801
1786363517.497,315.249
1786363517.598,316.866
1786363517.698,316.987
1786363517.799,316.987
1786363517.899,315.731
1786363518.000,315.582
1786363518.100,315.691
1786363518.201,315.645
1786363518.301,315.629
1786363518.401,315.574
1786363518.502,314.08
1786363518.603,315.696
1786363518.703,315.678
1786363518.803,315.74
1786363518.904,315.74
1786363519.005,315.911
1786363519.105,317.243
1786363519.206,317.318
1786363519.306,317.296
1786363519.406,315.951
1786363519.507,315.901
1786363519.607,315.92
1786363519.708,317.421
1786363519.808,317.379
1786363519.909,317.393
1786363520.009,317.345
1786363520.110,317.316
1786363520.210,317.368
1786363520.311,317.632
1786363520.411,317.57
1786363520.512,319.131
1786363520.612,319.163
1786363520.713,319.17
1786363520.813,317.297
1786363520.914,317.508
1786363521.014,317.448
1786363521.114,317.442
1786363521.215,317.361
1786363521.315,317.292
1786363521.416,317.014
1786363521.516,316.97
1786363521.617,316.935
1786363521.717,315.388
1786363521.818,315.393
1786363521.918,317.153
1786363522.019,316.986
1786363522.119,316.986
1786363522.220,317.055
1786363522.320,317.014
1786363522.421,317.059
1786363522.521,317.268
1786363522.622,317.313
1786363522.722,317.37
1786363522.823,317.201
1786363522.923,318.732
1786363523.023,318.656
1786363523.124,315.156
1786363523.227,315.271
1786363523.329,315.232
1786363523.429,315.306
1786363523.530,314.702
1786363523.630,314.473
1786363523.730,314.444
1786363523.833,314.397
1786363523.935,314.582
1786363524.036,314.645
1786363524.139,313.91
1786363524.242,316.592
1786363524.344,316.493
1786363524.445,316.454
1786363524.545,316.51
1786363524.645,317.135
1786363524.746,317.198
1786363524.846,317.191
1786363524.947,317.207
1786363525.047,317.233
1786363525.148,317.092
1786363525.248,317.853
1786363525.349,317.267
1786363525.449,317.305
1786363525.550,317.274
1786363525.650,317.188
1786363525.751,317.188
1786363525.851,317.059
1786363525.952,316.944
1786363526.053,316.883
1786363526.154,316.852
1786363526.255,316.71
1786363526.356,314.798
1786363526.456,314.814
1786363526.557,316.24
1786363526.658,316.078
1786363526.758,316.102
1786363526.861,316.208
1786363526.964,316.201
1786363527.066,314.722
1786363527.169,314.883
1786363527.272,314.901
1786363527.373,314.936
1786363527.477,316.852
1786363527.578,316.69
1786363527.682,316.578
1786363527.785,316.597
1786363527.889,315.157
1786363527.993,315.055
1786363528.095,315.076
1786363528.199,316.41
1786363528.300,315.32
1786363528.400,315.046
1786363528.501,314.885
1786363528.605,314.759
1786363528.709,314.678
1786363528.809,313.175
1786363528.910,313.17
1786363529.010,314.561
1786363529.111,314.38
1786363529.211,314.479
1786363529.312,314.469
1786363529.413,315.479
1786363529.513,315.496
1786363529.613,315.501
1786363529.714,315.566
1786363529.814,315.641
1786363529.915,317.226
1786363530.015,317.2
1786363530.116,317.201
1786363530.216,317.295
1786363530.317,317.295
1786363530.418,315.733
1786363530.518,315.896
1786363530.619,315.815
1786363530.719,315.933
1786363530.820,316.282
1786363530.920,316.275
1786363531.020,316.308
1786363531.121,316.351
1786363531.221,316.423
1786363531.322,316.443
1786363531.422,316.438
1786363531.523,317.855
1786363531.623,317.828
1786363531.724,317.764
1786363531.824,316.066
1786363531.925,315.754
1786363532.025,315.791
1786363532.126,315.875
1786363532.226,315.836
1786363532.326,316.059
1786363532.427,316.015
1786363532.527,316.07
1786363532.628,316.053
1786363532.728,314.233
1786363532.829,314.7
1786363532.929,316.459
1786363533.030,316.514
1786363533.130,316.504
1786363533.231,316.469
1786363533.331,316.487
1786363533.431,314.645
1786363533.532,314.645
1786363533.632,314.703
1786363533.733,314.636
1786363533.833,314.797
1786363533.934,316.654
1786363534.036,313.783
1786363534.137,313.906
1786363534.238,313.952
1786363534.338,313.966
1786363534.438,314.134
1786363534.539,314.124
1786363534.639,315.746
1786363534.740,315.684
1786363534.840,313.979
1786363534.941,313.969
1786363535.041,313.947
1786363535.142,316.435
1786363535.242,316.446
1786363535.342,316.555
1786363535.443,316.64
1786363535.543,316.45
1786363535.644,314.932
1786363535.744,314.793
1786363535.845,314.818
1786363535.945,316.496
1786363536.046,316.263
1786363536.146,316.296
1786363536.247,316.194
1786363536.347,315.951
1786363536.448,315.813
1786363536.548,313.367
1786363536.649,313.366
1786363536.749,313.366
1786363536.850,314.796
1786363536.950,314.98
1786363537.051,314.989
1786363537.151,314.93
1786363537.252,315.105
1786363537.352,313.278
1786363537.455,313.499
1786363537.560,313.634
1786363537.660,313.71
1786363537.761,316.087
1786363537.861,316.02
1786363537.961,316.076
1786363538.062,316.02
1786363538.162,315.994
1786363538.263,316.097
1786363538.363,315.967
1786363538.464,317.816
1786363538.564,317.852
1786363538.665,316.617
1786363538.765,316.591
1786363538.866,315.047
1786363538.966,315.083
1786363539.066,315.133
1786363539.167,315.108
1786363539.267,315.17
1786363539.368,315.219
1786363539.468,315.275
1786363539.569,315.306
1786363539.669,315.25
1786363539.770,316.407
1786363539.870,316.401
1786363539.970,317.857
1786363540.071,317.857
1786363540.171,317.88
1786363540.272,317.929
1786363540.372,316.26
1786363540.473,316.26
1786363540.573,316.245
1786363540.674,316.293
1786363540.774,316.22
1786363540.874,316.109
1786363540.975,316.219
1786363541.076,316.234
1786363541.176,316.307
1786363541.277,315.059
1786363541.377,314.919
1786363541.477,316.617
1786363541.578,316.635
1786363541.678,316.666
1786363541.779,316.842
1786363541.879,316.801
1786363541.980,316.684
1786363542.080,316.643
1786363542.181,314.806
1786363542.281,315.255
1786363542.382,316.569
1786363541.302,316.67
1786363541.402,316.734
1786363541.503,316.765
1786363541.603,316.718
1786363541.704,316.582
1786363541.804,316.551
1786363541.905,316.7
1786363542.009,316.756
1786363542.113,318.603
1786363542.217,318.136
1786363542.321,317.198
1786363542.425,317.187
1786363542.529,317.132
1786363542.631,316.217
1786363542.733,316.095
1786363542.834,314.731
1786363542.936,314.731
1786363543.038,314.766
1786363543.141,314.616
1786363543.243,314.572
1786363543.344,314.563
1786363543.446,314.571
1786363543.548,315.426
1786363543.651,315.352
1786363543.753,315.529
1786363543.854,316.296
1786363543.954,314.416
1786363544.055,315.711
1786363544.155,315.623
1786363544.256,315.78
1786363544.356,315.718
1786363544.457,315.68
1786363544.557,315.696
1786363544.660,315.676
1786363544.763,315.752
1786363544.864,315.695
1786363544.967,314.188
1786363545.069,316.144
1786363545.172,316.136
1786363545.275,316.261
1786363545.377,316.232
1786363545.480,316.285
1786363545.583,316.281
1786363545.686,316.218
1786363545.789,316.308
1786363545.891,316.248
1786363545.995,316.06
1786363546.096,317.665
1786363546.196,317.859
1786363546.297,315.979
1786363546.397,315.87
1786363546.498,316.045
1786363546.599,316.084
1786363546.701,316.094
1786363546.805,316.129
1786363546.907,316.153
1786363547.010,316.24
1786363547.111,316.318
1786363547.211,316.412
1786363547.312,316.237
1786363547.412,318.176
1786363547.513,316.788
1786363547.613,316.605
1786363547.714,316.538
1786363547.814,316.253
1786363547.915,316.253
1786363548.015,316.337
1786363548.116,316.444
1786363548.216,316.426
1786363548.317,316.468
1786363548.417,316.43
1786363548.518,316.607
1786363548.618,316.655
1786363548.719,318.197
1786363548.819,316.125
1786363548.920,316.262
1786363549.020,316.58
1786363549.120,316.775
1786363549.221,316.612
1786363549.321,316.617
1786363549.422,316.54
1786363549.522,316.478
1786363549.623,316.364
1786363549.723,314.851
1786363549.824,314.81
1786363549.924,316.82
1786363550.025,316.779
1786363550.125,316.707
1786363550.226,316.446
1786363550.326,316.467
1786363550.427,316.68
1786363550.527,316.643
1786363550.628,316.692
1786363550.728,315.077
1786363550.829,316.537
1786363550.929,316.584
1786363551.029,316.622
1786363551.130,316.622
1786363551.230,316.529
1786363551.331,316.55
1786363551.432,316.638
1786363551.532,316.581
1786363551.633,316.315
1786363551.734,316.467
1786363551.835,316.647
1786363551.936,318.249
1786363552.037,318.339
1786363552.137,318.331
1786363552.238,316.588
1786363552.339,315.919
1786363552.439,316.102
1786363552.540,315.93
1786363552.640,316.091
1786363552.741,316.12
1786363552.841,316.048
1786363552.942,316.029
1786363553.042,314.883
1786363553.143,314.751
1786363553.243,313.126
1786363553.344,314.834
1786363553.444,315.528
1786363553.545,315.401
1786363553.646,315.476
1786363553.747,315.358
1786363553.848,315.553
1786363553.949,315.5
1786363554.050,315.317
1786363554.151,314.842
1786363554.252,314.979
1786363554.353,316.518
1786363554.454,316.592
1786363554.555,316.592
1786363554.656,316.638
1786363554.757,316.657
1786363554.858,316.735
1786363554.959,316.828
1786363555.060,316.72
1786363555.161,316.801
1786363555.262,316.873
1786363555.363,318.781
1786363555.464,317.048
1786363555.566,317.188
1786363555.667,317.198
1786363555.768,317.414
1786363555.869,317.269
1786363555.970,317.253
1786363556.070,317.206
1786363556.171,317.05
1786363556.272,314.603
1786363556.373,314.565
1786363556.473,314.252
1786363556.574,315.98
1786363556.674,315.876
1786363556.774,315.882
1786363556.878,315.858
1786363556.982,315.961
1786363557.085,314.175
1786363557.186,314.25
1786363557.289,314.546
1786363557.393,316.932
1786363557.495,316.891
1786363557.599,316.982
1786363557.703,317.016
1786363557.807,317.097
1786363557.907,317.051
1786363558.008,315.321
1786363558.111,315.38
1786363558.216,317.219
1786363558.320,316.013
1786363558.424,315.908
1786363558.524,316.084
1786363558.625,316.13
1786363558.725,316.047
1786363558.827,316.112
1786363558.931,314.59
1786363559.035,314.577
1786363559.139,316.138
1786363559.239,316.161
1786363559.343,316.177
1786363559.447,317.369
1786363559.547,317.207
1786363559.647,317.177
1786363559.751,317.057
1786363559.855,317.194
1786363559.960,317.065
1786363560.060,316.914
1786363560.162,316.93
1786363560.262,316.93
1786363560.363,317.104
1786363560.463,316.97
1786363560.564,316.893
1786363560.664,316.736
1786363560.764,316.844
1786363560.865,316.675
1786363560.966,316.33
1786363561.069,315.991
1786363561.173,314.151
1786363561.276,315.685
1786363561.380,315.808
1786363561.484,315.58
1786363561.588,315.641
1786363561.692,315.473
1786363561.795,315.444
1786363561.895,315.359
1786363562.000,313.948
1786363562.100,314.274
1786363562.200,314.454
1786363562.301,316.06
1786363562.401,316.07
1786363562.502,315.98
1786363562.602,316.183
1786363562.703,316.221
1786363562.803,314.694
1786363562.903,315.087
1786363563.004,315.135
1786363563.104,316.568
1786363563.205,316.637
1786363563.308,316.685
1786363563.411,316.949
1786363563.514,315.923
1786363563.618,316.058
1786363563.721,315.771
1786363563.825,315.743
1786363563.925,315.927
1786363564.026,315.624
1786363564.126,315.526
1786363564.227,315.515
1786363564.331,315.477
1786363564.435,315.502
1786363564.539,315.438
1786363564.643,316.527
1786363564.747,316.395
1786363564.851,316.46
1786363564.951,316.636
1786363565.054,318.078
1786363565.158,318.059
1786363565.262,318.04
1786363565.362,318.135
1786363565.463,316.698
1786363565.563,316.589
1786363565.664,316.574
1786363565.768,316.558
1786363565.872,316.567
1786363565.976,316.624
1786363566.080,316.439
1786363566.184,316.486
1786363566.287,316.65
1786363566.388,316.731
1786363566.488,316.587
1786363566.589,316.587
1786363566.689,316.201
1786363566.790,316.599
1786363566.890,316.556
1786363566.991,316.535
1786363567.091,316.505
1786363567.192,316.486
1786363567.292,316.485
1786363567.392,316.502
1786363567.493,316.365
1786363567.593,316.414
1786363567.694,316.586
1786363567.794,318.68
1786363567.895,318.384
1786363567.996,317.019
1786363568.096,317.17
1786363568.197,317.317
1786363568.297,317.323
1786363568.397,317.45
1786363568.498,317.464
1786363568.599,317.486
1786363568.701,316.385
1786363568.801,316.322
1786363568.903,314.713
1786363569.005,314.63
1786363569.107,316.034
1786363569.209,315.942
1786363569.310,315.783
1786363569.410,315.822
1786363569.511,315.61
1786363569.611,315.516
1786363569.711,315.509
1786363569.812,316.538
1786363569.913,314.335
1786363570.013,314.335
1786363570.114,315.512
1786363570.214,315.526
1786363570.315,315.475
1786363570.415,315.543
1786363570.516,315.6
1786363570.616,315.466
1786363570.718,315.489
1786363570.820,315.464
1786363570.921,314.027
1786363571.022,314.024
1786363571.122,316.212
1786363571.223,316.4
1786363571.323,316.499
1786363571.424,316.603
1786363571.524,316.556
1786363571.625,316.594
1786363571.725,316.789
1786363571.826,316.448
1786363571.926,315.044
1786363572.027,316.66
1786363572.127,315.321
1786363572.228,315.364
1786363572.328,314.771
1786363572.429,314.103
1786363572.533,314.135
1786363572.637,313.96
1786363572.741,313.923
1786363572.845,313.897
1786363572.949,314.416
1786363573.053,315.926
1786363573.156,314.377
1786363573.260,315.839
1786363573.364,315.89
1786363573.465,316.643
1786363572.392,317.273
1786363572.493,317.428
1786363572.594,317.585
1786363572.694,316.43
1786363572.795,315.215
1786363572.895,314.735
1786363572.996,314.791
1786363573.096,316.233
1786363573.200,316.211
1786363573.304,316.176
1786363573.405,316.176
1786363573.505,316.182
1786363573.606,316.253
1786363573.706,316.072
1786363573.807,316.194
1786363573.907,315.796
1786363574.008,316.884
1786363574.108,317.243
1786363574.211,317.309
1786363574.315,317.417
1786363574.419,317.42
1786363574.522,317.445
1786363574.624,317.253
1786363574.727,317.167
1786363574.831,317.22
1786363574.935,317.12
1786363575.036,317.712
1786363575.136,317.725
1786363575.237,317.696
1786363575.337,317.506
1786363575.438,317.372
1786363575.538,317.264
1786363575.638,317.14
1786363575.739,317.152
1786363575.839,317.266
1786363575.940,317.116
1786363576.040,316.925
1786363576.141,317.839
1786363576.241,317.876
1786363576.342,317.775
1786363576.442,317.696
1786363576.543,316.344
1786363576.643,316.23
1786363576.743,316.236
1786363576.844,316.192
1786363576.944,316.112
1786363577.045,316.4
1786363577.145,316.525
1786363577.249,316.522
1786363577.351,316.425
1786363577.453,316.559
1786363577.557,316.781
1786363577.658,316.781
1786363577.761,316.596
1786363577.865,316.77
1786363577.967,316.19
1786363578.068,316.354
1786363578.169,316.381
1786363578.273,316.236
1786363578.377,316.307
1786363578.479,316.238
1786363578.580,316.408
1786363578.680,316.418
1786363578.784,316.344
1786363578.887,317.862
1786363578.989,317.8
1786363579.090,318.456
1786363579.190,317.072
1786363579.294,316.937
1786363579.398,316.799
1786363579.501,316.731
1786363579.605,317.01
1786363579.706,316.871
1786363579.810,316.817
1786363579.911,316.771
1786363580.011,316.734
1786363580.112,316.818
1786363580.212,316.753
1786363580.313,318.131
1786363580.413,318.244
1786363580.514,318.414
1786363580.614,318.482
1786363580.714,318.25
1786363580.815,318.24
1786363580.915,316.172
1786363581.016,316.369
1786363581.116,315.641
1786363581.217,315.656
1786363581.318,315.644
1786363581.420,315.571
1786363581.523,315.577
1786363581.628,315.67
1786363581.729,315.815
1786363581.830,314.33
1786363581.933,314.484
1786363582.037,316.843
1786363582.137,316.811
1786363582.238,317.557
1786363582.338,317.602
1786363582.439,317.674
1786363582.539,317.69
1786363582.640,317.69
1786363582.740,317.667
1786363582.841,317.548
1786363582.941,317.343
1786363583.041,317.248
1786363583.142,315.953
1786363583.242,315.836
1786363583.342,315.766
1786363583.443,315.762
1786363583.543,315.627
1786363583.644,315.552
1786363583.746,314.205
1786363583.850,314.161
1786363583.950,314.099
1786363584.051,314.076
1786363584.151,315.698
1786363584.255,316.866
1786363584.359,316.735
1786363584.460,316.695
1786363584.560,316.682
1786363584.665,315.408
1786363584.769,315.541
1786363584.873,317.0
1786363584.977,316.96
1786363585.078,317.137
1786363585.178,317.25
1786363585.282,317.379
1786363585.384,315.981
1786363585.488,316.007
1786363585.592,315.966
1786363585.697,315.956
1786363585.801,317.367
1786363585.905,317.273
1786363586.009,317.212
1786363586.109,317.345
1786363586.211,315.692
1786363586.315,315.566
1786363586.416,315.326
1786363586.520,316.796
1786363586.624,316.841
1786363586.728,316.911
1786363586.829,317.043
1786363586.929,316.886
1786363587.030,315.392
1786363587.130,315.511
1786363587.232,315.475
1786363587.337,317.171
1786363587.437,317.282
1786363587.541,317.412
1786363587.645,317.404
1786363587.749,317.369
1786363587.853,317.413
1786363587.954,317.255
1786363588.058,317.356
1786363588.159,318.924
1786363588.262,318.034
1786363588.366,318.007
1786363588.467,317.728
1786363588.571,317.718
1786363588.675,317.758
1786363588.779,317.728
1786363588.882,316.265
1786363588.983,316.246
1786363589.083,316.447
1786363589.184,316.509
1786363589.288,316.494
1786363589.392,317.283
1786363589.493,317.388
1786363589.595,317.381
1786363589.699,317.489
1786363589.803,317.408
1786363589.907,317.438
1786363590.008,317.438
1786363590.109,317.508
1786363590.211,317.728
1786363590.315,317.66
1786363590.420,317.685
1786363590.521,317.635
1786363590.622,317.631
1786363590.726,317.559
1786363590.830,317.686
1786363590.934,317.583
1786363591.035,317.625
1786363591.135,317.671
1786363591.236,316.858
1786363591.336,316.687
1786363591.437,316.63
1786363591.537,316.521
1786363591.638,316.634
1786363591.738,316.56
1786363591.839,316.552
1786363591.939,316.39
1786363592.039,316.254
1786363592.140,314.817
1786363592.241,314.75
1786363592.341,317.016
1786363592.442,317.0
1786363592.543,317.056
1786363592.647,317.028
1786363592.751,316.996
1786363592.855,317.201
1786363592.957,317.316
1786363593.062,317.373
1786363593.162,317.632
1786363593.263,317.596
1786363593.367,317.492
1786363593.472,316.465
1786363593.576,316.288
1786363593.676,316.162
1786363593.777,316.215
1786363593.877,316.109
1786363593.978,315.83
1786363594.078,315.685
1786363594.179,314.668
1786363594.281,314.403
1786363594.385,315.874
1786363594.485,315.866
1786363594.586,317.083
1786363594.686,317.085
1786363594.787,317.146
1786363594.887,317.136
1786363594.988,317.136
1786363595.088,317.16
1786363595.189,315.817
1786363595.289,315.936
1786363595.389,316.885
1786363595.490,316.895
1786363595.590,316.876
1786363595.691,316.983
1786363595.791,316.666
1786363595.892,316.809
1786363595.992,316.884
1786363596.092,316.946
1786363596.193,316.88
1786363596.294,318.277
1786363596.394,318.117
1786363596.495,316.0
1786363596.595,316.073
1786363596.696,315.996
1786363596.796,315.98
1786363596.897,315.933
1786363596.997,315.776
1786363597.098,315.798
1786363597.198,315.672
1786363597.299,315.72
1786363597.399,315.781
1786363597.499,315.843
1786363597.600,317.979
1786363597.700,317.283
1786363597.801,316.526
1786363597.905,316.557
1786363598.007,316.659
1786363598.107,316.777
1786363598.207,316.777
1786363598.308,316.673
1786363598.408,316.872
1786363598.509,316.962
1786363598.613,316.948
1786363598.716,315.895
1786363598.816,315.947
1786363598.919,316.621
1786363599.021,317.434
1786363599.124,316.226
1786363599.226,316.225
1786363599.329,316.255
1786363599.432,316.279
1786363599.535,316.347
1786363599.638,316.308
1786363599.738,316.315
1786363599.841,317.419
1786363599.944,316.072
1786363600.047,316.057
1786363600.150,316.028
1786363600.251,317.208
1786363600.355,317.303
1786363600.458,317.313
1786363600.561,317.39
1786363600.665,317.166
1786363600.766,317.082
1786363600.871,317.129
1786363600.972,317.051
1786363601.073,318.456
1786363601.174,317.75
1786363601.275,317.834
1786363601.375,316.663
1786363601.476,316.741
1786363601.577,316.679
1786363601.678,316.708
1786363601.778,316.703
1786363601.878,316.821
1786363601.979,316.788
1786363602.079,316.967
1786363602.180,316.832
1786363602.280,317.572
1786363602.381,317.556
1786363602.481,318.773
1786363602.582,317.15
1786363602.682,317.073
1786363602.783,316.981
1786363602.886,317.017
1786363602.990,317.002
1786363603.094,317.066
1786363603.198,316.937
1786363603.300,316.977
1786363603.401,316.92
1786363603.502,317.154
1786363603.606,317.136
1786363603.710,318.624
1786363603.812,318.788
1786363603.914,318.788
1786363604.015,316.146
1786363604.119,316.04
1786363604.223,315.966
1786363604.324,315.832
1786363604.424,315.762
1786363604.525,315.786
1786363603.444,315.829
1786363603.544,315.597
1786363603.645,313.379
1786363603.745,313.339
1786363603.846,313.2
1786363603.946,315.912
1786363604.047,316.139
1786363604.147,316.178
1786363604.248,316.325
1786363604.348,316.376
1786363604.449,316.495
1786363604.549,316.584
1786363604.650,316.755
1786363604.750,318.997
1786363604.851,319.072
1786363604.951,319.211
1786363605.052,317.571
1786363605.152,317.445
1786363605.253,317.481
1786363605.353,317.373
1786363605.454,317.427
1786363605.554,317.341
1786363605.655,317.344
1786363605.755,317.249
1786363605.855,315.962
1786363605.956,315.928
1786363606.056,315.991
1786363606.157,317.594
1786363606.257,317.594
1786363606.358,317.629
1786363606.458,317.602
1786363606.559,317.607
1786363606.659,317.652
1786363606.760,317.789
1786363606.860,317.701
1786363606.961,317.683
1786363607.061,318.933
1786363607.161,317.143
1786363607.262,316.96
1786363607.362,316.988
1786363607.463,316.917
1786363607.563,316.858
1786363607.664,316.877
1786363607.764,316.814
1786363607.864,316.723
1786363607.965,315.761
1786363608.065,313.721
1786363608.166,313.77
1786363608.266,315.633
1786363608.367,315.71
1786363608.467,315.711
1786363608.568,315.811
1786363608.668,315.937
1786363608.769,315.924
1786363608.869,314.526
1786363608.970,314.636
1786363609.070,315.605
1786363609.171,317.582
1786363609.271,317.514
1786363609.375,317.563
1786363609.479,317.626
1786363609.580,316.011
1786363609.680,316.011
1786363609.781,315.877
1786363609.881,315.932
1786363609.982,315.351
1786363610.085,316.709
1786363610.189,316.65
1786363610.290,316.734
1786363610.393,316.797
1786363610.499,314.662
1786363610.599,314.541
1786363610.700,314.428
1786363610.801,316.058
1786363610.902,316.175
1786363611.003,315.986
1786363611.104,316.59
1786363611.204,316.613
1786363611.305,316.497
1786363611.405,316.487
1786363611.506,315.162
1786363611.606,317.249
1786363611.707,317.159
1786363611.809,317.233
1786363611.909,317.084
1786363612.012,317.065
1786363612.115,317.331
1786363612.219,317.303
1786363612.321,317.233
1786363612.425,317.249
1786363612.529,317.191
1786363612.633,318.434
1786363612.736,318.522
1786363612.840,318.508
1786363612.944,317.089
1786363613.048,317.173
1786363613.149,316.227
1786363613.254,315.917
1786363613.356,315.906
1786363613.460,315.889
1786363613.564,315.801
1786363613.668,315.686
1786363613.772,314.886
1786363613.877,314.306
1786363613.981,314.41
1786363614.082,315.842
1786363614.186,315.795
1786363614.291,316.65
1786363614.393,316.764
1786363614.497,316.949
1786363614.601,317.044
1786363614.706,317.16
1786363614.810,317.213
1786363614.912,318.073
1786363615.014,318.694
1786363615.115,317.418
1786363615.217,317.411
1786363615.319,317.424
1786363615.421,317.522
1786363615.523,317.465
1786363615.625,317.256
1786363615.727,317.232
1786363615.829,317.259
1786363615.931,317.528
1786363616.032,317.481
1786363616.134,317.342
1786363616.236,318.627
1786363616.338,318.573
1786363616.440,317.114
1786363616.542,317.151
1786363616.643,317.265
1786363616.745,317.295
1786363616.847,317.302
1786363616.949,317.302
1786363617.050,317.333
1786363617.152,317.193
1786363617.253,317.237
1786363617.355,317.324
1786363617.456,317.426
1786363617.558,317.475
1786363617.659,319.005
1786363617.761,318.97
1786363617.862,318.933
1786363617.963,319.005
1786363618.065,319.028
1786363618.166,319.0
1786363618.267,317.548
1786363618.368,316.445
1786363618.469,316.426
1786363618.570,316.429
1786363618.670,316.378
1786363618.771,316.254
1786363618.871,316.17
1786363618.972,316.087
1786363619.072,315.915
1786363619.176,315.933
1786363619.280,315.932
1786363619.384,315.924
1786363619.488,316.985
1786363619.592,316.915
1786363619.693,316.709
1786363619.794,316.539
1786363619.894,316.658
1786363619.995,316.121
1786363620.096,315.951
1786363620.196,315.998
1786363620.297,316.01
1786363620.399,314.358
1786363620.503,315.569
1786363620.607,315.44
1786363620.711,315.517
1786363620.816,315.548
1786363620.919,315.671
1786363621.024,315.571
1786363621.128,316.089
1786363621.232,316.369
1786363621.336,316.471
1786363621.441,316.411
1786363621.545,318.079
1786363621.649,316.26
1786363621.753,316.379
1786363621.858,316.326
1786363621.962,316.34
1786363622.066,316.349
1786363622.171,316.387
1786363622.275,316.426
1786363622.379,316.385
1786363622.483,316.238
1786363622.587,315.005
1786363622.691,314.91
1786363622.795,316.882
1786363622.899,316.989
1786363622.999,317.112
1786363623.100,317.346
1786363623.200,317.349
1786363623.301,317.428
1786363623.401,315.826
1786363623.501,314.933
1786363623.602,314.922
1786363623.702,314.922
1786363623.803,316.128
1786363623.904,316.159
1786363624.004,316.186
1786363624.104,316.035
1786363624.205,316.057
1786363624.305,316.04
1786363624.406,316.032
1786363624.506,316.002
1786363624.607,316.083
1786363624.709,316.859
1786363624.813,316.927
1786363624.916,316.84
1786363625.019,316.844
1786363625.120,316.876
1786363625.222,316.82
1786363625.326,316.737
1786363625.427,316.542
1786363625.531,316.57
1786363625.632,316.786
1786363625.735,318.194
1786363625.839,318.282
1786363625.939,318.382
1786363626.040,318.446
1786363626.141,317.05
1786363626.243,316.954
1786363626.348,317.012
1786363626.451,317.064
1786363626.555,316.993
1786363626.657,317.057
1786363626.758,316.851
1786363626.859,317.006
1786363626.960,315.592
1786363627.060,315.56
1786363627.162,315.476
1786363627.263,316.824
1786363627.364,316.911
1786363627.465,316.962
1786363627.566,317.068
1786363627.666,317.125
1786363627.767,315.5
1786363627.868,315.418
1786363627.969,315.418
1786363628.069,315.552
1786363628.170,316.816
1786363628.270,316.749
1786363628.371,316.795
1786363628.471,316.8
1786363628.572,316.656
1786363628.672,316.539
1786363628.772,315.403
1786363628.875,315.281
1786363628.976,316.846
1786363629.077,315.409
1786363629.178,315.254
1786363629.279,315.359
1786363629.383,315.335
1786363629.485,315.311
1786363629.589,313.409
1786363629.691,313.365
1786363629.793,313.41
1786363629.893,314.288
1786363629.994,313.631
1786363630.094,313.004
1786363630.194,314.362
1786363630.295,314.226
1786363630.395,312.445
1786363630.496,312.434
1786363630.596,312.533
1786363630.697,314.447
1786363630.797,314.657
1786363630.898,314.711
1786363630.999,314.903
1786363631.099,315.759
1786363631.199,316.421
1786363631.300,316.528
1786363631.401,316.659
1786363631.501,318.477
1786363631.602,318.477
1786363631.706,318.518
1786363631.807,318.506
1786363631.911,317.22
1786363632.014,317.13
1786363632.116,317.067
1786363632.219,316.948
1786363632.323,316.871
1786363632.423,316.777
1786363632.524,316.922
1786363632.624,316.939
1786363632.725,316.945
1786363632.825,314.633
1786363632.926,314.74
1786363633.026,316.046
1786363633.127,316.066
1786363633.227,316.099
1786363633.328,316.111
1786363633.428,316.055
1786363633.528,314.811
1786363633.629,314.656
1786363633.729,314.64
1786363633.830,314.601
1786363633.930,316.103
1786363634.031,316.211
1786363634.131,316.187
1786363634.232,316.167
1786363634.332,316.155
1786363634.432,314.334
1786363634.533,314.358
1786363634.633,315.631
1786363634.734,315.631
1786363634.834,315.604
1786363634.935,315.67
1786363635.035,316.503
1786363635.136,315.136
1786363635.239,315.19
1786363635.339,315.141
1786363635.440,315.141
1786363635.540,315.249
1786363635.644,317.174
1786363634.549,317.205
1786363634.653,317.359
1786363634.754,317.656
1786363634.858,317.701
1786363634.962,317.698
1786363635.066,315.71
1786363635.170,316.927
1786363635.274,317.086
1786363635.379,317.256
1786363635.483,317.263
1786363635.587,317.308
1786363635.691,317.377
1786363635.793,317.314
1786363635.894,316.902
1786363635.998,316.872
1786363636.102,316.831
1786363636.206,317.492
1786363636.310,317.439
1786363636.415,317.341
1786363636.518,317.206
1786363636.620,317.049
1786363636.721,317.087
1786363636.823,317.143
1786363636.925,317.075
1786363637.026,317.3
1786363637.128,315.581
1786363637.229,315.917
1786363637.330,317.319
1786363637.432,317.415
1786363637.533,317.449
1786363637.634,317.638
1786363637.736,317.827
1786363637.837,317.747
1786363637.938,315.174
1786363638.040,315.105
1786363638.141,315.06
1786363638.242,316.817
1786363638.343,316.562
1786363638.444,316.576
1786363638.545,316.6
1786363638.646,316.519
1786363638.747,315.812
1786363638.847,315.623
1786363638.948,315.572
1786363639.049,318.053
1786363639.149,316.986
1786363639.250,316.966
1786363639.350,316.989
1786363639.451,317.067
1786363639.552,316.994
1786363639.655,316.954
1786363639.759,317.005
1786363639.860,317.648
1786363639.963,317.838
1786363640.066,317.893
1786363640.169,316.713
1786363640.273,317.773
1786363640.376,317.792
1786363640.478,317.755
1786363640.578,317.766
1786363640.679,317.973
1786363640.780,318.009
1786363640.881,318.057
1786363640.982,318.1
1786363641.083,318.022
1786363641.183,317.981
1786363641.284,317.981
1786363641.384,319.187
1786363641.484,319.338
1786363641.585,319.414
1786363641.688,318.307
1786363641.792,318.238
1786363641.894,318.088
1786363641.997,318.079
1786363642.098,318.001
1786363642.199,318.015
1786363642.303,318.111
1786363642.406,318.159
1786363642.510,318.283
1786363642.614,318.304
1786363642.717,318.285
1786363642.821,317.715
1786363642.924,317.651
1786363643.027,317.77
1786363643.131,316.493
1786363643.234,316.42
1786363643.338,316.257
1786363643.442,316.124
1786363643.545,315.971
1786363643.649,315.705
1786363643.753,315.765
1786363643.857,315.519
1786363643.957,317.165
1786363644.061,317.086
1786363644.165,316.854
1786363644.268,317.968
1786363644.369,317.985
1786363644.473,317.968
1786363644.576,316.521
1786363644.680,316.538
1786363644.784,316.605
1786363644.886,316.423
1786363644.987,316.474
1786363645.091,316.673
1786363645.196,316.747
1786363645.300,315.301
1786363645.405,315.305
1786363645.509,315.443
1786363645.614,315.562
1786363645.719,317.014
1786363645.823,317.047
1786363645.927,317.026
1786363646.028,316.955
1786363646.131,317.01
1786363646.236,316.801
1786363646.340,316.776
1786363646.445,318.075
1786363646.549,317.1
1786363646.654,316.909
1786363646.759,316.822
1786363646.859,316.821
1786363646.964,316.929
1786363647.065,316.876
1786363647.167,316.947
1786363647.269,316.917
1786363647.371,316.852
1786363647.473,315.66
1786363647.574,315.75
1786363647.676,316.715
1786363647.778,316.767
1786363647.879,316.799
1786363647.980,316.829
1786363648.082,316.671
1786363648.183,316.72
1786363648.284,316.751
1786363648.385,314.213
1786363648.485,314.256
1786363648.586,315.389
1786363648.687,315.533
1786363648.787,315.459
1786363648.888,315.431
1786363648.988,315.43
1786363649.089,315.424
1786363649.193,315.549
1786363649.298,314.255
1786363649.402,314.243
1786363649.506,316.803
1786363649.611,316.876
1786363649.716,317.142
1786363649.820,317.081
1786363649.924,317.052
1786363650.028,317.026
1786363650.129,315.631
1786363650.234,315.647
1786363650.338,315.471
1786363650.443,316.789
1786363650.547,316.762
1786363650.652,316.76
1786363650.753,316.711
1786363650.853,316.711
1786363650.954,316.522
1786363651.055,316.549
1786363651.155,316.763
1786363651.256,316.877
1786363651.356,316.583
1786363651.459,316.812
1786363651.563,316.971
1786363651.668,317.157
1786363651.772,317.318
1786363651.873,317.412
1786363651.978,317.499
1786363652.083,317.557
1786363652.183,317.472
1786363652.288,317.309
1786363652.393,317.358
1786363652.496,319.028
1786363652.601,318.693
1786363652.703,318.761
1786363652.804,318.64
1786363652.906,318.416
1786363653.008,318.453
1786363653.110,318.497
1786363653.210,315.917
1786363653.312,315.887
1786363653.414,316.034
1786363653.515,315.275
1786363653.617,315.03
1786363653.718,315.119
1786363653.820,315.025
1786363653.921,313.22
1786363654.022,313.294
1786363654.124,313.434
1786363654.225,313.392
1786363654.326,315.832
1786363654.426,315.949
1786363654.527,315.996
1786363654.628,316.633
1786363654.729,317.023
1786363654.829,315.74
1786363654.930,315.617
1786363655.030,317.252
1786363655.131,317.274
1786363655.235,317.019
1786363655.338,316.919
1786363655.442,316.896
1786363655.547,316.906
1786363655.651,316.787
1786363655.755,316.894
1786363655.856,316.894
1786363655.957,316.842
1786363656.058,318.074
1786363656.159,318.076
1786363656.259,318.205
1786363656.360,318.247
1786363656.460,318.305
1786363656.561,318.346
1786363656.665,316.805
1786363656.767,316.825
1786363656.867,316.825
1786363656.972,316.727
1786363657.076,316.637
1786363657.180,316.788
1786363657.284,316.929
1786363657.387,317.012
1786363657.492,316.954
1786363657.596,317.017
1786363657.700,315.555
1786363657.805,317.219
1786363657.907,317.298
1786363658.011,317.394
1786363658.116,317.509
1786363658.220,317.654
1786363658.324,317.624
1786363658.428,317.507
1786363658.532,317.453
1786363658.637,317.457
1786363658.741,317.375
1786363658.845,317.583
1786363658.949,317.796
1786363659.054,317.739
1786363659.158,315.977
1786363659.262,315.938
1786363659.367,315.852
1786363659.471,315.891
1786363659.574,316.114
1786363659.678,315.999
1786363659.782,316.022
1786363659.883,315.954
1786363659.987,317.188
1786363660.091,315.43
1786363660.195,315.436
1786363660.300,317.12
1786363660.401,317.065
1786363660.505,317.049
1786363660.606,316.902
1786363660.710,316.672
1786363660.815,316.733
1786363660.917,316.639
1786363661.021,314.976
1786363661.125,314.895
1786363661.229,316.36
1786363661.333,316.232
1786363661.434,316.166
1786363661.538,316.347
1786363661.640,314.756
1786363661.742,314.828
1786363661.844,314.842
1786363661.946,314.964
1786363662.049,314.998
1786363662.151,316.61
1786363662.253,316.675
1786363662.355,316.676
1786363662.456,316.665
1786363662.558,316.661
1786363662.661,316.383
1786363662.761,315.662
1786363662.861,315.686
1786363662.962,315.716
1786363663.063,315.58
1786363663.164,315.574
1786363663.264,315.636
1786363663.365,315.525
1786363663.466,314.357
1786363663.566,314.453
1786363663.667,314.336
1786363663.767,314.339
1786363663.868,316.59
1786363663.968,315.379
1786363664.069,315.271
1786363664.173,315.353
1786363664.275,315.299
1786363664.378,315.189
1786363664.481,315.218
1786363664.582,315.218
1786363664.686,316.309
1786363664.787,316.21
1786363664.890,316.331
1786363664.992,316.26
1786363665.093,316.205
1786363665.197,317.285
1786363665.301,317.436
1786363665.404,315.598
1786363665.507,315.834
1786363665.608,316.07
1786363665.710,316.061
1786363665.812,316.125
1786363665.912,316.091
1786363666.014,316.048
1786363666.115,316.089
1786363666.216,314.031
1786363666.318,313.991
1786363666.419,313.904
1786363666.521,315.591
1786363666.621,315.485
1786363665.501,315.347
1786363665.602,315.697
1786363665.702,315.708
1786363665.806,315.787
1786363665.909,315.861
1786363666.010,315.88
1786363666.114,317.974
1786363666.216,315.848
1786363666.319,315.822
1786363666.423,315.867
1786363666.527,315.882
1786363666.628,315.961
1786363666.729,315.919
1786363666.831,315.989
1786363666.933,316.074
1786363667.034,316.1
1786363667.136,316.169
1786363667.238,316.225
1786363667.339,318.403
1786363667.441,318.432
1786363667.542,317.951
1786363667.643,316.013
1786363667.744,315.946
1786363667.846,315.638
1786363667.947,314.606
1786363668.049,314.498
1786363668.151,314.414
1786363668.253,314.354
1786363668.353,313.027
1786363668.455,313.059
1786363668.555,312.99
1786363668.657,313.435
1786363668.759,315.348
1786363668.860,315.406
1786363668.962,315.406
1786363669.064,315.537
1786363669.166,316.589
1786363669.267,316.669
1786363669.369,316.967
1786363669.471,317.112
1786363669.572,318.588
1786363669.674,318.686
1786363669.776,318.796
1786363669.877,316.992
1786363669.979,317.137
1786363670.081,317.121
1786363670.182,317.123
1786363670.284,317.121
1786363670.386,317.165
1786363670.488,317.013
1786363670.588,317.007
1786363670.689,315.518
1786363670.792,315.469
1786363670.893,315.576
1786363670.994,317.523
1786363671.098,317.387
1786363671.201,317.333
1786363671.301,316.33
1786363671.404,315.88
1786363671.508,315.838
1786363671.608,315.833
1786363671.708,315.78
1786363671.812,317.133
1786363671.914,317.073
1786363672.018,317.083
1786363672.119,317.156
1786363672.222,317.391
1786363672.326,317.56
1786363672.428,318.576
1786363672.529,319.03
1786363672.629,317.519
1786363672.729,317.706
1786363672.833,317.755
1786363672.935,317.786
1786363673.039,317.869
1786363673.140,317.208
1786363673.244,317.065
1786363673.348,316.862
1786363673.450,316.845
1786363673.551,316.811
1786363673.651,316.534
1786363673.752,316.86
1786363673.853,316.72
1786363673.953,316.665
1786363674.053,316.631
1786363674.154,316.64
1786363674.257,317.166
1786363674.361,317.4
1786363674.461,317.359
1786363674.562,317.359
1786363674.662,315.795
1786363674.763,315.807
1786363674.865,316.199
1786363674.966,317.425
1786363675.070,317.357
1786363675.172,317.411
1786363675.276,317.491
1786363675.379,317.389
1786363675.481,317.487
1786363675.582,317.392
1786363675.686,317.506
1786363675.789,319.081
1786363675.891,319.203
1786363675.993,316.995
1786363676.097,317.227
1786363676.201,317.275
1786363676.305,317.249
1786363676.407,317.199
1786363676.508,317.474
1786363676.610,317.431
1786363676.710,317.484
1786363676.811,317.389
1786363676.913,317.388
1786363677.015,317.255
1786363677.116,319.322
1786363677.218,319.044
1786363677.319,317.944
1786363677.420,317.334
1786363677.522,316.506
1786363677.626,316.176
1786363677.727,316.037
1786363677.829,315.968
1786363677.931,315.884
1786363678.032,315.712
1786363678.136,315.636
1786363678.237,315.538
1786363678.337,311.94
1786363678.438,312.88
1786363678.538,313.482
1786363678.639,314.255
1786363678.739,314.319
1786363678.840,314.314
1786363678.940,314.133
1786363679.040,314.14
1786363679.141,314.046
1786363679.241,312.446
1786363679.342,312.487
1786363679.442,315.964
1786363679.543,315.964
1786363679.643,316.003
1786363679.743,315.963
1786363679.844,315.889
1786363679.944,316.054
1786363680.045,316.06
1786363680.145,316.088
1786363680.246,316.046
1786363680.346,316.109
1786363680.447,317.628
1786363680.548,317.652
1786363680.648,317.637
1786363680.749,316.27
1786363680.849,315.424
1786363680.950,315.447
1786363681.050,315.291
1786363681.151,315.231
1786363681.251,315.211
1786363681.351,315.054
1786363681.452,315.059
1786363681.553,315.157
1786363681.653,315.121
1786363681.753,315.208
1786363681.854,316.738
1786363681.954,317.58
1786363682.055,317.528
1786363682.157,315.781
1786363682.259,316.146
1786363682.360,316.249
1786363682.462,316.466
1786363682.563,316.479
1786363682.663,316.516
1786363682.764,316.442
1786363682.864,316.425
1786363682.965,316.425
1786363683.065,316.263
1786363683.165,314.765
1786363683.266,314.829
1786363683.366,316.541
1786363683.467,316.304
1786363683.568,315.6
1786363683.668,315.623
1786363683.768,315.645
1786363683.869,315.714
1786363683.969,315.832
1786363684.070,315.837
1786363684.171,315.808
1786363684.275,317.321
1786363684.379,317.275
1786363684.481,315.915
1786363684.585,315.893
1786363684.687,316.509
1786363684.789,316.518
1786363684.890,316.74
1786363684.994,316.674
1786363685.098,316.604
1786363685.200,316.699
1786363685.304,316.793
1786363685.408,316.75
1786363685.512,316.853
1786363685.615,318.28
1786363685.716,318.346
1786363685.816,318.356
1786363685.917,317.146
1786363686.017,316.963
1786363686.118,316.954
1786363686.218,317.087
1786363686.318,317.225
1786363686.419,317.304
1786363686.520,317.468
1786363686.621,317.46
1786363686.721,315.677
1786363686.822,315.617
1786363686.922,315.858
1786363687.023,317.081
1786363687.124,315.753
1786363687.224,315.834
1786363687.325,315.818
1786363687.426,315.818
1786363687.527,315.764
1786363687.627,315.175
1786363687.728,315.152
1786363687.829,312.421
1786363687.929,314.152
1786363688.030,314.251
1786363688.131,313.998
1786363688.231,313.984
1786363688.332,315.368
1786363688.432,315.277
1786363688.533,313.78
1786363688.634,313.681
1786363688.734,313.103
1786363688.835,313.096
1786363688.936,315.797
1786363689.037,315.685
1786363689.137,315.657
1786363689.238,315.742
1786363689.338,315.862
1786363689.439,315.859
1786363689.539,316.172
1786363689.639,317.702
1786363689.740,317.656
1786363689.840,317.073
1786363689.941,317.194
1786363690.041,317.114
1786363690.142,317.237
1786363690.242,317.303
1786363690.342,317.288
1786363690.443,317.228
1786363690.544,317.283
1786363690.644,316.992
1786363690.745,317.056
1786363690.846,317.056
1786363690.946,317.073
1786363691.047,317.129
1786363691.148,316.99
1786363691.248,317.164
1786363691.348,317.272
1786363691.449,317.24
1786363691.550,317.291
1786363691.651,317.321
1786363691.751,317.504
1786363691.852,317.575
1786363691.953,317.551
1786363692.053,317.628
1786363692.154,319.264
1786363692.254,317.235
1786363692.355,317.199
1786363692.455,317.145
1786363692.556,317.104
1786363692.656,317.161
1786363692.757,317.139
1786363692.857,316.996
1786363692.958,316.949
1786363693.058,316.99
1786363693.158,317.3
1786363693.259,317.361
1786363693.359,319.442
1786363693.460,319.527
1786363693.560,318.08
1786363693.661,318.405
1786363693.761,318.482
1786363693.861,317.441
1786363693.962,317.431
1786363694.063,317.59
1786363694.164,317.59
1786363694.265,317.572
1786363694.369,317.348
1786363694.471,317.188
1786363694.575,317.215
1786363694.676,317.136
1786363694.776,318.551
1786363694.877,316.79
1786363694.977,316.826
1786363695.078,317.859
1786363695.179,317.763
1786363695.280,317.663
1786363695.381,317.535
1786363695.482,317.351
1786363695.583,317.442
1786363695.684,317.329
1786363695.785,317.253
1786363695.886,317.195
1786363695.987,318.887
1786363696.088,318.546
1786363696.189,317.121
1786363696.289,317.277
1786363696.390,317.301
1786363696.490,317.338
1786363696.590,317.352
1786363696.691,317.331
1786363696.791,317.234
1786363696.892,317.256
1786363696.992,317.359
1786363697.093,317.081
1786363697.194,317.203
1786363697.298,318.875
1786363697.402,318.613
1786363697.503,317.803
1786363697.603,317.775
1786363697.703,317.743
1786363696.638,317.834
1786363696.742,317.959
1786363696.847,318.198
1786363696.950,318.147
1786363697.053,318.132
1786363697.157,318.005
1786363697.261,317.693
1786363697.366,317.81
1786363697.470,318.528
1786363697.570,316.943
1786363697.674,317.002
1786363697.778,316.919
1786363697.881,315.932
1786363697.981,315.725
1786363698.082,315.725
1786363698.182,315.86
1786363698.283,315.896
1786363698.383,316.006
1786363698.484,314.66
1786363698.584,314.593
1786363698.685,314.737
1786363698.785,316.43
1786363698.886,316.422
1786363698.986,316.506
1786363699.087,317.477
1786363699.187,317.485
1786363699.288,317.395
1786363699.389,315.695
1786363699.490,315.929
1786363699.590,317.291
1786363699.692,317.49
1786363699.793,317.385
1786363699.896,317.332
1786363699.997,317.291
1786363700.099,317.299
1786363700.200,317.277
1786363700.301,317.262
1786363700.405,317.277
1786363700.507,317.551
1786363700.608,317.367
1786363700.711,317.354
1786363700.813,317.313
1786363700.917,317.267
1786363701.021,317.262
1786363701.125,317.309
1786363701.227,317.432
1786363701.329,317.492
1786363701.433,317.474
1786363701.534,317.465
1786363701.634,318.916
1786363701.738,318.892
1786363701.841,318.898
1786363701.942,317.456
1786363702.043,317.578
1786363702.147,317.564
1786363702.251,317.64
1786363702.353,317.367
1786363702.457,317.418
1786363702.558,317.596
1786363702.660,317.733
1786363702.764,318.017
1786363702.867,318.126
1786363702.971,318.313
1786363703.072,318.636
1786363703.177,318.667
1786363703.280,317.222
1786363703.384,317.273
1786363703.484,317.388
1786363703.585,317.479
1786363703.685,317.479
1786363703.789,317.453
1786363703.893,317.403
1786363703.997,316.668
1786363704.097,315.801
1786363704.198,315.745
1786363704.298,316.854
1786363704.399,316.87
1786363704.499,318.418
1786363704.600,318.471
1786363704.700,318.486
1786363704.802,318.621
1786363704.906,318.738
1786363705.006,318.804
1786363705.109,317.775
1786363705.213,318.654
1786363705.313,318.595
1786363705.417,318.734
1786363705.518,318.614
1786363705.619,318.451
1786363705.719,318.324
1786363705.820,318.269
1786363705.921,318.041
1786363706.021,317.909
1786363706.122,316.282
1786363706.222,317.672
1786363706.322,317.564
1786363706.424,317.444
1786363706.528,317.287
1786363706.628,317.428
1786363706.732,317.553
1786363706.833,317.67
1786363706.937,317.797
1786363707.041,317.827
1786363707.144,318.063
1786363707.248,319.713
1786363707.349,319.978
1786363707.453,320.119
1786363707.557,318.678
1786363707.658,318.724
1786363707.762,318.803
1786363707.863,318.76
1786363707.968,318.673
1786363708.072,318.625
1786363708.175,318.597
1786363708.279,317.203
1786363708.381,317.189
1786363708.485,317.145
1786363708.586,317.167
1786363708.688,318.955
1786363708.792,318.942
1786363708.894,318.793
1786363708.998,316.479
1786363709.099,316.462
1786363709.202,316.489
1786363709.306,316.443
1786363709.407,317.557
1786363709.511,317.414
1786363709.612,317.341
1786363709.714,317.285
1786363709.816,314.995
1786363709.919,314.878
1786363710.023,314.783
1786363710.124,317.136
1786363710.227,317.191
1786363710.331,317.184
1786363710.432,317.184
1786363710.535,317.312
1786363710.635,317.405
1786363710.737,317.305
1786363710.841,315.762
1786363710.945,315.632
1786363711.045,317.68
1786363711.146,317.64
1786363711.247,317.601
1786363711.347,317.448
1786363711.447,317.247
1786363711.550,317.052
1786363711.650,316.865
1786363711.753,316.121
1786363711.857,315.383
1786363711.961,316.811
1786363712.065,316.897
1786363712.169,316.794
1786363712.273,316.766
1786363712.377,316.876
1786363712.478,317.011
1786363712.579,317.09
1786363712.679,315.691
1786363712.783,315.686
1786363712.884,316.338
1786363712.988,317.059
1786363713.092,316.991
1786363713.195,316.855
1786363713.299,316.836
1786363713.400,316.82
1786363713.501,315.758
1786363713.605,315.515
1786363713.708,315.301
1786363713.811,316.714
1786363713.913,314.629
1786363714.017,314.384
1786363714.122,314.339
1786363714.226,314.431
1786363714.329,314.444
1786363714.433,314.465
1786363714.534,314.749
1786363714.635,315.643
1786363714.738,315.703
1786363714.841,315.836
1786363714.944,315.877
1786363715.048,317.913
1786363715.151,318.025
1786363715.254,315.941
1786363715.358,315.888
1786363715.462,315.999
1786363715.563,315.965
1786363715.664,315.692
1786363715.768,316.0
1786363715.872,316.129
1786363715.975,316.215
1786363716.080,316.203
1786363716.182,316.169
1786363716.286,316.171
1786363716.387,317.802
1786363716.487,318.044
1786363716.588,318.149
1786363716.689,315.75
1786363716.790,316.004
1786363716.890,315.719
1786363716.991,315.695
1786363717.092,315.646
1786363717.192,315.748
1786363717.293,315.92
1786363717.394,315.942
1786363717.494,316.518
1786363717.594,316.368
1786363717.695,316.368
1786363717.797,316.198
1786363717.898,318.811
1786363717.999,318.7
1786363718.102,317.23
1786363718.205,317.275
1786363718.309,317.467
1786363718.410,317.458
1786363718.512,317.379
1786363718.616,317.382
1786363718.719,316.345
1786363718.823,316.33
1786363718.924,316.078
1786363719.028,314.808
1786363719.132,314.717
1786363719.236,316.22
1786363719.340,316.073
1786363719.442,315.926
1786363719.545,315.936
1786363719.646,315.922
1786363719.749,316.004
1786363719.853,317.144
1786363719.954,317.208
1786363720.056,315.929
1786363720.157,317.137
1786363720.261,317.036
1786363720.365,317.033
1786363720.468,317.166
1786363720.571,317.267
1786363720.671,317.292
1786363720.772,317.315
1786363720.875,316.068
1786363720.977,315.896
1786363721.080,315.88
1786363721.181,317.312
1786363721.284,317.277
1786363721.386,317.482
1786363721.488,317.558
1786363721.590,317.664
1786363721.692,317.645
1786363721.795,317.539
1786363721.898,317.51
1786363721.999,318.759
1786363722.100,317.148
1786363722.202,317.49
1786363722.305,317.642
1786363722.407,317.613
1786363722.507,317.634
1786363722.608,317.669
1786363722.708,317.474
1786363722.808,317.507
1786363722.911,317.538
1786363723.012,317.63
1786363723.112,316.95
1786363723.212,318.165
1786363723.313,317.863
1786363723.413,317.868
1786363723.514,317.901
1786363723.614,317.909
1786363723.714,317.909
1786363723.815,317.936
1786363723.915,317.061
1786363724.016,316.983
1786363724.116,317.017
1786363724.216,316.937
1786363724.317,317.669
1786363724.419,316.746
1786363724.522,316.647
1786363724.624,316.714
1786363724.727,316.785
1786363724.829,316.76
1786363724.932,316.701
1786363725.035,317.704
1786363725.137,317.767
1786363725.240,317.737
1786363725.343,317.821
1786363725.446,317.872
1786363725.547,319.484
1786363725.647,318.083
1786363725.750,318.009
1786363725.852,317.962
1786363725.956,317.994
1786363726.059,318.102
1786363726.163,318.111
1786363726.265,318.133
1786363726.367,317.369
1786363726.470,317.205
1786363726.574,317.091
1786363726.675,315.13
1786363726.779,316.541
1786363726.880,316.603
1786363726.984,316.674
1786363727.088,316.638
1786363727.192,316.581
1786363727.294,316.768
1786363727.398,316.804
1786363727.500,317.612
1786363727.602,317.852
1786363727.703,316.454
1786363727.807,318.258
1786363727.909,318.505
1786363728.013,318.385
1786363728.115,318.372
1786363728.219,318.336
1786363728.321,318.22
1786363728.425,317.993
1786363728.528,317.83
1786363728.630,317.808
1786363728.730,317.74
1786363727.653,317.834
1786363727.755,317.715
1786363727.859,316.671
1786363727.961,316.647
1786363728.065,316.545
1786363728.167,316.505
1786363728.271,316.565
1786363728.374,316.537
1786363728.475,316.616
1786363728.578,316.618
1786363728.682,316.579
1786363728.784,317.83
1786363728.889,318.073
1786363728.991,318.889
1786363729.095,318.789
1786363729.196,318.811
1786363729.297,318.697
1786363729.397,316.161
1786363729.498,316.181
1786363729.601,316.064
1786363729.702,316.023
1786363729.803,316.024
1786363729.903,316.018
1786363730.004,316.018
1786363730.104,315.887
1786363730.205,316.037
1786363730.305,316.234
1786363730.405,316.222
1786363730.506,316.419
1786363730.606,317.556
1786363730.707,317.424
1786363730.807,317.514
1786363730.908,317.656
1786363731.008,317.609
1786363731.109,317.579
1786363731.209,317.532
1786363731.310,317.322
1786363731.410,317.19
1786363731.511,317.125
1786363731.611,317.215
1786363731.712,318.508
1786363731.813,318.512
1786363731.913,318.567
1786363732.013,316.472
1786363732.114,316.457
1786363732.214,316.452
1786363732.315,316.414
1786363732.415,316.415
1786363732.516,316.445
1786363732.616,316.463
1786363732.720,316.241
1786363732.820,316.308
1786363732.924,316.554
1786363733.025,316.344
1786363733.129,317.066
1786363733.233,317.05
1786363733.334,317.069
1786363733.438,317.034
1786363733.538,315.589
1786363733.642,315.559
1786363733.743,315.528
1786363733.845,315.528
1786363733.946,315.48
1786363734.046,315.441
1786363734.147,315.446
1786363734.248,315.501
1786363734.349,316.686
1786363734.450,316.628
1786363734.551,315.137
1786363734.652,315.168
1786363734.753,316.62
1786363734.854,316.659
1786363734.955,316.723
1786363735.056,316.731
1786363735.156,316.7
1786363735.257,315.771
1786363735.358,315.872
1786363735.458,315.845
1786363735.559,315.949
1786363735.660,317.434
1786363735.761,317.579
1786363735.862,316.238
1786363735.962,316.338
1786363736.063,316.321
1786363736.164,316.415
1786363736.265,316.487
1786363736.365,317.321
1786363736.466,317.386
1786363736.566,317.511
1786363736.667,317.549
1786363736.768,317.615
1786363736.868,317.543
1786363736.969,317.543
1786363737.069,317.501
1786363737.170,317.448
1786363737.270,317.448
1786363737.374,317.292
1786363737.478,317.417
1786363737.580,317.417
1786363737.683,317.288
1786363737.784,317.365
1786363737.888,315.819
1786363737.989,315.84
1786363738.093,316.018
1786363738.196,317.359
1786363738.296,317.458
1786363738.400,316.298
1786363738.501,316.471
1786363738.603,316.56
1786363738.703,316.362
1786363738.807,316.441
1786363738.911,316.507
1786363739.012,317.987
1786363739.116,317.992
1786363739.217,316.139
1786363739.319,316.357
1786363739.423,316.25
1786363739.523,317.55
1786363739.626,317.443
1786363739.727,317.236
1786363739.830,317.331
1786363739.932,317.249
1786363740.033,315.613
1786363740.136,315.715
1786363740.237,315.682
1786363740.339,317.382
1786363740.442,317.257
1786363740.543,317.263
1786363740.645,317.29
1786363740.747,317.446
1786363740.849,317.651
1786363740.952,317.774
1786363741.055,317.93
1786363741.158,319.367
1786363741.259,319.244
1786363741.362,317.308
1786363741.466,317.24
1786363741.567,317.264
1786363741.670,317.263
1786363741.773,317.139
1786363741.877,317.138
1786363741.981,316.997
1786363742.084,316.813
1786363742.188,316.753
1786363742.291,315.219
1786363742.395,315.303
1786363742.499,317.187
1786363742.602,317.278
1786363742.706,317.294
1786363742.809,317.376
1786363742.914,317.706
1786363743.018,317.702
1786363743.119,317.86
1786363743.221,316.458
1786363743.322,316.495
1786363743.423,318.297
1786363743.524,317.175
1786363743.625,317.291
1786363743.726,317.268
1786363743.828,317.286
1786363743.929,315.98
1786363744.030,315.698
1786363744.132,315.6
1786363744.232,315.441
1786363744.334,316.876
1786363744.435,316.642
1786363744.535,316.319
1786363744.636,316.319
1786363744.737,317.559
1786363744.838,314.612
1786363744.939,314.512
1786363745.040,314.269
1786363745.141,315.405
1786363745.241,315.184
1786363745.342,314.997
1786363745.443,314.326
1786363745.543,314.233
1786363745.644,314.318
1786363745.745,314.312
1786363745.847,313.913
1786363745.951,316.765
1786363746.051,316.681
1786363746.153,315.346
1786363746.254,315.333
1786363746.355,315.424
1786363746.456,315.466
1786363746.556,316.086
1786363746.657,316.277
1786363746.758,316.24
1786363746.859,316.3
1786363746.959,316.445
1786363747.059,316.296
1786363747.160,316.35
1786363747.261,316.292
1786363747.363,316.164
1786363747.463,316.052
1786363747.564,316.195
1786363747.666,316.166
1786363747.768,315.934
1786363747.871,316.107
1786363747.974,315.974
1786363748.074,314.599
1786363748.176,314.664
1786363748.277,314.744
1786363748.378,316.045
1786363748.480,316.134
1786363748.581,316.134
1786363748.682,316.323
1786363748.784,315.068
1786363748.885,315.09
1786363748.986,315.39
1786363749.087,313.617
1786363749.188,313.611
1786363749.289,314.998
1786363749.390,315.226
1786363749.492,315.083
1786363749.593,315.237
1786363749.694,315.247
1786363749.795,315.186
1786363749.897,316.382
1786363749.997,316.376
1786363750.098,315.065
1786363750.199,316.826
1786363750.300,316.921
1786363750.401,317.032
1786363750.502,316.869
1786363750.603,317.044
1786363750.703,317.108
1786363750.804,317.232
1786363750.905,316.095
1786363751.006,316.15
1786363751.107,316.207
1786363751.208,317.238
1786363751.309,317.305
1786363751.410,317.449
1786363751.511,317.378
1786363751.612,317.442
1786363751.713,317.481
1786363751.814,317.521
1786363751.915,317.618
1786363752.015,316.814
1786363752.116,316.771
1786363752.218,316.714
1786363752.319,316.753
1786363752.420,316.753
1786363752.521,316.562
1786363752.622,316.556
1786363752.723,316.592
1786363752.825,316.449
1786363752.925,316.303
1786363753.025,314.727
1786363753.127,314.73
1786363753.228,316.651
1786363753.329,316.71
1786363753.430,316.831
1786363753.531,316.886
1786363753.632,316.956
1786363753.733,316.766
1786363753.834,316.748
1786363753.936,315.808
1786363754.036,315.864
1786363754.137,317.375
1786363754.238,317.248
1786363754.339,317.365
1786363754.440,316.045
1786363754.540,316.103
1786363754.642,316.198
1786363754.743,316.184
1786363754.844,316.271
1786363754.945,316.293
1786363755.046,317.397
1786363755.146,316.808
1786363755.247,316.827
1786363755.348,314.645
1786363755.449,314.688
1786363755.549,316.286
1786363755.650,316.259
1786363755.751,316.178
1786363755.851,316.109
1786363755.952,316.043
1786363756.053,316.043
1786363756.153,314.834
1786363756.254,314.779
1786363756.354,315.169
1786363756.455,315.172
1786363756.556,317.389
1786363756.656,317.373
1786363756.757,317.08
1786363756.858,317.109
1786363756.958,317.165
1786363757.059,317.218
1786363757.160,317.113
1786363757.260,318.281
1786363757.361,318.412
1786363757.462,316.291
1786363757.562,316.499
1786363757.662,316.509
1786363757.763,316.579
1786363757.863,316.685
1786363757.966,316.734
1786363758.067,316.595
1786363758.168,316.735
1786363758.268,315.548
1786363758.369,315.802
1786363758.470,315.732
1786363758.570,318.217
1786363758.671,318.142
1786363758.771,318.28
1786363758.872,318.254
1786363758.972,318.086
1786363759.072,315.482
1786363759.175,315.527
1786363759.279,315.43
1786363759.381,316.835
1786363759.484,316.822
1786363759.584,316.754
1786363759.685,316.754
1786363759.785,316.618
1786363759.885,316.593
1786363758.809,316.445
1786363758.913,316.429
1786363759.016,316.552
1786363759.120,319.063
1786363759.221,319.057
1786363759.322,319.029
1786363759.423,317.087
1786363759.523,316.863
1786363759.624,316.848
1786363759.728,316.803
1786363759.832,316.72
1786363759.936,316.525
1786363760.039,316.601
1786363760.139,316.506
1786363760.240,314.347
1786363760.342,314.304
1786363760.444,314.296
1786363760.546,316.122
1786363760.648,315.994
1786363760.751,315.937
1786363760.853,315.805
1786363760.954,315.555
1786363761.055,314.286
1786363761.157,314.088
1786363761.259,314.039
1786363761.362,315.925
1786363761.463,315.898
1786363761.564,315.661
1786363761.664,315.706
1786363761.766,314.26
1786363761.869,314.206
1786363761.971,314.306
1786363762.073,314.461
1786363762.176,315.741
1786363762.280,315.609
1786363762.380,315.682
1786363762.481,315.779
1786363762.582,315.716
1786363762.686,315.844
1786363762.786,315.713
1786363762.889,317.158
1786363762.993,317.447
1786363763.095,316.301
1786363763.195,316.328
1786363763.296,314.927
1786363763.397,314.944
1786363763.498,314.823
1786363763.598,314.776
1786363763.699,314.858
1786363763.799,314.838
1786363763.900,314.838
1786363764.000,314.918
1786363764.101,314.425
1786363764.201,314.24
1786363764.305,315.371
1786363764.405,315.371
1786363764.507,316.948
1786363764.610,315.49
1786363764.714,315.587
1786363764.815,315.63
1786363764.916,315.593
1786363765.017,315.605
1786363765.117,315.594
1786363765.218,316.16
1786363765.319,316.06
1786363765.420,314.701
1786363765.521,314.653
1786363765.621,314.439
1786363765.722,315.983
1786363765.823,316.009
1786363765.923,316.256
1786363766.023,316.271
1786363766.124,314.546
1786363766.225,314.404
1786363766.329,314.548
1786363766.430,314.613
1786363766.532,315.983
1786363766.634,315.965
1786363766.734,316.015
1786363766.835,316.0
1786363766.935,314.223
1786363767.038,313.946
1786363767.139,313.944
1786363767.243,315.678
1786363767.347,315.763
1786363767.448,315.615
1786363767.548,315.594
1786363767.649,315.527
1786363767.750,315.666
1786363767.851,314.261
1786363767.952,314.248
1786363768.052,314.248
1786363768.153,315.984
1786363768.253,316.171
1786363768.354,315.05
1786363768.454,315.029
1786363768.555,315.056
1786363768.655,314.925
1786363768.756,314.868
1786363768.856,314.968
1786363768.960,313.458
1786363769.064,314.974
1786363769.167,315.01
1786363769.271,315.005
1786363769.374,315.099
1786363769.474,316.306
1786363769.575,316.511
1786363769.675,316.617
1786363769.776,315.198
1786363769.877,315.479
1786363769.977,315.45
1786363770.078,317.027
1786363770.181,316.93
1786363770.285,316.948
1786363770.385,316.932
1786363770.489,316.825
1786363770.590,316.786
1786363770.691,316.628
1786363770.793,316.637
1786363770.894,318.266
1786363770.995,318.318
1786363771.096,316.778
1786363771.198,316.627
1786363771.299,316.755
1786363771.400,316.988
1786363771.501,317.131
1786363771.602,317.168
1786363771.703,317.308
1786363771.804,317.453
1786363771.905,317.535
1786363772.007,317.589
1786363772.108,317.484
1786363772.209,318.981
1786363772.309,317.901
1786363772.410,317.901
1786363772.511,317.98
1786363772.612,317.831
1786363772.713,317.726
1786363772.814,317.748
1786363772.915,317.602
1786363773.016,317.561
1786363773.116,317.494
1786363773.217,315.823
1786363773.318,315.716
1786363773.418,315.781
1786363773.519,315.874
1786363773.620,315.745
1786363773.720,315.725
1786363773.821,315.776
1786363773.921,315.715
1786363774.021,315.046
1786363774.122,314.949
1786363774.223,315.005
1786363774.327,316.662
1786363774.428,316.682
1786363774.528,316.667
1786363774.629,317.764
1786363774.733,317.819
1786363774.835,317.783
1786363774.938,317.764
1786363775.042,317.732
1786363775.144,316.877
1786363775.248,316.911
1786363775.349,316.81
1786363775.450,316.8
1786363775.551,316.739
1786363775.651,316.771
1786363775.752,316.721
1786363775.853,316.761
1786363775.954,316.832
1786363776.054,315.177
1786363776.155,315.088
1786363776.255,316.645
1786363776.355,316.843
1786363776.456,316.843
1786363776.557,316.897
1786363776.657,316.839
1786363776.757,316.911
1786363776.858,316.94
1786363776.958,316.858
1786363777.059,316.847
1786363777.159,316.805
1786363777.259,318.49
1786363777.360,318.601
1786363777.461,317.148
1786363777.561,317.009
1786363777.661,316.893
1786363777.762,316.874
1786363777.863,316.818
1786363777.963,316.716
1786363778.064,316.747
1786363778.165,316.6
1786363778.265,316.692
1786363778.366,316.657
1786363778.467,315.196
1786363778.567,316.618
1786363778.667,315.773
1786363778.768,315.488
1786363778.868,315.414
1786363778.969,315.458
1786363779.069,315.517
1786363779.169,315.605
1786363779.270,315.865
1786363779.370,315.699
1786363779.470,315.708
1786363779.571,315.708
1786363779.671,317.144
1786363779.772,317.185
1786363779.873,317.948
1786363779.973,318.308
1786363780.074,318.301
1786363780.175,316.745
1786363780.276,316.64
1786363780.376,316.511
1786363780.477,316.319
1786363780.578,316.262
1786363780.679,316.347
1786363780.779,316.264
1786363780.880,316.188
1786363780.981,316.236
1786363781.082,314.53
1786363781.183,315.039
1786363781.284,316.395
1786363781.384,316.467
1786363781.485,316.559
1786363781.586,316.518
1786363781.687,316.469
1786363781.788,316.31
1786363781.889,316.346
1786363781.989,316.632
1786363782.090,316.619
1786363782.191,318.249
1786363782.292,317.81
1786363782.392,317.799
1786363782.493,317.815
1786363782.594,317.756
1786363782.695,316.285
1786363782.796,316.516
1786363782.897,316.615
1786363782.997,316.627
1786363783.098,316.627
1786363783.199,316.4
1786363783.300,316.428
1786363783.400,316.676
1786363783.501,316.737
1786363783.602,316.932
1786363783.703,316.989
1786363783.804,315.41
1786363783.905,316.202
1786363784.005,316.136
1786363784.105,315.362
1786363784.206,315.364
1786363784.307,315.589
1786363784.407,315.535
1786363784.508,315.441
1786363784.609,315.333
1786363784.710,315.27
1786363784.810,315.123
1786363784.911,314.555
1786363785.012,315.202
1786363785.112,315.203
1786363785.213,315.911
1786363785.314,315.952
1786363785.414,315.774
1786363785.515,316.04
1786363785.616,315.941
1786363785.716,314.483
1786363785.817,314.516
1786363785.918,314.789
1786363786.019,316.932
1786363786.119,316.996
1786363786.220,316.942
1786363786.321,317.081
1786363786.422,317.111
1786363786.522,317.111
1786363786.623,315.934
1786363786.723,315.484
1786363786.824,315.485
1786363786.925,317.08
1786363787.025,317.194
1786363787.126,317.17
1786363787.227,317.194
1786363787.327,317.333
1786363787.428,317.468
1786363787.529,317.481
1786363787.630,317.695
1786363787.730,318.855
1786363787.832,319.147
1786363787.932,317.635
1786363788.033,317.631
1786363788.134,317.782
1786363788.235,317.7
1786363788.335,317.821
1786363788.436,317.781
1786363788.537,317.775
1786363788.637,317.731
1786363788.739,317.439
1786363788.839,315.736
1786363788.940,315.572
1786363789.041,317.215
1786363789.142,315.956
1786363789.242,315.663
1786363789.343,315.714
1786363789.444,315.866
1786363789.545,315.967
1786363789.645,315.982
1786363789.746,316.009
1786363789.847,316.115
1786363789.948,316.115
1786363790.048,317.921
1786363790.149,318.147
1786363790.250,318.124
1786363790.351,319.348
1786363790.451,319.419
1786363790.552,317.72
1786363790.652,317.52
1786363790.753,317.349
1786363790.854,317.391
1786363790.955,317.372
1786363789.872,317.409
1786363789.973,317.378
1786363790.074,317.228
1786363790.179,317.427
1786363790.283,317.5
1786363790.387,317.462
1786363790.491,319.025
1786363790.595,318.999
1786363790.699,318.957
1786363790.803,318.881
1786363790.907,318.876
1786363791.010,316.59
1786363791.112,316.481
1786363791.213,316.554
1786363791.314,316.343
1786363791.415,316.347
1786363791.516,316.459
1786363791.617,316.594
1786363791.718,316.674
1786363791.819,316.926
1786363791.920,316.87
1786363792.021,316.785
1786363792.121,319.014
1786363792.222,317.611
1786363792.323,317.597
1786363792.423,317.483
1786363792.524,317.373
1786363792.626,317.126
1786363792.730,316.929
1786363792.834,316.151
1786363792.935,315.976
1786363793.039,316.014
1786363793.143,315.212
1786363793.247,315.168
1786363793.351,316.656
1786363793.455,316.693
1786363793.559,316.676
1786363793.660,316.04
1786363793.765,315.411
1786363793.869,315.424
1786363793.973,316.168
1786363794.077,316.183
1786363794.178,316.198
1786363794.282,317.043
1786363794.386,317.01
1786363794.490,316.935
1786363794.595,316.777
1786363794.697,314.82
1786363794.801,315.23
1786363794.905,316.123
1786363795.009,316.115
1786363795.113,316.003
1786363795.215,315.909
1786363795.319,315.766
1786363795.423,314.271
1786363795.527,314.18
1786363795.631,314.127
1786363795.734,314.176
1786363795.838,316.165
1786363795.938,316.329
1786363796.042,316.187
1786363796.146,316.161
1786363796.248,314.858
1786363796.349,314.817
1786363796.454,314.914
1786363796.558,316.251
1786363796.662,316.601
1786363796.765,316.691
1786363796.869,316.657
1786363796.970,316.557
1786363797.075,316.549
1786363797.179,316.472
1786363797.281,316.551
1786363797.385,317.868
1786363797.489,317.773
1786363797.593,317.819
1786363797.697,317.822
1786363797.801,317.63
1786363797.905,315.728
1786363798.008,315.72
1786363798.113,315.74
1786363798.217,315.746
1786363798.319,314.689
1786363798.423,314.664
1786363798.526,314.902
1786363798.630,313.385
1786363798.731,313.242
1786363798.836,313.416
1786363798.936,313.494
1786363799.040,315.236
1786363799.144,315.296
1786363799.248,315.343
1786363799.349,315.343
1786363799.449,315.401
1786363799.551,314.527
1786363799.655,314.413
1786363799.756,314.124
1786363799.860,315.715
1786363799.964,315.723
1786363800.067,315.604
1786363800.170,315.541
1786363800.272,315.853
1786363800.376,315.791
1786363800.480,315.784
1786363800.584,315.717
1786363800.688,317.503
1786363800.789,317.679
1786363800.890,317.702
1786363800.990,317.805
1786363801.091,317.971
1786363801.191,316.431
1786363801.292,316.381
1786363801.392,316.155
1786363801.495,316.369
1786363801.599,316.387
1786363801.703,316.435
1786363801.807,316.586
1786363801.911,316.514
1786363802.015,316.616
1786363802.118,316.645
1786363802.219,316.443
1786363802.319,316.673
1786363802.420,316.608
1786363802.521,315.872
1786363802.622,315.868
1786363802.723,315.775
1786363802.824,314.977
1786363802.924,314.921
1786363803.025,314.855
1786363803.125,314.418
1786363803.225,314.35
1786363803.328,313.075
1786363803.432,314.379
1786363803.536,313.292
1786363803.637,314.095
1786363803.737,313.936
1786363803.837,314.171
1786363803.938,315.039
1786363804.042,315.085
1786363804.146,315.239
1786363804.247,315.609
1786363804.347,315.856
1786363804.448,317.36
1786363804.549,317.402
1786363804.653,318.651
1786363804.757,318.554
1786363804.861,316.838
1786363804.965,316.736
1786363805.069,316.628
1786363805.173,316.666
1786363805.277,316.661
1786363805.381,316.641
1786363805.485,316.35
1786363805.587,316.286
1786363805.688,316.33
1786363805.790,316.274
1786363805.891,316.343
1786363805.993,318.27
1786363806.094,318.27
1786363806.195,318.215
1786363806.297,316.873
1786363806.398,316.94
1786363806.499,317.028
1786363806.600,317.27
1786363806.701,317.368
1786363806.802,317.35
1786363806.903,317.289
1786363807.004,317.305
1786363807.105,317.31
1786363807.206,317.136
1786363807.306,317.211
1786363807.407,318.545
1786363807.507,318.516
1786363807.608,318.121
1786363807.712,316.786
1786363807.816,316.796
1786363807.920,316.758
1786363808.024,316.711
1786363808.129,316.677
1786363808.232,316.942
1786363808.332,317.013
1786363808.433,317.061
1786363808.534,317.216
1786363808.634,317.428
1786363808.734,316.544
1786363808.835,317.762
1786363808.935,317.779
1786363809.036,317.677
1786363809.136,317.911
1786363809.237,317.916
1786363809.337,317.628
1786363809.438,317.623
1786363809.538,317.582
1786363809.639,315.264
1786363809.743,315.066
1786363809.847,316.225
1786363809.948,316.135
1786363810.051,316.118
1786363810.155,316.167
1786363810.259,316.023
1786363810.363,316.023
1786363810.464,314.804
1786363810.567,314.655
1786363810.671,314.627
1786363810.772,316.872
1786363810.873,316.978
1786363810.974,316.978
1786363811.076,317.004
1786363811.177,317.29
1786363811.277,317.266
1786363811.378,317.387
1786363811.479,315.864
1786363811.580,315.868
1786363811.681,317.122
1786363811.781,317.347
1786363811.882,317.287
1786363811.982,317.241
1786363812.083,317.126
1786363812.183,316.951
1786363812.284,316.615
1786363812.384,315.14
1786363812.488,315.091
1786363812.591,316.582
1786363812.694,316.53
1786363812.794,316.487
1786363812.898,315.678
1786363812.999,315.618
1786363813.100,315.651
1786363813.203,313.276
1786363813.304,313.397
1786363813.404,313.386
1786363813.505,314.858
1786363813.605,314.864
1786363813.706,314.808
1786363813.806,314.729
1786363813.907,313.784
1786363814.007,312.866
1786363814.108,313.113
1786363814.208,312.981
1786363814.309,315.297
1786363814.409,315.212
1786363814.510,315.303
1786363814.610,315.228
1786363814.713,315.154
1786363814.816,315.154
1786363814.919,315.054
1786363815.022,315.087
1786363815.125,315.919
1786363815.228,315.859
1786363815.331,315.591
1786363815.435,315.705
1786363815.538,315.801
1786363815.642,315.9
1786363815.745,315.834
1786363815.849,315.885
1786363815.953,315.858
1786363816.057,314.566
1786363816.161,314.486
1786363816.261,314.543
1786363816.362,315.958
1786363816.463,315.917
1786363816.567,315.829
1786363816.668,315.673
1786363816.772,315.633
1786363816.876,315.568
1786363816.980,315.579
1786363817.084,315.582
1786363817.188,317.021
1786363817.292,317.195
1786363817.396,315.782
1786363817.500,316.037
1786363817.604,316.039
1786363817.709,316.072
1786363817.812,316.15
1786363817.916,316.098
1786363818.020,316.21
1786363818.125,316.134
1786363818.229,314.673
1786363818.331,314.579
1786363818.435,314.47
1786363818.537,315.846
1786363818.641,315.682
1786363818.745,315.727
1786363818.849,315.952
1786363818.953,316.012
1786363819.057,316.064
1786363819.159,313.218
1786363819.262,313.182
1786363819.366,314.834
1786363819.470,314.941
1786363819.574,314.991
1786363819.678,315.014
1786363819.779,315.02
1786363819.879,315.245
1786363819.981,314.993
1786363820.085,313.394
1786363820.190,313.55
1786363820.290,316.35
1786363820.394,316.406
1786363820.498,316.294
1786363820.599,316.244
1786363820.703,316.294
1786363820.807,316.395
1786363820.911,316.513
1786363821.012,315.781
1786363821.114,314.95
1786363821.215,316.609
1786363821.316,316.565
1786363821.417,316.631
1786363821.518,316.699
1786363821.619,316.776
1786363821.720,316.931
1786363821.820,315.228
1786363821.921,315.181
1786363822.021,315.193
1786363820.933,315.805
1786363821.037,317.021
1786363821.137,316.884
1786363821.237,316.762
1786363821.342,316.777
1786363821.446,315.136
1786363821.550,315.015
1786363821.654,314.064
1786363821.758,315.778
1786363821.862,315.8
1786363821.966,315.755
1786363822.070,315.787
1786363822.172,315.472
1786363822.274,314.264
1786363822.377,314.358
1786363822.479,314.276
1786363822.582,315.891
1786363822.684,316.151
1786363822.785,317.003
1786363822.887,317.015
1786363822.990,317.062
1786363823.090,315.936
1786363823.192,315.81
1786363823.295,315.848
1786363823.397,317.12
1786363823.500,317.277
1786363823.603,317.324
1786363823.706,317.377
1786363823.806,317.218
1786363823.907,315.397
1786363824.010,315.785
1786363824.113,315.748
1786363824.216,317.029
1786363824.319,317.127
1786363824.422,317.184
1786363824.525,317.266
1786363824.628,317.164
1786363824.731,317.285
1786363824.835,317.324
1786363824.937,317.324
1786363825.041,315.912
1786363825.142,317.768
1786363825.246,317.437
1786363825.350,317.4
1786363825.454,317.261
1786363825.558,317.34
1786363825.662,317.327
1786363825.766,317.466
1786363825.870,317.414
1786363825.974,317.343
1786363826.078,317.289
1786363826.182,318.706
1786363826.286,318.71
1786363826.389,318.587
1786363826.494,317.115
1786363826.598,317.199
1786363826.702,317.073
1786363826.804,317.119
1786363826.906,316.967
1786363827.008,316.964
1786363827.109,316.929
1786363827.211,316.936
1786363827.313,315.446
1786363827.415,315.549
1786363827.517,315.592
1786363827.619,317.174
1786363827.721,317.168
1786363827.824,317.342
1786363827.926,317.376
1786363828.027,317.54
1786363828.130,317.544
1786363828.232,317.47
1786363828.334,316.295
1786363828.436,317.655
1786363828.539,315.013
1786363828.641,315.083
1786363828.743,315.068
1786363828.845,315.048
1786363828.948,314.907
1786363829.050,314.698
1786363829.152,314.445
1786363829.254,314.364
1786363829.357,314.259
1786363829.459,315.357
1786363829.562,315.25
1786363829.664,317.839
1786363829.764,317.647
1786363829.867,315.649
1786363829.970,315.694
1786363830.072,315.696
1786363830.175,315.741
1786363830.278,315.715
1786363830.381,315.703
1786363830.484,315.811
1786363830.587,315.726
1786363830.690,315.835
1786363830.794,315.684
1786363830.897,315.788
1786363831.000,317.754
1786363831.101,315.716
1786363831.204,315.84
1786363831.307,316.011
1786363831.411,315.999
1786363831.515,316.038
1786363831.617,315.122
1786363831.721,315.152
1786363831.826,315.162
1786363831.930,315.203
1786363832.034,315.365
1786363832.138,315.194
1786363832.242,317.061
1786363832.346,316.946
1786363832.450,316.72
1786363832.555,316.725
1786363832.659,316.707
1786363832.763,317.683
1786363832.867,317.782
1786363832.969,315.727
1786363833.074,315.792
1786363833.175,315.622
1786363833.279,315.779
1786363833.383,315.832
1786363833.487,315.785
1786363833.592,314.681
1786363833.696,314.662
1786363833.800,314.651
1786363833.904,314.637
1786363834.008,314.762
1786363834.113,316.809
1786363834.217,315.113
1786363834.321,315.254
1786363834.425,315.121
1786363834.529,315.08
1786363834.633,315.095
1786363834.737,316.239
1786363834.842,316.261
1786363834.946,316.235
1786363835.050,316.245
1786363835.151,314.569
1786363835.255,314.617
1786363835.358,316.214
1786363835.462,316.014
1786363835.566,316.053
1786363835.670,316.056
1786363835.775,316.268
1786363835.879,316.24
1786363835.983,316.252
1786363836.087,316.3
1786363836.188,316.19
1786363836.292,316.306
1786363836.397,316.207
1786363836.499,316.223
1786363836.601,316.198
1786363836.704,316.209
1786363836.806,316.201
1786363836.909,315.987
1786363837.011,316.139
1786363837.112,316.341
1786363837.214,316.53
1786363837.317,316.641
1786363837.419,318.191
1786363837.522,316.12
1786363837.625,316.044
1786363837.728,316.23
1786363837.830,316.36
1786363837.931,316.508
1786363838.034,316.521
1786363838.137,316.418
1786363838.240,316.393
1786363838.343,316.276
1786363838.446,316.361
1786363838.550,316.245
1786363838.653,318.527
1786363838.755,316.031
1786363838.859,316.042
1786363838.963,316.05
1786363839.066,315.977
1786363839.168,315.977
1786363839.272,316.045
1786363839.373,316.019
1786363839.477,315.943
1786363839.581,315.803
1786363839.685,314.36
1786363839.790,314.475
1786363839.890,314.436
1786363839.991,317.202
1786363840.091,317.109
1786363840.192,317.103
1786363840.294,317.208
1786363840.397,317.292
1786363840.501,315.977
1786363840.605,316.06
1786363840.710,316.271
1786363840.814,317.65
1786363840.918,317.519
1786363841.023,317.676
1786363841.123,317.44
1786363841.225,317.524
1786363841.326,315.956
1786363841.427,316.094
1786363841.528,316.119
1786363841.629,317.633
1786363841.730,316.917
1786363841.831,316.974
1786363841.932,317.06
1786363842.033,317.208
1786363842.133,317.173
1786363842.234,317.393
1786363842.334,317.46
1786363842.437,319.112
1786363842.542,319.092
1786363842.646,319.118
1786363842.750,319.061
1786363842.854,319.809
1786363842.958,318.167
1786363843.063,318.21
1786363843.163,318.257
1786363843.268,318.271
1786363843.372,318.151
1786363843.476,318.146
1786363843.581,318.103
1786363843.685,317.875
1786363843.789,317.695
1786363843.894,317.684
1786363843.998,316.487
1786363844.102,317.995
1786363844.207,317.904
1786363844.310,316.05
1786363844.414,315.921
1786363844.518,316.084
1786363844.623,315.932
1786363844.727,315.913
1786363844.831,316.037
1786363844.936,316.216
1786363845.040,316.253
1786363845.140,317.324
1786363845.243,317.194
1786363845.344,317.188
1786363845.448,318.897
1786363845.552,318.812
1786363845.657,318.71
1786363845.757,318.717
1786363845.861,317.071
1786363845.965,316.88
1786363846.069,316.666
1786363846.170,316.651
1786363846.271,316.441
1786363846.372,316.485
1786363846.473,316.269
1786363846.573,316.072
1786363846.674,315.974
1786363846.774,315.806
1786363846.875,315.622
1786363846.978,317.182
1786363847.082,317.323
1786363847.182,315.739
1786363847.286,315.57
1786363847.390,315.853
1786363847.494,315.835
1786363847.598,315.887
1786363847.702,315.964
1786363847.807,316.1
1786363847.911,316.081
1786363848.015,316.225
1786363848.118,316.2
1786363848.222,315.993
1786363848.326,317.829
1786363848.430,317.765
1786363848.534,317.53
1786363848.638,317.489
1786363848.742,317.55
1786363848.847,317.599
1786363848.950,315.835
1786363849.054,315.861
1786363849.154,314.756
1786363849.257,314.884
1786363849.361,314.908
1786363849.465,314.663
1786363849.569,314.784
1786363849.673,314.866
1786363849.778,314.843
1786363849.882,314.612
1786363849.983,312.388
1786363850.087,314.352
1786363850.190,314.411
1786363850.293,315.712
1786363850.395,315.722
1786363850.499,315.722
1786363850.602,315.809
1786363850.706,315.843
1786363850.810,315.766
1786363850.913,315.756
1786363851.017,314.416
1786363851.121,314.661
1786363851.223,316.83
1786363851.327,316.605
1786363851.431,316.647
1786363851.535,316.482
1786363851.638,316.331
1786363851.742,315.78
1786363851.846,315.813
1786363851.950,315.844
1786363852.054,315.884
1786363852.158,317.297
1786363852.262,317.249
1786363852.366,317.277
1786363852.470,317.179
1786363852.571,317.128
1786363852.676,315.738
1786363852.780,315.707
1786363852.882,316.291
1786363852.985,316.35
1786363853.088,316.474
1786363851.976,316.431
1786363852.079,316.48
1786363852.183,316.461
1786363852.284,316.524
1786363852.388,316.625
1786363852.491,316.685
1786363852.595,316.511
1786363852.699,316.593
1786363852.804,316.584
1786363852.907,316.489
1786363853.012,316.318
1786363853.116,316.343
1786363853.217,315.447
1786363853.321,315.323
1786363853.425,315.327
1786363853.529,315.276
1786363853.633,315.24
1786363853.736,316.671
1786363853.838,316.812
1786363853.939,315.183
1786363854.041,315.226
1786363854.145,315.284
1786363854.249,315.549
1786363854.353,316.524
1786363854.456,316.703
1786363854.560,316.803
1786363854.664,316.923
1786363854.768,317.062
1786363854.870,317.277
1786363854.974,315.598
1786363855.078,317.288
1786363855.181,317.323
1786363855.285,317.46
1786363855.387,317.331
1786363855.489,317.335
1786363855.592,317.418
1786363855.694,317.45
1786363855.794,317.475
1786363855.897,315.76
1786363855.998,315.665
1786363856.100,317.313
1786363856.203,317.372
1786363856.305,317.428
1786363856.407,317.462
1786363856.509,317.505
1786363856.612,317.441
1786363856.714,317.408
1786363856.816,317.324
1786363856.917,317.286
1786363857.020,316.682
1786363857.122,316.649
1786363857.225,316.488
1786363857.327,316.415
1786363857.430,316.387
1786363857.533,316.322
1786363857.635,316.157
1786363857.738,316.109
1786363857.841,316.132
1786363857.941,314.584
1786363858.044,314.446
1786363858.147,316.585
1786363858.251,316.628
1786363858.354,316.881
1786363858.457,316.776
1786363858.560,316.745
1786363858.664,315.071
1786363858.764,314.704
1786363858.868,314.691
1786363858.971,314.711
1786363859.075,316.286
1786363859.176,316.294
1786363859.280,316.381
1786363859.383,316.419
1786363859.487,316.232
1786363859.591,316.369
1786363859.695,316.477
1786363859.798,318.173
1786363859.902,318.474
1786363860.003,318.502
1786363860.107,318.495
1786363860.210,318.381
1786363860.314,318.478
1786363860.418,317.823
1786363860.522,315.298
1786363860.625,314.597
1786363860.729,313.901
1786363860.833,313.774
1786363860.937,313.765
1786363861.041,313.91
1786363861.144,313.958
1786363861.248,314.182
1786363861.348,314.238
1786363861.451,314.29
1786363861.555,315.07
1786363861.659,316.089
1786363861.764,316.757
1786363861.868,317.319
1786363861.969,317.056
1786363862.073,316.883
1786363862.178,316.696
1786363862.283,316.561
1786363862.387,316.208
1786363862.492,316.053
1786363862.597,316.149
1786363862.702,316.027
1786363862.807,317.43
1786363862.911,317.432
1786363863.016,317.409
1786363863.117,317.509
1786363863.218,315.949
1786363863.319,316.003
1786363863.420,316.079
1786363863.521,316.07
1786363863.621,316.281
1786363863.722,316.088
1786363863.822,316.169
1786363863.923,315.02
1786363864.023,314.988
1786363864.123,312.481
1786363864.227,312.52
1786363864.328,312.52
1786363864.433,314.107
1786363864.534,314.137
1786363864.635,314.212
1786363864.739,314.248
1786363864.841,314.031
1786363864.945,313.954
1786363865.046,313.723
1786363865.147,314.956
1786363865.248,314.887
1786363865.348,317.474
1786363865.449,317.529
1786363865.550,316.066
1786363865.655,316.027
1786363865.759,315.932
1786363865.860,316.032
1786363865.960,316.243
1786363866.061,316.262
1786363866.161,316.282
1786363866.262,316.105
1786363866.365,316.108
1786363866.470,316.027
1786363866.571,316.058
1786363866.675,316.197
1786363866.776,316.266
1786363866.881,316.384
1786363866.985,316.357
1786363867.090,316.236
1786363867.195,316.408
1786363867.300,316.565
1786363867.400,315.3
1786363867.502,315.405
1786363867.602,315.629
1786363867.703,315.636
1786363867.804,317.017
1786363867.904,316.963
1786363868.005,316.875
1786363868.105,316.873
1786363868.206,316.943
1786363868.307,316.825
1786363868.408,316.803
1786363868.508,316.803
1786363868.609,318.221
1786363868.711,318.267
1786363868.811,318.251
1786363868.916,316.41
1786363869.019,316.405
1786363869.124,316.466
1786363869.224,315.466
1786363869.325,315.439
1786363869.426,315.364
1786363869.526,315.319
1786363869.630,315.197
1786363869.734,315.276
1786363869.836,315.274
1786363869.940,312.63
1786363870.042,314.503
1786363870.146,314.439
1786363870.251,314.324
1786363870.355,315.333
1786363870.460,314.612
1786363870.560,314.643
1786363870.661,313.314
1786363870.762,313.313
1786363870.863,313.236
1786363870.964,313.182
1786363871.065,315.884
1786363871.166,315.896
1786363871.267,315.98
1786363871.368,316.133
1786363871.468,316.162
1786363871.569,316.95
1786363871.669,317.044
1786363871.770,318.247
1786363871.870,318.402
1786363871.971,317.044
1786363872.076,317.116
1786363872.180,317.001
1786363872.284,316.996
1786363872.389,317.047
1786363872.493,317.097
1786363872.597,317.181
1786363872.701,317.249
1786363872.805,317.334
1786363872.908,317.6
1786363873.012,317.664
1786363873.116,319.1
1786363873.220,318.973
1786363873.325,318.932
1786363873.426,318.967
1786363873.527,316.519
1786363873.631,316.391
1786363873.733,316.284
1786363873.837,316.165
1786363873.940,316.055
1786363874.044,315.974
1786363874.148,316.048
1786363874.252,316.032
1786363874.356,315.534
1786363874.459,315.498
1786363874.561,315.388
1786363874.663,317.797
1786363874.766,317.883
1786363874.868,316.36
1786363874.971,316.33
1786363875.074,314.656
1786363875.176,314.776
1786363875.280,314.704
1786363875.383,314.704
1786363875.486,314.814
1786363875.589,315.538
1786363875.692,315.68
1786363875.796,315.815
1786363875.899,315.898
1786363876.000,315.962
1786363876.102,315.431
1786363876.203,315.471
1786363876.306,317.156
1786363876.410,317.071
1786363876.514,316.983
1786363876.618,316.905
1786363876.722,316.98
1786363876.826,316.817
1786363876.931,316.679
1786363877.035,316.669
1786363877.140,316.582
1786363877.241,318.639
1786363877.343,317.18
1786363877.445,317.199
1786363877.546,317.238
1786363877.647,317.225
1786363877.747,317.143
1786363877.848,316.856
1786363877.949,316.988
1786363878.049,317.109
1786363878.150,317.131
1786363878.250,315.573
1786363878.350,315.629
1786363878.453,317.089
1786363878.556,317.111
1786363878.660,317.04
1786363878.764,317.101
1786363878.868,317.342
1786363878.972,317.398
1786363879.076,317.231
1786363879.177,317.105
1786363879.278,317.022
1786363879.378,318.577
1786363879.479,318.526
1786363879.580,317.397
1786363879.680,317.373
1786363879.781,317.358
1786363879.882,315.531
1786363879.982,315.43
1786363880.082,315.411
1786363880.185,315.484
1786363880.289,315.494
1786363880.392,314.62
1786363880.496,314.436
1786363880.600,314.463
1786363880.701,315.722
1786363880.802,315.806
1786363880.902,315.836
1786363881.003,317.609
1786363881.104,315.926
1786363881.205,315.884
1786363881.306,315.806
1786363881.406,315.806
1786363881.507,315.686
1786363881.608,316.516
1786363881.708,316.651
1786363881.809,316.597
1786363881.909,316.357
1786363882.010,314.613
1786363882.111,314.53
1786363882.211,314.475
1786363882.313,315.951
1786363882.414,316.109
1786363882.514,316.139
1786363882.615,316.14
1786363882.716,316.094
1786363882.817,316.049
1786363882.918,316.032
1786363883.018,316.019
1786363883.119,317.588
1786363883.219,317.579
1786363883.319,317.584
1786363883.420,315.703
1786363883.520,315.698
1786363883.621,315.81
1786363883.722,315.873
1786363883.822,315.887
1786363883.923,315.91
1786363884.023,315.876
1786363882.893,315.921
1786363882.997,315.874
1786363883.101,315.935
1786363883.205,315.909
1786363883.309,317.854
1786363883.412,318.017
1786363883.516,316.836
1786363883.620,316.899
1786363883.724,316.942
1786363883.825,314.979
1786363883.929,314.994
1786363884.030,314.996
1786363884.134,315.083
1786363884.236,315.306
1786363884.338,315.317
1786363884.440,315.283
1786363884.542,315.077
1786363884.644,316.157
1786363884.746,316.129
1786363884.847,314.673
1786363884.949,314.673
1786363885.049,316.727
1786363885.151,316.781
1786363885.253,316.789
1786363885.355,316.725
1786363885.456,316.551
1786363885.558,316.536
1786363885.660,316.659
1786363885.762,316.574
1786363885.864,314.859
1786363885.965,314.985
1786363886.068,316.655
1786363886.172,316.584
1786363886.276,316.529
1786363886.380,316.58
1786363886.481,316.568
1786363886.583,316.475
1786363886.683,316.432
1786363886.787,314.515
1786363886.889,314.42
1786363886.993,316.073
1786363887.096,315.969
1786363887.200,315.777
1786363887.300,315.838
1786363887.404,315.808
1786363887.505,315.848
1786363887.609,316.071
1786363887.711,314.253
1786363887.815,314.262
1786363887.918,316.189
1786363888.022,316.499
1786363888.125,316.64
1786363888.229,316.602
1786363888.331,316.53
1786363888.435,316.496
1786363888.539,316.618
1786363888.643,316.509
1786363888.747,315.896
1786363888.848,317.831
1786363888.951,316.297
1786363889.051,316.204
1786363889.154,316.049
1786363889.258,315.516
1786363889.361,315.606
1786363889.465,315.745
1786363889.567,315.767
1786363889.670,315.748
1786363889.774,315.934
1786363889.878,316.327
1786363889.983,316.395
1786363890.084,316.573
1786363890.186,316.481
1786363890.288,316.382
1786363890.390,316.872
1786363890.492,316.942
1786363890.594,316.797
1786363890.696,316.923
1786363890.796,316.642
1786363890.898,316.56
1786363891.000,316.591
1786363891.102,316.436
1786363891.204,317.852
1786363891.306,317.937
1786363891.407,317.978
1786363891.509,318.004
1786363891.611,316.324
1786363891.713,316.378
1786363891.815,316.235
1786363891.917,316.546
1786363892.019,316.64
1786363892.121,316.696
1786363892.223,316.739
1786363892.326,315.021
1786363892.426,315.408
1786363892.526,315.464
1786363892.627,315.464
1786363892.727,315.415
1786363892.827,317.017
1786363892.928,316.987
1786363893.028,316.893
1786363893.130,316.889
1786363893.231,316.823
1786363893.333,315.566
1786363893.435,315.513
1786363893.536,317.109
1786363893.638,316.675
1786363893.739,316.651
1786363893.840,316.619
1786363893.942,315.538
1786363894.043,315.518
1786363894.144,315.551
1786363894.245,315.507
1786363894.348,313.904
1786363894.449,315.103
1786363894.552,314.996
1786363894.656,315.065
1786363894.759,315.065
1786363894.861,315.1
1786363894.964,315.087
1786363895.066,314.054
1786363895.169,314.206
1786363895.271,314.304
1786363895.374,314.352
1786363895.478,315.901
1786363895.582,315.926
1786363895.686,316.135
1786363895.787,316.145
1786363895.887,316.159
1786363895.988,316.05
1786363896.089,316.034
1786363896.193,318.001
1786363896.294,317.846
1786363896.398,317.792
1786363896.502,318.002
1786363896.607,317.949
1786363896.711,317.849
1786363896.811,317.805
1786363896.913,316.453
1786363897.013,316.458
1786363897.117,316.572
1786363897.221,316.685
1786363897.323,316.794
1786363897.427,316.823
1786363897.531,316.812
1786363897.635,316.592
1786363897.739,316.737
1786363897.843,316.953
1786363897.945,316.928
1786363898.049,318.282
1786363898.154,318.291
1786363898.258,318.342
1786363898.359,318.375
1786363898.464,318.413
1786363898.568,318.48
1786363898.672,318.466
1786363898.776,318.656
1786363898.880,318.587
1786363898.982,318.536
1786363899.086,318.576
1786363899.189,315.734
1786363899.293,315.699
1786363899.395,315.665
1786363899.499,315.508
1786363899.602,315.434
1786363899.706,315.632
1786363899.810,315.749
1786363899.911,313.666
1786363900.012,313.656
1786363900.115,313.725
1786363900.219,313.71
1786363900.320,316.566
1786363900.423,316.616
1786363900.527,316.587
1786363900.631,316.703
1786363900.735,316.767
1786363900.839,316.532
1786363900.940,314.936
1786363901.041,316.762
1786363901.142,316.632
1786363901.242,316.632
1786363901.345,316.453
1786363901.447,316.631
1786363901.551,316.619
1786363901.655,316.724
1786363901.759,316.74
1786363901.863,316.752
1786363901.964,316.682
1786363902.064,315.004
1786363902.165,316.497
1786363902.270,316.481
1786363902.373,316.541
1786363902.475,316.468
1786363902.579,316.184
1786363902.683,316.333
1786363902.786,316.267
1786363902.890,316.085
1786363902.994,315.972
1786363903.098,316.059
1786363903.202,317.697
1786363903.303,317.748
1786363903.407,316.41
1786363903.508,316.442
1786363903.612,316.594
1786363903.716,316.669
1786363903.820,316.567
1786363903.924,316.489
1786363904.028,316.864
1786363904.132,316.961
1786363904.236,316.946
1786363904.338,317.107
1786363904.442,316.648
1786363904.544,318.031
1786363904.648,318.088
1786363904.753,318.042
1786363904.854,318.083
1786363904.958,318.208
1786363905.062,318.437
1786363905.166,318.246
1786363905.270,318.226
1786363905.374,318.27
1786363905.478,318.133
1786363905.580,316.921
1786363905.684,317.156
1786363905.787,317.096
1786363905.891,317.189
1786363905.995,317.225
1786363906.099,317.129
1786363906.202,317.069
1786363906.307,317.002
1786363906.408,316.998
1786363906.512,315.335
1786363906.614,315.443
1786363906.718,317.2
1786363906.822,316.866
1786363906.926,316.907
1786363907.027,316.95
1786363907.131,316.962
1786363907.231,316.943
1786363907.335,315.145
1786363907.435,315.166
1786363907.539,315.196
1786363907.643,316.901
1786363907.747,316.867
1786363907.849,316.82
1786363907.953,317.018
1786363908.057,316.94
1786363908.161,316.746
1786363908.265,316.661
1786363908.369,316.674
1786363908.473,318.355
1786363908.576,316.481
1786363908.680,316.34
1786363908.783,316.261
1786363908.887,316.431
1786363908.991,316.424
1786363909.095,316.319
1786363909.199,316.402
1786363909.303,315.699
1786363909.404,315.739
1786363909.508,313.947
1786363909.610,312.662
1786363909.714,314.52
1786363909.818,314.688
1786363909.922,314.731
1786363910.026,314.526
1786363910.131,314.49
1786363910.232,314.541
1786363910.336,313.289
1786363910.438,314.068
1786363910.542,314.007
1786363910.646,315.816
1786363910.750,317.091
1786363910.854,317.142
1786363910.959,317.099
1786363911.063,316.995
1786363911.167,317.048
1786363911.271,316.997
1786363911.375,316.961
1786363911.479,318.211
1786363911.579,318.146
1786363911.683,316.094
1786363911.785,315.948
1786363911.889,315.925
1786363911.994,315.795
1786363912.098,315.657
1786363912.202,315.628
1786363912.306,315.573
1786363912.410,315.549
1786363912.511,314.71
1786363912.615,314.195
1786363912.718,314.211
1786363912.822,316.328
1786363912.926,316.486
1786363913.030,316.553
1786363913.134,316.691
1786363913.238,317.09
1786363913.342,317.07
1786363913.446,316.975
1786363913.548,315.165
1786363913.652,315.876
1786363913.755,316.629
1786363913.859,316.669
1786363913.963,316.549
1786363914.067,316.356
1786363914.171,316.166
1786363914.275,316.05
1786363914.377,313.473
1786363914.481,313.73
1786363914.584,313.799
1786363914.688,315.601
1786363914.792,314.217
1786363914.896,314.207
1786363915.000,314.147
1786363915.104,314.071
1786363914.027,314.252
1786363914.131,314.403
1786363914.235,314.584
1786363914.339,316.854
1786363914.441,314.865
1786363914.545,314.957
1786363914.649,314.962
1786363914.753,316.061
1786363914.857,316.079
1786363914.961,316.138
1786363915.065,316.241
1786363915.167,315.041
1786363915.271,314.539
1786363915.373,314.416
1786363915.478,314.371
1786363915.582,316.19
1786363915.686,316.038
1786363915.790,316.088
1786363915.894,316.201
1786363915.994,316.328
1786363916.096,314.714
1786363916.198,314.762
1786363916.301,316.137
1786363916.405,316.549
1786363916.509,316.475
1786363916.613,316.453
1786363916.717,316.387
1786363916.819,316.422
1786363916.923,316.385
1786363917.027,316.308
1786363917.131,316.17
1786363917.231,317.584
1786363917.334,316.163
1786363917.435,315.802
1786363917.536,315.779
1786363917.640,315.76
1786363917.745,315.97
1786363917.849,315.935
1786363917.953,315.888
1786363918.057,315.232
1786363918.161,315.217
1786363918.265,315.18
1786363918.366,313.073
1786363918.470,314.601
1786363918.571,314.619
1786363918.675,314.88
1786363918.779,313.907
1786363918.883,313.734
1786363918.988,313.743
1786363919.091,313.771
1786363919.196,314.432
1786363919.300,314.453
1786363919.404,314.749
1786363919.508,316.995
1786363919.609,316.88
1786363919.713,316.968
1786363919.817,316.791
1786363919.921,317.836
1786363920.025,317.851
1786363920.129,317.929
1786363920.234,317.967
1786363920.335,315.735
1786363920.439,315.886
1786363920.541,315.207
1786363920.641,315.161
1786363920.745,315.094
1786363920.849,315.114
1786363920.954,315.064
1786363921.058,315.075
1786363921.160,313.394
1786363921.264,313.166
1786363921.368,313.125
1786363921.472,315.348
1786363921.575,315.123
1786363921.678,315.478
1786363921.782,315.741
1786363921.884,315.773
1786363921.988,315.571
1786363922.092,315.551
1786363922.197,315.417
1786363922.301,317.035
1786363922.405,317.181
1786363922.509,317.17
1786363922.613,317.161
1786363922.717,317.299
1786363922.821,317.235
1786363922.922,315.319
1786363923.027,315.42
1786363923.128,315.66
1786363923.233,315.796
1786363923.337,315.928
1786363923.441,316.021
1786363923.545,316.171
1786363923.649,316.066
1786363923.751,314.325
1786363923.855,314.326
1786363923.958,313.33
1786363924.060,315.089
1786363924.163,314.942
1786363924.266,314.877
1786363924.369,314.946
1786363924.472,314.99
1786363924.575,314.942
1786363924.675,314.799
1786363924.778,313.306
1786363924.881,315.058
1786363924.984,314.973
1786363925.088,316.244
1786363925.191,316.243
1786363925.295,316.335
1786363925.398,316.347
1786363925.502,316.39
1786363925.606,316.291
1786363925.707,314.769
1786363925.811,314.824
1786363925.914,316.614
1786363926.018,316.57
1786363926.122,316.513
1786363926.226,316.444
1786363926.327,316.418
1786363926.431,316.433
1786363926.532,314.352
1786363926.635,314.202
1786363926.736,314.287
1786363926.841,315.926
1786363926.943,316.004
1786363927.047,315.874
1786363927.152,316.217
1786363927.256,316.288
1786363927.360,316.409
1786363927.462,314.382
1786363927.566,314.353
1786363927.669,316.349
1786363927.773,316.337
1786363927.877,316.422
1786363927.980,315.7
1786363928.084,315.652
1786363928.188,315.863
1786363928.291,315.744
1786363928.393,315.714
1786363928.496,315.714
1786363928.599,315.584
1786363928.702,317.718
1786363928.803,317.802
1786363928.906,316.298
1786363929.009,316.321
1786363929.112,316.251
1786363929.215,315.737
1786363929.318,315.707
1786363929.421,315.506
1786363929.525,315.516
1786363929.629,315.527
1786363929.729,315.545
1786363929.833,312.978
1786363929.935,312.837
1786363930.037,314.333
1786363930.141,314.325
1786363930.245,314.288
1786363930.349,315.378
1786363930.453,315.358
1786363930.557,315.456
1786363930.661,315.379
1786363930.765,315.353
1786363930.867,313.316
1786363930.971,316.267
1786363931.073,316.174
1786363931.177,316.219
1786363931.281,316.03
1786363931.386,315.858
1786363931.490,315.879
1786363931.594,315.764
1786363931.698,315.63
1786363931.802,315.764
1786363931.904,315.829
1786363932.008,315.566
1786363932.109,315.04
1786363932.213,315.15
1786363932.318,315.157
1786363932.422,315.186
1786363932.526,315.178
1786363932.630,315.103
1786363932.732,314.052
1786363932.834,313.205
1786363932.936,312.946
1786363933.038,312.908
1786363933.139,315.095
1786363933.239,315.313
1786363933.341,312.165
1786363933.443,312.163
1786363933.545,312.281
1786363933.646,312.392
1786363933.748,312.502
1786363933.850,313.72
1786363933.952,314.566
1786363934.053,314.687
1786363934.155,314.743
1786363934.257,314.83
1786363934.359,313.662
1786363934.460,316.751
1786363934.562,316.845
1786363934.663,314.688
1786363934.765,314.798
1786363934.866,314.954
1786363934.967,314.913
1786363935.069,314.928
1786363935.170,314.888
1786363935.271,314.904
1786363935.372,314.897
1786363935.474,315.912
1786363935.575,315.979
1786363935.676,315.945
1786363935.777,318.155
1786363935.879,318.265
1786363935.979,318.08
1786363936.080,316.49
1786363936.181,316.495
1786363936.281,316.495
1786363936.382,316.578
1786363936.483,316.488
1786363936.584,316.442
1786363936.685,316.332
1786363936.785,316.341
1786363936.886,316.325
1786363936.986,316.278
1786363937.086,316.076
1786363937.187,314.71
1786363937.287,316.271
1786363937.388,316.184
1786363937.493,316.051
1786363937.597,316.095
1786363937.697,316.342
1786363937.798,316.414
1786363937.900,316.492
1786363938.004,316.524
1786363938.105,316.449
1786363938.205,316.52
1786363938.309,317.949
1786363938.412,318.071
1786363938.512,317.875
1786363938.615,316.601
1786363938.717,316.583
1786363938.821,316.316
1786363938.925,316.328
1786363939.029,316.452
1786363939.133,316.462
1786363939.237,316.476
1786363939.337,316.48
1786363939.441,315.022
1786363939.541,314.54
1786363939.646,314.139
1786363939.746,315.558
1786363939.848,315.689
1786363939.952,315.806
1786363940.057,315.856
1786363940.158,314.309
1786363940.262,314.082
1786363940.365,314.182
1786363940.468,314.095
1786363940.572,315.726
1786363940.676,316.102
1786363940.781,316.738
1786363940.885,316.378
1786363940.989,316.224
1786363941.093,316.154
1786363941.197,316.096
1786363941.301,317.51
1786363941.402,317.462
1786363941.505,316.197
1786363941.606,316.306
1786363941.710,316.22
1786363941.814,316.294
1786363941.918,316.509
1786363942.022,316.961
1786363942.126,317.119
1786363942.230,317.087
1786363942.334,317.203
1786363942.438,317.189
1786363942.539,315.838
1786363942.642,317.205
1786363942.743,317.144
1786363942.847,316.94
1786363942.951,316.919
1786363943.055,316.735
1786363943.159,316.607
1786363943.263,316.505
1786363943.367,316.64
1786363943.471,316.585
1786363943.574,316.785
1786363943.678,318.368
1786363943.782,318.346
1786363943.886,318.392
1786363943.987,316.672
1786363944.090,317.017
1786363944.191,317.092
1786363944.295,317.016
1786363944.399,317.1
1786363944.503,317.092
1786363944.605,317.088
1786363944.709,316.782
1786363944.812,315.874
1786363944.914,314.187
1786363945.018,314.183
1786363945.121,316.029
1786363945.222,315.908
1786363945.326,315.853
1786363945.430,315.751
1786363945.534,315.804
1786363945.636,315.795
1786363945.740,315.811
1786363945.844,315.998
1786363945.945,314.809
1786363946.048,316.448
1786363946.149,316.381
1786363945.057,316.455
1786363945.161,316.312
1786363945.266,316.446
1786363945.370,316.625
1786363945.471,316.511
1786363945.575,316.48
1786363945.678,316.467
1786363945.782,316.361
1786363945.887,318.465
1786363945.991,318.444
1786363946.091,318.444
1786363946.195,318.492
1786363946.296,318.297
1786363946.398,316.638
1786363946.499,316.489
1786363946.601,316.304
1786363946.703,316.338
1786363946.804,316.324
1786363946.906,315.558
1786363947.007,315.534
1786363947.110,313.764
1786363947.212,313.749
1786363947.315,313.746
1786363947.417,313.816
1786363947.519,315.344
1786363947.621,315.308
1786363947.723,315.487
1786363947.824,315.669
1786363947.926,313.164
1786363948.027,313.881
1786363948.129,313.826
1786363948.230,315.551
1786363948.332,315.507
1786363948.432,315.518
1786363948.533,313.441
1786363948.635,313.385
1786363948.736,313.45
1786363948.837,313.366
1786363948.938,313.092
1786363949.040,315.542
1786363949.141,315.628
1786363949.241,315.762
1786363949.342,315.713
1786363949.443,313.24
1786363949.544,313.041
1786363949.644,315.087
1786363949.745,315.099
1786363949.846,315.098
1786363949.946,315.045
1786363950.047,315.009
1786363950.151,315.067
1786363950.254,315.225
1786363950.354,315.112
1786363950.455,312.884
1786363950.555,312.884
1786363950.656,315.363
1786363950.758,315.486
1786363950.862,315.432
1786363950.966,315.436
1786363951.066,315.375
1786363951.167,315.34
1786363951.267,315.357
1786363951.374,313.342
1786363951.478,313.295
1786363951.582,313.319
1786363951.686,315.837
1786363951.790,315.819
1786363951.895,315.898
1786363951.999,316.039
1786363952.103,316.125
1786363952.207,316.178
1786363952.311,316.263
1786363952.415,316.358
1786363952.519,318.282
1786363952.621,317.918
1786363952.725,316.878
1786363952.829,316.662
1786363952.933,316.738
1786363953.037,316.7
1786363953.141,316.821
1786363953.245,316.714
1786363953.349,316.607
1786363953.453,316.555
1786363953.557,316.474
1786363953.661,314.355
1786363953.765,314.397
1786363953.870,315.432
1786363953.974,315.455
1786363954.078,315.356
1786363954.178,315.517
1786363954.282,315.177
1786363954.385,315.177
1786363954.489,315.236
1786363954.590,315.263
1786363954.694,314.115
1786363954.798,316.461
1786363954.902,316.588
1786363955.006,316.678
1786363955.110,316.698
1786363955.214,314.634
1786363955.318,314.529
1786363955.422,314.802
1786363955.526,314.895
1786363955.630,314.906
1786363955.734,314.91
1786363955.839,316.168
1786363955.943,314.31
1786363956.047,314.303
1786363956.149,314.242
1786363956.253,314.326
1786363956.357,316.513
1786363956.461,316.671
1786363956.561,316.537
1786363956.665,316.55
1786363956.769,314.873
1786363956.873,314.397
1786363956.977,314.169
1786363957.081,315.904
1786363957.183,316.002
1786363957.286,315.944
1786363957.389,315.902
1786363957.492,314.342
1786363957.596,314.144
1786363957.699,314.063
1786363957.802,314.091
1786363957.906,315.809
1786363958.009,316.205
1786363958.113,316.504
1786363958.217,316.445
1786363958.321,314.681
1786363958.425,314.8
1786363958.529,314.851
1786363958.629,316.461
1786363958.734,316.583
1786363958.834,316.68
1786363958.934,316.691
1786363959.035,316.711
1786363959.139,316.83
1786363959.243,316.697
1786363959.347,315.995
1786363959.451,317.087
1786363959.555,317.079
1786363959.659,316.991
1786363959.763,316.967
1786363959.864,316.508
1786363959.965,316.589
1786363960.066,316.59
1786363960.167,316.594
1786363960.268,316.557
1786363960.369,316.551
1786363960.469,315.779
1786363960.569,316.418
1786363960.670,316.469
1786363960.770,316.475
1786363960.871,316.322
1786363960.975,316.675
1786363961.079,316.674
1786363961.183,316.598
1786363961.283,316.473
1786363961.388,316.83
1786363961.492,316.796
1786363961.596,318.325
1786363961.699,316.619
1786363961.803,316.674
1786363961.907,316.568
1786363962.011,316.641
1786363962.115,316.52
1786363962.219,316.427
1786363962.323,316.454
1786363962.427,316.568
1786363962.532,314.85
1786363962.632,314.827
1786363962.736,314.777
1786363962.841,316.499
1786363962.945,316.384
1786363963.049,316.511
1786363963.151,316.512
1786363963.255,316.762
1786363963.359,316.963
1786363963.463,315.371
1786363963.565,315.281
1786363963.669,316.831
1786363963.772,316.95
1786363963.875,316.905
1786363963.978,316.83
1786363964.081,316.845
1786363964.183,316.757
1786363964.287,316.69
1786363964.391,316.523
1786363964.495,316.339
1786363964.596,316.331
1786363964.699,316.421
1786363964.803,316.282
1786363964.907,316.248
1786363965.011,315.394
1786363965.111,315.435
1786363965.215,315.384
1786363965.320,315.438
1786363965.424,315.486
1786363965.528,315.487
1786363965.632,315.626
1786363965.736,317.275
1786363965.840,317.498
1786363965.944,317.458
1786363966.048,315.736
1786363966.149,316.722
1786363966.253,316.674
1786363966.354,316.59
1786363966.458,316.6
1786363966.560,316.629
1786363966.662,316.649
1786363966.764,316.54
1786363966.866,315.863
1786363966.968,315.723
1786363967.070,315.732
1786363967.171,317.381
1786363967.273,317.381
1786363967.375,315.238
1786363967.477,315.172
1786363967.578,315.236
1786363967.680,315.241
1786363967.782,315.212
1786363967.884,315.295
1786363967.986,315.357
1786363968.088,316.083
1786363968.190,316.155
1786363968.292,316.181
1786363968.394,316.242
1786363968.496,318.293
1786363968.596,318.271
1786363968.698,316.834
1786363968.800,316.718
1786363968.902,316.726
1786363969.003,316.639
1786363969.105,316.481
1786363969.207,316.324
1786363969.309,316.074
1786363969.410,316.08
1786363969.512,316.208
1786363969.614,316.137
1786363969.715,316.185
1786363969.817,316.171
1786363969.919,316.196
1786363970.020,316.092
1786363970.121,316.065
1786363970.223,314.924
1786363970.324,314.857
1786363970.425,314.974
1786363970.527,314.98
1786363970.628,314.742
1786363970.729,314.719
1786363970.830,314.697
1786363970.932,314.53
1786363971.032,314.571
1786363971.133,314.597
1786363971.234,314.628
1786363971.335,315.793
1786363971.436,315.911
1786363971.536,315.8
1786363971.637,315.732
1786363971.737,315.732
1786363971.838,313.795
1786363971.941,314.032
1786363972.045,314.067
1786363972.149,315.876
1786363972.249,315.893
1786363972.350,315.973
1786363972.451,315.935
1786363972.555,315.994
1786363972.658,315.92
1786363972.762,315.98
1786363972.866,316.009
1786363972.970,316.601
1786363973.074,316.449
1786363973.177,316.262
1786363973.281,316.074
1786363973.385,316.093
1786363973.489,315.985
1786363973.593,316.193
1786363973.697,316.222
1786363973.801,316.212
1786363973.905,313.985
1786363974.009,314.041
1786363974.114,315.416
1786363974.215,315.261
1786363974.315,315.286
1786363974.416,315.228
1786363974.520,315.116
1786363974.621,315.259
1786363974.721,312.946
1786363974.821,313.116
1786363974.922,313.16
1786363975.022,315.518
1786363975.123,315.399
1786363975.227,315.351
1786363975.331,315.549
1786363975.435,314.904
1786363975.536,315.005
1786363975.637,315.109
1786363975.738,315.097
1786363975.839,315.57
1786363975.939,315.393
1786363976.040,315.472
1786363976.140,315.537
1786363976.241,315.673
1786363976.342,315.789
1786363976.442,315.914
1786363976.543,316.862
1786363976.644,316.899
1786363976.745,316.997
1786363976.845,316.346
1786363976.946,318.208
1786363977.047,318.238
1786363977.148,316.807
1786363977.248,316.553
1786363976.153,316.504
1786363976.253,316.545
1786363976.354,316.545
1786363976.455,316.489
1786363976.555,316.297
1786363976.656,316.211
1786363976.757,316.139
1786363976.857,314.483
1786363976.958,314.237
1786363977.059,314.178
1786363977.160,315.501
1786363977.261,315.575
1786363977.362,315.665
1786363977.463,315.616
1786363977.563,313.841
1786363977.664,313.876
1786363977.765,313.9
1786363977.865,313.865
1786363977.965,316.121
1786363978.066,316.279
1786363978.167,316.436
1786363978.268,316.512
1786363978.369,316.597
1786363978.469,314.767
1786363978.570,314.624
1786363978.670,316.516
1786363978.771,316.644
1786363978.871,316.659
1786363978.972,316.696
1786363979.072,316.745
1786363979.173,316.727
1786363979.273,316.663
1786363979.374,314.094
1786363979.474,313.949
1786363979.575,315.699
1786363979.675,315.699
1786363979.776,315.738
1786363979.876,315.499
1786363979.976,315.411
1786363980.077,315.511
1786363980.177,315.433
1786363980.278,315.358
1786363980.378,315.159
1786363980.478,314.293
1786363980.579,316.756
1786363980.679,316.811
1786363980.780,315.335
1786363980.880,315.39
1786363980.981,315.351
1786363981.081,315.412
1786363981.182,315.19
1786363981.282,315.135
1786363981.383,315.033
1786363981.483,315.153
1786363981.583,314.422
1786363981.684,314.33
1786363981.785,314.126
1786363981.885,315.439
1786363981.986,315.39
1786363982.086,315.578
1786363982.186,315.535
1786363982.287,315.585
1786363982.387,315.889
1786363982.488,316.043
1786363982.588,316.045
1786363982.689,315.323
1786363982.789,315.323
1786363982.890,315.445
1786363982.990,315.636
1786363983.092,315.704
1786363983.193,315.695
1786363983.294,315.512
1786363983.395,315.47
1786363983.496,315.411
1786363983.597,315.421
1786363983.699,315.368
1786363983.800,315.135
1786363983.900,317.337
1786363984.001,315.616
1786363984.102,315.602
1786363984.202,315.636
1786363984.303,315.732
1786363984.403,315.726
1786363984.504,315.776
1786363984.604,315.826
1786363984.708,314.691
1786363984.812,314.745
1786363984.915,313.316
1786363985.019,313.392
1786363985.123,315.153
1786363985.227,315.148
1786363985.331,315.201
1786363985.432,315.261
1786363985.535,315.282
1786363985.638,315.465
1786363985.742,313.836
1786363985.842,314.761
1786363985.943,314.984
1786363986.043,316.626
1786363986.144,316.5
1786363986.244,316.522
1786363986.348,316.525
1786363986.452,316.451
1786363986.553,316.385
1786363986.653,316.533
1786363986.754,316.39
1786363986.859,318.215
1786363986.963,318.286
1786363987.065,316.011
1786363987.165,315.972
1786363987.266,316.133
1786363987.366,316.131
1786363987.466,316.086
1786363987.567,316.086
1786363987.667,316.12
1786363987.771,314.642
1786363987.876,314.544
1786363987.980,314.539
1786363988.084,314.343
1786363988.188,314.258
1786363988.292,316.332
1786363988.396,316.367
1786363988.500,316.127
1786363988.604,316.153
1786363988.708,316.293
1786363988.812,316.43
1786363988.916,317.949
1786363989.020,318.021
1786363989.124,317.991
1786363989.225,316.273
1786363989.327,316.318
1786363989.428,316.283
1786363989.529,316.393
1786363989.631,316.536
1786363989.732,316.513
1786363989.833,316.518
1786363989.934,315.435
1786363990.035,315.44
1786363990.136,313.628
1786363990.237,313.676
1786363990.338,314.17
1786363990.438,314.149
1786363990.539,314.246
1786363990.640,314.227
1786363990.740,314.327
1786363990.840,314.345
1786363990.944,313.788
1786363991.048,312.984
1786363991.149,313.014
1786363991.253,314.656
1786363991.357,314.684
1786363991.461,315.963
1786363991.565,316.019
1786363991.669,315.951
1786363991.773,315.804
1786363991.876,315.703
1786363991.978,315.648
1786363992.079,316.057
1786363992.180,317.78
1786363992.281,317.891
1786363992.381,318.032
1786363992.482,317.968
1786363992.583,316.102
1786363992.683,316.127
1786363992.784,316.167
1786363992.884,316.212
1786363992.987,316.319
1786363993.091,316.283
1786363993.195,316.373
1786363993.295,316.258
1786363993.396,316.092
1786363993.499,316.114
1786363993.603,314.719
1786363993.707,316.598
1786363993.811,316.52
1786363993.915,316.412
1786363994.019,316.449
1786363994.123,316.323
1786363994.227,316.368
1786363994.329,316.538
1786363994.430,316.651
1786363994.531,316.626
1786363994.632,316.565
1786363994.733,317.923
1786363994.834,317.923
1786363994.935,316.191
1786363995.036,316.077
1786363995.136,315.016
1786363995.237,314.87
1786363995.337,314.831
1786363995.438,314.875
1786363995.540,314.64
1786363995.641,314.352
1786363995.745,313.715
1786363995.847,313.717
1786363995.951,313.601
1786363996.052,315.303
1786363996.156,313.937
1786363996.260,314.955
1786363996.364,315.061
1786363996.468,315.034
1786363996.572,315.004
1786363996.674,315.096
1786363996.775,315.418
1786363996.876,316.055
1786363996.976,315.999
1786363997.077,316.161
1786363997.177,316.159
1786363997.278,316.169
1786363997.379,316.172
1786363997.479,316.085
1786363997.580,316.138
1786363997.680,316.008
1786363997.783,315.797
1786363997.888,315.718
1786363997.992,315.718
1786363998.096,315.801
1786363998.199,313.977
1786363998.303,313.874
1786363998.407,315.23
1786363998.511,315.59
1786363998.615,315.635
1786363998.719,315.588
1786363998.823,315.744
1786363998.925,315.822
1786363999.029,314.24
1786363999.133,314.184
1786363999.236,314.075
1786363999.341,315.789
1786363999.444,315.886
1786363999.544,315.827
1786363999.645,315.483
1786363999.746,315.483
1786363999.846,315.605
1786363999.947,315.531
1786364000.047,313.805
1786364000.148,315.319
1786364000.249,314.362
1786364000.350,314.358
1786364000.451,314.349
1786364000.552,314.275
1786364000.652,314.158
1786364000.752,314.158
1786364000.854,314.238
1786364000.955,314.385
1786364001.055,312.619
1786364001.156,312.555
1786364001.257,314.434
1786364001.358,314.544
1786364001.458,315.487
1786364001.559,315.468
1786364001.660,315.523
1786364001.765,315.568
1786364001.869,315.795
1786364001.973,315.711
1786364002.077,314.084
1786364002.181,315.755
1786364002.285,315.806
1786364002.389,315.656
1786364002.494,315.642
1786364002.598,315.769
1786364002.702,315.931
1786364002.805,315.886
1786364002.906,315.854
1786364003.006,314.144
1786364003.107,314.124
1786364003.207,315.587
1786364003.307,315.572
1786364003.408,315.544
1786364003.508,315.533
1786364003.609,315.444
1786364003.709,315.325
1786364003.809,313.033
1786364003.910,313.195
1786364004.014,313.164
1786364004.118,314.901
1786364004.223,314.925
1786364004.327,314.933
1786364004.431,314.987
1786364004.535,315.016
1786364004.636,313.556
1786364004.737,313.735
1786364004.837,313.769
1786364004.938,315.994
1786364005.038,315.872
1786364005.139,315.919
1786364005.239,315.871
1786364005.340,315.86
1786364005.440,314.991
1786364005.540,314.913
1786364005.641,314.171
1786364005.741,315.647
1786364005.844,315.576
1786364005.947,313.817
1786364006.049,313.72
1786364006.153,313.515
1786364006.256,313.698
1786364006.359,313.675
1786364006.463,313.719
1786364006.566,313.719
1786364006.670,314.586
1786364006.774,314.695
1786364006.878,315.492
1786364006.982,313.867
1786364007.082,313.867
1786364007.186,315.671
1786364007.290,315.708
1786364007.394,316.0
1786364007.494,315.857
1786364007.598,315.872
1786364007.702,315.805
1786364007.806,315.843
1786364007.910,315.899
1786364008.011,315.877
1786364008.112,315.778
1786364008.213,315.982
1786364008.314,316.07
1786364007.220,316.19
1786364007.325,316.06
1786364007.429,315.954
1786364007.529,315.925
1786364007.633,313.647
1786364007.737,313.568
1786364007.839,313.546
1786364007.943,313.501
1786364008.047,315.191
1786364008.151,314.969
1786364008.255,314.812
1786364008.357,314.923
1786364008.459,314.948
1786364008.562,315.112
1786364008.664,315.143
1786364008.767,316.062
1786364008.869,316.248
1786364008.972,316.201
1786364009.075,316.33
1786364009.178,316.416
1786364009.281,316.536
1786364009.384,316.546
1786364009.487,315.048
1786364009.590,315.07
1786364009.693,315.298
1786364009.796,315.369
1786364009.899,316.782
1786364010.003,316.599
1786364010.106,314.925
1786364010.210,314.994
1786364010.311,314.94
1786364010.414,314.855
1786364010.518,314.901
1786364010.622,316.225
1786364010.726,316.127
1786364010.830,315.885
1786364010.934,315.973
1786364011.038,315.975
1786364011.142,316.196
1786364011.246,316.405
1786364011.350,316.284
1786364011.455,316.315
1786364011.559,316.341
1786364011.662,316.295
1786364011.766,316.213
1786364011.871,316.348
1786364011.975,314.821
1786364012.079,314.649
1786364012.182,314.684
1786364012.282,314.621
1786364012.385,316.188
1786364012.487,316.375
1786364012.590,316.337
1786364012.692,314.56
1786364012.795,314.527
1786364012.898,314.787
1786364013.000,314.678
1786364013.103,316.074
1786364013.206,316.081
1786364013.309,316.108
1786364013.412,316.089
1786364013.515,315.905
1786364013.618,315.579
1786364013.721,315.601
1786364013.824,317.3
1786364013.928,317.562
1786364014.029,317.337
1786364014.130,315.632
1786364014.231,315.897
1786364014.332,315.842
1786364014.433,315.426
1786364014.533,315.311
1786364014.634,314.278
1786364014.735,314.544
1786364014.835,314.513
1786364014.936,314.552
1786364015.036,314.242
1786364015.137,312.893
1786364015.238,314.609
1786364015.341,314.399
1786364015.445,314.484
1786364015.549,314.879
1786364015.653,314.813
1786364015.757,315.877
1786364015.861,315.671
1786364015.965,315.625
1786364016.066,315.602
1786364016.166,315.602
1786364016.267,315.61
1786364016.368,314.925
1786364016.468,315.296
1786364016.569,315.282
1786364016.670,315.274
1786364016.770,315.233
1786364016.871,315.281
1786364016.972,315.214
1786364017.072,315.271
1786364017.173,315.372
1786364017.273,315.405
1786364017.377,315.676
1786364017.478,317.642
1786364017.578,317.267
1786364017.681,317.333
1786364017.782,317.274
1786364017.885,315.701
1786364017.989,315.718
1786364018.093,315.762
1786364018.197,315.68
1786364018.297,315.646
1786364018.398,315.67
1786364018.499,315.446
1786364018.600,315.535
1786364018.701,315.789
1786364018.802,315.778
1786364018.903,315.95
1786364019.004,315.814
1786364019.105,316.317
1786364019.206,316.41
1786364019.307,316.457
1786364019.408,316.463
1786364019.510,316.433
1786364019.611,316.546
1786364019.712,316.593
1786364019.812,316.072
1786364019.914,316.286
1786364020.015,316.176
1786364020.115,316.381
1786364020.217,316.159
1786364020.318,316.159
1786364020.419,316.155
1786364020.521,316.228
1786364020.622,316.225
1786364020.724,316.235
1786364020.825,316.184
1786364020.926,316.104
1786364021.028,316.472
1786364021.130,316.303
1786364021.231,316.41
1786364021.332,318.103
1786364021.432,317.986
1786364021.533,315.997
1786364021.633,315.931
1786364021.734,315.998
1786364021.834,316.001
1786364021.935,315.994
1786364022.035,316.049
1786364022.135,316.016
1786364022.236,316.008
1786364022.337,316.004
1786364022.441,315.912
1786364022.541,316.107
1786364022.646,316.279
1786364022.750,316.329
1786364022.854,316.538
1786364022.956,316.73
1786364023.060,316.8
1786364023.163,316.92
1786364023.267,317.015
1786364023.372,317.005
1786364023.472,317.009
1786364023.573,315.618
1786364023.673,315.43
1786364023.774,317.239
1786364023.874,317.248
1786364023.975,317.049
1786364024.075,316.998
1786364024.176,317.008
1786364024.276,316.958
1786364024.377,316.961
1786364024.477,316.513
1786364024.578,316.488
1786364024.678,316.488
1786364024.779,317.927
1786364024.879,317.953
1786364024.980,318.001
1786364025.080,318.167
1786364025.181,317.268
1786364025.281,317.215
1786364025.382,314.816
1786364025.482,314.851
1786364025.582,314.88
1786364025.683,315.425
1786364025.783,315.554
1786364025.884,315.556
1786364025.984,315.49
1786364026.085,315.568
1786364026.186,315.537
1786364026.286,316.498
1786364026.386,316.51
1786364026.487,319.157
1786364026.588,317.363
1786364026.688,317.392
1786364026.788,317.495
1786364026.889,317.423
1786364026.989,317.43
1786364027.092,317.449
1786364027.194,317.435
1786364027.294,317.504
1786364027.395,317.539
1786364027.495,317.537
1786364027.596,317.366
1786364027.696,316.998
1786364027.797,316.981
1786364027.897,316.981
1786364027.998,316.934
1786364028.098,316.947
1786364028.199,316.879
1786364028.299,316.938
1786364028.400,317.136
1786364028.500,317.076
1786364028.601,317.02
1786364028.701,317.072
1786364028.802,314.904
1786364028.902,317.295
1786364029.003,317.308
1786364029.103,317.192
1786364029.204,317.106
1786364029.304,317.11
1786364029.405,317.131
1786364029.505,314.693
1786364029.605,314.585
1786364029.706,314.558
1786364029.807,314.442
1786364029.907,316.531
1786364030.007,316.272
1786364030.108,316.289
1786364030.208,316.326
1786364030.309,314.04
1786364030.409,314.054
1786364030.510,314.143
1786364030.610,316.319
1786364030.711,316.331
1786364030.811,316.294
1786364030.911,316.168
1786364031.012,316.168
1786364031.116,315.809
1786364031.219,315.809
1786364031.323,315.602
1786364031.424,315.559
1786364031.524,316.185
1786364031.628,316.146
1786364031.728,315.819
1786364031.828,315.798
1786364031.929,315.779
1786364032.029,315.816
1786364032.130,315.922
1786364032.230,315.853
1786364032.331,316.082
1786364032.431,316.132
1786364032.531,316.131
1786364032.632,317.779
1786364032.732,317.742
1786364032.833,317.777
1786364032.933,316.136
1786364033.034,316.089
1786364033.134,315.962
1786364033.235,316.007
1786364033.335,316.018
1786364033.436,316.16
1786364033.537,316.094
1786364033.637,316.02
1786364033.737,314.505
1786364033.838,314.297
1786364033.938,314.176
1786364034.038,315.716
1786364034.139,315.694
1786364034.239,315.731
1786364034.340,315.707
1786364034.440,315.38
1786364034.541,315.38
1786364034.641,315.346
1786364034.742,315.439
1786364034.842,313.219
1786364034.943,314.715
1786364035.044,314.895
1786364035.147,314.938
1786364035.251,315.028
1786364035.354,314.997
1786364035.457,315.027
1786364035.558,314.133
1786364035.658,314.514
1786364035.759,314.338
1786364035.859,314.225
1786364035.959,316.393
1786364036.060,316.325
1786364036.160,316.067
1786364036.264,314.949
1786364036.365,314.829
1786364036.465,314.884
1786364036.566,314.811
1786364036.666,315.878
1786364036.767,315.889
1786364036.867,315.932
1786364036.968,316.006
1786364037.068,314.426
1786364037.169,314.489
1786364037.269,314.862
1786364037.369,316.164
1786364037.470,316.231
1786364037.571,316.238
1786364037.671,316.325
1786364037.772,316.138
1786364037.872,316.248
1786364037.972,316.344
1786364038.073,316.345
1786364038.173,316.345
1786364038.274,316.366
1786364038.374,316.546
1786364038.475,316.45
1786364038.575,316.36
1786364038.675,316.302
1786364038.776,316.262
1786364038.876,316.19
1786364038.977,316.182
1786364039.077,316.079
1786364039.178,315.93
1786364039.278,316.024
1786364038.186,317.737
1786364038.286,315.275
1786364038.387,315.192
1786364038.487,315.118
1786364038.588,315.14
1786364038.692,315.13
1786364038.796,315.122
1786364038.897,315.126
1786364039.001,315.013
1786364039.101,315.059
1786364039.202,315.013
1786364039.302,315.161
1786364039.403,315.82
1786364039.503,314.974
1786364039.604,315.007
1786364039.704,314.961
1786364039.804,315.013
1786364039.905,315.125
1786364040.006,315.244
1786364040.106,315.377
1786364040.207,315.437
1786364040.307,314.866
1786364040.407,314.866
1786364040.508,314.701
1786364040.608,316.319
1786364040.709,315.375
1786364040.809,315.552
1786364040.910,315.619
1786364041.010,315.636
1786364041.111,315.601
1786364041.211,315.485
1786364041.312,315.51
1786364041.413,315.462
1786364041.513,316.063
1786364041.613,314.32
1786364041.714,314.299
1786364041.815,316.211
1786364041.915,316.141
1786364042.016,316.193
1786364042.116,316.23
1786364042.216,316.232
1786364042.317,316.46
1786364042.417,316.392
1786364042.518,316.377
1786364042.618,316.453
1786364042.719,318.166
1786364042.819,318.201
1786364042.920,316.054
1786364043.020,316.048
1786364043.121,316.074
1786364043.221,315.262
1786364043.322,315.26
1786364043.422,315.221
1786364043.523,315.397
1786364043.623,315.397
1786364043.724,315.48
1786364043.824,313.623
1786364043.924,313.666
1786364044.025,313.768
1786364044.125,315.999
1786364044.226,315.927
1786364044.327,315.908
1786364044.427,316.751
1786364044.532,316.807
1786364044.632,316.743
1786364044.734,315.458
1786364044.835,315.657
1786364044.939,317.455
1786364045.043,317.507
1786364045.146,315.889
1786364045.247,315.905
1786364045.349,316.051
1786364045.453,316.118
1786364045.557,316.104
1786364045.657,316.006
1786364045.761,315.94
1786364045.863,317.115
1786364045.964,316.86
1786364046.064,316.873
1786364046.167,316.87
1786364046.268,316.724
1786364046.369,316.609
1786364046.471,316.488
1786364046.572,316.418
1786364046.673,316.36
1786364046.775,316.566
1786364046.876,316.55
1786364046.978,316.535
1786364047.079,316.572
1786364047.181,316.369
1786364047.282,316.245
1786364047.384,317.79
1786364047.485,317.758
1786364047.586,316.111
1786364047.687,316.118
1786364047.789,316.066
1786364047.890,315.888
1786364047.992,314.514
1786364048.092,314.478
1786364048.193,314.478
1786364048.295,314.354
1786364048.395,314.458
1786364048.497,313.185
1786364048.597,313.113
1786364048.697,313.091
1786364048.798,314.737
1786364048.899,314.705
1786364049.000,314.727
1786364049.101,314.664
1786364049.202,316.103
1786364049.303,316.177
1786364049.403,316.288
1786364049.504,316.152
1786364049.605,317.375
1786364049.705,315.953
1786364049.805,315.696
1786364049.906,314.518
1786364050.009,314.466
1786364050.109,314.4
1786364050.214,314.443
1786364050.318,314.496
1786364050.420,314.503
1786364050.525,312.67
1786364050.625,312.87
1786364050.730,312.969
1786364050.831,314.536
1786364050.932,314.81
1786364051.033,315.908
1786364051.134,315.988
1786364051.234,314.766
1786364051.335,314.418
1786364051.435,314.225
1786364051.536,314.129
1786364051.636,315.873
1786364051.737,315.797
1786364051.837,315.728
1786364051.937,315.795
1786364052.038,316.047
1786364052.138,316.047
1786364052.239,316.139
1786364052.340,316.103
1786364052.440,317.409
1786364052.541,316.314
1786364052.642,316.332
1786364052.743,316.371
1786364052.844,316.417
1786364052.945,316.439
1786364053.046,316.521
1786364053.147,316.444
1786364053.248,316.034
1786364053.349,315.596
1786364053.450,313.539
1786364053.550,313.412
1786364053.651,314.777
1786364053.752,314.695
1786364053.853,314.627
1786364053.954,314.561
1786364054.054,314.514
1786364054.155,314.386
1786364054.256,314.582
1786364054.357,314.797
1786364054.458,315.237
1786364054.558,317.296
1786364054.659,317.408
1786364054.760,317.428
1786364054.860,317.426
1786364054.961,317.443
1786364055.062,317.42
1786364055.163,317.227
1786364055.264,317.306
1786364055.365,317.047
1786364055.466,316.933
1786364055.567,316.87
1786364055.667,316.87
1786364055.768,316.841
1786364055.870,316.886
1786364055.970,316.91
1786364056.071,316.912
1786364056.171,317.039
1786364056.272,317.103
1786364056.372,317.368
1786364056.473,317.448
1786364056.574,317.494
1786364056.675,317.604
1786364056.776,317.702
1786364056.877,317.716
1786364056.978,317.712
1786364057.079,317.812
1786364057.180,317.874
1786364057.281,317.866
1786364057.382,317.968
1786364057.483,317.838
1786364057.584,317.758
1786364057.684,317.792
1786364057.785,317.746
1786364057.885,317.681
1786364057.986,317.774
1786364058.086,317.728
1786364058.186,317.607
1786364058.287,317.903
1786364058.387,317.787
1786364058.488,317.704
1786364058.588,317.692
1786364058.689,317.653
1786364058.789,315.921
1786364058.890,316.019
1786364058.990,316.019
1786364059.091,316.041
1786364059.191,315.962
1786364059.291,316.014
1786364059.392,316.065
1786364059.493,315.796
1786364059.597,315.865
1786364059.698,316.022
1786364059.798,316.132
1786364059.899,316.066
1786364059.999,317.83
1786364060.100,315.945
1786364060.200,315.994
1786364060.300,316.035
1786364060.401,315.054
1786364060.501,315.161
1786364060.602,315.234
1786364060.702,315.468
1786364060.803,315.357
1786364060.903,315.387
1786364061.004,315.486
1786364061.104,315.5
1786364061.205,317.347
1786364061.308,315.777
1786364061.412,315.744
1786364061.516,316.735
1786364061.617,316.653
1786364061.719,316.641
1786364061.823,316.396
1786364061.927,316.423
1786364062.032,316.437
1786364062.132,316.511
1786364062.236,316.734
1786364062.337,315.201
1786364062.439,316.684
1786364062.541,316.69
1786364062.641,316.825
1786364062.743,316.931
1786364062.845,316.971
1786364062.947,316.969
1786364063.049,316.913
1786364063.149,316.788
1786364063.250,316.788
1786364063.350,316.119
1786364063.451,315.914
1786364063.551,315.897
1786364063.651,315.937
1786364063.752,315.813
1786364063.852,315.554
1786364063.953,315.574
1786364064.053,315.423
1786364064.154,315.441
1786364064.255,315.426
1786364064.355,315.425
1786364064.459,313.709
1786364064.559,313.627
1786364064.660,315.149
1786364064.760,315.204
1786364064.861,315.306
1786364064.962,315.535
1786364065.063,315.377
1786364065.164,315.42
1786364065.264,315.42
1786364065.365,315.419
1786364065.465,315.433
1786364065.566,314.725
1786364065.666,314.861
1786364065.766,314.946
1786364065.867,314.967
1786364065.967,315.08
1786364066.068,314.925
1786364066.168,314.935
1786364066.269,314.952
1786364066.369,314.945
1786364066.470,315.013
1786364066.570,315.013
1786364066.671,313.68
1786364066.773,316.696
1786364066.876,316.517
1786364066.976,316.455
1786364067.077,316.404
1786364067.177,316.541
1786364067.277,316.594
1786364067.378,316.636
1786364067.478,316.602
1786364067.579,316.577
1786364067.679,314.912
1786364067.780,316.329
1786364067.880,316.12
1786364067.981,316.197
1786364068.081,316.055
1786364068.182,316.096
1786364068.284,315.758
1786364068.387,315.947
1786364068.489,315.885
1786364068.592,315.885
1786364068.695,315.902
1786364068.798,315.332
1786364068.900,315.198
1786364069.003,315.363
1786364069.106,315.315
1786364069.209,315.429
1786364069.313,315.331
1786364069.416,315.384
1786364069.519,315.065
1786364069.620,313.882
1786364069.720,313.86
1786364069.821,313.86
1786364069.921,315.997
1786364070.022,316.396
1786364070.122,316.495
1786364070.223,316.584
1786364070.323,316.599
1786364070.424,316.705
1786364069.323,316.874
1786364069.424,316.996
1786364069.524,316.996
1786364069.625,317.355
1786364069.725,317.511
1786364069.826,317.526
1786364069.926,315.84
1786364070.026,315.751
1786364070.127,315.749
1786364070.227,315.783
1786364070.332,315.758
1786364070.432,315.715
1786364070.536,315.632
1786364070.636,315.603
1786364070.738,316.439
1786364070.842,316.361
1786364070.943,316.381
1786364071.044,318.329
1786364071.144,316.612
1786364071.245,316.557
1786364071.345,316.608
1786364071.445,316.704
1786364071.546,316.754
1786364071.646,316.72
1786364071.746,316.719
1786364071.847,316.845
1786364071.947,316.856
1786364072.048,316.055
1786364072.148,314.613
1786364072.249,316.188
1786364072.349,316.277
1786364072.449,316.249
1786364072.550,316.46
1786364072.650,316.476
1786364072.751,316.54
1786364072.851,316.596
1786364072.952,314.65
1786364073.052,314.65
1786364073.155,314.744
1786364073.255,315.522
1786364073.356,316.622
1786364073.456,316.594
1786364073.557,316.51
1786364073.657,316.451
1786364073.758,316.214
1786364073.858,314.756
1786364073.959,314.769
1786364074.059,314.771
1786364074.159,316.592
1786364074.260,316.413
1786364074.360,316.232
1786364074.461,316.335
1786364074.561,316.572
1786364074.662,316.553
1786364074.762,312.767
1786364074.863,312.69
1786364074.964,314.072
1786364075.064,314.036
1786364075.165,314.084
1786364075.265,314.124
1786364075.366,314.37
1786364075.466,314.597
1786364075.566,313.039
1786364075.667,312.801
1786364075.767,313.08
1786364075.868,316.753
1786364075.968,316.843
1786364076.069,316.918
1786364076.169,316.957
1786364076.270,316.957
1786364076.370,316.887
1786364076.471,316.935
1786364076.571,316.69
1786364076.672,316.661
1786364076.772,316.843
1786364076.873,316.911
1786364076.974,316.703
1786364077.078,316.847
1786364077.182,316.858
1786364077.286,316.838
1786364077.390,316.737
1786364077.491,316.862
1786364077.595,316.932
1786364077.696,317.015
1786364077.796,315.202
1786364077.896,316.684
1786364077.997,316.756
1786364078.097,316.806
1786364078.198,316.756
1786364078.298,316.657
1786364078.399,316.65
1786364078.499,315.029
1786364078.601,314.895
1786364078.705,314.848
1786364078.808,314.833
1786364078.909,316.657
1786364079.012,316.634
1786364079.115,316.512
1786364079.218,316.485
1786364079.322,316.489
1786364079.426,315.253
1786364079.530,315.215
1786364079.634,316.889
1786364079.739,316.865
1786364079.843,316.838
1786364079.943,316.841
1786364080.048,316.992
1786364080.149,315.117
1786364080.254,314.482
1786364080.356,314.476
1786364080.458,314.541
1786364080.560,315.838
1786364080.661,315.804
1786364080.763,315.863
1786364080.864,315.889
1786364080.965,315.764
1786364081.067,315.74
1786364081.168,315.474
1786364081.269,317.45
1786364081.371,317.964
1786364081.472,317.788
1786364081.574,317.669
1786364081.676,317.639
1786364081.777,315.978
1786364081.879,315.978
1786364081.980,315.805
1786364082.081,315.553
1786364082.183,315.594
1786364082.284,315.535
1786364082.386,315.557
1786364082.487,315.341
1786364082.589,315.568
1786364082.691,315.578
1786364082.793,315.511
1786364082.895,315.339
1786364082.996,315.315
1786364083.098,315.313
1786364083.200,315.48
1786364083.301,315.442
1786364083.403,315.427
1786364083.504,315.339
1786364083.606,315.265
1786364083.708,315.043
1786364083.809,315.252
1786364083.910,315.22
1786364084.012,315.404
1786364084.113,317.15
1786364084.214,317.231
1786364084.318,315.008
1786364084.419,315.092
1786364084.521,315.131
1786364084.623,315.265
1786364084.725,315.394
1786364084.827,315.47
1786364084.929,315.441
1786364085.031,315.637
1786364085.131,315.448
1786364085.234,315.325
1786364085.336,315.267
1786364085.436,315.066
1786364085.539,315.052
1786364085.640,315.025
1786364085.742,314.968
1786364085.845,314.903
1786364085.945,314.821
1786364086.047,314.884
1786364086.149,314.732
1786364086.251,314.821
1786364086.354,314.849
1786364086.456,314.925
1786364086.559,317.387
1786364086.662,314.729
1786364086.765,314.729
1786364086.868,314.676
1786364086.971,314.585
1786364087.074,314.564
1786364087.174,314.581
1786364087.277,314.514
1786364087.380,314.506
1786364087.484,314.521
1786364087.587,314.439
1786364087.688,314.375
1786364087.788,314.294
1786364087.889,316.904
1786364087.989,315.645
1786364088.090,315.734
1786364088.190,315.691
1786364088.290,315.673
1786364088.393,315.536
1786364088.493,315.517
1786364088.597,315.591
1786364088.697,315.617
1786364088.797,315.515
1786364088.900,315.511
1786364089.001,315.545
1786364089.105,316.905
1786364089.209,316.886
1786364089.310,314.627
1786364089.414,314.659
1786364089.516,314.621
1786364089.620,314.657
1786364089.725,314.532
1786364089.829,314.75
1786364089.933,314.744
1786364090.036,314.786
1786364090.137,314.719
1786364090.241,314.678
1786364090.342,313.189
1786364090.444,315.379
1786364090.545,315.339
1786364090.647,314.216
1786364090.749,314.297
1786364090.850,314.547
1786364090.952,314.389
1786364091.053,314.496
1786364091.155,314.581
1786364091.256,312.749
1786364091.357,313.193
1786364091.458,314.714
1786364091.559,314.834
1786364091.660,314.855
1786364091.761,315.991
1786364091.862,315.991
1786364091.963,316.012
1786364092.063,315.913
1786364092.164,315.828
1786364092.264,315.935
1786364092.365,315.875
1786364092.465,318.01
1786364092.565,317.656
1786364092.666,317.637
1786364092.766,317.724
1786364092.866,317.809
1786364092.967,317.955
1786364093.067,317.992
1786364093.168,317.86
1786364093.268,315.397
1786364093.369,315.386
1786364093.469,315.321
1786364093.570,315.135
1786364093.670,315.38
1786364093.771,315.503
1786364093.871,315.518
1786364093.972,315.507
1786364094.072,315.468
1786364094.173,315.501
1786364094.273,315.658
1786364094.377,318.305
1786364094.480,316.059
1786364094.583,316.141
1786364094.687,316.105
1786364094.791,315.849
1786364094.895,315.858
1786364094.999,315.856
1786364095.103,315.828
1786364095.207,315.992
1786364095.311,315.923
1786364095.415,315.952
1786364095.518,315.925
1786364095.622,318.159
1786364095.726,316.675
1786364095.828,315.423
1786364095.929,315.365
1786364096.030,315.24
1786364096.130,315.143
1786364096.232,315.097
1786364096.333,315.097
1786364096.433,314.812
1786364096.534,314.842
1786364096.635,314.783
1786364096.736,314.706
1786364096.836,314.593
1786364096.937,314.508
1786364097.037,315.933
1786364097.139,315.943
1786364097.243,316.07
1786364097.343,316.166
1786364097.447,316.189
1786364097.551,316.306
1786364097.655,316.294
1786364097.759,316.286
1786364097.863,315.706
1786364097.967,315.096
1786364098.071,316.771
1786364098.172,316.619
1786364098.276,316.646
1786364098.381,316.626
1786364098.481,316.46
1786364098.585,316.744
1786364098.689,316.669
1786364098.793,316.638
1786364098.897,316.648
1786364099.001,315.565
1786364099.105,316.457
1786364099.209,316.418
1786364099.313,316.351
1786364099.417,316.357
1786364099.521,316.301
1786364099.626,316.352
1786364099.730,314.381
1786364099.834,314.456
1786364099.938,314.436
1786364100.041,314.383
1786364100.142,316.287
1786364100.246,316.087
1786364100.350,316.024
1786364100.454,316.079
1786364100.558,315.898
1786364100.662,314.562
1786364100.766,314.117
1786364100.871,315.738
1786364100.972,315.708
1786364101.076,314.756
1786364101.177,314.698
1786364101.278,314.462
1786364101.379,314.444
1786364100.262,313.926
1786364100.366,313.628
1786364100.469,313.885
1786364100.571,315.114
1786364100.675,315.661
1786364100.775,315.798
1786364100.877,314.08
1786364100.980,314.115
1786364101.084,314.077
1786364101.187,313.975
1786364101.291,313.966
1786364101.391,314.501
1786364101.495,314.796
1786364101.596,314.799
1786364101.697,312.912
1786364101.798,312.848
1786364101.899,312.887
1786364102.000,314.842
1786364102.101,315.801
1786364102.201,315.817
1786364102.302,315.902
1786364102.403,315.921
1786364102.503,314.288
1786364102.604,314.262
1786364102.704,314.065
1786364102.805,316.136
1786364102.906,316.262
1786364103.010,316.241
1786364103.114,316.002
1786364103.217,315.941
1786364103.318,315.941
1786364103.418,316.215
1786364103.519,314.626
1786364103.619,314.642
1786364103.720,316.219
1786364103.820,316.413
1786364103.920,316.517
1786364104.024,316.466
1786364104.127,316.318
1786364104.231,316.248
1786364104.335,316.367
1786364104.436,316.434
1786364104.539,314.96
1786364104.640,316.551
1786364104.741,316.579
1786364104.843,316.579
1786364104.944,316.471
1786364105.045,315.671
1786364105.146,315.655
1786364105.247,314.001
1786364105.348,314.365
1786364105.449,314.219
1786364105.550,314.144
1786364105.651,313.981
1786364105.752,314.066
1786364105.852,314.126
1786364105.953,314.215
1786364106.054,314.146
1786364106.155,314.878
1786364106.256,314.923
1786364106.357,316.713
1786364106.457,316.429
1786364106.558,316.535
1786364106.658,316.613
1786364106.758,318.167
1786364106.859,316.113
1786364106.959,316.191
1786364107.062,316.246
1786364107.165,316.413
1786364107.266,316.61
1786364107.370,316.632
1786364107.473,316.627
1786364107.576,316.649
1786364107.680,316.671
1786364107.783,315.209
1786364107.884,315.221
1786364107.986,317.356
1786364108.089,317.326
1786364108.193,317.352
1786364108.294,317.302
1786364108.397,317.171
1786364108.501,317.175
1786364108.604,317.098
1786364108.708,317.167
1786364108.809,317.311
1786364108.915,316.308
1786364109.018,316.237
1786364109.121,316.171
1786364109.224,316.134
1786364109.327,316.07
1786364109.428,315.988
1786364109.528,315.988
1786364109.628,316.051
1786364109.729,316.033
1786364109.830,314.696
1786364109.931,314.592
1786364110.032,314.458
1786364110.133,317.004
1786364110.234,316.042
1786364110.335,316.121
1786364110.436,316.143
1786364110.537,314.875
1786364110.638,314.872
1786364110.739,314.943
1786364110.841,314.221
1786364110.941,315.666
1786364111.042,315.691
1786364111.143,315.695
1786364111.244,315.657
1786364111.345,316.714
1786364111.446,316.835
1786364111.547,315.052
1786364111.648,316.324
1786364111.748,316.289
1786364111.849,316.271
1786364111.950,316.964
1786364112.051,316.894
1786364112.152,316.9
1786364112.253,316.829
1786364112.353,316.819
1786364112.454,316.72
1786364112.554,314.307
1786364112.655,315.956
1786364112.755,315.956
1786364112.857,315.933
1786364112.958,316.037
1786364113.063,316.021
1786364113.164,316.006
1786364113.265,316.15
1786364113.366,316.245
1786364113.466,316.295
1786364113.567,314.236
1786364113.668,314.378
1786364113.769,316.659
1786364113.870,316.802
1786364113.970,316.787
1786364114.071,316.83
1786364114.173,316.784
1786364114.274,316.847
1786364114.379,315.429
1786364114.480,315.283
1786364114.585,315.212
1786364114.686,317.257
1786364114.786,317.104
1786364114.887,316.914
1786364114.987,316.812
1786364115.087,315.253
1786364115.191,315.056
1786364115.296,315.087
1786364115.400,314.084
1786364115.505,315.23
1786364115.610,315.257
1786364115.714,315.238
1786364115.819,315.133
1786364115.919,314.352
1786364116.022,313.678
1786364116.122,313.543
1786364116.227,315.024
1786364116.330,315.087
1786364116.432,314.993
1786364116.535,316.135
1786364116.637,316.213
1786364116.740,316.192
1786364116.841,314.602
1786364116.942,314.831
1786364117.043,315.53
1786364117.143,316.263
1786364117.244,316.263
1786364117.344,316.405
1786364117.445,316.418
1786364117.545,316.351
1786364117.646,316.341
1786364117.746,314.517
1786364117.847,314.399
1786364117.947,314.394
1786364118.048,315.959
1786364118.148,315.753
1786364118.249,315.973
1786364118.349,315.903
1786364118.450,315.868
1786364118.550,315.882
1786364118.651,315.916
1786364118.751,315.957
1786364118.851,317.454
1786364118.953,316.102
1786364119.054,316.143
1786364119.158,316.148
1786364119.262,316.301
1786364119.367,316.178
1786364119.468,316.366
1786364119.568,316.483
1786364119.669,316.696
1786364119.769,316.728
1786364119.872,316.734
1786364119.973,316.848
1786364120.074,318.375
1786364120.175,318.309
1786364120.276,318.357
1786364120.377,318.214
1786364120.478,318.214
1786364120.579,316.661
1786364120.680,315.456
1786364120.781,315.467
1786364120.881,315.062
1786364120.982,315.041
1786364121.082,315.02
1786364121.183,315.085
1786364121.284,315.115
1786364121.384,315.151
1786364121.484,315.096
1786364121.588,315.093
1786364121.693,316.675
1786364121.796,316.185
1786364121.896,316.056
1786364121.996,316.229
1786364122.097,316.443
1786364122.197,316.466
1786364122.297,316.375
1786364122.399,316.315
1786364122.500,316.255
1786364122.601,316.297
1786364122.702,316.396
1786364122.802,316.332
1786364122.903,317.847
1786364123.004,316.454
1786364123.104,316.431
1786364123.205,316.19
1786364123.305,316.144
1786364123.408,316.295
1786364123.509,316.329
1786364123.609,316.38
1786364123.710,316.423
1786364123.813,316.522
1786364123.917,316.571
1786364124.018,316.785
1786364124.119,316.785
1786364124.221,318.297
1786364124.325,318.451
1786364124.426,318.634
1786364124.527,318.784
1786364124.628,316.704
1786364124.728,316.852
1786364124.828,317.01
1786364124.929,317.284
1786364125.029,317.128
1786364125.132,317.187
1786364125.236,317.14
1786364125.340,317.078
1786364125.441,317.069
1786364125.542,316.97
1786364125.643,315.279
1786364125.744,317.137
1786364125.844,316.421
1786364125.944,316.281
1786364126.045,315.916
1786364126.146,315.986
1786364126.250,316.135
1786364126.354,316.084
1786364126.459,316.083
1786364126.563,316.101
1786364126.664,316.082
1786364126.764,317.737
1786364126.864,317.871
1786364126.965,318.503
1786364127.065,316.382
1786364127.165,316.455
1786364127.269,316.466
1786364127.373,316.317
1786364127.477,316.439
1786364127.580,316.578
1786364127.681,316.663
1786364127.786,316.702
1786364127.890,316.573
1786364127.993,316.631
1786364128.097,316.637
1786364128.198,316.401
1786364128.298,316.5
1786364128.399,316.453
1786364128.499,316.5
1786364128.600,316.355
1786364128.701,316.245
1786364128.801,316.137
1786364128.901,316.137
1786364129.003,316.234
1786364129.107,316.346
1786364129.211,316.302
1786364129.314,314.506
1786364129.415,317.266
1786364129.515,317.203
1786364129.616,317.287
1786364129.716,317.143
1786364129.819,317.213
1786364129.919,317.164
1786364130.023,317.002
1786364130.124,316.89
1786364130.229,315.424
1786364130.331,315.424
1786364130.434,317.125
1786364130.538,316.75
1786364130.642,316.75
1786364130.746,316.697
1786364130.851,316.324
1786364130.951,316.292
1786364131.055,313.036
1786364131.157,313.167
1786364131.260,313.176
1786364131.364,314.635
1786364131.467,314.605
1786364131.571,314.66
1786364131.676,314.74
1786364131.780,314.838
1786364131.884,314.843
1786364131.987,315.296
1786364132.091,315.262
1786364132.191,318.655
1786364132.294,317.088
1786364132.395,317.005
1786364132.498,316.928
1786364131.364,316.825
1786364131.468,316.82
1786364131.568,316.678
1786364131.670,316.604
1786364131.773,316.53
1786364131.877,316.656
1786364131.981,316.704
1786364132.082,316.539
1786364132.186,316.526
1786364132.287,316.525
1786364132.391,316.582
1786364132.496,316.751
1786364132.598,316.817
1786364132.699,316.775
1786364132.802,316.734
1786364132.905,316.792
1786364133.008,316.562
1786364133.111,316.585
1786364133.212,316.751
1786364133.315,315.973
1786364133.416,316.005
1786364133.519,315.985
1786364133.623,315.951
1786364133.723,315.739
1786364133.827,315.844
1786364133.930,315.822
1786364134.034,315.694
1786364134.138,315.972
1786364134.242,315.911
1786364134.343,313.947
1786364134.447,316.375
1786364134.550,316.339
1786364134.654,316.348
1786364134.757,316.383
1786364134.861,316.472
1786364134.965,315.471
1786364135.069,315.547
1786364135.173,315.635
1786364135.277,315.366
1786364135.381,315.405
1786364135.481,317.348
1786364135.584,315.885
1786364135.685,315.923
1786364135.789,315.91
1786364135.892,315.823
1786364135.997,315.889
1786364136.101,316.891
1786364136.205,316.845
1786364136.309,316.945
1786364136.413,317.199
1786364136.514,315.641
1786364136.614,315.463
1786364136.716,317.025
1786364136.820,317.062
1786364136.924,317.047
1786364137.028,317.022
1786364137.132,317.051
1786364137.236,317.103
1786364137.337,317.147
1786364137.440,317.09
1786364137.544,316.965
1786364137.648,318.6
1786364137.752,318.901
1786364137.853,316.92
1786364137.956,316.977
1786364138.056,317.228
1786364138.160,317.346
1786364138.264,317.255
1786364138.364,317.102
1786364138.468,317.025
1786364138.572,317.044
1786364138.677,316.928
1786364138.778,315.431
1786364138.882,315.174
1786364138.984,316.96
1786364139.089,316.876
1786364139.193,316.682
1786364139.297,316.622
1786364139.401,316.865
1786364139.505,317.039
1786364139.609,316.399
1786364139.710,314.35
1786364139.814,314.413
1786364139.916,315.748
1786364140.019,315.805
1786364140.123,314.981
1786364140.227,315.067
1786364140.331,315.073
1786364140.435,315.093
1786364140.539,314.874
1786364140.643,314.766
1786364140.743,314.766
1786364140.846,314.084
1786364140.947,316.164
1786364141.047,316.142
1786364141.151,316.125
1786364141.255,316.09
1786364141.359,317.011
1786364141.463,316.961
1786364141.567,316.827
1786364141.668,316.741
1786364141.771,315.385
1786364141.872,315.367
1786364141.976,316.604
1786364142.077,316.429
1786364142.181,316.341
1786364142.285,316.582
1786364142.389,316.532
1786364142.493,316.444
1786364142.597,316.392
1786364142.701,316.448
1786364142.805,316.421
1786364142.909,317.825
1786364143.014,317.833
1786364143.115,317.966
1786364143.215,318.019
1786364143.317,316.457
1786364143.422,316.318
1786364143.526,316.333
1786364143.628,316.339
1786364143.730,316.552
1786364143.832,316.573
1786364143.934,316.691
1786364144.036,316.556
1786364144.137,314.835
1786364144.239,315.167
1786364144.341,315.233
1786364144.443,316.931
1786364144.545,316.942
1786364144.647,317.035
1786364144.749,316.957
1786364144.851,316.809
1786364144.953,316.841
1786364145.055,316.05
1786364145.157,315.136
1786364145.258,316.81
1786364145.361,315.235
1786364145.463,315.275
1786364145.565,315.249
1786364145.667,315.14
1786364145.769,315.064
1786364145.870,313.614
1786364145.972,313.688
1786364146.074,313.671
1786364146.177,314.448
1786364146.279,315.524
1786364146.381,315.527
1786364146.484,316.763
1786364146.586,316.636
1786364146.687,316.479
1786364146.788,314.814
1786364146.891,314.815
1786364146.993,316.297
1786364147.095,316.111
1786364147.198,316.125
1786364147.300,316.161
1786364147.403,316.094
1786364147.505,316.2
1786364147.608,316.262
1786364147.711,316.43
1786364147.811,315.196
1786364147.914,316.814
1786364148.015,316.848
1786364148.118,317.053
1786364148.220,317.158
1786364148.323,317.014
1786364148.426,316.932
1786364148.528,316.932
1786364148.631,316.788
1786364148.734,316.702
1786364148.837,316.567
1786364148.940,316.389
1786364149.041,317.372
1786364149.145,316.171
1786364149.248,316.116
1786364149.352,315.927
1786364149.455,315.811
1786364149.559,316.068
1786364149.663,315.334
1786364149.767,315.414
1786364149.872,315.34
1786364149.972,315.331
1786364150.076,315.414
1786364150.181,315.833
1786364150.285,317.185
1786364150.386,317.413
1786364150.487,314.9
1786364150.588,313.816
1786364150.689,313.71
1786364150.789,314.484
1786364150.890,314.456
1786364150.990,314.592
1786364151.092,314.827
1786364151.196,314.736
1786364151.300,314.746
1786364151.404,314.694
1786364151.505,314.63
1786364151.605,317.197
1786364151.706,317.052
1786364151.806,317.058
1786364151.907,317.122
1786364152.007,317.247
1786364152.108,317.296
1786364152.211,317.148
1786364152.315,317.188
1786364152.419,317.226
1786364152.522,317.48
1786364152.622,317.354
1786364152.725,315.782
1786364152.825,317.183
1786364152.929,317.272
1786364153.033,317.226
1786364153.137,317.243
1786364153.241,317.176
1786364153.345,317.236
1786364153.447,315.004
1786364153.549,314.954
1786364153.652,314.756
1786364153.756,314.86
1786364153.860,316.491
1786364153.964,316.43
1786364154.068,316.509
1786364154.172,316.443
1786364154.276,316.397
1786364154.380,316.434
1786364154.484,316.425
1786364154.584,317.354
1786364154.688,317.334
1786364154.789,317.32
1786364154.893,317.261
1786364154.997,317.237
1786364155.101,317.233
1786364155.205,317.071
1786364155.309,317.18
1786364155.413,317.347
1786364155.515,315.587
1786364155.617,315.508
1786364155.719,316.242
1786364155.823,315.819
1786364155.923,315.764
1786364156.024,315.683
1786364156.126,315.608
1786364156.230,315.573
1786364156.334,315.513
1786364156.438,315.407
1786364156.542,315.331
1786364156.643,317.049
1786364156.744,315.313
1786364156.844,316.064
1786364156.946,316.789
1786364157.050,316.834
1786364157.154,316.865
1786364157.258,317.003
1786364157.362,316.982
1786364157.463,317.036
1786364157.565,317.138
1786364157.666,317.083
1786364157.767,317.106
1786364157.869,318.951
1786364157.970,318.846
1786364158.071,318.846
1786364158.172,318.692
1786364158.273,318.753
1786364158.374,318.846
1786364158.475,317.193
1786364158.576,317.517
1786364158.677,317.619
1786364158.778,317.682
1786364158.878,317.842
1786364158.979,318.002
1786364159.080,318.04
1786364159.180,318.145
1786364159.281,316.708
1786364159.381,316.632
1786364159.482,316.723
1786364159.586,318.362
1786364159.690,317.444
1786364159.793,317.421
1786364159.897,317.401
1786364159.999,317.334
1786364160.103,317.444
1786364160.208,317.379
1786364160.312,317.325
1786364160.416,318.653
1786364160.520,318.725
1786364160.624,318.676
1786364160.728,318.713
1786364160.829,319.343
1786364160.933,317.723
1786364161.034,316.516
1786364161.134,316.462
1786364161.235,316.441
1786364161.335,316.396
1786364161.435,315.636
1786364161.538,315.651
1786364161.642,315.633
1786364161.742,315.635
1786364161.844,314.099
1786364161.948,314.137
1786364162.053,315.675
1786364162.157,316.804
1786364162.261,316.777
1786364162.365,316.555
1786364162.469,316.515
1786364162.573,317.359
1786364162.677,317.303
1786364162.778,315.819
1786364162.880,315.753
1786364162.982,317.213
1786364163.086,317.267
1786364163.190,317.303
1786364163.293,317.367
1786364163.397,317.358
1786364163.502,317.44
1786364162.420,317.543
1786364162.523,317.475
1786364162.627,317.511
1786364162.729,318.938
1786364162.833,318.946
1786364162.937,319.054
1786364163.041,319.098
1786364163.145,318.644
1786364163.246,316.589
1786364163.350,315.715
1786364163.451,315.658
1786364163.555,315.679
1786364163.659,315.651
1786364163.760,315.14
1786364163.864,315.163
1786364163.968,315.206
1786364164.069,315.09
1786364164.174,314.863
1786364164.278,315.246
1786364164.382,317.185
1786364164.486,318.022
1786364164.590,317.922
1786364164.692,316.116
1786364164.794,315.973
1786364164.896,316.42
1786364164.998,315.523
1786364165.101,315.35
1786364165.203,315.276
1786364165.305,315.365
1786364165.407,315.404
1786364165.510,313.976
1786364165.612,313.874
1786364165.714,313.751
1786364165.817,313.751
1786364165.919,315.356
1786364166.020,315.322
1786364166.123,315.348
1786364166.223,316.405
1786364166.325,316.427
1786364166.428,316.476
1786364166.530,316.577
1786364166.631,316.573
1786364166.733,318.104
1786364166.836,316.346
1786364166.938,316.412
1786364167.040,316.404
1786364167.143,316.472
1786364167.244,316.35
1786364167.347,316.031
1786364167.450,315.968
1786364167.553,316.08
1786364167.656,315.892
1786364167.759,315.895
1786364167.862,315.809
1786364167.965,315.857
1786364168.066,315.941
1786364168.170,316.06
1786364168.272,316.032
1786364168.376,316.122
1786364168.476,315.527
1786364168.580,315.735
1786364168.681,315.656
1786364168.785,315.792
1786364168.889,315.771
1786364168.994,315.941
1786364169.098,315.825
1786364169.202,315.873
1786364169.306,315.82
1786364169.410,315.871
1786364169.514,315.828
1786364169.615,316.536
1786364169.717,316.483
1786364169.818,316.489
1786364169.920,316.413
1786364170.021,316.339
1786364170.123,316.17
1786364170.224,315.359
1786364170.325,315.272
1786364170.426,315.271
1786364170.527,315.352
1786364170.628,315.441
1786364170.729,315.709
1786364170.830,315.699
1786364170.931,315.67
1786364171.032,315.66
1786364171.133,315.748
1786364171.234,315.795
1786364171.335,317.147
1786364171.435,317.254
1786364171.536,317.276
1786364171.637,317.148
1786364171.738,317.114
1786364171.839,317.114
1786364171.939,316.858
1786364172.040,316.781
1786364172.140,316.855
1786364172.241,316.946
1786364172.341,316.929
1786364172.442,315.208
1786364172.546,316.577
1786364172.646,316.467
1786364172.746,316.499
1786364172.847,316.536
1786364172.947,316.484
1786364173.048,316.454
1786364173.152,316.478
1786364173.256,316.273
1786364173.360,316.239
1786364173.464,316.393
1786364173.568,318.063
1786364173.671,318.078
1786364173.775,318.207
1786364173.879,318.249
1786364173.983,316.5
1786364174.087,316.587
1786364174.188,316.685
1786364174.288,316.743
1786364174.388,316.837
1786364174.490,316.858
1786364174.594,316.769
1786364174.696,315.484
1786364174.796,315.483
1786364174.899,315.415
1786364175.003,315.375
1786364175.107,317.22
1786364175.211,317.254
1786364175.315,317.28
1786364175.416,316.325
1786364175.517,316.376
1786364175.617,316.436
1786364175.718,316.456
1786364175.818,315.375
1786364175.919,315.364
1786364176.021,315.345
1786364176.126,315.281
1786364176.230,315.231
1786364176.334,315.222
1786364176.438,315.169
1786364176.542,316.107
1786364176.642,316.248
1786364176.743,314.488
1786364176.844,314.372
1786364176.945,316.824
1786364177.046,317.099
1786364177.147,317.127
1786364177.248,317.242
1786364177.348,317.228
1786364177.449,317.145
1786364177.549,317.145
1786364177.652,317.135
1786364177.756,317.16
1786364177.860,317.001
1786364177.964,318.722
1786364178.068,316.76
1786364178.172,316.717
1786364178.276,316.449
1786364178.380,316.502
1786364178.484,315.882
1786364178.588,315.927
1786364178.689,315.952
1786364178.794,315.993
1786364178.898,314.776
1786364179.002,314.708
1786364179.106,314.72
1786364179.210,316.77
1786364179.311,316.893
1786364179.413,316.976
1786364179.514,317.073
1786364179.615,317.714
1786364179.717,317.758
1786364179.818,317.877
1786364179.919,317.921
1786364180.020,317.404
1786364180.121,317.466
1786364180.222,317.458
1786364180.323,317.486
1786364180.425,317.283
1786364180.526,317.197
1786364180.627,316.732
1786364180.728,315.105
1786364180.829,314.995
1786364180.930,314.917
1786364181.032,314.988
1786364181.133,316.75
1786364181.234,316.812
1786364181.335,316.861
1786364181.436,316.742
1786364181.538,316.811
1786364181.639,316.886
1786364181.740,317.168
1786364181.842,318.725
1786364181.943,318.742
1786364182.044,318.613
1786364182.146,316.943
1786364182.247,316.851
1786364182.349,316.778
1786364182.450,316.622
1786364182.552,316.804
1786364182.652,316.808
1786364182.754,316.696
1786364182.856,316.662
1786364182.957,316.569
1786364183.058,315.01
1786364183.160,314.995
1786364183.262,314.995
1786364183.363,316.392
1786364183.465,316.39
1786364183.567,316.3
1786364183.668,316.244
1786364183.770,316.033
1786364183.871,315.901
1786364183.973,316.015
1786364184.074,316.004
1786364184.176,316.118
1786364184.277,317.598
1786364184.379,316.009
1786364184.480,316.303
1786364184.582,316.217
1786364184.682,316.205
1786364184.784,316.306
1786364184.886,316.33
1786364184.987,316.374
1786364185.089,316.259
1786364185.191,316.338
1786364185.293,314.724
1786364185.395,314.84
1786364185.497,316.673
1786364185.598,316.552
1786364185.700,316.746
1786364185.802,316.835
1786364185.903,315.831
1786364186.005,315.843
1786364186.105,315.859
1786364186.207,313.993
1786364186.309,313.876
1786364186.411,315.31
1786364186.513,315.277
1786364186.615,315.151
1786364186.715,315.27
1786364186.818,315.172
1786364186.918,313.826
1786364187.020,314.923
1786364187.122,315.205
1786364187.225,315.233
1786364187.327,317.155
1786364187.429,317.205
1786364187.531,317.349
1786364187.634,317.297
1786364187.736,317.302
1786364187.838,317.03
1786364187.940,317.056
1786364188.043,318.419
1786364188.145,318.486
1786364188.248,318.221
1786364188.350,318.211
1786364188.453,318.211
1786364188.556,317.433
1786364188.659,315.392
1786364188.762,315.3
1786364188.865,315.347
1786364188.968,315.368
1786364189.071,315.543
1786364189.175,315.599
1786364189.278,315.636
1786364189.382,315.621
1786364189.485,315.66
1786364189.589,315.721
1786364189.693,316.452
1786364189.797,318.55
1786364189.898,318.682
1786364190.002,318.744
1786364190.106,318.689
1786364190.207,318.67
1786364190.311,317.03
1786364190.415,316.971
1786364190.516,316.839
1786364190.617,316.859
1786364190.717,316.93
1786364190.818,316.897
1786364190.918,316.933
1786364191.019,316.973
1786364191.121,314.242
1786364191.223,314.217
1786364191.327,314.139
1786364191.431,315.761
1786364191.535,315.821
1786364191.640,315.888
1786364191.744,315.897
1786364191.845,315.95
1786364191.947,316.071
1786364192.048,316.096
1786364192.150,316.089
1786364192.251,318.745
1786364192.352,318.759
1786364192.454,318.809
1786364192.555,318.757
1786364192.656,317.066
1786364192.757,317.134
1786364192.859,317.084
1786364192.960,316.948
1786364193.060,316.973
1786364193.161,316.965
1786364193.262,316.813
1786364193.363,316.996
1786364193.463,317.189
1786364193.564,317.261
1786364193.665,315.491
1786364193.765,317.303
1786364193.866,317.41
1786364193.967,317.447
1786364194.067,317.488
1786364194.167,317.411
1786364194.268,317.411
1786364194.372,317.364
1786364194.473,317.521
1786364194.574,317.348
1786364193.475,317.196
1786364193.579,317.137
1786364193.683,318.991
1786364193.787,318.839
1786364193.891,318.758
1786364193.995,318.84
1786364194.099,318.776
1786364194.203,318.885
1786364194.307,317.252
1786364194.412,317.352
1786364194.516,317.348
1786364194.619,317.373
1786364194.722,317.37
1786364194.824,317.26
1786364194.927,317.2
1786364195.029,317.043
1786364195.131,314.523
1786364195.233,314.514
1786364195.336,314.478
1786364195.439,316.077
1786364195.542,315.915
1786364195.645,316.178
1786364195.748,316.264
1786364195.851,316.294
1786364195.954,316.333
1786364196.057,314.696
1786364196.161,314.83
1786364196.264,317.333
1786364196.368,317.37
1786364196.471,317.372
1786364196.575,317.408
1786364196.679,317.446
1786364196.783,317.163
1786364196.887,315.655
1786364196.987,315.652
1786364197.091,315.735
1786364197.195,317.416
1786364197.299,316.584
1786364197.400,316.591
1786364197.500,316.624
1786364197.602,316.51
1786364197.706,315.434
1786364197.810,315.389
1786364197.915,315.444
1786364198.019,316.798
1786364198.123,316.843
1786364198.227,316.736
1786364198.331,316.668
1786364198.435,317.344
1786364198.539,317.205
1786364198.642,315.356
1786364198.744,315.338
1786364198.846,316.289
1786364198.948,316.211
1786364199.050,316.192
1786364199.151,316.208
1786364199.253,316.148
1786364199.355,316.194
1786364199.457,316.444
1786364199.559,314.546
1786364199.661,314.592
1786364199.763,316.397
1786364199.866,316.566
1786364199.968,316.685
1786364200.070,316.712
1786364200.172,316.673
1786364200.274,315.618
1786364200.377,313.939
1786364200.479,313.857
1786364200.580,313.585
1786364200.682,315.395
1786364200.785,315.279
1786364200.888,315.336
1786364200.991,315.17
1786364201.094,315.07
1786364201.197,315.023
1786364201.300,315.013
1786364201.403,315.945
1786364201.506,317.434
1786364201.610,317.438
1786364201.713,315.699
1786364201.817,315.67
1786364201.921,315.623
1786364202.025,315.446
1786364202.129,315.378
1786364202.229,315.469
1786364202.333,315.521
1786364202.437,315.498
1786364202.541,313.934
1786364202.645,314.216
1786364202.749,314.339
1786364202.853,316.097
1786364202.955,316.21
1786364203.057,316.409
1786364203.158,316.456
1786364203.260,316.541
1786364203.361,316.476
1786364203.463,314.454
1786364203.564,314.424
1786364203.665,316.07
1786364203.767,315.867
1786364203.868,315.825
1786364203.969,315.825
1786364204.071,315.997
1786364204.172,316.019
1786364204.273,315.894
1786364204.374,315.936
1786364204.476,315.939
1786364204.576,315.979
1786364204.677,316.265
1786364204.778,316.27
1786364204.879,316.232
1786364204.980,316.28
1786364205.081,316.166
1786364205.181,316.029
1786364205.282,316.009
1786364205.383,316.194
1786364205.484,315.581
1786364205.585,315.546
1786364205.686,315.517
1786364205.786,315.86
1786364205.887,315.902
1786364205.988,316.041
1786364206.089,316.021
1786364206.189,316.133
1786364206.290,316.1
1786364206.390,316.121
1786364206.490,314.671
1786364206.591,315.282
1786364206.691,315.326
1786364206.791,315.398
1786364206.892,316.787
1786364206.992,317.008
1786364207.094,317.043
1786364207.194,316.367
1786364207.298,316.44
1786364207.403,316.595
1786364207.503,316.702
1786364207.607,317.902
1786364207.711,318.019
1786364207.815,318.015
1786364207.919,316.541
1786364208.023,316.632
1786364208.127,316.562
1786364208.231,316.486
1786364208.335,317.409
1786364208.439,317.355
1786364208.543,317.337
1786364208.648,317.259
1786364208.752,317.487
1786364208.855,317.415
1786364208.959,317.525
1786364209.064,319.029
1786364209.166,317.131
1786364209.270,316.985
1786364209.374,317.001
1786364209.478,316.818
1786364209.581,316.788
1786364209.685,316.692
1786364209.789,316.767
1786364209.892,316.779
1786364209.996,316.693
1786364210.101,316.66
1786364210.205,314.628
1786364210.305,316.507
1786364210.409,316.485
1786364210.510,316.485
1786364210.610,316.406
1786364210.714,315.233
1786364210.818,315.228
1786364210.922,315.204
1786364211.026,313.519
1786364211.130,313.385
1786364211.235,313.523
1786364211.339,313.529
1786364211.443,315.466
1786364211.544,315.653
1786364211.648,315.691
1786364211.752,313.864
1786364211.856,315.01
1786364211.958,315.025
1786364212.060,315.103
1786364212.162,316.913
1786364212.264,316.947
1786364212.366,316.884
1786364212.466,316.845
1786364212.568,316.953
1786364212.670,315.589
1786364212.772,315.62
1786364212.873,317.581
1786364212.975,317.556
1786364213.076,317.543
1786364213.178,317.51
1786364213.279,317.295
1786364213.381,317.311
1786364213.483,317.34
1786364213.584,316.545
1786364213.686,315.643
1786364213.787,316.717
1786364213.889,316.623
1786364213.989,316.428
1786364214.091,316.364
1786364214.192,316.44
1786364214.293,316.365
1786364214.394,316.321
1786364214.495,316.282
1786364214.596,316.21
1786364214.697,316.712
1786364214.798,315.368
1786364214.898,315.345
1786364214.999,315.374
1786364215.099,315.452
1786364215.200,315.518
1786364215.300,315.444
1786364215.401,315.627
1786364215.501,315.537
1786364215.604,315.476
1786364215.707,315.472
1786364215.810,315.519
1786364215.913,316.223
1786364216.016,316.223
1786364216.119,315.156
1786364216.222,315.172
1786364216.325,315.215
1786364216.428,315.334
1786364216.532,315.285
1786364216.633,315.041
1786364216.734,315.103
1786364216.835,315.138
1786364216.936,315.146
1786364217.038,313.529
1786364217.139,315.055
1786364217.240,315.443
1786364217.341,315.354
1786364217.441,315.281
1786364217.542,315.287
1786364217.643,315.18
1786364217.743,315.337
1786364217.844,315.314
1786364217.944,315.268
1786364218.045,313.662
1786364218.145,315.206
1786364218.249,315.111
1786364218.353,315.706
1786364218.453,315.71
1786364218.557,315.702
1786364218.658,315.5
1786364218.758,315.727
1786364218.859,315.578
1786364218.959,315.486
1786364219.061,313.952
1786364219.162,315.567
1786364219.266,315.572
1786364219.370,315.824
1786364219.474,316.004
1786364219.575,315.99
1786364219.679,315.987
1786364219.784,315.996
1786364219.888,315.764
1786364219.992,315.845
1786364220.096,316.15
1786364220.200,317.769
1786364220.304,317.692
1786364220.408,315.843
1786364220.511,315.828
1786364220.613,315.748
1786364220.715,315.848
1786364220.817,315.907
1786364220.919,315.932
1786364221.020,316.0
1786364221.121,315.993
1786364221.221,315.445
1786364221.323,314.947
1786364221.425,313.317
1786364221.526,315.168
1786364221.628,315.343
1786364221.730,315.312
1786364221.830,315.312
1786364221.931,315.247
1786364222.031,315.234
1786364222.132,313.611
1786364222.232,313.626
1786364222.332,313.647
1786364222.434,312.494
1786364222.535,313.192
1786364222.637,314.172
1786364222.737,314.195
1786364222.839,314.016
1786364222.941,314.01
1786364223.042,314.076
1786364223.144,314.126
1786364223.245,315.838
1786364223.347,315.943
1786364223.448,316.081
1786364223.549,317.581
1786364223.650,317.323
1786364223.752,318.022
1786364223.853,318.071
1786364223.954,318.075
1786364224.056,318.138
1786364224.157,316.589
1786364224.258,316.571
1786364224.360,316.492
1786364224.461,316.415
1786364224.562,316.343
1786364224.664,316.447
1786364224.765,316.52
1786364224.866,316.524
1786364224.968,316.482
1786364225.069,316.498
1786364225.171,316.572
1786364225.272,318.165
1786364225.374,318.085
1786364225.475,318.129
1786364225.577,318.178
1786364224.473,318.089
1786364224.575,318.279
1786364224.679,318.304
1786364224.783,316.687
1786364224.887,316.761
1786364224.991,316.96
1786364225.095,316.959
1786364225.199,315.847
1786364225.304,315.944
1786364225.404,314.889
1786364225.508,314.34
1786364225.611,314.342
1786364225.713,314.342
1786364225.816,314.091
1786364225.919,314.003
1786364226.022,315.692
1786364226.125,315.404
1786364226.228,315.423
1786364226.329,315.45
1786364226.431,316.527
1786364226.532,314.418
1786364226.633,315.368
1786364226.733,315.854
1786364226.834,315.825
1786364226.934,315.789
1786364227.035,315.682
1786364227.135,315.537
1786364227.237,315.68
1786364227.340,315.39
1786364227.444,313.981
1786364227.547,313.989
1786364227.650,315.998
1786364227.754,316.022
1786364227.858,316.005
1786364227.962,316.067
1786364228.067,316.106
1786364228.171,316.441
1786364228.275,315.002
1786364228.376,315.152
1786364228.476,315.186
1786364228.576,316.657
1786364228.677,316.619
1786364228.781,316.681
1786364228.885,316.675
1786364228.989,316.784
1786364229.093,314.899
1786364229.194,315.008
1786364229.294,314.835
1786364229.395,316.4
1786364229.495,316.312
1786364229.596,316.342
1786364229.700,316.201
1786364229.804,316.222
1786364229.908,316.336
1786364230.012,314.815
1786364230.116,314.727
1786364230.220,316.639
1786364230.324,316.593
1786364230.427,315.863
1786364230.531,315.958
1786364230.634,316.138
1786364230.737,316.109
1786364230.841,316.114
1786364230.945,316.152
1786364231.048,315.996
1786364231.152,317.454
1786364231.256,317.505
1786364231.357,316.015
1786364231.457,315.978
1786364231.557,316.731
1786364231.658,316.578
1786364231.758,316.372
1786364231.859,316.317
1786364231.959,316.256
1786364232.060,316.257
1786364232.160,316.197
1786364232.260,314.386
1786364232.361,314.264
1786364232.461,314.264
1786364232.561,315.633
1786364232.662,315.731
1786364232.762,315.526
1786364232.863,315.405
1786364232.963,315.368
1786364233.063,315.333
1786364233.164,315.293
1786364233.264,315.163
1786364233.364,315.189
1786364233.465,317.104
1786364233.565,317.365
1786364233.666,315.581
1786364233.767,315.366
1786364233.868,315.529
1786364233.969,315.718
1786364234.069,315.805
1786364234.170,315.861
1786364234.271,315.771
1786364234.373,315.742
1786364234.475,315.82
1786364234.577,315.807
1786364234.679,315.541
1786364234.781,315.731
1786364234.882,315.744
1786364234.984,315.66
1786364235.086,315.557
1786364235.188,315.768
1786364235.290,315.702
1786364235.392,315.81
1786364235.495,315.858
1786364235.597,314.706
1786364235.699,314.683
1786364235.801,314.869
1786364235.904,314.913
1786364236.006,314.399
1786364236.106,314.437
1786364236.209,314.497
1786364236.310,314.271
1786364236.413,314.292
1786364236.515,314.336
1786364236.618,314.39
1786364236.721,315.432
1786364236.824,315.432
1786364236.926,315.399
1786364237.029,315.419
1786364237.131,316.937
1786364237.234,317.446
1786364237.336,315.819
1786364237.440,315.891
1786364237.543,315.97
1786364237.646,316.097
1786364237.750,316.231
1786364237.853,316.256
1786364237.957,316.389
1786364238.061,316.466
1786364238.164,316.329
1786364238.269,314.225
1786364238.373,314.487
1786364238.477,316.116
1786364238.578,316.193
1786364238.682,316.221
1786364238.786,316.211
1786364238.887,316.142
1786364238.988,316.247
1786364239.089,314.587
1786364239.191,314.769
1786364239.291,314.757
1786364239.392,316.958
1786364239.493,316.751
1786364239.593,316.684
1786364239.694,316.466
1786364239.794,316.347
1786364239.895,314.386
1786364239.995,314.287
1786364240.096,314.09
1786364240.196,315.683
1786364240.297,315.519
1786364240.397,315.622
1786364240.497,315.702
1786364240.598,315.744
1786364240.699,315.891
1786364240.804,313.892
1786364240.904,313.17
1786364241.004,315.13
1786364241.108,315.224
1786364241.212,315.344
1786364241.316,315.343
1786364241.420,315.395
1786364241.524,315.272
1786364241.628,313.748
1786364241.732,313.674
1786364241.837,313.612
1786364241.941,315.721
1786364242.044,316.661
1786364242.148,316.612
1786364242.251,316.582
1786364242.352,316.523
1786364242.454,316.536
1786364242.559,316.482
1786364242.663,316.571
1786364242.767,318.086
1786364242.869,318.078
1786364242.972,318.095
1786364243.074,318.044
1786364243.177,317.998
1786364243.279,318.195
1786364243.382,315.638
1786364243.484,315.735
1786364243.587,315.771
1786364243.688,315.891
1786364243.790,315.885
1786364243.893,315.792
1786364243.996,315.898
1786364244.099,315.96
1786364244.201,316.017
1786364244.304,315.961
1786364244.406,315.818
1786364244.509,318.44
1786364244.612,318.441
1786364244.715,318.441
1786364244.817,318.55
1786364244.920,318.468
1786364245.021,318.418
1786364245.122,316.91
1786364245.222,316.941
1786364245.323,316.906
1786364245.423,316.934
1786364245.523,316.887
1786364245.627,316.906
1786364245.730,316.877
1786364245.830,316.756
1786364245.932,316.674
1786364246.035,313.568
1786364246.139,313.486
1786364246.243,315.087
1786364246.347,315.091
1786364246.451,315.105
1786364246.551,315.051
1786364246.654,315.066
1786364246.758,315.052
1786364246.858,315.098
1786364246.959,315.293
1786364247.061,313.557
1786364247.165,316.661
1786364247.269,316.753
1786364247.370,316.778
1786364247.472,316.879
1786364247.573,317.067
1786364247.675,317.146
1786364247.776,317.229
1786364247.877,317.227
1786364247.978,315.502
1786364248.079,315.805
1786364248.181,317.549
1786364248.282,317.614
1786364248.382,317.582
1786364248.483,317.567
1786364248.583,317.454
1786364248.684,317.261
1786364248.785,317.242
1786364248.885,317.085
1786364248.986,317.191
1786364249.088,319.092
1786364249.192,318.57
1786364249.294,316.844
1786364249.395,316.999
1786364249.499,317.06
1786364249.603,317.041
1786364249.707,317.018
1786364249.811,317.088
1786364249.912,317.051
1786364250.016,317.137
1786364250.117,317.001
1786364250.221,316.845
1786364250.325,316.877
1786364250.426,318.755
1786364250.531,318.517
1786364250.635,318.508
1786364250.739,318.431
1786364250.843,318.316
1786364250.947,318.177
1786364251.051,318.135
1786364251.152,318.135
1786364251.256,315.288
1786364251.360,315.22
1786364251.464,315.078
1786364251.567,315.318
1786364251.670,315.106
1786364251.772,315.087
1786364251.875,315.03
1786364251.978,314.996
1786364252.081,315.0
1786364252.184,313.426
1786364252.287,313.354
1786364252.388,316.111
1786364252.491,316.126
1786364252.594,316.121
1786364252.698,315.96
1786364252.799,315.992
1786364252.902,314.669
1786364253.006,314.649
1786364253.110,314.649
1786364253.214,314.893
1786364253.318,316.568
1786364253.422,316.578
1786364253.523,316.573
1786364253.627,316.602
1786364253.731,316.658
1786364253.836,316.589
1786364253.940,316.542
1786364254.044,317.899
1786364254.151,315.538
1786364254.256,315.743
1786364254.360,315.49
1786364254.464,315.551
1786364254.564,315.648
1786364254.668,315.772
1786364254.772,315.834
1786364254.877,315.875
1786364254.978,315.948
1786364255.083,316.004
1786364255.184,316.013
1786364255.288,318.517
1786364255.393,318.457
1786364255.497,318.618
1786364255.598,318.65
1786364255.702,318.668
1786364255.806,318.642
1786364255.910,318.632
1786364256.013,318.594
1786364256.117,317.946
1786364256.221,317.964
1786364256.325,318.006
1786364256.430,317.063
1786364256.534,316.999
1786364256.635,316.955
1786364255.539,316.767
1786364255.643,314.716
1786364255.747,314.637
1786364255.851,314.641
1786364255.955,314.586
1786364256.059,315.306
1786364256.163,315.273
1786364256.268,315.195
1786364256.372,316.038
1786364256.476,316.047
1786364256.579,316.04
1786364256.683,316.085
1786364256.788,317.237
1786364256.892,316.819
1786364256.996,316.841
1786364257.100,316.897
1786364257.204,316.821
1786364257.307,316.837
1786364257.411,316.905
1786364257.515,317.166
1786364257.619,317.179
1786364257.723,317.176
1786364257.827,317.09
1786364257.931,316.348
1786364258.036,316.757
1786364258.140,316.748
1786364258.244,316.778
1786364258.348,316.876
1786364258.452,316.941
1786364258.556,316.966
1786364258.660,316.73
1786364258.764,316.764
1786364258.865,316.683
1786364258.969,316.871
1786364259.073,316.717
1786364259.177,316.768
1786364259.281,316.768
1786364259.385,316.737
1786364259.489,316.648
1786364259.592,316.737
1786364259.695,316.733
1786364259.798,316.745
1786364259.901,315.157
1786364260.004,315.402
1786364260.107,315.299
1786364260.211,317.087
1786364260.314,317.174
1786364260.418,315.865
1786364260.521,315.842
1786364260.625,315.859
1786364260.729,315.735
1786364260.833,315.804
1786364260.933,315.698
1786364261.034,317.229
1786364261.135,317.09
1786364261.235,317.136
1786364261.336,317.153
1786364261.437,317.065
1786364261.538,316.469
1786364261.642,316.486
1786364261.743,316.429
1786364261.843,316.359
1786364261.944,316.281
1786364262.045,316.503
1786364262.145,316.579
1786364262.246,316.598
1786364262.346,316.77
1786364262.447,316.732
1786364262.548,316.753
1786364262.649,318.551
1786364262.750,318.626
1786364262.851,318.711
1786364262.951,318.726
1786364263.052,318.731
1786364263.152,317.158
1786364263.253,317.078
1786364263.354,317.134
1786364263.455,316.969
1786364263.556,316.956
1786364263.657,316.956
1786364263.758,316.897
1786364263.858,316.975
1786364263.960,316.977
1786364264.060,317.118
1786364264.161,317.177
1786364264.261,317.18
1786364264.362,318.635
1786364264.463,318.705
1786364264.563,318.631
1786364264.663,318.628
1786364264.764,318.681
1786364264.864,318.032
1786364264.967,318.246
1786364265.070,315.184
1786364265.173,314.954
1786364265.276,314.865
1786364265.379,314.748
1786364265.482,314.722
1786364265.585,314.421
1786364265.688,313.258
1786364265.791,313.386
1786364265.895,313.167
1786364265.998,312.026
1786364266.102,311.694
1786364266.205,314.581
1786364266.306,314.558
1786364266.406,314.659
1786364266.507,314.777
1786364266.607,314.771
1786364266.708,314.894
1786364266.810,315.973
1786364266.911,314.003
1786364267.013,314.277
1786364267.115,316.098
1786364267.215,316.335
1786364267.316,316.438
1786364267.418,316.37
1786364267.519,316.251
1786364267.621,316.103
1786364267.723,316.021
1786364267.824,314.094
1786364267.926,314.058
1786364268.027,315.634
1786364268.128,315.425
1786364268.229,315.393
1786364268.331,315.393
1786364268.433,315.226
1786364268.534,315.147
1786364268.636,315.427
1786364268.737,315.355
1786364268.839,313.558
1786364268.941,314.102
1786364269.042,316.064
1786364269.143,316.114
1786364269.244,316.23
1786364269.346,316.316
1786364269.447,316.258
1786364269.549,316.25
1786364269.650,316.283
1786364269.752,316.009
1786364269.853,316.236
1786364269.954,316.338
1786364270.056,315.873
1786364270.157,315.904
1786364270.257,316.125
1786364270.357,316.181
1786364270.457,316.192
1786364270.558,316.233
1786364270.659,316.248
1786364270.760,316.266
1786364270.861,315.332
1786364270.961,315.407
1786364271.062,315.564
1786364271.162,315.473
1786364271.263,315.733
1786364271.363,315.477
1786364271.463,315.481
1786364271.565,315.494
1786364271.669,315.58
1786364271.773,315.573
1786364271.877,315.495
1786364271.982,316.532
1786364272.085,316.315
1786364272.190,317.936
1786364272.294,316.423
1786364272.395,316.151
1786364272.496,316.215
1786364272.596,316.365
1786364272.697,316.344
1786364272.797,316.344
1786364272.898,316.294
1786364272.998,316.397
1786364273.102,316.421
1786364273.202,316.388
1786364273.304,316.441
1786364273.408,315.028
1786364273.512,316.629
1786364273.617,316.657
1786364273.721,316.697
1786364273.825,316.662
1786364273.929,316.655
1786364274.030,316.909
1786364274.132,316.828
1786364274.233,315.094
1786364274.334,315.3
1786364274.435,315.469
1786364274.536,316.745
1786364274.636,316.79
1786364274.737,316.899
1786364274.838,316.152
1786364274.938,315.426
1786364275.038,314.792
1786364275.141,314.62
1786364275.242,314.706
1786364275.346,316.551
1786364275.450,316.423
1786364275.554,316.247
1786364275.658,316.514
1786364275.763,316.653
1786364275.867,316.516
1786364275.971,317.3
1786364276.075,315.386
1786364276.179,316.093
1786364276.283,316.049
1786364276.387,316.082
1786364276.487,316.093
1786364276.591,316.07
1786364276.695,316.123
1786364276.799,316.12
1786364276.903,316.105
1786364277.004,316.232
1786364277.105,313.645
1786364277.205,316.115
1786364277.306,316.096
1786364277.406,316.083
1786364277.507,316.024
1786364277.609,315.965
1786364277.713,316.078
1786364277.817,316.134
1786364277.921,316.043
1786364278.026,315.909
1786364278.130,314.398
1786364278.234,316.97
1786364278.338,317.155
1786364278.442,317.155
1786364278.546,317.238
1786364278.651,317.4
1786364278.755,317.402
1786364278.859,317.285
1786364278.963,317.204
1786364279.067,317.221
1786364279.172,317.227
1786364279.272,317.471
1786364279.375,317.509
1786364279.478,317.398
1786364279.579,317.458
1786364279.681,317.41
1786364279.782,317.266
1786364279.883,317.395
1786364279.984,317.363
1786364280.085,316.043
1786364280.185,315.261
1786364280.286,315.267
1786364280.387,316.689
1786364280.487,316.754
1786364280.588,316.754
1786364280.689,316.814
1786364280.793,316.744
1786364280.897,316.782
1786364281.001,315.159
1786364281.105,315.047
1786364281.206,315.032
1786364281.307,315.126
1786364281.408,315.816
1786364281.509,315.796
1786364281.609,315.542
1786364281.710,315.603
1786364281.811,315.55
1786364281.911,315.517
1786364282.012,315.402
1786364282.113,316.984
1786364282.213,315.279
1786364282.314,315.325
1786364282.414,316.533
1786364282.515,316.483
1786364282.616,316.459
1786364282.717,316.427
1786364282.818,316.295
1786364282.919,314.655
1786364283.019,314.695
1786364283.120,314.722
1786364283.221,314.666
1786364283.321,316.286
1786364283.422,316.453
1786364283.522,316.432
1786364283.623,316.477
1786364283.724,316.473
1786364283.824,316.495
1786364283.925,316.268
1786364284.026,317.84
1786364284.126,317.797
1786364284.227,317.779
1786364284.328,317.779
1786364284.429,318.044
1786364284.530,316.416
1786364284.630,316.277
1786364284.730,316.231
1786364284.831,316.455
1786364284.932,315.893
1786364285.032,315.927
1786364285.133,316.074
1786364285.233,316.125
1786364285.334,316.071
1786364285.434,316.097
1786364285.535,315.876
1786364285.636,317.74
1786364285.737,317.681
1786364285.837,317.764
1786364285.938,317.469
1786364286.039,316.231
1786364286.140,316.055
1786364286.241,316.033
1786364286.342,316.017
1786364286.443,315.017
1786364286.543,314.942
1786364286.644,314.922
1786364286.745,314.73
1786364286.846,314.679
1786364286.946,314.572
1786364287.047,314.61
1786364287.148,314.41
1786364287.249,314.509
1786364287.350,314.516
1786364287.451,314.583
1786364287.552,315.86
1786364287.653,316.017
1786364286.551,316.017
1786364286.651,316.04
1786364286.751,316.128
1786364286.852,316.195
1786364286.952,316.308
1786364287.053,316.426
1786364287.153,316.974
1786364287.253,317.098
1786364287.354,317.203
1786364287.454,317.212
1786364287.554,316.952
1786364287.655,316.921
1786364287.755,317.016
1786364287.856,317.152
1786364287.956,317.104
1786364288.057,317.165
1786364288.157,317.168
1786364288.260,316.57
1786364288.360,316.52
1786364288.461,316.388
1786364288.561,316.323
1786364288.662,316.366
1786364288.762,316.309
1786364288.863,316.145
1786364288.963,316.051
1786364289.064,316.155
1786364289.164,313.785
1786364289.264,313.738
1786364289.365,315.832
1786364289.465,315.783
1786364289.565,315.807
1786364289.666,315.807
1786364289.766,315.835
1786364289.867,315.788
1786364289.967,315.766
1786364290.067,315.82
1786364290.168,315.722
1786364290.268,315.852
1786364290.368,318.172
1786364290.469,317.572
1786364290.569,315.421
1786364290.670,315.46
1786364290.770,315.503
1786364290.871,315.536
1786364290.971,315.637
1786364291.072,315.693
1786364291.172,315.635
1786364291.273,315.845
1786364291.373,315.693
1786364291.474,315.754
1786364291.574,316.446
1786364291.675,318.619
1786364291.776,317.317
1786364291.876,317.331
1786364291.979,317.346
1786364292.080,317.346
1786364292.180,317.343
1786364292.283,317.396
1786364292.386,317.238
1786364292.489,317.137
1786364292.593,317.086
1786364292.695,317.003
1786364292.798,317.228
1786364292.899,318.676
1786364293.002,318.723
1786364293.103,318.755
1786364293.203,318.72
1786364293.304,318.569
1786364293.404,318.569
1786364293.505,315.023
1786364293.605,315.265
1786364293.709,314.692
1786364293.813,314.724
1786364293.917,314.849
1786364294.018,314.64
1786364294.120,314.622
1786364294.221,314.513
1786364294.322,314.511
1786364294.423,314.609
1786364294.524,315.025
1786364294.625,316.905
1786364294.726,316.735
1786364294.827,317.42
1786364294.928,317.486
1786364295.029,317.603
1786364295.129,317.604
1786364295.230,317.582
1786364295.330,317.669
1786364295.431,315.674
1786364295.532,315.537
1786364295.632,313.977
1786364295.732,315.713
1786364295.834,315.671
1786364295.938,315.732
1786364296.038,313.818
1786364296.139,313.691
1786364296.239,313.75
1786364296.340,313.719
1786364296.440,313.934
1786364296.540,315.926
1786364296.641,316.049
1786364296.741,317.372
1786364296.842,317.416
1786364296.943,317.442
1786364297.043,317.333
1786364297.144,317.333
1786364297.244,319.158
1786364297.345,317.674
1786364297.445,317.647
1786364297.547,317.645
1786364297.652,317.379
1786364297.756,317.406
1786364297.860,317.416
1786364297.961,317.434
1786364298.061,317.507
1786364298.162,317.461
1786364298.262,316.104
1786364298.363,316.137
1786364298.463,317.567
1786364298.564,317.55
1786364298.664,317.509
1786364298.765,317.768
1786364298.865,317.728
1786364298.966,317.714
1786364299.066,317.633
1786364299.166,317.47
1786364299.268,317.356
1786364299.369,318.625
1786364299.469,317.052
1786364299.570,316.826
1786364299.674,316.731
1786364299.778,316.708
1786364299.882,316.391
1786364299.987,316.274
1786364300.088,316.167
1786364300.192,316.233
1786364300.294,314.635
1786364300.398,314.564
1786364300.500,314.666
1786364300.604,316.098
1786364300.708,316.209
1786364300.813,315.032
1786364300.917,314.926
1786364301.021,314.927
1786364301.122,312.835
1786364301.224,312.829
1786364301.325,312.673
1786364301.427,314.317
1786364301.529,314.363
1786364301.631,314.284
1786364301.733,314.239
1786364301.836,314.231
1786364301.938,315.359
1786364302.040,315.374
1786364302.140,315.389
1786364302.241,317.483
1786364302.341,317.483
1786364302.441,317.629
1786364302.542,314.911
1786364302.642,314.964
1786364302.742,314.92
1786364302.844,314.936
1786364302.946,314.97
1786364303.048,314.965
1786364303.148,315.053
1786364303.250,313.678
1786364303.351,313.638
1786364303.453,313.591
1786364303.554,313.36
1786364303.657,315.373
1786364303.759,315.427
1786364303.861,315.506
1786364303.963,315.538
1786364304.063,315.571
1786364304.166,315.592
1786364304.268,315.509
1786364304.370,316.898
1786364304.473,316.869
1786364304.575,316.943
1786364304.677,317.045
1786364304.780,315.797
1786364304.882,315.512
1786364304.985,315.489
1786364305.087,315.547
1786364305.190,315.612
1786364305.293,315.496
1786364305.396,315.428
1786364305.499,315.475
1786364305.602,315.466
1786364305.704,313.227
1786364305.807,313.16
1786364305.909,315.135
1786364306.013,314.369
1786364306.114,314.433
1786364306.218,314.339
1786364306.322,314.259
1786364306.426,314.372
1786364306.530,314.465
1786364306.634,314.45
1786364306.739,314.498
1786364306.843,316.688
1786364306.946,315.269
1786364307.050,315.306
1786364307.154,316.143
1786364307.258,316.101
1786364307.362,316.122
1786364307.467,316.305
1786364307.571,316.27
1786364307.675,316.289
1786364307.780,316.289
1786364307.882,316.314
1786364307.984,316.369
1786364308.084,317.862
1786364308.186,317.938
1786364308.288,318.015
1786364308.389,318.01
1786364308.489,316.617
1786364308.590,316.497
1786364308.690,316.497
1786364308.791,316.629
1786364308.892,316.72
1786364308.993,316.918
1786364309.094,317.062
1786364309.194,317.202
1786364309.296,317.211
1786364309.397,317.286
1786364309.497,317.272
1786364309.598,317.43
1786364309.698,319.028
1786364309.799,317.705
1786364309.900,317.689
1786364310.001,317.628
1786364310.101,317.594
1786364310.202,317.562
1786364310.303,317.575
1786364310.404,317.587
1786364310.505,317.495
1786364310.606,316.021
1786364310.707,315.959
1786364310.808,315.825
1786364310.909,317.263
1786364311.009,317.233
1786364311.110,317.338
1786364311.210,316.184
1786364311.311,316.248
1786364311.412,316.217
1786364311.513,314.793
1786364311.614,314.899
1786364311.714,316.513
1786364311.815,316.513
1786364311.917,316.599
1786364312.017,316.601
1786364312.118,316.597
1786364312.219,316.692
1786364312.320,316.613
1786364312.420,317.876
1786364312.521,316.439
1786364312.622,316.47
1786364312.722,317.943
1786364312.823,317.897
1786364312.924,318.04
1786364313.025,317.935
1786364313.126,317.943
1786364313.229,316.394
1786364313.332,316.528
1786364313.436,316.565
1786364313.539,316.466
1786364313.643,317.633
1786364313.746,317.57
1786364313.850,317.633
1786364313.954,317.717
1786364314.058,317.671
1786364314.161,317.779
1786364314.265,317.852
1786364314.369,319.411
1786364314.473,319.531
1786364314.573,319.618
1786364314.677,317.934
1786364314.781,318.204
1786364314.885,318.325
1786364314.987,318.515
1786364315.088,318.408
1786364315.189,318.338
1786364315.290,318.307
1786364315.391,318.273
1786364315.492,318.263
1786364315.592,318.044
1786364315.693,316.518
1786364315.794,318.195
1786364315.894,318.151
1786364315.995,318.088
1786364316.096,317.842
1786364316.196,317.856
1786364316.296,317.779
1786364316.397,315.781
1786364316.499,315.032
1786364316.599,315.139
1786364316.703,314.92
1786364316.808,316.305
1786364316.908,316.175
1786364317.008,316.175
1786364317.111,316.127
1786364317.215,316.004
1786364317.319,315.792
1786364317.421,315.752
1786364317.525,314.415
1786364317.628,316.327
1786364317.732,316.961
1786364317.836,316.797
1786364317.941,316.96
1786364318.045,317.069
1786364318.146,317.168
1786364318.250,317.201
1786364318.354,317.283
1786364318.455,317.487
1786364318.557,315.952
1786364318.658,317.292
1786364318.760,317.321
1786364317.626,317.297
1786364317.730,317.256
1786364317.834,317.273
1786364317.938,317.214
1786364318.042,317.173
1786364318.142,317.167
1786364318.245,315.815
1786364318.345,315.778
1786364318.449,317.287
1786364318.554,317.248
1786364318.658,317.404
1786364318.762,317.484
1786364318.862,317.455
1786364318.964,317.425
1786364319.066,317.382
1786364319.167,317.403
1786364319.268,317.324
1786364319.369,317.35
1786364319.470,317.421
1786364319.572,317.381
1786364319.673,317.309
1786364319.774,317.084
1786364319.876,317.141
1786364319.977,317.406
1786364320.078,317.313
1786364320.180,317.432
1786364320.281,317.472
1786364320.382,317.527
1786364320.483,315.585
1786364320.584,315.592
1786364320.685,315.653
1786364320.786,315.826
1786364320.886,316.084
1786364320.987,316.036
1786364321.088,315.854
1786364321.189,315.945
1786364321.290,315.808
1786364321.390,315.843
1786364321.491,314.395
1786364321.592,317.62
1786364321.692,317.552
1786364321.793,317.669
1786364321.893,317.517
1786364321.994,317.517
1786364322.094,317.339
1786364322.198,317.315
1786364322.298,317.436
1786364322.400,317.518
1786364322.504,316.824
1786364322.607,316.805
1786364322.708,318.328
1786364322.810,317.108
1786364322.911,317.234
1786364323.014,317.105
1786364323.114,317.181
1786364323.217,317.204
1786364323.321,317.349
1786364323.425,317.302
1786364323.526,317.424
1786364323.630,316.61
1786364323.732,316.582
1786364323.833,316.492
1786364323.937,317.896
1786364324.041,317.718
1786364324.144,317.754
1786364324.248,317.731
1786364324.351,317.696
1786364324.455,317.647
1786364324.559,317.641
1786364324.663,317.574
1786364324.763,318.634
1786364324.864,317.797
1786364324.966,317.886
1786364325.070,317.773
1786364325.174,317.961
1786364325.277,317.932
1786364325.381,317.95
1786364325.484,318.195
1786364325.586,318.164
1786364325.689,317.055
1786364325.793,316.972
1786364325.894,316.118
1786364325.997,316.959
1786364326.100,316.961
1786364326.203,316.869
1786364326.307,316.766
1786364326.410,316.839
1786364326.514,316.86
1786364326.618,316.586
1786364326.721,316.851
1786364326.825,317.811
1786364326.926,317.8
1786364327.029,317.579
1786364327.132,317.663
1786364327.236,317.494
1786364327.340,317.376
1786364327.444,317.348
1786364327.549,317.287
1786364327.653,317.222
1786364327.758,317.197
1786364327.863,316.989
1786364327.966,317.125
1786364328.068,317.144
1786364328.170,318.93
1786364328.272,318.824
1786364328.373,318.937
1786364328.475,317.519
1786364328.577,317.548
1786364328.679,317.585
1786364328.781,317.576
1786364328.882,317.655
1786364328.984,317.57
1786364329.086,317.556
1786364329.188,317.576
1786364329.290,317.392
1786364329.391,317.457
1786364329.493,317.515
1786364329.595,319.21
1786364329.697,319.413
1786364329.798,317.932
1786364329.900,318.01
1786364330.001,318.061
1786364330.102,318.336
1786364330.204,318.341
1786364330.306,318.341
1786364330.407,318.34
1786364330.508,318.375
1786364330.609,318.322
1786364330.711,318.319
1786364330.812,316.935
1786364330.913,315.426
1786364331.014,316.969
1786364331.115,316.988
1786364331.216,316.964
1786364331.317,316.932
1786364331.418,316.989
1786364331.519,316.86
1786364331.620,316.811
1786364331.720,315.004
1786364331.821,315.078
1786364331.921,316.403
1786364332.022,317.78
1786364332.123,317.811
1786364332.225,317.748
1786364332.327,317.766
1786364332.431,316.916
1786364332.533,316.785
1786364332.633,315.566
1786364332.734,315.566
1786364332.834,317.374
1786364332.935,317.099
1786364333.035,317.109
1786364333.135,317.026
1786364333.236,316.982
1786364333.336,316.982
1786364333.436,316.996
1786364333.537,316.911
1786364333.637,315.833
1786364333.737,315.794
1786364333.838,316.962
1786364333.939,316.852
1786364334.039,316.733
1786364334.141,316.712
1786364334.242,316.582
1786364334.342,316.512
1786364334.443,316.5
1786364334.543,314.97
1786364334.644,314.907
1786364334.744,316.523
1786364334.844,316.657
1786364334.945,316.675
1786364335.045,316.708
1786364335.145,316.744
1786364335.246,316.869
1786364335.346,316.951
1786364335.446,316.942
1786364335.547,315.298
1786364335.647,316.717
1786364335.747,316.77
1786364335.848,316.795
1786364335.949,316.795
1786364336.050,316.711
1786364336.151,316.284
1786364336.252,316.358
1786364336.352,316.227
1786364336.453,316.173
1786364336.553,316.117
1786364336.654,314.792
1786364336.755,316.261
1786364336.856,316.319
1786364336.957,316.317
1786364337.058,316.291
1786364337.159,316.148
1786364337.260,316.787
1786364337.361,316.726
1786364337.462,316.915
1786364337.562,316.899
1786364337.663,316.857
1786364337.763,318.176
1786364337.864,318.219
1786364337.964,318.184
1786364338.064,316.875
1786364338.165,316.902
1786364338.266,316.922
1786364338.366,316.757
1786364338.467,316.775
1786364338.567,316.993
1786364338.668,317.054
1786364338.768,317.1
1786364338.869,317.13
1786364338.970,317.13
1786364339.070,315.867
1786364339.171,315.896
1786364339.271,317.228
1786364339.372,317.245
1786364339.473,317.308
1786364339.573,317.263
1786364339.674,317.311
1786364339.775,317.101
1786364339.875,317.136
1786364339.976,317.17
1786364340.076,317.428
1786364340.177,318.72
1786364340.278,318.733
1786364340.378,318.781
1786364340.479,318.887
1786364340.580,316.429
1786364340.681,316.379
1786364340.781,316.351
1786364340.882,316.256
1786364340.982,316.215
1786364341.083,316.307
1786364341.184,315.318
1786364341.284,314.183
1786364341.385,314.129
1786364341.485,314.3
1786364341.586,311.916
1786364341.687,314.315
1786364341.787,314.515
1786364341.888,314.633
1786364341.989,314.633
1786364342.089,314.763
1786364342.190,314.821
1786364342.291,314.765
1786364342.392,315.554
1786364342.492,315.864
1786364342.593,314.541
1786364342.693,314.435
1786364342.794,316.794
1786364342.894,316.955
1786364342.995,317.091
1786364343.095,317.101
1786364343.196,317.104
1786364343.297,317.044
1786364343.397,315.568
1786364343.498,315.582
1786364343.598,316.415
1786364343.699,317.903
1786364343.800,317.848
1786364343.900,317.795
1786364344.001,317.8
1786364344.102,317.574
1786364344.202,317.535
1786364344.303,317.589
1786364344.403,316.059
1786364344.504,317.437
1786364344.604,317.438
1786364344.705,317.551
1786364344.806,317.487
1786364344.906,317.537
1786364345.007,317.537
1786364345.107,317.607
1786364345.208,315.651
1786364345.308,315.593
1786364345.409,315.456
1786364345.509,315.585
1786364345.610,317.104
1786364345.710,317.186
1786364345.811,317.187
1786364345.912,317.224
1786364346.012,317.275
1786364346.113,317.222
1786364346.213,317.275
1786364346.314,319.257
1786364346.414,319.351
1786364346.515,316.406
1786364346.615,316.454
1786364346.716,316.49
1786364346.816,316.546
1786364346.917,316.603
1786364347.017,316.626
1786364347.118,316.642
1786364347.218,314.773
1786364347.319,314.614
1786364347.420,314.566
1786364347.520,314.553
1786364347.621,317.626
1786364347.721,317.361
1786364347.821,317.363
1786364347.922,317.303
1786364348.022,317.31
1786364348.123,315.631
1786364348.223,315.631
1786364348.323,315.478
1786364348.424,317.378
1786364348.524,317.405
1786364348.625,317.476
1786364348.725,317.583
1786364348.826,317.592
1786364348.926,317.685
1786364349.027,317.759
1786364349.127,317.772
1786364349.228,316.183
1786364349.328,317.732
1786364349.428,317.761
1786364349.529,317.747
1786364349.629,317.816
1786364349.730,317.722
1786364348.577,317.608
1786364348.679,316.047
1786364348.779,315.912
1786364348.880,315.908
1786364348.981,315.865
1786364349.081,317.395
1786364349.182,317.398
1786364349.283,317.351
1786364349.384,317.282
1786364349.485,317.309
1786364349.585,317.231
1786364349.686,317.116
1786364349.787,316.104
1786364349.888,315.962
1786364349.989,315.773
1786364350.089,315.728
1786364350.190,315.728
1786364350.291,315.447
1786364350.391,315.347
1786364350.492,314.255
1786364350.593,314.178
1786364350.693,313.95
1786364350.794,313.878
1786364350.895,312.452
1786364350.996,313.003
1786364351.097,313.027
1786364351.198,312.323
1786364351.299,312.24
1786364351.399,312.348
1786364351.500,312.373
1786364351.600,312.879
1786364351.701,312.858
1786364351.803,311.409
1786364351.904,311.391
1786364352.006,312.782
1786364352.108,314.599
1786364352.210,314.656
1786364352.312,315.368
1786364352.413,315.467
1786364352.515,315.55
1786364352.617,315.649
1786364352.719,316.249
1786364352.821,316.316
1786364352.923,317.83
1786364353.025,317.926
1786364353.127,317.994
1786364353.229,318.042
1786364353.331,318.034
1786364353.433,318.091
1786364353.536,318.254
1786364353.638,318.258
1786364353.739,316.558
1786364353.842,316.547
1786364353.944,316.689
1786364354.047,316.715
1786364354.149,316.705
1786364354.252,316.612
1786364354.352,316.565
1786364354.453,316.541
1786364354.553,315.215
1786364354.654,314.981
1786364354.754,314.94
1786364354.855,316.54
1786364354.956,316.495
1786364355.058,316.372
1786364355.159,316.422
1786364355.261,316.369
1786364355.361,316.493
1786364355.461,316.768
1786364355.562,315.825
1786364355.662,315.619
1786364355.762,315.672
1786364355.863,315.675
1786364355.963,315.673
1786364356.064,315.647
1786364356.164,315.554
1786364356.265,315.486
1786364356.366,315.433
1786364356.468,314.006
1786364356.570,313.722
1786364356.673,314.754
1786364356.773,316.339
1786364356.874,316.287
1786364356.977,316.522
1786364357.077,316.464
1786364357.178,316.536
1786364357.278,316.579
1786364357.379,314.904
1786364357.479,314.988
1786364357.580,316.302
1786364357.680,316.262
1786364357.780,316.206
1786364357.881,316.2
1786364357.981,316.297
1786364358.082,316.101
1786364358.182,316.101
1786364358.283,316.213
1786364358.383,316.26
1786364358.484,316.419
1786364358.585,316.738
1786364358.685,316.772
1786364358.786,316.886
1786364358.886,317.01
1786364358.987,317.196
1786364359.088,317.188
1786364359.188,317.02
1786364359.289,316.987
1786364359.390,316.912
1786364359.490,316.898
1786364359.591,316.813
1786364359.691,318.04
1786364359.792,318.045
1786364359.892,317.857
1786364359.993,317.943
1786364360.094,317.74
1786364360.194,316.072
1786364360.295,316.172
1786364360.395,316.439
1786364360.496,316.436
1786364360.600,316.342
1786364360.705,315.068
1786364360.809,315.152
1786364360.913,315.2
1786364361.017,315.436
1786364361.119,314.777
1786364361.223,313.248
1786364361.324,314.841
1786364361.425,314.747
1786364361.527,314.386
1786364361.628,314.448
1786364361.729,314.452
1786364361.829,315.564
1786364361.930,315.697
1786364362.031,315.733
1786364362.132,315.689
1786364362.233,314.298
1786364362.333,316.051
1786364362.434,316.051
1786364362.534,316.17
1786364362.635,316.332
1786364362.737,316.69
1786364362.841,316.596
1786364362.945,316.702
1786364363.049,316.755
1786364363.153,316.671
1786364363.257,316.57
1786364363.361,316.574
1786364363.465,318.521
1786364363.569,318.37
1786364363.670,318.306
1786364363.772,318.309
1786364363.876,318.186
1786364363.980,318.262
1786364364.085,318.123
1786364364.189,318.153
1786364364.293,316.223
1786364364.397,316.638
1786364364.501,316.551
1786364364.605,316.587
1786364364.709,316.564
1786364364.813,316.534
1786364364.917,316.409
1786364365.021,315.351
1786364365.123,314.829
1786364365.226,315.013
1786364365.330,315.028
1786364365.434,317.049
1786364365.538,316.647
1786364365.642,316.767
1786364365.744,316.766
1786364365.848,316.759
1786364365.952,316.988
1786364366.053,316.046
1786364366.157,315.652
1786364366.260,316.108
1786364366.365,315.952
1786364366.469,315.913
1786364366.573,315.77
1786364366.677,315.721
1786364366.781,315.595
1786364366.884,315.51
1786364366.984,315.502
1786364367.088,313.679
1786364367.190,314.642
1786364367.293,315.928
1786364367.395,315.945
1786364367.499,316.065
1786364367.604,315.986
1786364367.705,315.98
1786364367.809,315.944
1786364367.914,316.022
1786364368.019,316.066
1786364368.124,316.029
1786364368.225,317.581
1786364368.329,315.977
1786364368.432,315.981
1786364368.537,315.973
1786364368.642,315.97
1786364368.747,316.056
1786364368.851,316.156
1786364368.953,316.492
1786364369.058,316.525
1786364369.159,316.493
1786364369.263,314.674
1786364369.367,315.05
1786364369.472,316.628
1786364369.573,316.513
1786364369.675,316.572
1786364369.775,316.562
1786364369.877,316.594
1786364369.978,316.62
1786364370.079,316.446
1786364370.179,316.349
1786364370.279,316.595
1786364370.380,318.419
1786364370.481,318.039
1786364370.581,318.071
1786364370.681,318.335
1786364370.782,318.341
1786364370.882,318.373
1786364370.986,318.414
1786364371.087,317.946
1786364371.192,316.718
1786364371.297,316.754
1786364371.401,315.243
1786364371.502,315.328
1786364371.603,315.375
1786364371.704,315.375
1786364371.804,315.416
1786364371.905,315.356
1786364372.005,315.411
1786364372.108,315.461
1786364372.209,315.547
1786364372.310,314.593
1786364372.412,315.724
1786364372.517,315.814
1786364372.622,317.091
1786364372.726,316.988
1786364372.831,316.992
1786364372.936,316.955
1786364373.041,316.895
1786364373.146,316.768
1786364373.250,316.573
1786364373.355,316.449
1786364373.460,317.728
1786364373.565,315.905
1786364373.669,315.956
1786364373.771,315.946
1786364373.876,316.224
1786364373.981,316.045
1786364374.086,316.024
1786364374.191,315.918
1786364374.295,315.906
1786364374.400,315.974
1786364374.505,315.887
1786364374.610,315.888
1786364374.714,317.729
1786364374.819,317.721
1786364374.921,317.844
1786364375.026,315.867
1786364375.131,316.006
1786364375.231,316.181
1786364375.332,316.203
1786364375.433,316.226
1786364375.533,316.181
1786364375.634,316.229
1786364375.734,316.371
1786364375.835,316.376
1786364375.935,316.295
1786364376.036,316.172
1786364376.137,317.965
1786364376.237,318.038
1786364376.338,317.968
1786364376.438,317.49
1786364376.539,317.549
1786364376.639,317.597
1786364376.740,317.638
1786364376.840,317.515
1786364376.941,317.54
1786364377.041,317.531
1786364377.142,317.558
1786364377.242,317.549
1786364377.343,317.694
1786364377.443,317.568
1786364377.544,318.147
1786364377.644,318.147
1786364377.745,318.087
1786364377.845,318.003
1786364377.946,317.993
1786364378.047,318.024
1786364378.147,317.949
1786364378.248,317.688
1786364378.348,317.742
1786364378.449,317.764
1786364378.549,317.718
1786364378.650,317.74
1786364378.750,317.741
1786364378.850,317.736
1786364378.951,317.758
1786364379.051,317.695
1786364379.152,317.675
1786364379.253,317.764
1786364379.353,317.906
1786364379.453,317.857
1786364379.554,317.755
1786364379.654,317.802
1786364379.755,317.866
1786364379.855,317.863
1786364379.956,317.908
1786364380.056,317.965
1786364380.156,318.076
1786364380.257,318.142
1786364380.358,318.164
1786364380.459,318.246
1786364380.559,318.317
1786364380.660,318.368
1786364380.760,318.368
1786364379.721,318.176
1786364379.821,318.34
1786364379.922,318.366
1786364380.023,317.549
1786364380.124,317.528
1786364380.225,317.586
1786364380.325,317.525
1786364380.427,317.377
1786364380.528,316.668
1786364380.628,316.527
1786364380.729,316.5
1786364380.829,316.513
1786364380.930,316.409
1786364381.031,316.407
1786364381.132,317.267
1786364381.232,316.869
1786364381.333,315.138
1786364381.434,315.122
1786364381.534,315.136
1786364381.635,315.807
1786364381.736,315.848
1786364381.837,316.065
1786364381.938,316.089
1786364382.038,316.047
1786364382.139,314.239
1786364382.239,314.26
1786364382.340,314.87
1786364382.441,316.439
1786364382.542,316.467
1786364382.643,316.511
1786364382.744,316.482
1786364382.844,316.384
1786364382.945,316.155
1786364383.046,316.155
1786364383.147,316.077
1786364383.248,315.966
1786364383.348,316.535
1786364383.449,316.271
1786364383.549,316.058
1786364383.650,316.069
1786364383.751,316.024
1786364383.851,316.14
1786364383.952,316.073
1786364384.053,316.045
1786364384.153,315.856
1786364384.254,314.052
1786364384.355,313.972
1786364384.456,315.031
1786364384.557,315.119
1786364384.658,314.974
1786364384.758,314.86
1786364384.859,314.788
1786364384.959,314.556
1786364385.060,314.71
1786364385.160,314.678
1786364385.261,314.832
1786364385.362,315.156
1786364385.462,315.39
1786364385.563,315.368
1786364385.664,314.272
1786364385.765,314.263
1786364385.866,314.34
1786364385.967,314.38
1786364386.068,314.554
1786364386.168,314.392
1786364386.269,314.454
1786364386.369,314.454
1786364386.470,314.38
1786364386.570,315.723
1786364386.671,315.553
1786364386.771,315.588
1786364386.872,314.812
1786364386.973,314.887
1786364387.074,314.82
1786364387.174,314.811
1786364387.275,314.631
1786364387.376,314.674
1786364387.477,314.93
1786364387.578,314.917
1786364387.679,313.19
1786364387.779,313.341
1786364387.880,313.516
1786364387.981,315.439
1786364388.082,315.535
1786364388.183,315.623
1786364388.283,315.646
1786364388.384,315.723
1786364388.485,314.684
1786364388.586,314.109
1786364388.687,314.187
1786364388.788,316.042
1786364388.888,315.917
1786364388.989,315.803
1786364389.089,315.782
1786364389.190,315.671
1786364389.291,315.869
1786364389.391,315.876
1786364389.492,314.357
1786364389.593,315.335
1786364389.694,315.335
1786364389.794,315.904
1786364389.895,315.887
1786364389.996,315.931
1786364390.097,315.899
1786364390.198,315.941
1786364390.299,316.016
1786364390.399,314.73
1786364390.500,314.572
1786364390.600,314.566
1786364390.701,316.053
1786364390.802,316.139
1786364390.903,315.274
1786364391.003,315.476
1786364391.104,315.41
1786364391.206,315.413
1786364391.306,314.0
1786364391.407,314.085
1786364391.508,315.398
1786364391.609,315.347
1786364391.710,315.397
1786364391.810,315.441
1786364391.911,315.488
1786364392.011,316.093
1786364392.112,315.962
1786364392.213,314.595
1786364392.314,314.594
1786364392.415,315.967
1786364392.516,315.878
1786364392.616,315.809
1786364392.720,315.842
1786364392.825,315.995
1786364392.929,316.031
1786364393.031,314.399
1786364393.135,314.452
1786364393.237,314.438
1786364393.341,316.013
1786364393.443,316.12
1786364393.547,316.2
1786364393.651,316.197
1786364393.755,316.425
1786364393.859,316.496
1786364393.963,316.424
1786364394.065,316.472
1786364394.166,318.05
1786364394.268,318.102
1786364394.370,318.211
1786364394.472,318.087
1786364394.573,318.087
1786364394.675,318.046
1786364394.776,318.014
1786364394.878,316.724
1786364394.979,316.607
1786364395.081,316.642
1786364395.182,316.609
1786364395.283,316.546
1786364395.385,316.518
1786364395.487,316.607
1786364395.588,316.542
1786364395.689,316.485
1786364395.790,316.515
1786364395.892,316.593
1786364395.993,317.987
1786364396.094,317.956
1786364396.195,317.777
1786364396.296,317.744
1786364396.397,315.422
1786364396.498,315.519
1786364396.598,315.473
1786364396.699,315.438
1786364396.800,315.489
1786364396.900,315.447
1786364397.001,315.406
1786364397.101,315.277
1786364397.202,315.437
1786364397.302,313.869
1786364397.402,313.877
1786364397.505,316.148
1786364397.609,316.199
1786364397.714,316.302
1786364397.814,316.349
1786364397.914,316.39
1786364398.015,316.374
1786364398.117,316.368
1786364398.219,316.325
1786364398.322,316.277
1786364398.423,317.923
1786364398.527,317.987
1786364398.628,318.182
1786364398.732,318.162
1786364398.836,318.321
1786364398.940,316.848
1786364399.044,316.799
1786364399.148,316.846
1786364399.249,316.93
1786364399.350,317.01
1786364399.451,317.01
1786364399.552,317.063
1786364399.654,317.066
1786364399.755,317.036
1786364399.856,317.004
1786364399.957,317.102
1786364400.058,316.125
1786364400.159,317.603
1786364400.260,317.873
1786364400.361,317.808
1786364400.461,316.037
1786364400.562,316.03
1786364400.663,316.137
1786364400.764,316.113
1786364400.864,316.029
1786364400.964,315.833
1786364401.065,315.543
1786364401.169,315.516
1786364401.269,315.434
1786364401.370,315.152
1786364401.470,313.625
1786364401.571,314.074
1786364401.671,313.908
1786364401.772,313.619
1786364401.872,313.694
1786364401.972,313.72
1786364402.072,313.783
1786364402.173,313.696
1786364402.273,314.336
1786364402.374,314.389
1786364402.475,314.344
1786364402.576,315.807
1786364402.676,316.885
1786364402.776,316.99
1786364402.877,316.99
1786364402.977,315.466
1786364403.078,315.4
1786364403.178,315.341
1786364403.279,315.342
1786364403.380,315.579
1786364403.480,315.613
1786364403.581,315.465
1786364403.682,315.724
1786364403.783,314.456
1786364403.884,314.562
1786364403.984,314.689
1786364404.085,316.425
1786364404.186,316.379
1786364404.287,316.347
1786364404.388,316.326
1786364404.488,316.305
1786364404.588,316.343
1786364404.689,316.472
1786364404.790,314.792
1786364404.890,316.113
1786364404.991,316.123
1786364405.091,316.06
1786364405.192,315.902
1786364405.292,315.998
1786364405.392,316.315
1786364405.493,316.385
1786364405.593,316.384
1786364405.694,316.42
1786364405.794,316.514
1786364405.895,317.968
1786364405.995,316.741
1786364406.098,316.806
1786364406.199,316.806
1786364406.301,316.751
1786364406.405,316.76
1786364406.509,316.706
1786364406.609,316.448
1786364406.712,316.463
1786364406.816,315.617
1786364406.920,313.907
1786364407.024,313.799
1786364407.128,313.714
1786364407.230,314.988
1786364407.334,314.921
1786364407.435,314.987
1786364407.539,315.03
1786364407.643,315.126
1786364407.747,315.135
1786364407.851,315.049
1786364407.955,316.147
1786364408.059,315.377
1786364408.163,315.497
1786364408.264,315.528
1786364408.368,315.488
1786364408.471,315.45
1786364408.574,315.315
1786364408.676,315.229
1786364408.780,315.069
1786364408.884,315.071
1786364408.988,315.023
1786364409.090,314.928
1786364409.194,317.352
1786364409.296,317.159
1786364409.400,315.513
1786364409.503,315.627
1786364409.607,315.705
1786364409.712,315.81
1786364409.816,315.799
1786364409.920,314.132
1786364410.024,314.277
1786364410.128,314.349
1786364410.229,314.247
1786364410.333,314.293
1786364410.434,313.721
1786364410.536,315.419
1786364410.636,313.91
1786364410.740,313.941
1786364410.841,314.015
1786364410.942,314.099
1786364411.044,315.959
1786364411.145,315.702
1786364411.246,315.788
1786364411.347,315.848
1786364411.448,315.903
1786364411.549,316.529
1786364411.650,314.774
1786364411.750,316.327
1786364411.851,316.359
1786364410.749,315.392
1786364410.853,314.948
1786364410.957,314.752
1786364411.061,314.824
1786364411.162,314.657
1786364411.266,313.022
1786364411.370,312.839
1786364411.471,312.964
1786364411.575,314.812
1786364411.679,314.89
1786364411.783,314.72
1786364411.888,315.714
1786364411.990,316.175
1786364412.092,316.343
1786364412.194,316.445
1786364412.296,316.627
1786364412.398,318.285
1786364412.500,318.476
1786364412.602,318.481
1786364412.705,318.542
1786364412.807,318.676
1786364412.909,317.117
1786364413.013,317.158
1786364413.117,317.254
1786364413.218,317.325
1786364413.321,317.296
1786364413.422,317.269
1786364413.524,317.288
1786364413.628,317.268
1786364413.732,317.263
1786364413.837,317.093
1786364413.941,316.817
1786364414.045,318.491
1786364414.149,318.387
1786364414.251,318.53
1786364414.354,318.449
1786364414.456,316.565
1786364414.560,316.545
1786364414.664,316.409
1786364414.768,316.298
1786364414.872,316.265
1786364414.976,316.312
1786364415.077,314.975
1786364415.177,314.918
1786364415.278,314.918
1786364415.378,314.895
1786364415.478,314.747
1786364415.579,314.635
1786364415.680,316.48
1786364415.780,316.514
1786364415.880,316.57
1786364415.981,316.892
1786364416.081,314.175
1786364416.182,314.209
1786364416.282,315.593
1786364416.383,315.665
1786364416.485,315.735
1786364416.589,315.624
1786364416.690,315.65
1786364416.794,315.786
1786364416.899,315.666
1786364417.001,315.767
1786364417.105,313.764
1786364417.209,316.359
1786364417.311,316.536
1786364417.415,316.424
1786364417.518,316.314
1786364417.622,316.275
1786364417.726,316.22
1786364417.830,316.206
1786364417.933,316.068
1786364418.037,313.81
1786364418.141,313.541
1786364418.242,315.155
1786364418.346,315.176
1786364418.447,314.982
1786364418.550,314.993
1786364418.654,314.932
1786364418.755,314.913
1786364418.859,314.19
1786364418.961,314.271
1786364419.061,314.332
1786364419.162,316.693
1786364419.263,315.015
1786364419.364,315.044
1786364419.465,315.322
1786364419.566,315.319
1786364419.667,315.303
1786364419.768,315.393
1786364419.868,315.32
1786364419.969,316.108
1786364420.070,316.072
1786364420.170,316.015
1786364420.271,315.933
1786364420.371,317.732
1786364420.471,317.98
1786364420.573,317.98
1786364420.675,315.849
1786364420.775,315.836
1786364420.878,316.061
1786364420.982,316.074
1786364421.086,316.074
1786364421.190,316.056
1786364421.291,314.961
1786364421.395,314.931
1786364421.496,315.149
1786364421.600,313.559
1786364421.704,313.344
1786364421.808,315.232
1786364421.912,315.34
1786364422.016,315.101
1786364422.120,315.148
1786364422.221,315.126
1786364422.325,315.109
1786364422.430,316.124
1786364422.534,316.155
1786364422.638,315.923
1786364422.741,317.526
1786364422.845,317.838
1786364422.949,316.078
1786364423.053,316.117
1786364423.156,316.251
1786364423.259,316.284
1786364423.362,316.371
1786364423.463,316.397
1786364423.566,316.476
1786364423.669,316.539
1786364423.770,316.561
1786364423.873,314.137
1786364423.977,313.827
1786364424.080,315.661
1786364424.184,315.49
1786364424.288,315.525
1786364424.392,315.709
1786364424.494,315.639
1786364424.598,313.33
1786364424.702,313.284
1786364424.807,313.204
1786364424.911,313.184
1786364425.015,315.546
1786364425.119,315.539
1786364425.220,315.442
1786364425.324,313.706
1786364425.428,313.483
1786364425.530,313.206
1786364425.634,313.356
1786364425.738,315.834
1786364425.841,315.993
1786364425.945,316.095
1786364426.046,316.127
1786364426.150,314.541
1786364426.254,314.719
1786364426.359,314.698
1786364426.463,314.865
1786364426.567,314.977
1786364426.671,315.001
1786364426.773,315.147
1786364426.877,314.979
1786364426.981,314.935
1786364427.083,314.921
1786364427.187,312.863
1786364427.291,314.348
1786364427.395,314.169
1786364427.496,314.303
1786364427.600,315.82
1786364427.704,315.749
1786364427.808,315.707
1786364427.910,315.604
1786364428.014,314.115
1786364428.118,314.092
1786364428.222,314.183
1786364428.326,316.464
1786364428.430,316.571
1786364428.535,316.673
1786364428.639,316.675
1786364428.740,316.785
1786364428.841,314.86
1786364428.942,314.954
1786364429.044,314.853
1786364429.145,316.287
1786364429.246,316.282
1786364429.347,316.226
1786364429.448,315.993
1786364429.549,316.174
1786364429.650,316.24
1786364429.751,316.166
1786364429.852,314.46
1786364429.952,316.807
1786364430.053,316.683
1786364430.153,316.637
1786364430.254,316.658
1786364430.354,316.567
1786364430.456,316.487
1786364430.560,316.524
1786364430.661,316.388
1786364430.765,316.23
1786364430.869,316.421
1786364430.973,318.12
1786364431.077,317.857
1786364431.181,317.944
1786364431.285,317.971
1786364431.389,316.352
1786364431.490,316.409
1786364431.594,315.25
1786364431.698,315.234
1786364431.802,315.424
1786364431.906,315.543
1786364432.010,315.383
1786364432.114,315.406
1786364432.218,315.327
1786364432.322,315.313
1786364432.426,313.065
1786364432.530,314.703
1786364432.634,314.737
1786364432.738,316.022
1786364432.843,316.082
1786364432.945,315.699
1786364433.050,315.856
1786364433.153,316.04
1786364433.258,314.477
1786364433.362,314.487
1786364433.462,314.629
1786364433.565,317.015
1786364433.670,317.083
1786364433.774,317.04
1786364433.878,317.049
1786364433.982,317.087
1786364434.086,317.272
1786364434.189,315.151
1786364434.294,314.967
1786364434.398,316.538
1786364434.502,316.486
1786364434.606,316.35
1786364434.710,316.194
1786364434.814,316.4
1786364434.918,316.404
1786364435.022,316.4
1786364435.126,314.787
1786364435.229,315.053
1786364435.331,316.919
1786364435.433,316.948
1786364435.534,316.94
1786364435.636,316.969
1786364435.738,317.005
1786364435.840,317.051
1786364435.943,316.732
1786364436.045,316.751
1786364436.147,316.751
1786364436.249,316.875
1786364436.351,318.351
1786364436.453,318.121
1786364436.555,316.539
1786364436.658,316.521
1786364436.760,316.42
1786364436.862,315.252
1786364436.964,315.279
1786364437.066,315.367
1786364437.169,315.448
1786364437.271,315.613
1786364437.373,315.341
1786364437.474,315.402
1786364437.576,315.408
1786364437.678,317.071
1786364437.781,316.95
1786364437.882,316.986
1786364437.983,318.161
1786364438.083,316.587
1786364438.184,316.377
1786364438.284,316.361
1786364438.385,316.203
1786364438.485,316.496
1786364438.586,316.483
1786364438.686,316.51
1786364438.787,315.771
1786364438.887,315.875
1786364438.987,313.902
1786364439.088,313.946
1786364439.188,315.552
1786364439.289,315.689
1786364439.389,315.789
1786364439.490,315.937
1786364439.592,315.916
1786364439.694,315.94
1786364439.797,315.957
1786364439.899,316.709
1786364440.001,316.744
1786364440.103,318.783
1786364440.206,316.394
1786364440.308,316.284
1786364440.410,316.215
1786364440.513,316.021
1786364440.616,315.847
1786364440.719,315.792
1786364440.821,315.763
1786364440.924,315.763
1786364441.028,315.682
1786364441.131,315.627
1786364441.234,315.625
1786364441.338,315.621
1786364441.441,317.943
1786364441.545,317.906
1786364441.649,316.6
1786364441.753,316.717
1786364441.854,316.702
1786364441.958,316.473
1786364442.062,315.578
1786364442.166,315.583
1786364442.271,315.585
1786364442.372,315.554
1786364442.476,314.002
1786364442.580,314.017
1786364442.682,314.113
1786364442.783,315.487
1786364442.884,315.556
1786364441.785,315.491
1786364441.886,315.836
1786364441.990,316.815
1786364442.094,316.772
1786364442.195,316.859
1786364442.300,316.927
1786364442.404,318.549
1786364442.507,318.652
1786364442.612,318.705
1786364442.713,318.779
1786364442.817,318.794
1786364442.918,318.871
1786364443.019,318.794
1786364443.120,318.693
1786364443.221,316.812
1786364443.322,317.168
1786364443.422,317.083
1786364443.523,316.945
1786364443.623,316.774
1786364443.724,316.683
1786364443.824,316.474
1786364443.925,316.37
1786364444.028,316.376
1786364444.133,314.446
1786364444.237,314.437
1786364444.338,316.385
1786364444.442,315.954
1786364444.546,315.863
1786364444.650,315.936
1786364444.755,316.112
1786364444.857,316.203
1786364444.961,316.249
1786364445.065,316.317
1786364445.169,316.377
1786364445.271,316.676
1786364445.375,316.67
1786364445.479,316.613
1786364445.583,316.678
1786364445.687,316.834
1786364445.792,316.815
1786364445.896,316.769
1786364446.000,315.857
1786364446.104,315.884
1786364446.208,315.865
1786364446.308,315.827
1786364446.412,317.31
1786364446.516,317.468
1786364446.620,316.109
1786364446.722,316.105
1786364446.826,316.1
1786364446.930,316.079
1786364447.034,316.061
1786364447.138,316.937
1786364447.242,317.306
1786364447.347,317.338
1786364447.448,317.363
1786364447.548,317.297
1786364447.649,314.379
1786364447.750,315.742
1786364447.850,315.685
1786364447.951,315.613
1786364448.052,315.586
1786364448.153,315.511
1786364448.254,315.675
1786364448.354,315.353
1786364448.455,315.323
1786364448.555,315.251
1786364448.656,315.252
1786364448.756,315.252
1786364448.856,318.017
1786364448.957,316.045
1786364449.057,316.04
1786364449.158,316.054
1786364449.258,316.013
1786364449.359,316.069
1786364449.459,315.857
1786364449.560,315.868
1786364449.660,315.925
1786364449.761,316.149
1786364449.861,316.187
1786364449.962,314.917
1786364450.062,316.921
1786364450.162,317.11
1786364450.263,317.056
1786364450.363,316.979
1786364450.464,316.962
1786364450.564,316.956
1786364450.665,316.91
1786364450.765,316.84
1786364450.866,316.646
1786364450.966,317.676
1786364451.066,316.581
1786364451.167,315.496
1786364451.267,315.193
1786364451.368,315.185
1786364451.468,315.374
1786364451.569,315.364
1786364451.669,315.428
1786364451.771,315.475
1786364451.872,315.475
1786364451.974,315.446
1786364452.076,315.476
1786364452.178,315.903
1786364452.280,317.136
1786364452.382,316.597
1786364452.484,316.741
1786364452.586,316.972
1786364452.687,316.858
1786364452.789,316.873
1786364452.890,316.717
1786364452.990,316.622
1786364453.090,316.566
1786364453.191,314.884
1786364453.291,314.578
1786364453.391,314.475
1786364453.492,316.03
1786364453.592,316.005
1786364453.692,315.656
1786364453.793,315.932
1786364453.893,315.814
1786364453.993,315.922
1786364454.094,314.668
1786364454.194,314.59
1786364454.295,316.141
1786364454.395,316.25
1786364454.495,316.196
1786364454.596,316.124
1786364454.696,315.99
1786364454.797,316.092
1786364454.897,315.876
1786364455.001,316.15
1786364455.105,316.139
1786364455.209,317.376
1786364455.313,316.013
1786364455.417,316.179
1786364455.522,316.049
1786364455.622,316.009
1786364455.726,316.11
1786364455.830,316.278
1786364455.934,316.335
1786364456.039,316.316
1786364456.143,316.148
1786364456.247,316.151
1786364456.351,315.334
1786364456.453,314.708
1786364456.558,314.592
1786364456.662,314.611
1786364456.765,314.604
1786364456.869,314.626
1786364456.973,314.516
1786364457.077,314.524
1786364457.181,314.652
1786364457.285,313.047
1786364457.389,313.014
1786364457.493,314.058
1786364457.597,315.357
1786364457.701,315.371
1786364457.805,315.425
1786364457.910,315.44
1786364458.014,315.39
1786364458.118,315.408
1786364458.222,315.62
1786364458.326,315.5
1786364458.428,317.129
1786364458.532,315.585
1786364458.636,315.579
1786364458.740,316.356
1786364458.841,316.367
1786364458.945,316.394
1786364459.049,316.362
1786364459.153,316.201
1786364459.257,316.209
1786364459.362,316.113
1786364459.466,316.068
1786364459.567,316.297
1786364459.669,317.832
1786364459.770,317.618
1786364459.871,317.657
1786364459.973,317.657
1786364460.074,315.982
1786364460.175,316.028
1786364460.277,316.175
1786364460.377,316.414
1786364460.478,316.444
1786364460.579,316.21
1786364460.680,316.352
1786364460.781,316.095
1786364460.882,316.074
1786364460.983,316.388
1786364461.083,315.659
1786364461.184,315.711
1786364461.284,315.629
1786364461.385,315.73
1786364461.489,315.713
1786364461.593,314.486
1786364461.697,314.631
1786364461.802,314.71
1786364461.906,312.995
1786364462.010,313.055
1786364462.114,312.84
1786364462.218,313.711
1786364462.322,315.26
1786364462.423,315.107
1786364462.527,314.841
1786364462.631,314.865
1786364462.736,316.074
1786364462.840,314.62
1786364462.944,314.369
1786364463.048,316.079
1786364463.152,316.108
1786364463.256,316.003
1786364463.360,315.782
1786364463.464,315.866
1786364463.568,316.357
1786364463.672,316.408
1786364463.777,316.418
1786364463.881,316.476
1786364463.985,317.806
1786364464.089,317.919
1786364464.193,317.863
1786364464.297,317.971
1786364464.397,316.648
1786364464.501,316.602
1786364464.605,316.601
1786364464.710,316.319
1786364464.814,316.399
1786364464.918,316.401
1786364465.022,316.52
1786364465.126,316.667
1786364465.227,315.163
1786364465.329,315.346
1786364465.430,315.258
1786364465.531,316.708
1786364465.632,316.81
1786364465.733,316.853
1786364465.834,316.879
1786364465.935,316.915
1786364466.036,316.877
1786364466.136,315.393
1786364466.237,315.317
1786364466.337,316.896
1786364466.437,316.799
1786364466.539,316.757
1786364466.642,316.801
1786364466.744,316.903
1786364466.848,315.807
1786364466.952,315.804
1786364467.056,315.805
1786364467.160,315.812
1786364467.264,317.155
1786364467.369,315.712
1786364467.473,314.429
1786364467.577,313.64
1786364467.681,313.621
1786364467.785,313.532
1786364467.889,313.476
1786364467.991,314.493
1786364468.093,314.66
1786364468.195,314.643
1786364468.297,314.643
1786364468.397,314.608
1786364468.499,316.047
1786364468.601,317.322
1786364468.703,318.207
1786364468.805,318.137
1786364468.907,318.188
1786364469.009,316.673
1786364469.111,316.673
1786364469.213,316.715
1786364469.315,316.491
1786364469.417,316.421
1786364469.519,316.655
1786364469.621,316.69
1786364469.722,316.711
1786364469.824,316.63
1786364469.926,315.044
1786364470.028,315.096
1786364470.130,315.065
1786364470.232,316.623
1786364470.333,316.477
1786364470.434,316.409
1786364470.536,316.483
1786364470.638,316.339
1786364470.739,316.451
1786364470.841,314.173
1786364470.943,314.397
1786364471.044,315.847
1786364471.146,315.858
1786364471.248,315.767
1786364471.349,315.628
1786364471.451,315.764
1786364471.552,313.41
1786364471.654,313.267
1786364471.755,313.226
1786364471.857,313.076
1786364471.958,315.466
1786364472.059,313.962
1786364472.161,313.803
1786364472.262,313.884
1786364472.366,313.944
1786364472.468,314.065
1786364472.572,314.287
1786364472.676,315.21
1786364472.780,315.39
1786364472.884,315.316
1786364472.989,315.57
1786364473.093,315.442
1786364473.197,316.677
1786364473.301,316.828
1786364473.405,316.745
1786364473.509,316.721
1786364473.613,316.573
1786364473.718,316.327
1786364473.822,317.892
1786364473.926,317.947
1786364472.829,317.973
1786364472.932,317.648
1786364473.036,317.681
1786364473.140,315.882
1786364473.241,316.17
1786364473.345,316.131
1786364473.449,316.14
1786364473.553,316.181
1786364473.657,316.179
1786364473.761,316.061
1786364473.865,315.863
1786364473.969,314.529
1786364474.069,314.651
1786364474.172,314.635
1786364474.277,316.518
1786364474.379,316.239
1786364474.483,316.482
1786364474.584,316.499
1786364474.688,316.574
1786364474.792,316.584
1786364474.895,316.692
1786364474.999,316.728
1786364475.100,318.003
1786364475.200,317.406
1786364475.303,316.702
1786364475.406,316.709
1786364475.510,316.757
1786364475.612,316.571
1786364475.716,316.727
1786364475.820,316.743
1786364475.923,317.09
1786364476.027,315.887
1786364476.129,314.507
1786364476.233,314.606
1786364476.338,315.178
1786364476.442,315.126
1786364476.546,315.041
1786364476.650,314.948
1786364476.754,314.879
1786364476.858,314.693
1786364476.962,314.712
1786364477.066,314.319
1786364477.170,315.565
1786364477.272,316.965
1786364477.376,316.962
1786364477.480,315.59
1786364477.584,316.42
1786364477.689,316.462
1786364477.793,316.404
1786364477.897,316.482
1786364478.001,316.771
1786364478.101,316.736
1786364478.205,316.677
1786364478.309,316.649
1786364478.413,314.79
1786364478.518,314.787
1786364478.622,315.96
1786364478.726,315.919
1786364478.830,316.023
1786364478.933,316.156
1786364479.038,316.205
1786364479.142,315.876
1786364479.242,316.111
1786364479.346,314.552
1786364479.450,314.534
1786364479.554,316.568
1786364479.659,316.502
1786364479.763,316.773
1786364479.867,316.836
1786364479.971,316.748
1786364480.075,316.852
1786364480.179,316.803
1786364480.283,316.911
1786364480.387,316.694
1786364480.491,318.355
1786364480.594,318.521
1786364480.699,318.374
1786364480.803,318.383
1786364480.905,318.434
1786364481.009,316.868
1786364481.110,316.809
1786364481.214,315.938
1786364481.318,316.074
1786364481.421,316.066
1786364481.525,316.052
1786364481.626,316.088
1786364481.726,315.854
1786364481.827,315.838
1786364481.927,315.838
1786364482.027,315.913
1786364482.128,315.745
1786364482.228,317.193
1786364482.329,317.158
1786364482.429,317.772
1786364482.530,316.144
1786364482.630,316.09
1786364482.731,316.109
1786364482.831,316.18
1786364482.932,316.221
1786364483.033,316.254
1786364483.133,316.224
1786364483.234,316.189
1786364483.334,316.388
1786364483.434,316.441
1786364483.535,314.872
1786364483.635,316.325
1786364483.736,316.298
1786364483.836,316.303
1786364483.937,316.243
1786364484.037,316.197
1786364484.138,316.251
1786364484.238,316.298
1786364484.339,316.382
1786364484.439,316.213
1786364484.540,316.386
1786364484.640,318.136
1786364484.740,316.511
1786364484.841,316.658
1786364484.942,316.726
1786364485.042,316.726
1786364485.143,316.772
1786364485.243,316.829
1786364485.345,316.786
1786364485.446,316.755
1786364485.548,316.746
1786364485.649,316.646
1786364485.750,316.468
1786364485.852,316.42
1786364485.953,318.327
1786364486.054,318.159
1786364486.156,316.246
1786364486.257,316.274
1786364486.357,316.085
1786364486.458,314.16
1786364486.559,314.066
1786364486.660,314.244
1786364486.761,314.294
1786364486.861,314.219
1786364486.962,314.181
1786364487.063,313.911
1786364487.163,314.016
1786364487.263,315.836
1786364487.365,315.781
1786364487.466,314.508
1786364487.570,316.444
1786364487.673,316.464
1786364487.777,316.24
1786364487.878,316.332
1786364487.978,316.604
1786364488.080,316.695
1786364488.181,315.138
1786364488.285,315.253
1786364488.385,315.179
1786364488.486,315.156
1786364488.587,316.548
1786364488.687,316.469
1786364488.788,316.463
1786364488.888,316.486
1786364488.989,316.486
1786364489.089,316.381
1786364489.189,316.138
1786364489.290,316.008
1786364489.390,316.299
1786364489.491,316.222
1786364489.591,316.212
1786364489.692,316.22
1786364489.792,316.388
1786364489.892,316.524
1786364489.993,316.591
1786364490.093,314.968
1786364490.194,315.556
1786364490.294,315.655
1786364490.394,315.817
1786364490.495,317.123
1786364490.595,317.11
1786364490.696,317.255
1786364490.796,317.276
1786364490.897,317.158
1786364490.997,317.045
1786364491.097,316.994
1786364491.198,318.757
1786364491.298,318.133
1786364491.398,318.057
1786364491.499,316.762
1786364491.599,316.159
1786364491.699,315.971
1786364491.800,315.833
1786364491.900,315.746
1786364492.000,315.703
1786364492.101,315.703
1786364492.201,315.637
1786364492.302,315.633
1786364492.402,315.569
1786364492.503,314.107
1786364492.603,314.024
1786364492.703,315.163
1786364492.804,315.889
1786364492.904,315.912
1786364493.005,315.921
1786364493.105,315.936
1786364493.206,316.019
1786364493.306,314.211
1786364493.406,314.3
1786364493.507,314.167
1786364493.607,315.727
1786364493.710,315.834
1786364493.811,316.011
1786364493.915,315.916
1786364494.020,315.897
1786364494.124,315.799
1786364494.225,315.97
1786364494.327,315.891
1786364494.428,317.721
1786364494.528,315.688
1786364494.630,315.953
1786364494.730,315.941
1786364494.831,315.963
1786364494.932,315.85
1786364495.033,315.787
1786364495.135,315.993
1786364495.236,316.203
1786364495.336,315.225
1786364495.437,314.584
1786364495.538,314.605
1786364495.638,316.513
1786364495.739,316.204
1786364495.839,316.204
1786364495.940,316.175
1786364496.040,316.221
1786364496.141,316.151
1786364496.241,316.095
1786364496.341,315.756
1786364496.444,314.929
1786364496.548,315.592
1786364496.652,316.276
1786364496.753,314.279
1786364496.854,313.219
1786364496.958,313.335
1786364497.062,313.344
1786364497.166,313.089
1786364497.268,313.129
1786364497.369,313.287
1786364497.470,313.513
1786364497.572,314.208
1786364497.674,314.546
1786364497.776,314.456
1786364497.876,314.949
1786364497.978,316.114
1786364498.080,316.111
1786364498.182,316.348
1786364498.284,316.471
1786364498.385,316.429
1786364498.486,316.365
1786364498.587,314.633
1786364498.689,314.717
1786364498.791,314.576
1786364498.891,314.732
1786364498.993,316.112
1786364499.095,316.008
1786364499.197,315.94
1786364499.297,315.701
1786364499.398,314.226
1786364499.498,314.241
1786364499.600,314.175
1786364499.701,316.107
1786364499.801,316.101
1786364499.901,316.062
1786364500.002,315.97
1786364500.102,316.082
1786364500.203,316.082
1786364500.303,316.271
1786364500.404,316.267
1786364500.506,316.322
1786364500.606,317.925
1786364500.706,316.59
1786364500.807,316.61
1786364500.907,316.466
1786364501.008,316.499
1786364501.108,316.621
1786364501.209,316.625
1786364501.309,316.621
1786364501.410,316.466
1786364501.510,315.229
1786364501.610,315.176
1786364501.711,315.137
1786364501.811,316.498
1786364501.912,316.397
1786364502.012,315.197
1786364502.113,315.083
1786364502.213,314.747
1786364502.314,314.581
1786364502.414,314.425
1786364502.514,314.219
1786364502.615,315.443
1786364502.715,314.073
1786364502.816,313.904
1786364502.916,313.749
1786364503.017,313.712
1786364503.117,315.076
1786364503.217,315.121
1786364503.318,315.121
1786364503.418,315.237
1786364503.519,315.271
1786364503.619,315.377
1786364503.719,314.037
1786364503.820,314.044
1786364503.920,315.328
1786364504.021,315.321
1786364504.121,315.349
1786364504.222,315.467
1786364504.322,315.133
1786364504.423,315.006
1786364504.523,315.17
1786364504.624,315.186
1786364504.724,315.134
1786364504.824,316.621
1786364504.925,316.571
1786364505.025,316.553
1786364503.930,316.633
1786364504.034,316.715
1786364504.138,314.451
1786364504.242,314.482
1786364504.346,314.475
1786364504.450,314.463
1786364504.554,314.648
1786364504.658,314.562
1786364504.762,314.496
1786364504.866,314.457
1786364504.970,312.188
1786364505.075,312.111
1786364505.179,311.658
1786364505.279,313.785
1786364505.379,313.844
1786364505.480,313.919
1786364505.580,313.752
1786364505.680,313.545
1786364505.781,312.139
1786364505.881,312.145
1786364505.982,311.003
1786364506.082,313.363
1786364506.183,313.434
1786364506.283,314.093
1786364506.384,314.202
1786364506.484,314.157
1786364506.585,314.157
1786364506.685,314.143
1786364506.789,314.229
1786364506.893,314.323
1786364506.997,315.858
1786364507.102,314.593
1786364507.206,315.789
1786364507.310,315.709
1786364507.414,315.646
1786364507.518,315.348
1786364507.622,315.26
1786364507.726,315.424
1786364507.830,315.4
1786364507.934,315.343
1786364508.038,315.281
1786364508.143,315.267
1786364508.247,315.175
1786364508.351,315.182
1786364508.455,315.202
1786364508.559,315.226
1786364508.662,315.281
1786364508.767,315.073
1786364508.871,315.192
1786364508.975,315.263
1786364509.079,315.381
1786364509.179,315.381
1786364509.280,315.407
1786364509.380,316.868
1786364509.481,315.118
1786364509.581,315.058
1786364509.682,315.097
1786364509.782,315.136
1786364509.883,315.194
1786364509.983,315.356
1786364510.083,315.265
1786364510.184,315.334
1786364510.288,315.367
1786364510.392,313.657
1786364510.496,313.708
1786364510.600,315.617
1786364510.705,315.88
1786364510.808,315.928
1786364510.912,316.12
1786364511.014,315.994
1786364511.118,315.933
1786364511.218,312.772
1786364511.319,312.518
1786364511.419,312.544
1786364511.520,314.439
1786364511.620,314.303
1786364511.721,314.141
1786364511.821,314.022
1786364511.921,313.893
1786364512.022,312.382
1786364512.122,312.444
1786364512.223,312.286
1786364512.323,315.583
1786364512.424,315.78
1786364512.524,315.475
1786364512.625,315.166
1786364512.725,315.362
1786364512.826,315.431
1786364512.926,315.353
1786364513.027,315.425
1786364513.127,316.668
1786364513.227,316.668
1786364513.328,316.607
1786364513.429,316.763
1786364513.529,316.562
1786364513.629,316.456
1786364513.730,316.78
1786364513.831,317.115
1786364513.931,317.004
1786364514.032,314.892
1786364514.132,314.788
1786364514.233,314.856
1786364514.333,315.03
1786364514.434,315.114
1786364514.534,315.121
1786364514.635,315.209
1786364514.735,315.29
1786364514.836,313.661
1786364514.936,313.389
1786364515.037,313.432
1786364515.137,315.482
1786364515.238,315.096
1786364515.338,315.102
1786364515.439,315.018
1786364515.539,315.097
1786364515.640,313.42
1786364515.740,313.495
1786364515.841,313.452
1786364515.941,314.984
1786364516.041,315.094
1786364516.142,315.117
1786364516.242,315.139
1786364516.343,315.139
1786364516.443,314.681
1786364516.544,314.732
1786364516.644,314.823
1786364516.745,314.818
1786364516.845,314.982
1786364516.946,315.232
1786364517.047,315.278
1786364517.148,315.414
1786364517.248,315.457
1786364517.349,315.465
1786364517.450,315.551
1786364517.550,316.636
1786364517.651,316.625
1786364517.752,316.869
1786364517.853,316.84
1786364517.954,318.365
1786364518.055,318.159
1786364518.157,318.321
1786364518.258,318.181
1786364518.359,318.232
1786364518.460,318.228
1786364518.560,318.191
1786364518.662,316.748
1786364518.762,316.717
1786364518.863,316.519
1786364518.964,316.63
1786364519.064,316.629
1786364519.165,316.798
1786364519.266,316.518
1786364519.366,316.464
1786364519.467,316.32
1786364519.567,316.261
1786364519.668,316.261
1786364519.768,315.016
1786364519.869,315.881
1786364519.969,315.87
1786364520.070,315.771
1786364520.171,315.684
1786364520.271,315.594
1786364520.372,315.291
1786364520.472,315.624
1786364520.573,315.523
1786364520.673,315.52
1786364520.774,315.472
1786364520.874,316.72
1786364520.975,313.972
1786364521.075,314.028
1786364521.176,314.074
1786364521.276,314.246
1786364521.377,314.222
1786364521.477,314.244
1786364521.577,312.843
1786364521.678,312.914
1786364521.778,312.819
1786364521.879,313.111
1786364521.979,313.051
1786364522.079,314.619
1786364522.180,314.696
1786364522.280,314.764
1786364522.381,314.592
1786364522.481,314.709
1786364522.582,314.567
1786364522.682,315.704
1786364522.782,315.704
1786364522.883,315.716
1786364522.983,315.829
1786364523.084,315.538
1786364523.184,314.066
1786364523.285,315.64
1786364523.385,315.398
1786364523.486,315.255
1786364523.586,315.217
1786364523.687,315.358
1786364523.787,315.502
1786364523.887,315.474
1786364523.988,315.542
1786364524.088,315.512
1786364524.189,315.535
1786364524.289,316.975
1786364524.389,315.584
1786364524.490,315.582
1786364524.590,315.623
1786364524.691,315.63
1786364524.791,315.401
1786364524.892,315.384
1786364524.992,315.416
1786364525.093,314.167
1786364525.193,313.448
1786364525.293,313.416
1786364525.394,313.609
1786364525.494,315.095
1786364525.595,313.538
1786364525.696,312.949
1786364525.796,312.88
1786364525.897,312.88
1786364525.997,312.87
1786364526.097,312.871
1786364526.198,312.887
1786364526.298,314.078
1786364526.399,314.757
1786364526.499,314.859
1786364526.600,314.93
1786364526.700,313.279
1786364526.800,314.846
1786364526.901,314.514
1786364527.005,314.657
1786364527.109,314.789
1786364527.212,314.813
1786364527.314,314.913
1786364527.415,314.944
1786364527.515,315.07
1786364527.616,315.216
1786364527.716,315.096
1786364527.817,315.212
1786364527.917,315.148
1786364528.017,316.251
1786364528.118,316.138
1786364528.220,315.95
1786364528.322,316.015
1786364528.424,315.953
1786364528.525,314.769
1786364528.627,314.649
1786364528.730,314.527
1786364528.832,314.423
1786364528.936,315.969
1786364529.037,316.239
1786364529.141,316.083
1786364529.245,316.067
1786364529.348,316.458
1786364529.451,316.443
1786364529.552,316.53
1786364529.656,317.641
1786364529.761,316.127
1786364529.864,316.015
1786364529.968,316.119
1786364530.070,316.14
1786364530.173,316.075
1786364530.277,316.164
1786364530.378,316.275
1786364530.478,316.049
1786364530.579,316.167
1786364530.679,314.69
1786364530.779,314.805
1786364530.880,314.805
1786364530.980,316.574
1786364531.081,316.676
1786364531.185,316.647
1786364531.289,316.823
1786364531.394,316.776
1786364531.498,316.738
1786364531.598,316.787
1786364531.698,316.762
1786364531.799,316.702
1786364531.899,318.157
1786364532.000,318.253
1786364532.101,316.929
1786364532.202,316.939
1786364532.302,316.947
1786364532.403,315.425
1786364532.504,315.442
1786364532.605,315.464
1786364532.706,315.468
1786364532.806,315.565
1786364532.907,315.554
1786364533.007,315.475
1786364533.107,315.409
1786364533.207,315.332
1786364533.308,315.201
1786364533.408,315.178
1786364533.509,316.583
1786364533.609,316.596
1786364533.710,316.573
1786364533.810,316.658
1786364533.911,315.346
1786364534.012,315.379
1786364534.113,315.491
1786364534.213,315.475
1786364534.315,316.705
1786364534.416,317.041
1786364534.516,317.041
1786364534.617,317.131
1786364534.718,317.16
1786364534.818,315.806
1786364534.919,315.84
1786364535.020,315.904
1786364535.120,317.206
1786364535.221,316.299
1786364535.322,316.207
1786364535.423,316.203
1786364535.524,316.267
1786364535.625,315.938
1786364535.725,316.033
1786364535.826,314.592
1786364535.928,315.939
1786364536.028,315.771
1786364534.924,315.784
1786364535.025,315.726
1786364535.125,316.501
1786364535.226,316.456
1786364535.326,316.445
1786364535.427,316.463
1786364535.527,316.505
1786364535.627,316.312
1786364535.728,317.658
1786364535.828,317.727
1786364535.929,316.223
1786364536.029,315.493
1786364536.130,315.626
1786364536.230,315.659
1786364536.331,315.72
1786364536.431,315.822
1786364536.531,315.822
1786364536.632,315.76
1786364536.732,315.857
1786364536.833,315.746
1786364536.937,314.26
1786364537.041,314.152
1786364537.144,315.714
1786364537.248,316.22
1786364537.349,316.142
1786364537.449,316.064
1786364537.550,316.283
1786364537.650,316.226
1786364537.751,316.218
1786364537.851,316.21
1786364537.951,316.324
1786364538.051,316.208
1786364538.152,316.212
1786364538.252,316.254
1786364538.352,316.249
1786364538.452,316.228
1786364538.553,316.227
1786364538.653,315.974
1786364538.753,315.915
1786364538.854,316.085
1786364538.958,316.035
1786364539.058,315.968
1786364539.162,316.293
1786364539.266,316.308
1786364539.368,316.333
1786364539.472,316.316
1786364539.576,316.189
1786364539.677,316.23
1786364539.777,316.212
1786364539.878,316.256
1786364539.979,316.117
1786364540.079,316.224
1786364540.179,316.279
1786364540.282,317.471
1786364540.387,317.456
1786364540.491,317.455
1786364540.595,315.931
1786364540.699,315.973
1786364540.803,315.976
1786364540.904,315.95
1786364541.007,315.911
1786364541.111,315.806
1786364541.212,314.864
1786364541.313,314.831
1786364541.415,314.841
1786364541.516,313.32
1786364541.617,313.32
1786364541.718,313.283
1786364541.818,314.762
1786364541.919,314.736
1786364542.020,314.819
1786364542.120,314.884
1786364542.220,314.933
1786364542.321,315.057
1786364542.424,316.158
1786364542.528,316.215
1786364542.632,316.257
1786364542.736,317.795
1786364542.837,315.466
1786364542.937,315.471
1786364543.038,315.618
1786364543.138,315.512
1786364543.239,315.399
1786364543.339,315.385
1786364543.440,315.367
1786364543.540,315.23
1786364543.640,315.05
1786364543.741,315.065
1786364543.841,312.764
1786364543.942,315.2
1786364544.042,314.485
1786364544.143,314.447
1786364544.243,314.583
1786364544.343,314.756
1786364544.444,314.654
1786364544.545,314.931
1786364544.645,314.74
1786364544.745,314.818
1786364544.846,314.867
1786364544.946,317.169
1786364545.047,315.168
1786364545.147,315.168
1786364545.248,315.955
1786364545.348,315.879
1786364545.449,315.718
1786364545.549,315.631
1786364545.649,315.632
1786364545.750,315.527
1786364545.850,315.655
1786364545.951,314.306
1786364546.051,314.156
1786364546.152,314.384
1786364546.252,316.243
1786364546.352,316.266
1786364546.453,315.091
1786364546.553,315.315
1786364546.654,315.363
1786364546.755,315.561
1786364546.856,313.991
1786364546.957,314.008
1786364547.057,315.515
1786364547.158,315.775
1786364547.259,315.747
1786364547.360,316.021
1786364547.461,315.951
1786364547.561,317.062
1786364547.662,315.509
1786364547.763,315.497
1786364547.864,315.381
1786364547.964,316.883
1786364548.065,317.003
1786364548.166,316.977
1786364548.267,316.857
1786364548.368,316.857
1786364548.469,316.786
1786364548.570,316.766
1786364548.671,315.487
1786364548.771,315.652
1786364548.872,317.077
1786364548.973,317.124
1786364549.074,317.305
1786364549.175,317.344
1786364549.275,317.234
1786364549.376,317.497
1786364549.477,317.548
1786364549.581,315.809
1786364549.685,315.757
1786364549.790,317.333
1786364549.894,317.566
1786364549.998,317.758
1786364550.102,317.741
1786364550.206,317.587
1786364550.310,317.601
1786364550.415,317.576
1786364550.519,317.307
1786364550.623,317.291
1786364550.727,318.937
1786364550.829,318.902
1786364550.929,318.761
1786364551.031,318.782
1786364551.133,318.489
1786364551.234,317.052
1786364551.336,317.086
1786364551.437,317.117
1786364551.539,317.139
1786364551.639,316.009
1786364551.741,315.975
1786364551.842,315.975
1786364551.942,313.777
1786364552.043,313.821
1786364552.144,313.427
1786364552.244,313.795
1786364552.345,315.295
1786364552.445,315.218
1786364552.546,315.036
1786364552.646,314.996
1786364552.747,316.017
1786364552.847,315.96
1786364552.947,315.889
1786364553.048,317.906
1786364553.148,317.906
1786364553.248,317.93
1786364553.349,317.92
1786364553.450,315.905
1786364553.551,315.806
1786364553.652,316.01
1786364553.752,315.964
1786364553.854,315.866
1786364553.954,315.962
1786364554.055,315.236
1786364554.155,315.282
1786364554.256,315.373
1786364554.357,313.426
1786364554.457,313.601
1786364554.559,315.559
1786364554.660,315.527
1786364554.760,315.323
1786364554.861,315.29
1786364554.962,315.236
1786364555.063,315.128
1786364555.164,315.847
1786364555.264,315.87
1786364555.365,315.876
1786364555.465,317.768
1786364555.566,316.355
1786364555.666,316.118
1786364555.767,315.966
1786364555.867,316.22
1786364555.968,316.224
1786364556.068,316.391
1786364556.169,316.396
1786364556.269,316.402
1786364556.370,316.402
1786364556.471,316.365
1786364556.572,316.383
1786364556.673,316.331
1786364556.775,317.299
1786364556.876,315.167
1786364556.977,315.405
1786364557.078,315.359
1786364557.179,315.359
1786364557.280,315.241
1786364557.381,315.277
1786364557.482,315.32
1786364557.582,312.925
1786364557.683,312.978
1786364557.783,312.841
1786364557.883,313.182
1786364557.987,315.343
1786364558.092,315.294
1786364558.192,315.301
1786364558.296,315.303
1786364558.401,315.367
1786364558.505,313.701
1786364558.609,314.119
1786364558.713,316.513
1786364558.817,316.405
1786364558.920,316.418
1786364559.024,316.445
1786364559.128,316.431
1786364559.233,316.333
1786364559.337,316.127
1786364559.441,316.201
1786364559.545,316.348
1786364559.650,316.337
1786364559.753,315.864
1786364559.858,315.911
1786364559.962,316.127
1786364560.063,316.113
1786364560.167,316.095
1786364560.270,316.048
1786364560.373,316.138
1786364560.477,316.217
1786364560.581,316.218
1786364560.686,316.02
1786364560.789,317.718
1786364560.890,317.851
1786364560.993,318.07
1786364561.095,316.018
1786364561.199,315.969
1786364561.302,316.175
1786364561.406,316.295
1786364561.510,316.382
1786364561.615,316.223
1786364561.715,314.684
1786364561.816,314.734
1786364561.916,314.763
1786364562.017,314.753
1786364562.120,313.298
1786364562.221,315.183
1786364562.322,315.235
1786364562.423,315.055
1786364562.523,314.975
1786364562.624,313.299
1786364562.724,313.42
1786364562.825,314.944
1786364562.925,314.851
1786364563.026,314.893
1786364563.126,314.923
1786364563.227,314.923
1786364563.327,316.221
1786364563.428,316.148
1786364563.528,316.081
1786364563.628,316.076
1786364563.729,316.026
1786364563.829,317.843
1786364563.930,317.817
1786364564.030,317.719
1786364564.131,317.851
1786364564.232,316.088
1786364564.332,315.793
1786364564.432,315.762
1786364564.533,315.836
1786364564.633,315.937
1786364564.733,315.819
1786364564.834,315.961
1786364564.934,315.68
1786364565.034,313.82
1786364565.135,314.137
1786364565.235,314.15
1786364565.336,315.993
1786364565.436,316.165
1786364565.537,316.243
1786364565.638,316.267
1786364565.739,316.33
1786364565.839,316.482
1786364565.940,316.415
1786364566.041,316.47
1786364566.142,318.298
1786364566.243,316.784
1786364566.343,316.784
1786364566.443,316.87
1786364566.544,316.788
1786364566.644,316.999
1786364566.745,316.876
1786364566.845,316.735
1786364566.946,316.742
1786364567.046,316.779
1786364567.146,315.075
1786364566.038,315.364
1786364566.139,314.249
1786364566.240,315.655
1786364566.341,315.598
1786364566.442,315.532
1786364566.543,315.473
1786364566.644,315.545
1786364566.745,315.651
1786364566.845,315.585
1786364566.946,315.764
1786364567.046,317.398
1786364567.146,317.257
1786364567.247,318.371
1786364567.347,316.392
1786364567.448,316.409
1786364567.548,316.455
1786364567.649,316.392
1786364567.749,316.405
1786364567.853,316.334
1786364567.953,316.189
1786364568.054,315.757
1786364568.157,315.818
1786364568.261,315.599
1786364568.365,315.649
1786364568.466,315.435
1786364568.570,315.238
1786364568.674,315.001
1786364568.778,314.956
1786364568.882,314.863
1786364568.984,314.814
1786364569.084,314.894
1786364569.185,314.894
1786364569.285,313.786
1786364569.385,313.638
1786364569.486,313.79
1786364569.586,313.699
1786364569.687,315.665
1786364569.787,315.786
1786364569.888,316.15
1786364569.988,316.027
1786364570.088,315.908
1786364570.189,315.926
1786364570.289,314.099
1786364570.389,315.452
1786364570.489,315.428
1786364570.590,315.327
1786364570.690,315.373
1786364570.791,315.456
1786364570.891,315.433
1786364570.991,315.212
1786364571.092,315.29
1786364571.192,313.756
1786364571.293,312.835
1786364571.393,314.701
1786364571.493,314.549
1786364571.594,314.593
1786364571.694,314.597
1786364571.795,314.517
1786364571.895,314.745
1786364571.995,314.656
1786364572.096,314.705
1786364572.196,313.299
1786364572.297,313.299
1786364572.397,315.102
1786364572.498,316.283
1786364572.598,316.35
1786364572.698,316.434
1786364572.799,316.673
1786364572.899,315.993
1786364573.000,316.145
1786364573.100,315.989
1786364573.201,316.096
1786364573.301,316.252
1786364573.401,317.719
1786364573.502,317.574
1786364573.602,317.354
1786364573.703,317.372
1786364573.805,315.664
1786364573.907,315.414
1786364574.008,316.094
1786364574.108,315.94
1786364574.209,315.81
1786364574.309,315.684
1786364574.410,315.444
1786364574.510,315.569
1786364574.610,313.87
1786364574.711,313.883
1786364574.811,313.784
1786364574.912,315.679
1786364575.016,315.65
1786364575.120,315.636
1786364575.224,315.722
1786364575.328,315.814
1786364575.432,315.853
1786364575.536,314.323
1786364575.640,314.106
1786364575.740,315.76
1786364575.843,315.76
1786364575.947,315.777
1786364576.048,315.584
1786364576.148,315.739
1786364576.252,314.315
1786364576.352,314.42
1786364576.453,313.361
1786364576.553,313.378
1786364576.654,313.378
1786364576.754,314.95
1786364576.855,315.029
1786364576.956,315.151
1786364577.056,315.235
1786364577.157,315.33
1786364577.257,314.086
1786364577.358,314.142
1786364577.459,315.723
1786364577.560,315.591
1786364577.661,316.684
1786364577.762,316.708
1786364577.862,316.619
1786364577.963,316.716
1786364578.065,315.254
1786364578.166,315.15
1786364578.267,315.196
1786364578.367,316.434
1786364578.468,316.629
1786364578.569,316.535
1786364578.670,316.595
1786364578.770,316.654
1786364578.871,315.317
1786364578.972,315.581
1786364579.073,315.441
1786364579.174,316.814
1786364579.275,316.946
1786364579.376,316.978
1786364579.477,317.031
1786364579.577,316.819
1786364579.678,316.69
1786364579.779,316.69
1786364579.880,316.701
1786364579.980,316.67
1786364580.081,318.35
1786364580.182,318.297
1786364580.283,316.259
1786364580.384,316.197
1786364580.485,316.19
1786364580.586,316.045
1786364580.689,316.019
1786364580.793,316.045
1786364580.896,315.531
1786364581.000,313.136
1786364581.105,313.093
1786364581.209,312.786
1786364581.313,312.886
1786364581.418,314.97
1786364581.518,315.006
1786364581.619,314.857
1786364581.723,313.693
1786364581.828,313.714
1786364581.932,313.575
1786364582.032,314.413
1786364582.134,316.797
1786364582.235,316.814
1786364582.335,316.82
1786364582.436,316.602
1786364582.537,314.764
1786364582.638,314.821
1786364582.739,312.943
1786364582.839,313.281
1786364582.940,313.247
1786364583.040,313.304
1786364583.141,312.956
1786364583.242,312.345
1786364583.343,312.238
1786364583.444,312.215
1786364583.545,310.724
1786364583.645,312.668
1786364583.746,312.635
1786364583.847,314.537
1786364583.947,314.537
1786364584.048,315.324
1786364584.149,315.268
1786364584.250,315.352
1786364584.350,315.537
1786364584.451,316.135
1786364584.552,316.169
1786364584.654,316.118
1786364584.754,316.346
1786364584.855,316.234
1786364584.956,316.311
1786364585.057,316.436
1786364585.158,316.501
1786364585.259,316.796
1786364585.360,316.693
1786364585.460,316.55
1786364585.561,316.492
1786364585.661,316.408
1786364585.762,316.471
1786364585.862,317.723
1786364585.966,317.718
1786364586.070,317.504
1786364586.175,315.625
1786364586.279,315.451
1786364586.384,315.181
1786364586.488,315.428
1786364586.592,315.42
1786364586.695,315.444
1786364586.799,315.488
1786364586.900,314.287
1786364587.001,312.838
1786364587.105,312.795
1786364587.209,312.901
1786364587.313,314.598
1786364587.418,314.65
1786364587.522,314.802
1786364587.623,314.535
1786364587.727,314.52
1786364587.831,314.365
1786364587.935,313.01
1786364588.039,314.007
1786364588.144,315.402
1786364588.248,315.315
1786364588.352,315.244
1786364588.457,315.242
1786364588.561,315.311
1786364588.662,315.159
1786364588.767,315.342
1786364588.871,315.456
1786364588.975,315.602
1786364589.079,316.899
1786364589.184,317.016
1786364589.288,314.821
1786364589.393,314.789
1786364589.497,314.778
1786364589.602,314.942
1786364589.704,315.008
1786364589.809,315.144
1786364589.913,314.987
1786364590.017,314.853
1786364590.122,314.801
1786364590.225,313.394
1786364590.329,313.315
1786364590.429,315.432
1786364590.533,315.418
1786364590.633,315.402
1786364590.737,315.212
1786364590.840,315.079
1786364590.944,314.888
1786364591.048,314.919
1786364591.152,315.122
1786364591.256,315.159
1786364591.361,314.187
1786364591.465,314.214
1786364591.570,314.297
1786364591.671,314.393
1786364591.775,314.356
1786364591.880,314.298
1786364591.982,314.255
1786364592.086,311.686
1786364592.191,311.671
1786364592.292,311.817
1786364592.392,311.849
1786364592.493,314.257
1786364592.594,314.31
1786364592.694,314.329
1786364592.795,313.644
1786364592.895,313.644
1786364592.996,313.784
1786364593.100,314.213
1786364593.201,314.347
1786364593.305,316.985
1786364593.409,316.942
1786364593.513,316.676
1786364593.614,316.638
1786364593.715,316.669
1786364593.816,316.693
1786364593.916,316.694
1786364594.017,317.533
1786364594.117,315.727
1786364594.218,315.499
1786364594.318,315.396
1786364594.419,315.475
1786364594.519,315.53
1786364594.619,315.58
1786364594.721,315.623
1786364594.824,315.743
1786364594.926,315.861
1786364595.029,315.853
1786364595.131,315.674
1786364595.233,317.469
1786364595.335,317.411
1786364595.438,317.456
1786364595.540,317.608
1786364595.640,317.555
1786364595.743,317.545
1786364595.845,317.567
1786364595.948,317.474
1786364596.050,315.867
1786364596.152,315.978
1786364596.255,316.098
1786364596.357,316.197
1786364596.460,316.276
1786364596.562,316.369
1786364596.663,316.072
1786364596.765,316.091
1786364596.868,316.116
1786364596.971,313.945
1786364597.072,313.92
1786364597.174,315.703
1786364597.277,314.957
1786364597.378,314.974
1786364597.481,314.812
1786364597.584,314.863
1786364597.685,314.838
1786364597.786,314.939
1786364597.889,315.026
1786364597.992,314.953
1786364598.092,317.318
1786364596.957,317.41
1786364597.058,317.41
1786364597.162,317.254
1786364597.263,316.136
1786364597.363,316.285
1786364597.465,316.398
1786364597.569,316.298
1786364597.673,316.13
1786364597.778,315.889
1786364597.882,315.824
1786364597.986,315.814
1786364598.090,315.657
1786364598.194,315.637
1786364598.297,314.056
1786364598.397,315.808
1786364598.500,315.6
1786364598.602,315.537
1786364598.705,315.578
1786364598.808,315.778
1786364598.911,316.141
1786364599.014,316.093
1786364599.117,315.996
1786364599.220,315.86
1786364599.324,315.865
1786364599.424,317.448
1786364599.528,316.215
1786364599.628,315.831
1786364599.729,315.822
1786364599.829,315.723
1786364599.930,315.726
1786364600.030,315.625
1786364600.131,315.626
1786364600.231,315.706
1786364600.335,315.81
1786364600.435,313.98
1786364600.539,314.078
1786364600.643,315.34
1786364600.747,315.922
1786364600.849,315.888
1786364600.953,315.801
1786364601.057,315.725
1786364601.161,315.605
1786364601.265,314.431
1786364601.369,314.469
1786364601.471,314.502
1786364601.575,315.533
1786364601.679,315.266
1786364601.780,315.138
1786364601.882,314.869
1786364601.983,314.878
1786364602.084,314.955
1786364602.185,313.266
1786364602.286,313.262
1786364602.387,314.477
1786364602.488,314.655
1786364602.590,314.639
1786364602.691,315.352
1786364602.792,315.455
1786364602.893,315.437
1786364602.995,314.073
1786364603.096,314.131
1786364603.197,314.214
1786364603.298,315.806
1786364603.400,315.747
1786364603.501,315.657
1786364603.602,315.657
1786364603.704,315.501
1786364603.805,315.57
1786364603.906,315.684
1786364604.007,315.61
1786364604.108,315.874
1786364604.209,317.398
1786364604.310,317.463
1786364604.410,316.118
1786364604.511,315.8
1786364604.612,315.746
1786364604.716,315.642
1786364604.818,315.537
1786364604.919,315.35
1786364605.020,315.357
1786364605.120,315.393
1786364605.221,315.425
1786364605.322,315.424
1786364605.423,315.403
1786364605.524,316.698
1786364605.624,317.068
1786364605.726,315.699
1786364605.827,315.781
1786364605.928,315.912
1786364606.028,315.903
1786364606.129,315.829
1786364606.230,316.085
1786364606.331,315.931
1786364606.432,315.805
1786364606.533,315.814
1786364606.634,315.906
1786364606.735,315.953
1786364606.835,317.527
1786364606.936,317.67
1786364607.036,317.669
1786364607.137,315.373
1786364607.241,315.535
1786364607.343,315.323
1786364607.447,315.349
1786364607.551,315.404
1786364607.653,315.404
1786364607.757,315.255
1786364607.859,315.255
1786364607.960,315.289
1786364608.061,315.279
1786364608.162,315.244
1786364608.264,315.355
1786364608.365,316.091
1786364608.467,315.916
1786364608.567,316.045
1786364608.668,316.157
1786364608.770,316.229
1786364608.871,316.374
1786364608.971,316.357
1786364609.072,316.395
1786364609.173,316.408
1786364609.274,315.1
1786364609.375,315.017
1786364609.476,316.686
1786364609.576,316.767
1786364609.677,316.807
1786364609.777,316.833
1786364609.878,316.75
1786364609.978,316.921
1786364610.078,316.98
1786364610.181,317.021
1786364610.285,315.24
1786364610.388,317.05
1786364610.492,317.117
1786364610.593,317.177
1786364610.697,317.254
1786364610.801,317.202
1786364610.904,317.147
1786364611.006,317.19
1786364611.107,317.026
1786364611.208,316.617
1786364611.309,315.461
1786364611.410,317.212
1786364611.510,316.201
1786364611.611,316.18
1786364611.712,316.166
1786364611.813,316.088
1786364611.913,315.847
1786364612.013,315.847
1786364612.114,315.74
1786364612.214,313.709
1786364612.319,313.633
1786364612.419,312.783
1786364612.519,314.047
1786364612.620,314.15
1786364612.724,314.773
1786364612.828,314.835
1786364612.932,314.924
1786364613.036,314.978
1786364613.137,315.129
1786364613.237,315.333
1786364613.338,315.599
1786364613.439,315.643
1786364613.539,316.909
1786364613.640,316.825
1786364613.741,316.733
1786364613.841,316.648
1786364613.942,316.641
1786364614.042,315.085
1786364614.142,315.059
1786364614.245,315.095
1786364614.345,315.04
1786364614.446,316.74
1786364614.546,316.722
1786364614.647,316.627
1786364614.747,316.478
1786364614.848,316.451
1786364614.948,316.489
1786364615.051,316.393
1786364615.155,317.877
1786364615.258,317.829
1786364615.361,318.055
1786364615.465,317.958
1786364615.569,316.413
1786364615.673,316.483
1786364615.777,316.753
1786364615.881,316.803
1786364615.985,316.872
1786364616.089,316.858
1786364616.192,316.892
1786364616.294,316.888
1786364616.396,316.939
1786364616.498,316.656
1786364616.601,316.153
1786364616.703,316.925
1786364616.805,316.84
1786364616.907,316.618
1786364617.010,316.683
1786364617.111,316.756
1786364617.212,317.02
1786364617.314,316.915
1786364617.414,316.878
1786364617.516,316.878
1786364617.617,316.848
1786364617.718,314.362
1786364617.819,314.84
1786364617.921,315.703
1786364618.022,315.766
1786364618.123,315.676
1786364618.224,315.722
1786364618.326,315.767
1786364618.427,315.635
1786364618.528,315.743
1786364618.629,315.729
1786364618.731,315.764
1786364618.832,316.632
1786364618.934,317.173
1786364619.036,317.192
1786364619.137,317.166
1786364619.238,317.193
1786364619.340,317.078
1786364619.442,316.868
1786364619.544,316.624
1786364619.645,316.527
1786364619.747,316.718
1786364619.849,316.649
1786364619.951,316.687
1786364620.053,316.404
1786364620.155,316.286
1786364620.257,316.252
1786364620.359,316.239
1786364620.462,316.173
1786364620.564,316.19
1786364620.666,316.264
1786364620.768,316.249
1786364620.869,316.065
1786364620.971,316.273
1786364621.073,317.879
1786364621.176,317.535
1786364621.277,316.101
1786364621.377,316.002
1786364621.480,316.058
1786364621.583,315.271
1786364621.686,315.341
1786364621.790,315.269
1786364621.890,315.307
1786364621.994,315.451
1786364622.099,315.205
1786364622.201,315.102
1786364622.305,315.188
1786364622.406,315.119
1786364622.509,315.103
1786364622.610,315.085
1786364622.713,315.987
1786364622.817,314.879
1786364622.918,315.162
1786364623.022,315.146
1786364623.126,315.007
1786364623.229,314.978
1786364623.333,315.051
1786364623.436,315.144
1786364623.540,316.71
1786364623.640,316.82
1786364623.744,316.605
1786364623.849,315.493
1786364623.951,316.559
1786364624.055,316.341
1786364624.156,316.341
1786364624.260,316.382
1786364624.364,316.491
1786364624.467,316.527
1786364624.567,316.595
1786364624.668,315.365
1786364624.772,315.412
1786364624.877,315.407
1786364624.980,315.727
1786364625.084,316.851
1786364625.186,316.868
1786364625.289,316.973
1786364625.392,317.015
1786364625.495,316.984
1786364625.598,317.073
1786364625.700,317.061
1786364625.802,318.487
1786364625.903,318.473
1786364626.006,316.594
1786364626.108,316.55
1786364626.211,316.539
1786364626.312,316.493
1786364626.413,316.422
1786364626.516,316.348
1786364626.617,316.357
1786364626.719,316.242
1786364626.822,316.205
1786364626.923,316.185
1786364627.026,313.416
1786364627.130,315.456
1786364627.233,315.477
1786364627.336,315.459
1786364627.437,315.55
1786364627.541,315.576
1786364627.643,315.548
1786364627.745,314.336
1786364627.849,313.945
1786364627.951,313.812
1786364628.055,312.402
1786364628.159,315.356
1786364628.263,315.314
1786364628.367,315.261
1786364628.469,315.113
1786364628.571,315.112
1786364628.671,313.744
1786364628.772,313.876
1786364628.872,314.953
1786364628.972,315.482
1786364629.073,315.639
1786364629.173,316.668
1786364628.070,316.447
1786364628.171,316.384
1786364628.271,316.54
1786364628.372,314.778
1786364628.472,314.97
1786364628.573,316.444
1786364628.673,316.44
1786364628.774,316.482
1786364628.874,316.482
1786364628.974,316.54
1786364629.075,316.533
1786364629.175,316.545
1786364629.276,316.553
1786364629.376,315.161
1786364629.477,315.044
1786364629.578,316.953
1786364629.678,316.824
1786364629.778,316.736
1786364629.879,316.773
1786364629.979,316.719
1786364630.080,316.658
1786364630.180,316.731
1786364630.281,316.776
1786364630.382,316.086
1786364630.482,317.471
1786364630.583,315.788
1786364630.683,315.838
1786364630.784,315.732
1786364630.884,315.788
1786364630.985,315.811
1786364631.085,315.955
1786364631.186,315.95
1786364631.286,315.838
1786364631.386,316.04
1786364631.487,316.761
1786364631.588,316.757
1786364631.688,318.473
1786364631.789,318.447
1786364631.889,316.967
1786364631.989,316.967
1786364632.090,315.809
1786364632.190,315.769
1786364632.291,315.733
1786364632.391,315.726
1786364632.491,315.738
1786364632.592,315.838
1786364632.692,315.705
1786364632.793,315.748
1786364632.894,315.762
1786364632.996,313.659
1786364633.097,315.081
1786364633.199,316.111
1786364633.301,316.056
1786364633.401,316.115
1786364633.503,315.997
1786364633.604,315.988
1786364633.706,315.772
1786364633.807,315.778
1786364633.909,315.93
1786364634.010,314.38
1786364634.112,316.484
1786364634.213,316.539
1786364634.314,316.829
1786364634.415,316.846
1786364634.516,316.78
1786364634.617,316.818
1786364634.718,316.752
1786364634.819,316.778
1786364634.920,316.943
1786364635.021,316.729
1786364635.121,318.153
1786364635.222,316.608
1786364635.322,316.71
1786364635.423,316.71
1786364635.523,316.394
1786364635.623,316.275
1786364635.727,316.176
1786364635.828,316.277
1786364635.928,316.36
1786364636.029,316.302
1786364636.130,316.202
1786364636.230,316.077
1786364636.331,314.348
1786364636.432,315.776
1786364636.534,315.622
1786364636.635,315.612
1786364636.735,315.619
1786364636.836,315.638
1786364636.936,315.495
1786364637.037,315.484
1786364637.137,315.67
1786364637.238,314.472
1786364637.338,312.998
1786364637.439,314.737
1786364637.539,314.692
1786364637.640,314.52
1786364637.740,314.478
1786364637.841,314.496
1786364637.941,314.525
1786364638.042,314.439
1786364638.142,312.768
1786364638.243,312.437
1786364638.343,313.494
1786364638.444,315.111
1786364638.544,315.111
1786364638.645,315.062
1786364638.745,315.048
1786364638.846,315.228
1786364638.946,315.206
1786364639.047,315.122
1786364639.147,314.958
1786364639.248,315.028
1786364639.348,316.598
1786364639.449,316.86
1786364639.549,317.046
1786364639.650,317.023
1786364639.750,316.905
1786364639.851,315.145
1786364639.951,315.073
1786364640.051,315.079
1786364640.152,315.16
1786364640.253,314.506
1786364640.357,313.916
1786364640.460,314.038
1786364640.564,312.509
1786364640.668,312.462
1786364640.768,312.433
1786364640.869,311.173
1786364640.973,313.029
1786364641.078,313.332
1786364641.182,313.418
1786364641.286,313.428
1786364641.390,314.166
1786364641.494,314.893
1786364641.598,314.749
1786364641.702,316.113
1786364641.806,316.093
1786364641.908,315.999
1786364642.012,316.013
1786364642.116,315.97
1786364642.219,315.756
1786364642.324,315.776
1786364642.425,314.826
1786364642.529,314.776
1786364642.633,314.704
1786364642.738,314.732
1786364642.842,314.72
1786364642.943,313.335
1786364643.048,313.383
1786364643.152,314.785
1786364643.256,314.777
1786364643.360,315.013
1786364643.463,314.943
1786364643.567,315.871
1786364643.671,315.947
1786364643.775,315.884
1786364643.880,314.587
1786364643.982,314.569
1786364644.086,315.892
1786364644.190,316.043
1786364644.294,316.081
1786364644.398,316.134
1786364644.503,315.876
1786364644.603,315.936
1786364644.708,313.93
1786364644.812,313.974
1786364644.916,314.07
1786364645.020,315.322
1786364645.124,315.435
1786364645.229,315.494
1786364645.332,315.387
1786364645.436,315.347
1786364645.539,315.383
1786364645.643,315.341
1786364645.747,313.734
1786364645.851,315.575
1786364645.955,315.379
1786364646.060,315.273
1786364646.162,315.408
1786364646.266,315.316
1786364646.370,315.343
1786364646.474,315.319
1786364646.578,315.282
1786364646.682,315.177
1786364646.786,315.262
1786364646.890,316.757
1786364646.995,316.691
1786364647.099,317.094
1786364647.200,317.14
1786364647.300,317.046
1786364647.401,317.035
1786364647.501,316.955
1786364647.604,316.838
1786364647.709,315.948
1786364647.813,314.035
1786364647.917,314.156
1786364648.018,314.485
1786364648.118,314.764
1786364648.219,314.559
1786364648.319,314.654
1786364648.420,314.741
1786364648.525,314.911
1786364648.629,314.975
1786364648.733,315.141
1786364648.834,316.176
1786364648.934,316.176
1786364649.035,318.141
1786364649.136,318.064
1786364649.241,317.906
1786364649.343,318.095
1786364649.447,316.242
1786364649.551,316.322
1786364649.654,316.377
1786364649.754,316.448
1786364649.854,316.439
1786364649.957,316.411
1786364650.061,316.255
1786364650.162,316.199
1786364650.266,316.166
1786364650.368,314.583
1786364650.472,314.338
1786364650.576,316.086
1786364650.677,315.769
1786364650.779,315.748
1786364650.879,315.565
1786364650.980,315.618
1786364651.081,315.622
1786364651.181,314.44
1786364651.282,314.597
1786364651.383,314.511
1786364651.487,316.089
1786364651.591,316.314
1786364651.695,316.399
1786364651.798,316.54
1786364651.902,316.439
1786364652.004,316.449
1786364652.108,316.425
1786364652.212,315.157
1786364652.316,316.441
1786364652.418,316.394
1786364652.522,316.216
1786364652.623,316.152
1786364652.726,315.929
1786364652.830,315.969
1786364652.934,314.828
1786364653.039,314.72
1786364653.143,314.727
1786364653.247,314.67
1786364653.351,315.215
1786364653.455,314.141
1786364653.560,314.07
1786364653.663,314.23
1786364653.767,314.117
1786364653.872,314.17
1786364653.976,314.301
1786364654.080,315.466
1786364654.184,313.869
1786364654.288,313.9
1786364654.393,313.85
1786364654.497,314.531
1786364654.597,315.537
1786364654.701,315.509
1786364654.805,315.575
1786364654.909,315.612
1786364655.013,314.191
1786364655.118,313.924
1786364655.222,313.925
1786364655.326,315.626
1786364655.430,315.53
1786364655.534,315.65
1786364655.639,315.897
1786364655.740,315.952
1786364655.844,315.955
1786364655.948,315.921
1786364656.052,315.903
1786364656.156,317.324
1786364656.261,317.522
1786364656.365,317.517
1786364656.465,317.571
1786364656.566,317.617
1786364656.668,316.263
1786364656.770,315.97
1786364656.873,315.83
1786364656.975,316.053
1786364657.078,316.151
1786364657.181,316.291
1786364657.283,316.303
1786364657.386,316.158
1786364657.489,313.814
1786364657.592,313.797
1786364657.695,313.764
1786364657.799,315.11
1786364657.902,315.164
1786364658.005,315.272
1786364658.109,314.165
1786364658.213,314.081
1786364658.317,313.986
1786364658.421,313.968
1786364658.524,313.957
1786364658.628,316.252
1786364658.732,316.199
1786364658.836,314.511
1786364658.941,314.496
1786364659.045,314.4
1786364659.149,314.55
1786364659.253,315.44
1786364659.357,315.466
1786364659.462,315.572
1786364659.562,315.624
1786364659.663,314.528
1786364659.764,314.515
1786364659.864,314.538
1786364659.965,316.3
1786364660.065,316.295
1786364660.165,316.395
1786364659.043,316.298
1786364659.145,315.901
1786364659.249,315.902
1786364659.351,315.879
1786364659.455,315.84
1786364659.556,317.044
1786364659.660,314.745
1786364659.764,314.788
1786364659.868,314.757
1786364659.972,314.73
1786364660.077,314.719
1786364660.181,314.838
1786364660.282,315.289
1786364660.382,315.289
1786364660.483,315.288
1786364660.584,315.186
1786364660.684,315.259
1786364660.784,315.07
1786364660.886,315.955
1786364660.991,316.009
1786364661.095,316.163
1786364661.199,316.24
1786364661.303,316.327
1786364661.404,316.247
1786364661.505,316.292
1786364661.609,316.324
1786364661.712,316.609
1786364661.816,314.771
1786364661.919,315.017
1786364662.024,316.554
1786364662.124,315.532
1786364662.229,315.33
1786364662.332,315.235
1786364662.433,315.225
1786364662.537,313.4
1786364662.641,313.275
1786364662.744,313.274
1786364662.849,313.077
1786364662.953,314.747
1786364663.057,314.741
1786364663.161,314.674
1786364663.262,315.728
1786364663.366,315.717
1786364663.466,315.519
1786364663.567,315.538
1786364663.668,317.312
1786364663.768,317.334
1786364663.869,317.236
1786364663.969,315.68
1786364664.074,315.82
1786364664.178,315.733
1786364664.282,315.931
1786364664.386,315.987
1786364664.490,316.137
1786364664.591,316.465
1786364664.695,314.835
1786364664.799,314.882
1786364664.902,315.015
1786364665.006,315.075
1786364665.110,316.737
1786364665.212,316.704
1786364665.313,316.758
1786364665.414,316.708
1786364665.518,315.134
1786364665.621,315.169
1786364665.726,315.138
1786364665.830,316.672
1786364665.934,316.655
1786364666.038,316.572
1786364666.142,316.626
1786364666.244,316.605
1786364666.345,316.752
1786364666.449,314.836
1786364666.553,314.708
1786364666.656,316.217
1786364666.761,316.153
1786364666.864,316.308
1786364666.969,316.388
1786364667.073,316.345
1786364667.176,316.495
1786364667.280,315.143
1786364667.381,315.039
1786364667.482,315.009
1786364667.586,316.87
1786364667.689,316.877
1786364667.793,315.208
1786364667.897,315.162
1786364668.001,314.959
1786364668.105,314.928
1786364668.207,314.983
1786364668.311,314.927
1786364668.412,316.194
1786364668.516,316.244
1786364668.620,314.188
1786364668.723,314.126
1786364668.827,314.102
1786364668.931,315.746
1786364669.035,315.833
1786364669.139,315.409
1786364669.242,315.35
1786364669.344,315.278
1786364669.446,315.249
1786364669.548,315.286
1786364669.649,313.167
1786364669.751,315.085
1786364669.853,315.036
1786364669.955,314.931
1786364670.057,314.968
1786364670.160,314.728
1786364670.262,315.089
1786364670.364,315.214
1786364670.466,313.395
1786364670.567,313.358
1786364670.670,313.278
1786364670.771,313.278
1786364670.873,315.261
1786364670.975,315.213
1786364671.077,315.371
1786364671.178,315.408
1786364671.280,315.268
1786364671.382,313.593
1786364671.482,313.855
1786364671.584,313.775
1786364671.686,315.739
1786364671.787,315.616
1786364671.889,315.612
1786364671.990,315.589
1786364672.092,315.505
1786364672.193,313.448
1786364672.295,313.487
1786364672.396,313.36
1786364672.498,314.314
1786364672.600,314.095
1786364672.701,314.054
1786364672.803,313.813
1786364672.904,313.823
1786364673.006,313.926
1786364673.107,313.967
1786364673.209,314.062
1786364673.310,316.051
1786364673.411,314.493
1786364673.513,314.689
1786364673.614,315.544
1786364673.715,315.424
1786364673.816,315.655
1786364673.918,315.655
1786364674.019,315.705
1786364674.120,315.651
1786364674.221,315.624
1786364674.322,315.586
1786364674.423,315.615
1786364674.525,317.138
1786364674.626,317.004
1786364674.727,317.109
1786364674.828,317.239
1786364674.929,316.923
1786364675.030,314.668
1786364675.131,314.668
1786364675.233,314.638
1786364675.334,314.582
1786364675.435,314.649
1786364675.536,314.74
1786364675.637,314.747
1786364675.738,314.704
1786364675.839,314.825
1786364675.940,314.806
1786364676.041,314.789
1786364676.142,314.843
1786364676.243,317.11
1786364676.344,317.112
1786364676.445,315.424
1786364676.546,315.394
1786364676.647,315.3
1786364676.747,315.217
1786364676.848,315.295
1786364676.949,315.24
1786364677.050,315.365
1786364677.151,315.328
1786364677.252,315.406
1786364677.352,315.424
1786364677.453,315.49
1786364677.554,317.222
1786364677.655,316.31
1786364677.756,316.271
1786364677.856,314.211
1786364677.957,314.209
1786364678.058,314.255
1786364678.159,314.165
1786364678.259,314.222
1786364678.360,314.299
1786364678.461,314.38
1786364678.562,314.209
1786364678.663,314.209
1786364678.764,314.362
1786364678.864,313.766
1786364678.965,313.933
1786364679.066,316.125
1786364679.167,316.076
1786364679.267,316.141
1786364679.368,316.088
1786364679.469,316.054
1786364679.569,315.962
1786364679.670,315.892
1786364679.770,316.217
1786364679.871,316.149
1786364679.973,317.687
1786364680.077,317.634
1786364680.180,317.558
1786364680.284,317.831
1786364680.388,317.738
1786364680.493,315.203
1786364680.597,315.315
1786364680.701,315.274
1786364680.805,315.423
1786364680.909,315.378
1786364681.013,315.336
1786364681.117,315.47
1786364681.219,315.466
1786364681.323,315.545
1786364681.427,315.393
1786364681.531,315.594
1786364681.636,318.117
1786364681.740,316.273
1786364681.844,316.39
1786364681.948,316.5
1786364682.052,316.466
1786364682.157,316.468
1786364682.260,316.407
1786364682.364,316.437
1786364682.468,316.447
1786364682.569,316.498
1786364682.672,316.296
1786364682.773,316.274
1786364682.877,315.321
1786364682.981,315.305
1786364683.086,315.282
1786364683.186,315.327
1786364683.286,315.295
1786364683.389,315.297
1786364683.493,315.373
1786364683.597,315.351
1786364683.702,315.242
1786364683.802,315.329
1786364683.908,313.83
1786364684.012,316.56
1786364684.113,316.526
1786364684.215,316.413
1786364684.318,316.388
1786364684.419,316.499
1786364684.519,316.7
1786364684.620,316.654
1786364684.720,316.657
1786364684.821,316.619
1786364684.922,316.592
1786364685.023,318.02
1786364685.124,316.46
1786364685.224,316.593
1786364685.325,316.54
1786364685.425,316.551
1786364685.526,316.456
1786364685.628,316.192
1786364685.732,316.152
1786364685.836,316.08
1786364685.939,316.207
1786364686.043,316.163
1786364686.148,316.377
1786364686.251,318.011
1786364686.355,317.897
1786364686.455,317.897
1786364686.558,316.122
1786364686.662,316.264
1786364686.765,316.423
1786364686.869,316.384
1786364686.973,316.465
1786364687.077,316.439
1786364687.177,316.378
1786364687.281,316.332
1786364687.385,316.159
1786364687.489,316.071
1786364687.592,315.646
1786364687.696,315.935
1786364687.797,315.608
1786364687.901,315.402
1786364688.002,315.321
1786364688.104,314.88
1786364688.206,314.781
1786364688.310,314.755
1786364688.411,314.832
1786364688.515,314.829
1786364688.619,314.794
1786364688.723,313.479
1786364688.827,314.806
1786364688.930,314.839
1786364689.035,314.87
1786364689.135,314.92
1786364689.238,315.022
1786364689.341,315.051
1786364689.444,315.111
1786364689.548,314.954
1786364689.652,314.921
1786364689.755,314.842
1786364689.859,316.083
1786364689.960,315.067
1786364690.064,315.088
1786364690.164,315.114
1786364690.268,315.122
1786364690.372,315.604
1786364690.476,315.617
1786364690.578,315.513
1786364690.681,315.567
1786364690.785,315.573
1786364690.889,315.696
1786364690.990,316.109
1786364691.090,317.217
1786364691.191,315.612
1786364690.083,315.6
1786364690.183,315.641
1786364690.287,315.339
1786364690.392,315.44
1786364690.495,315.592
1786364690.600,315.684
1786364690.704,314.125
1786364690.804,314.197
1786364690.904,314.26
1786364691.006,314.304
1786364691.110,315.925
1786364691.215,315.891
1786364691.316,315.875
1786364691.417,315.918
1786364691.518,315.874
1786364691.619,315.731
1786364691.720,314.166
1786364691.821,315.668
1786364691.922,315.54
1786364692.023,314.59
1786364692.124,314.704
1786364692.225,314.726
1786364692.327,314.695
1786364692.428,314.781
1786364692.528,314.668
1786364692.630,314.704
1786364692.731,313.322
1786364692.832,314.935
1786364692.932,314.935
1786364693.033,315.088
1786364693.133,315.119
1786364693.234,316.177
1786364693.334,316.31
1786364693.435,316.312
1786364693.535,316.404
1786364693.636,316.374
1786364693.736,316.448
1786364693.837,316.423
1786364693.937,317.845
1786364694.038,317.773
1786364694.138,317.728
1786364694.240,317.957
1786364694.344,315.574
1786364694.447,315.202
1786364694.551,315.159
1786364694.656,315.149
1786364694.760,315.134
1786364694.864,315.071
1786364694.966,315.04
1786364695.071,315.117
1786364695.175,315.077
1786364695.275,315.256
1786364695.378,313.694
1786364695.482,316.044
1786364695.586,316.267
1786364695.690,316.396
1786364695.791,316.622
1786364695.891,316.677
1786364695.992,316.841
1786364696.093,316.961
1786364696.193,316.918
1786364696.293,317.032
1786364696.397,316.97
1786364696.501,317.347
1786364696.605,316.528
1786364696.709,316.507
1786364696.813,316.379
1786364696.917,316.199
1786364697.019,316.212
1786364697.124,316.227
1786364697.225,315.169
1786364697.329,315.215
1786364697.433,315.099
1786364697.538,315.054
1786364697.642,314.433
1786364697.746,315.193
1786364697.850,315.24
1786364697.950,315.234
1786364698.053,315.352
1786364698.157,315.386
1786364698.261,315.417
1786364698.365,316.568
1786364698.469,316.742
1786364698.574,316.698
1786364698.678,316.687
1786364698.782,318.398
1786364698.886,318.341
1786364698.986,318.31
1786364699.089,318.426
1786364699.193,318.371
1786364699.297,318.396
1786364699.402,318.414
1786364699.506,318.38
1786364699.610,318.208
1786364699.714,318.6
1786364699.816,316.203
1786364699.917,316.115
1786364700.018,316.231
1786364700.120,316.189
1786364700.222,316.155
1786364700.324,316.088
1786364700.426,316.097
1786364700.528,315.992
1786364700.630,315.805
1786364700.732,314.355
1786364700.834,314.091
1786364700.936,316.48
1786364701.037,316.511
1786364701.139,316.43
1786364701.241,316.43
1786364701.343,316.45
1786364701.445,316.653
1786364701.547,314.857
1786364701.649,314.781
1786364701.751,314.746
1786364701.853,315.048
1786364701.954,316.395
1786364702.055,316.411
1786364702.155,316.454
1786364702.256,316.358
1786364702.356,316.391
1786364702.457,316.362
1786364702.558,313.546
1786364702.659,315.239
1786364702.760,315.223
1786364702.861,315.257
1786364702.963,315.15
1786364703.063,315.032
1786364703.165,315.122
1786364703.266,314.938
1786364703.367,315.054
1786364703.468,315.017
1786364703.568,314.913
1786364703.669,317.478
1786364703.770,315.953
1786364703.871,315.94
1786364703.971,316.004
1786364704.072,315.715
1786364704.172,315.934
1786364704.273,315.704
1786364704.373,315.84
1786364704.473,315.725
1786364704.575,315.636
1786364704.679,315.624
1786364704.783,315.569
1786364704.887,317.206
1786364704.988,317.238
1786364705.092,317.379
1786364705.193,317.559
1786364705.296,317.522
1786364705.400,317.622
1786364705.502,317.474
1786364705.605,317.474
1786364705.709,317.589
1786364705.813,317.645
1786364705.917,317.69
1786364706.019,317.69
1786364706.120,317.988
1786364706.221,318.036
1786364706.321,317.847
1786364706.421,317.774
1786364706.524,317.773
1786364706.628,317.78
1786364706.732,317.785
1786364706.836,317.759
1786364706.940,317.811
1786364707.043,317.875
1786364707.144,318.142
1786364707.244,317.761
1786364707.348,317.623
1786364707.452,317.514
1786364707.556,315.907
1786364707.660,315.784
1786364707.764,315.239
1786364707.868,315.315
1786364707.973,314.678
1786364708.077,314.798
1786364708.181,314.73
1786364708.282,314.413
1786364708.386,312.602
1786364708.490,312.921
1786364708.594,312.948
1786364708.698,314.532
1786364708.802,314.577
1786364708.906,315.091
1786364709.008,315.047
1786364709.112,315.709
1786364709.215,313.752
1786364709.316,313.688
1786364709.420,313.659
1786364709.522,315.412
1786364709.626,315.243
1786364709.727,315.164
1786364709.831,315.218
1786364709.935,315.247
1786364710.038,315.181
1786364710.142,315.291
1786364710.243,315.27
1786364710.344,317.035
1786364710.448,317.089
1786364710.551,317.313
1786364710.655,317.386
1786364710.756,315.742
1786364710.861,315.988
1786364710.965,316.039
1786364711.068,315.966
1786364711.169,316.035
1786364711.271,315.896
1786364711.375,315.971
1786364711.479,316.035
1786364711.583,316.11
1786364711.687,315.911
1786364711.790,315.866
1786364711.894,315.073
1786364711.994,314.951
1786364712.098,314.945
1786364712.202,315.024
1786364712.305,314.985
1786364712.409,315.213
1786364712.510,315.267
1786364712.614,315.293
1786364712.718,315.382
1786364712.822,313.738
1786364712.926,311.572
1786364713.027,314.01
1786364713.128,314.068
1786364713.231,313.927
1786364713.334,314.029
1786364713.438,313.54
1786364713.540,313.448
1786364713.644,313.232
1786364713.748,313.153
1786364713.853,312.968
1786364713.957,314.785
1786364714.059,317.234
1786364714.163,317.111
1786364714.264,317.009
1786364714.368,317.181
1786364714.472,315.337
1786364714.575,315.8
1786364714.679,315.853
1786364714.780,316.119
1786364714.881,316.112
1786364714.981,316.189
1786364715.082,316.077
1786364715.182,315.779
1786364715.283,315.89
1786364715.383,315.979
1786364715.486,314.382
1786364715.589,316.208
1786364715.693,316.348
1786364715.794,316.254
1786364715.894,316.291
1786364715.996,316.236
1786364716.099,316.447
1786364716.202,316.343
1786364716.304,316.446
1786364716.408,316.402
1786364716.512,316.425
1786364716.616,317.963
1786364716.719,317.963
1786364716.820,317.955
1786364716.925,317.999
1786364717.029,318.057
1786364717.133,316.365
1786364717.237,316.463
1786364717.341,316.382
1786364717.445,316.543
1786364717.550,316.55
1786364717.654,316.627
1786364717.758,316.566
1786364717.862,314.584
1786364717.966,314.447
1786364718.070,313.629
1786364718.174,315.311
1786364718.279,315.366
1786364718.383,315.275
1786364718.487,315.302
1786364718.589,315.45
1786364718.690,315.45
1786364718.792,315.451
1786364718.894,313.873
1786364718.996,313.981
1786364719.097,315.985
1786364719.199,316.294
1786364719.299,317.077
1786364719.401,317.026
1786364719.502,317.043
1786364719.604,315.324
1786364719.705,315.552
1786364719.806,315.255
1786364719.907,315.183
1786364720.008,316.798
1786364720.109,316.903
1786364720.211,316.925
1786364720.311,316.729
1786364720.412,316.747
1786364720.513,314.359
1786364720.614,314.193
1786364720.714,315.802
1786364720.815,315.527
1786364720.915,315.623
1786364721.017,315.71
1786364721.122,315.702
1786364721.224,315.488
1786364721.328,315.358
1786364721.432,315.184
1786364721.533,315.158
1786364721.633,317.406
1786364721.733,317.358
1786364721.837,317.391
1786364721.941,317.35
1786364722.045,315.656
1786364722.149,315.534
1786364722.253,315.428
1786364721.144,315.698
1786364721.248,315.505
1786364721.352,315.414
1786364721.457,315.352
1786364721.559,315.346
1786364721.663,313.797
1786364721.767,313.839
1786364721.871,313.813
1786364721.971,315.403
1786364722.076,314.363
1786364722.180,314.272
1786364722.284,313.994
1786364722.388,314.217
1786364722.492,314.32
1786364722.596,314.307
1786364722.700,314.326
1786364722.804,316.034
1786364722.909,315.967
1786364723.013,316.082
1786364723.117,316.402
1786364723.220,314.797
1786364723.325,314.829
1786364723.429,314.723
1786364723.533,314.638
1786364723.637,314.743
1786364723.738,314.763
1786364723.842,314.731
1786364723.942,314.68
1786364724.045,314.759
1786364724.149,314.765
1786364724.254,314.49
1786364724.358,317.013
1786364724.460,317.08
1786364724.564,317.234
1786364724.668,317.308
1786364724.773,315.673
1786364724.876,315.642
1786364724.981,315.585
1786364725.085,315.57
1786364725.189,315.538
1786364725.293,315.359
1786364725.397,315.664
1786364725.501,315.748
1786364725.605,315.73
1786364725.710,315.691
1786364725.814,314.364
1786364725.917,315.996
1786364726.019,316.054
1786364726.123,316.241
1786364726.227,316.294
1786364726.331,316.309
1786364726.435,316.363
1786364726.540,316.197
1786364726.644,316.223
1786364726.748,313.833
1786364726.850,313.882
1786364726.952,315.13
1786364727.054,315.166
1786364727.156,315.239
1786364727.258,314.09
1786364727.360,314.017
1786364727.461,314.164
1786364727.563,314.135
1786364727.665,314.013
1786364727.767,313.926
1786364727.869,313.926
1786364727.969,316.372
1786364728.071,316.327
1786364728.173,316.409
1786364728.274,314.818
1786364728.376,314.567
1786364728.478,315.696
1786364728.579,315.914
1786364728.681,315.896
1786364728.782,316.062
1786364728.884,316.226
1786364728.985,316.464
1786364729.087,314.666
1786364729.188,314.619
1786364729.289,314.654
1786364729.391,316.116
1786364729.492,316.159
1786364729.593,316.116
1786364729.694,315.925
1786364729.795,315.689
1786364729.895,315.594
1786364729.996,315.509
1786364730.097,315.325
1786364730.198,317.107
1786364730.298,317.349
1786364730.399,317.462
1786364730.499,315.767
1786364730.603,315.848
1786364730.707,316.03
1786364730.811,316.002
1786364730.916,316.062
1786364731.020,316.102
1786364731.123,316.121
1786364731.227,314.392
1786364731.332,314.507
1786364731.436,314.303
1786364731.537,314.132
1786364731.639,315.922
1786364731.740,316.083
1786364731.841,315.833
1786364731.942,315.968
1786364732.044,314.336
1786364732.145,314.293
1786364732.246,314.084
1786364732.347,315.826
1786364732.448,315.126
1786364732.549,315.244
1786364732.649,315.254
1786364732.750,315.254
1786364732.850,315.301
1786364732.951,315.353
1786364733.052,315.409
1786364733.157,315.4
1786364733.260,317.226
1786364733.363,316.111
1786364733.468,316.366
1786364733.572,316.419
1786364733.673,317.195
1786364733.773,317.244
1786364733.874,317.468
1786364733.975,317.586
1786364734.075,317.412
1786364734.176,317.491
1786364734.276,316.071
1786364734.376,315.979
1786364734.477,317.211
1786364734.581,317.2
1786364734.683,317.253
1786364734.787,317.201
1786364734.890,317.088
1786364734.994,315.257
1786364735.096,315.226
1786364735.200,315.358
1786364735.304,315.447
1786364735.408,316.936
1786364735.512,316.953
1786364735.614,316.939
1786364735.718,317.001
1786364735.822,317.151
1786364735.926,317.179
1786364736.028,317.229
1786364736.128,318.894
1786364736.232,318.717
1786364736.336,318.628
1786364736.440,318.473
1786364736.544,318.377
1786364736.648,318.424
1786364736.752,317.832
1786364736.856,317.73
1786364736.961,317.481
1786364737.065,317.272
1786364737.169,315.558
1786364737.273,315.55
1786364737.377,315.543
1786364737.481,315.468
1786364737.585,315.487
1786364737.690,314.577
1786364737.794,314.352
1786364737.898,314.81
1786364737.998,314.699
1786364738.102,314.601
1786364738.207,314.741
1786364738.311,316.429
1786364738.411,316.415
1786364738.515,316.394
1786364738.620,316.565
1786364738.724,316.599
1786364738.828,317.459
1786364738.932,316.062
1786364739.036,315.983
1786364739.140,315.945
1786364739.245,315.995
1786364739.345,315.929
1786364739.450,315.965
1786364739.554,315.929
1786364739.657,316.07
1786364739.761,314.023
1786364739.862,314.014
1786364739.963,314.017
1786364740.064,315.624
1786364740.165,315.794
1786364740.266,315.877
1786364740.367,315.88
1786364740.468,315.943
1786364740.569,314.752
1786364740.670,314.397
1786364740.770,314.305
1786364740.871,316.15
1786364740.971,316.041
1786364741.072,316.02
1786364741.173,315.917
1786364741.277,316.193
1786364741.378,316.228
1786364741.483,316.23
1786364741.586,316.164
1786364741.690,317.335
1786364741.794,317.684
1786364741.896,316.307
1786364741.996,316.504
1786364742.097,316.504
1786364742.197,316.613
1786364742.302,316.684
1786364742.404,316.749
1786364742.508,316.452
1786364742.608,316.455
1786364742.712,314.692
1786364742.813,314.987
1786364742.913,314.092
1786364743.014,314.169
1786364743.114,315.58
1786364743.215,315.566
1786364743.317,315.655
1786364743.419,315.689
1786364743.519,315.669
1786364743.620,315.646
1786364743.720,315.915
1786364743.822,317.644
1786364743.924,317.307
1786364744.026,318.149
1786364744.128,318.122
1786364744.230,316.769
1786364744.332,316.407
1786364744.433,316.292
1786364744.534,316.198
1786364744.634,316.142
1786364744.735,316.124
1786364744.835,315.875
1786364744.936,316.073
1786364745.036,316.249
1786364745.137,316.269
1786364745.237,314.598
1786364745.337,316.171
1786364745.438,316.427
1786364745.538,316.504
1786364745.639,316.572
1786364745.741,316.542
1786364745.842,316.597
1786364745.943,316.597
1786364746.044,316.685
1786364746.144,316.601
1786364746.245,314.159
1786364746.346,314.337
1786364746.447,316.061
1786364746.548,315.981
1786364746.648,315.868
1786364746.749,315.086
1786364746.849,315.031
1786364746.950,315.112
1786364747.054,315.088
1786364747.158,314.987
1786364747.263,315.036
1786364747.366,317.461
1786364747.470,317.407
1786364747.574,317.484
1786364747.676,317.442
1786364747.777,316.053
1786364747.878,316.808
1786364747.979,316.933
1786364748.080,315.619
1786364748.182,315.661
1786364748.283,315.593
1786364748.384,315.674
1786364748.485,315.562
1786364748.586,315.398
1786364748.686,315.398
1786364748.787,315.344
1786364748.887,316.891
1786364748.991,315.661
1786364749.096,315.239
1786364749.200,316.567
1786364749.304,316.46
1786364749.406,316.461
1786364749.510,316.335
1786364749.614,316.365
1786364749.718,316.599
1786364749.820,316.459
1786364749.922,316.493
1786364750.022,316.544
1786364750.123,317.808
1786364750.225,318.18
1786364750.327,318.223
1786364750.429,318.276
1786364750.531,318.506
1786364750.632,316.212
1786364750.734,316.33
1786364750.836,316.251
1786364750.938,316.502
1786364751.039,316.56
1786364751.140,316.484
1786364751.242,316.368
1786364751.344,316.368
1786364751.446,314.559
1786364751.548,314.879
1786364751.649,314.959
1786364751.751,314.85
1786364751.853,317.17
1786364751.954,317.063
1786364752.055,317.047
1786364752.157,316.87
1786364752.258,316.86
1786364752.360,316.924
1786364752.462,315.477
1786364752.564,317.293
1786364752.665,316.974
1786364752.767,316.958
1786364752.869,317.171
1786364752.970,317.242
1786364753.072,317.235
1786364753.174,317.275
1786364753.278,316.577
1786364752.164,316.491
1786364752.266,316.466
1786364752.370,318.096
1786364752.475,318.087
1786364752.576,318.308
1786364752.680,318.338
1786364752.780,316.406
1786364752.883,316.429
1786364752.987,316.552
1786364753.091,316.435
1786364753.196,317.054
1786364753.300,317.003
1786364753.400,317.016
1786364753.504,316.789
1786364753.609,316.829
1786364753.711,316.4
1786364753.816,316.564
1786364753.917,318.247
1786364754.021,318.107
1786364754.125,317.965
1786364754.228,318.062
1786364754.332,318.102
1786364754.434,318.174
1786364754.538,318.134
1786364754.642,318.239
1786364754.746,318.226
1786364754.847,318.463
1786364754.948,318.202
1786364755.048,318.191
1786364755.149,318.156
1786364755.253,318.199
1786364755.357,315.882
1786364755.460,315.857
1786364755.564,315.257
1786364755.665,315.294
1786364755.769,315.296
1786364755.873,315.407
1786364755.976,315.347
1786364756.077,315.366
1786364756.178,315.543
1786364756.279,314.894
1786364756.380,314.141
1786364756.481,316.363
1786364756.581,316.392
1786364756.682,317.018
1786364756.783,317.096
1786364756.884,317.145
1786364756.984,317.145
1786364757.085,317.013
1786364757.185,316.979
1786364757.286,315.74
1786364757.386,314.087
1786364757.488,314.678
1786364757.591,315.387
1786364757.692,315.422
1786364757.796,315.627
1786364757.900,315.54
1786364758.004,315.453
1786364758.107,315.478
1786364758.208,315.457
1786364758.309,315.542
1786364758.410,316.87
1786364758.511,316.983
1786364758.611,317.086
1786364758.712,317.149
1786364758.812,317.094
1786364758.913,316.898
1786364759.013,317.06
1786364759.114,317.225
1786364759.214,317.246
1786364759.318,317.264
1786364759.422,317.118
1786364759.526,317.052
1786364759.630,318.474
1786364759.732,318.497
1786364759.836,318.51
1786364759.940,317.123
1786364760.044,317.086
1786364760.148,316.926
1786364760.251,316.781
1786364760.355,316.925
1786364760.456,316.916
1786364760.560,316.971
1786364760.664,316.981
1786364760.767,316.98
1786364760.868,314.798
1786364760.969,314.787
1786364761.073,316.258
1786364761.177,316.283
1786364761.280,316.299
1786364761.384,316.42
1786364761.486,316.2
1786364761.587,316.17
1786364761.689,316.203
1786364761.790,316.122
1786364761.891,316.059
1786364761.992,315.849
1786364762.094,315.89
1786364762.195,315.777
1786364762.296,315.847
1786364762.397,314.891
1786364762.498,314.787
1786364762.599,314.752
1786364762.700,314.852
1786364762.800,314.852
1786364762.901,313.088
1786364763.001,313.146
1786364763.102,313.166
1786364763.202,315.676
1786364763.303,315.758
1786364763.404,315.858
1786364763.506,315.817
1786364763.610,317.045
1786364763.710,315.346
1786364763.813,315.578
1786364763.917,315.534
1786364764.019,317.417
1786364764.123,317.468
1786364764.224,317.505
1786364764.328,317.454
1786364764.432,317.166
1786364764.534,317.021
1786364764.638,316.96
1786364764.739,316.732
1786364764.839,318.462
1786364764.944,318.221
1786364765.046,318.364
1786364765.151,318.201
1786364765.252,318.229
1786364765.356,318.185
1786364765.460,318.014
1786364765.564,317.456
1786364765.668,317.623
1786364765.769,315.808
1786364765.873,315.986
1786364765.978,316.06
1786364766.081,316.216
1786364766.186,316.088
1786364766.288,316.227
1786364766.392,316.175
1786364766.494,316.232
1786364766.595,316.396
1786364766.695,314.879
1786364766.798,314.692
1786364766.898,316.569
1786364766.999,316.392
1786364767.099,316.359
1786364767.200,316.368
1786364767.300,316.335
1786364767.401,316.255
1786364767.501,316.254
1786364767.602,314.414
1786364767.702,314.25
1786364767.803,316.403
1786364767.903,316.515
1786364768.003,316.55
1786364768.104,316.583
1786364768.207,316.554
1786364768.310,316.554
1786364768.410,316.42
1786364768.513,316.462
1786364768.616,314.573
1786364768.719,314.634
1786364768.819,316.523
1786364768.922,316.941
1786364769.025,317.14
1786364769.128,317.258
1786364769.231,317.234
1786364769.333,317.116
1786364769.437,317.075
1786364769.537,317.08
1786364769.641,317.065
1786364769.744,318.934
1786364769.847,318.519
1786364769.951,317.386
1786364770.051,317.055
1786364770.155,316.983
1786364770.260,316.916
1786364770.363,316.911
1786364770.467,315.655
1786364770.568,315.18
1786364770.668,313.558
1786364770.768,313.488
1786364770.868,313.495
1786364770.972,313.763
1786364771.073,314.84
1786364771.177,314.891
1786364771.282,314.899
1786364771.386,314.839
1786364771.490,314.797
1786364771.592,316.111
1786364771.696,316.577
1786364771.800,318.224
1786364771.905,318.245
1786364772.009,316.644
1786364772.112,316.655
1786364772.216,316.601
1786364772.316,316.437
1786364772.421,316.37
1786364772.525,316.547
1786364772.628,316.568
1786364772.732,316.531
1786364772.833,316.449
1786364772.936,316.355
1786364773.041,316.228
1786364773.144,315.255
1786364773.248,315.163
1786364773.350,315.033
1786364773.453,315.015
1786364773.555,315.016
1786364773.658,314.9
1786364773.761,313.932
1786364773.863,313.96
1786364773.965,313.913
1786364774.068,313.974
1786364774.171,314.083
1786364774.274,315.179
1786364774.377,315.337
1786364774.481,315.459
1786364774.585,315.727
1786364774.689,315.734
1786364774.793,315.598
1786364774.896,316.531
1786364775.000,316.57
1786364775.105,316.57
1786364775.209,316.559
1786364775.311,316.531
1786364775.415,318.028
1786364775.518,315.432
1786364775.623,315.433
1786364775.727,315.354
1786364775.832,315.436
1786364775.933,315.488
1786364776.038,315.516
1786364776.142,315.491
1786364776.247,315.602
1786364776.348,315.625
1786364776.453,315.612
1786364776.557,315.572
1786364776.662,316.783
1786364776.766,316.755
1786364776.870,316.696
1786364776.975,316.583
1786364777.079,316.692
1786364777.184,316.737
1786364777.288,316.873
1786364777.390,316.771
1786364777.494,316.811
1786364777.598,316.862
1786364777.703,316.9
1786364777.807,318.274
1786364777.911,318.348
1786364778.015,318.345
1786364778.120,318.361
1786364778.224,318.316
1786364778.328,318.383
1786364778.430,318.25
1786364778.534,318.288
1786364778.636,316.677
1786364778.740,316.675
1786364778.841,316.549
1786364778.942,315.393
1786364779.044,315.235
1786364779.145,315.125
1786364779.246,315.13
1786364779.347,315.242
1786364779.448,314.972
1786364779.548,314.903
1786364779.649,314.903
1786364779.750,315.047
1786364779.850,314.209
1786364779.951,313.98
1786364780.051,314.067
1786364780.154,315.219
1786364780.258,315.399
1786364780.362,315.33
1786364780.464,315.515
1786364780.565,314.094
1786364780.668,314.284
1786364780.773,314.31
1786364780.874,314.211
1786364780.975,316.688
1786364781.076,317.106
1786364781.177,317.141
1786364781.278,317.119
1786364781.378,315.088
1786364781.479,315.473
1786364781.579,315.22
1786364781.679,316.533
1786364781.782,316.39
1786364781.886,316.335
1786364781.990,316.377
1786364782.091,314.109
1786364782.192,313.908
1786364782.293,313.948
1786364782.394,313.819
1786364782.495,315.881
1786364782.595,315.776
1786364782.696,315.821
1786364782.797,315.917
1786364782.898,316.118
1786364782.998,316.282
1786364783.099,316.216
1786364783.199,318.372
1786364783.300,318.412
1786364783.400,318.346
1786364783.505,318.581
1786364783.609,318.52
1786364783.710,316.45
1786364783.810,316.556
1786364783.911,316.499
1786364784.011,316.499
1786364784.113,316.594
1786364784.217,315.314
1786364784.318,315.441
1786364783.190,315.461
1786364783.295,315.425
1786364783.398,315.543
1786364783.502,315.606
1786364783.606,315.694
1786364783.708,317.774
1786364783.812,316.033
1786364783.916,315.96
1786364784.020,315.905
1786364784.125,317.201
1786364784.229,317.15
1786364784.329,316.406
1786364784.430,316.501
1786364784.530,316.431
1786364784.631,316.328
1786364784.731,316.38
1786364784.833,316.289
1786364784.937,318.15
1786364785.041,318.239
1786364785.145,318.125
1786364785.249,318.066
1786364785.353,316.601
1786364785.458,317.269
1786364785.561,317.127
1786364785.665,317.131
1786364785.769,317.056
1786364785.873,316.947
1786364785.977,316.978
1786364786.081,316.927
1786364786.185,316.9
1786364786.289,316.824
1786364786.393,316.811
1786364786.497,318.517
1786364786.600,318.682
1786364786.704,316.705
1786364786.807,316.589
1786364786.911,316.538
1786364787.015,316.465
1786364787.119,316.344
1786364787.223,316.123
1786364787.327,316.028
1786364787.431,316.097
1786364787.535,316.072
1786364787.638,315.836
1786364787.742,315.986
1786364787.846,318.009
1786364787.950,318.182
1786364788.054,318.218
1786364788.155,317.544
1786364788.256,317.561
1786364788.356,317.513
1786364788.457,317.814
1786364788.557,317.791
1786364788.658,317.833
1786364788.758,317.792
1786364788.859,317.54
1786364788.963,317.633
1786364789.067,317.481
1786364789.171,317.643
1786364789.275,318.357
1786364789.379,318.326
1786364789.483,318.628
1786364789.587,316.513
1786364789.689,316.495
1786364789.793,316.55
1786364789.897,316.523
1786364790.001,316.499
1786364790.105,316.346
1786364790.210,316.328
1786364790.311,316.031
1786364790.413,315.993
1786364790.515,315.848
1786364790.617,313.767
1786364790.719,315.618
1786364790.821,315.532
1786364790.923,315.601
1786364791.025,315.458
1786364791.127,315.484
1786364791.229,315.441
1786364791.331,315.386
1786364791.433,315.596
1786364791.534,315.631
1786364791.636,314.626
1786364791.737,316.482
1786364791.839,316.489
1786364791.941,316.621
1786364792.041,316.437
1786364792.143,316.702
1786364792.245,316.807
1786364792.346,316.874
1786364792.448,317.045
1786364792.550,317.022
1786364792.652,317.051
1786364792.753,318.309
1786364792.855,316.198
1786364792.957,316.033
1786364793.059,316.0
1786364793.160,316.023
1786364793.262,315.022
1786364793.364,315.022
1786364793.465,314.922
1786364793.566,314.928
1786364793.668,313.519
1786364793.770,313.545
1786364793.871,313.443
1786364793.973,313.329
1786364794.075,315.449
1786364794.176,315.645
1786364794.278,315.679
1786364794.379,315.185
1786364794.481,316.074
1786364794.582,316.05
1786364794.683,316.092
1786364794.784,317.397
1786364794.886,315.419
1786364794.986,315.443
1786364795.087,315.505
1786364795.188,315.424
1786364795.289,315.562
1786364795.390,315.498
1786364795.490,315.922
1786364795.590,315.753
1786364795.694,315.768
1786364795.798,315.834
1786364795.900,313.267
1786364796.004,315.26
1786364796.105,315.284
1786364796.206,315.177
1786364796.306,315.386
1786364796.407,315.43
1786364796.512,315.365
1786364796.617,315.46
1786364796.721,315.689
1786364796.826,315.654
1786364796.926,315.563
1786364797.030,316.822
1786364797.133,316.678
1786364797.234,316.749
1786364797.335,316.739
1786364797.436,316.503
1786364797.537,316.268
1786364797.638,316.268
1786364797.738,316.637
1786364797.839,316.553
1786364797.939,316.296
1786364798.040,316.258
1786364798.141,316.247
1786364798.245,317.597
1786364798.346,317.69
1786364798.449,317.751
1786364798.554,316.828
1786364798.656,315.031
1786364798.760,315.418
1786364798.865,315.236
1786364798.970,315.342
1786364799.073,315.455
1786364799.178,315.633
1786364799.282,315.729
1786364799.387,315.739
1786364799.489,315.911
1786364799.591,315.899
1786364799.693,317.051
1786364799.796,317.487
1786364799.898,317.179
1786364800.000,317.266
1786364800.103,317.307
1786364800.205,317.684
1786364800.307,317.757
1786364800.410,317.821
1786364800.512,317.888
1786364800.614,317.859
1786364800.716,317.857
1786364800.818,317.772
1786364800.920,316.942
1786364801.023,316.833
1786364801.125,316.655
1786364801.227,316.662
1786364801.329,316.516
1786364801.431,316.418
1786364801.534,316.576
1786364801.636,316.563
1786364801.737,316.438
1786364801.839,314.487
1786364801.941,314.422
1786364802.043,316.714
1786364802.145,316.888
1786364802.247,316.856
1786364802.349,316.822
1786364802.451,316.736
1786364802.553,316.798
1786364802.655,315.307
1786364802.757,315.358
1786364802.859,315.522
1786364802.961,317.432
1786364803.063,317.554
1786364803.165,317.554
1786364803.267,317.604
1786364803.369,317.524
1786364803.471,317.676
1786364803.573,317.71
1786364803.675,317.762
1786364803.777,315.983
1786364803.879,316.209
1786364803.981,316.142
1786364804.083,315.969
1786364804.185,315.937
1786364804.287,315.874
1786364804.389,315.841
1786364804.490,315.864
1786364804.592,316.014
1786364804.693,315.98
1786364804.795,315.905
1786364804.897,317.631
1786364804.998,317.441
1786364805.100,317.277
1786364805.201,317.318
1786364805.302,317.405
1786364805.403,317.242
1786364805.505,317.235
1786364805.606,317.13
1786364805.707,316.724
1786364805.808,315.034
1786364805.908,315.014
1786364806.009,314.895
1786364806.109,316.066
1786364806.210,316.464
1786364806.312,316.366
1786364806.417,316.23
1786364806.517,316.436
1786364806.617,316.424
1786364806.721,316.497
1786364806.826,316.619
1786364806.930,318.238
1786364807.035,318.226
1786364807.139,318.542
1786364807.244,318.505
1786364807.345,316.556
1786364807.450,316.691
1786364807.551,316.805
1786364807.652,316.738
1786364807.754,316.754
1786364807.855,316.754
1786364807.956,316.767
1786364808.057,316.65
1786364808.158,316.631
1786364808.258,316.622
1786364808.359,316.288
1786364808.459,316.371
1786364808.560,318.0
1786364808.661,317.828
1786364808.766,315.689
1786364808.870,315.844
1786364808.975,315.822
1786364809.079,315.76
1786364809.180,315.926
1786364809.281,315.914
1786364809.382,315.887
1786364809.483,315.897
1786364809.584,315.778
1786364809.684,315.819
1786364809.785,313.584
1786364809.886,315.715
1786364809.986,315.581
1786364810.087,315.623
1786364810.188,315.576
1786364810.288,315.514
1786364810.389,315.432
1786364810.489,315.437
1786364810.590,315.447
1786364810.691,313.257
1786364810.791,313.35
1786364810.892,315.584
1786364810.993,315.668
1786364811.094,315.568
1786364811.194,315.511
1786364811.295,315.571
1786364811.396,315.499
1786364811.496,315.499
1786364811.597,315.59
1786364811.697,315.555
1786364811.798,315.536
1786364811.898,317.775
1786364811.999,317.663
1786364812.099,315.998
1786364812.200,315.975
1786364812.301,316.008
1786364812.401,316.244
1786364812.502,316.257
1786364812.603,316.351
1786364812.703,316.37
1786364812.804,316.413
1786364812.905,316.45
1786364813.006,316.441
1786364813.106,316.432
1786364813.207,318.1
1786364813.308,318.27
1786364813.408,315.876
1786364813.509,315.789
1786364813.610,315.714
1786364813.710,315.775
1786364813.811,315.791
1786364813.912,315.773
1786364814.013,315.82
1786364814.113,315.866
1786364814.213,315.955
1786364814.314,315.435
1786364814.416,315.178
1786364814.520,317.587
1786364814.622,317.444
1786364814.724,315.921
1786364814.828,315.939
1786364814.932,314.627
1786364815.036,314.635
1786364815.140,314.722
1786364815.244,314.873
1786364815.348,314.862
1786364814.192,315.442
1786364814.292,315.315
1786364814.393,315.315
1786364814.494,315.394
1786364814.594,315.499
1786364814.695,317.063
1786364814.795,316.844
1786364814.895,318.177
1786364814.996,315.547
1786364815.096,315.448
1786364815.197,315.385
1786364815.297,315.378
1786364815.398,315.373
1786364815.498,315.286
1786364815.599,315.052
1786364815.699,314.888
1786364815.799,313.774
1786364815.900,313.249
1786364816.000,313.214
1786364816.101,315.784
1786364816.201,315.759
1786364816.302,315.679
1786364816.402,315.617
1786364816.503,315.72
1786364816.604,314.507
1786364816.704,314.714
1786364816.805,314.812
1786364816.905,316.045
1786364817.006,316.773
1786364817.106,316.954
1786364817.206,317.108
1786364817.307,317.134
1786364817.407,317.115
1786364817.508,317.115
1786364817.608,317.121
1786364817.709,317.014
1786364817.809,318.397
1786364817.910,316.863
1786364818.010,316.886
1786364818.111,316.871
1786364818.211,316.778
1786364818.311,316.575
1786364818.412,316.481
1786364818.513,316.579
1786364818.613,316.806
1786364818.713,316.821
1786364818.814,315.112
1786364818.914,314.224
1786364819.017,315.774
1786364819.121,315.802
1786364819.225,315.708
1786364819.328,315.745
1786364819.432,315.671
1786364819.536,315.657
1786364819.638,313.965
1786364819.742,313.705
1786364819.846,313.736
1786364819.950,315.517
1786364820.055,316.464
1786364820.159,316.708
1786364820.263,316.613
1786364820.364,316.735
1786364820.465,314.172
1786364820.566,313.564
1786364820.668,313.45
1786364820.769,314.979
1786364820.870,315.03
1786364820.971,315.189
1786364821.072,315.193
1786364821.173,315.082
1786364821.273,314.62
1786364821.374,314.669
1786364821.474,312.64
1786364821.575,315.166
1786364821.675,315.855
1786364821.776,315.943
1786364821.881,315.889
1786364821.981,315.971
1786364822.082,315.832
1786364822.183,315.832
1786364822.287,315.8
1786364822.391,314.253
1786364822.495,314.433
1786364822.600,316.387
1786364822.704,316.397
1786364822.808,316.399
1786364822.912,316.511
1786364823.016,316.195
1786364823.117,316.195
1786364823.221,316.122
1786364823.325,316.035
1786364823.426,316.009
1786364823.530,317.541
1786364823.634,317.552
1786364823.739,316.613
1786364823.843,315.927
1786364823.947,315.948
1786364824.051,316.095
1786364824.154,315.2
1786364824.258,315.598
1786364824.362,315.595
1786364824.466,315.566
1786364824.571,315.474
1786364824.675,315.605
1786364824.777,315.589
1786364824.881,315.039
1786364824.986,315.618
1786364825.090,315.617
1786364825.194,315.444
1786364825.297,316.267
1786364825.401,316.28
1786364825.506,316.459
1786364825.610,316.457
1786364825.714,316.526
1786364825.818,316.456
1786364825.922,316.393
1786364826.023,317.85
1786364826.123,316.497
1786364826.227,316.543
1786364826.331,316.509
1786364826.433,316.566
1786364826.536,316.524
1786364826.641,316.229
1786364826.745,316.223
1786364826.849,316.398
1786364826.950,316.387
1786364827.055,314.864
1786364827.159,314.848
1786364827.263,316.353
1786364827.367,316.223
1786364827.470,316.229
1786364827.572,316.181
1786364827.673,316.234
1786364827.776,314.534
1786364827.879,314.577
1786364827.982,314.391
1786364828.085,312.434
1786364828.188,313.997
1786364828.291,314.044
1786364828.394,313.965
1786364828.497,314.049
1786364828.600,313.397
1786364828.704,313.58
1786364828.807,313.533
1786364828.911,315.272
1786364829.014,315.275
1786364829.116,315.298
1786364829.219,315.862
1786364829.323,315.92
1786364829.428,314.754
1786364829.532,314.883
1786364829.636,315.007
1786364829.740,315.902
1786364829.844,315.668
1786364829.948,315.758
1786364830.049,315.929
1786364830.150,315.887
1786364830.252,315.985
1786364830.353,316.006
1786364830.453,315.81
1786364830.554,316.905
1786364830.655,316.785
1786364830.756,316.845
1786364830.856,316.647
1786364830.957,316.598
1786364831.057,316.453
1786364831.161,316.463
1786364831.265,316.557
1786364831.366,316.48
1786364831.467,317.766
1786364831.567,317.968
1786364831.668,316.162
1786364831.769,316.181
1786364831.870,315.909
1786364831.971,315.935
1786364832.071,316.121
1786364832.171,316.125
1786364832.272,315.997
1786364832.373,316.035
1786364832.473,316.26
1786364832.576,314.111
1786364832.676,314.108
1786364832.777,314.108
1786364832.878,316.03
1786364832.979,315.798
1786364833.079,315.173
1786364833.180,315.202
1786364833.281,315.195
1786364833.382,315.368
1786364833.483,315.334
1786364833.583,315.372
1786364833.684,315.123
1786364833.784,317.196
1786364833.885,317.141
1786364833.987,314.901
1786364834.088,315.127
1786364834.189,315.91
1786364834.290,315.746
1786364834.390,315.662
1786364834.491,315.612
1786364834.592,314.591
1786364834.692,314.559
1786364834.793,313.308
1786364834.894,313.441
1786364834.995,313.443
1786364835.095,315.733
1786364835.196,315.777
1786364835.297,315.69
1786364835.398,315.673
1786364835.499,315.725
1786364835.600,315.772
1786364835.700,317.038
1786364835.801,316.907
1786364835.902,318.252
1786364836.002,318.324
1786364836.103,318.354
1786364836.204,318.354
1786364836.304,318.173
1786364836.405,316.26
1786364836.506,316.232
1786364836.606,316.38
1786364836.707,316.323
1786364836.808,316.321
1786364836.909,316.11
1786364837.010,316.215
1786364837.110,316.195
1786364837.211,316.159
1786364837.312,316.106
1786364837.412,314.874
1786364837.513,316.695
1786364837.613,316.77
1786364837.715,316.828
1786364837.819,316.818
1786364837.922,316.792
1786364838.026,316.782
1786364838.126,316.678
1786364838.229,316.485
1786364838.331,316.45
1786364838.435,316.567
1786364838.537,317.85
1786364838.640,316.05
1786364838.741,316.201
1786364838.845,315.897
1786364838.946,315.868
1786364839.047,315.772
1786364839.149,315.78
1786364839.250,315.889
1786364839.350,316.092
1786364839.451,316.168
1786364839.552,314.677
1786364839.652,314.725
1786364839.753,315.635
1786364839.854,315.422
1786364839.954,315.737
1786364840.055,315.878
1786364840.159,315.921
1786364840.263,315.992
1786364840.364,315.967
1786364840.464,315.987
1786364840.565,315.987
1786364840.666,315.993
1786364840.771,317.589
1786364840.875,317.83
1786364840.977,318.774
1786364841.081,317.219
1786364841.185,317.289
1786364841.290,317.245
1786364841.394,317.319
1786364841.497,317.248
1786364841.601,317.253
1786364841.702,317.243
1786364841.805,317.237
1786364841.909,317.056
1786364842.013,316.77
1786364842.117,316.994
1786364842.222,318.526
1786364842.325,318.404
1786364842.426,316.638
1786364842.529,316.513
1786364842.633,316.439
1786364842.737,316.344
1786364842.841,316.331
1786364842.945,316.316
1786364843.050,315.758
1786364843.154,315.861
1786364843.258,315.653
1786364843.362,315.709
1786364843.464,315.715
1786364843.567,317.593
1786364843.671,317.824
1786364843.774,317.962
1786364843.878,316.248
1786364843.982,316.243
1786364844.086,316.272
1786364844.190,316.847
1786364844.294,316.863
1786364844.399,316.831
1786364844.503,316.865
1786364844.606,317.049
1786364844.707,315.068
1786364844.808,314.79
1786364844.909,314.804
1786364845.010,315.635
1786364845.111,315.605
1786364845.212,315.56
1786364845.312,315.509
1786364845.413,314.108
1786364845.514,314.068
1786364845.615,314.02
1786364845.716,313.828
1786364845.817,315.68
1786364845.918,315.842
1786364846.018,316.007
1786364846.120,316.91
1786364846.221,315.426
1786364846.321,315.643
1786364845.219,315.707
1786364845.319,317.027
1786364845.420,317.116
1786364845.521,317.088
1786364845.622,317.059
1786364845.723,316.992
1786364845.824,316.897
1786364845.925,315.304
1786364846.025,315.465
1786364846.126,316.84
1786364846.226,316.672
1786364846.327,316.619
1786364846.427,316.764
1786364846.528,316.764
1786364846.628,316.955
1786364846.729,317.052
1786364846.829,317.106
1786364846.930,317.013
1786364847.030,317.135
1786364847.131,318.601
1786364847.231,318.439
1786364847.332,318.539
1786364847.432,316.789
1786364847.532,316.634
1786364847.633,316.455
1786364847.734,316.199
1786364847.834,316.284
1786364847.934,316.281
1786364848.035,316.425
1786364848.135,314.027
1786364848.236,313.852
1786364848.336,313.856
1786364848.437,313.809
1786364848.537,315.552
1786364848.637,315.837
1786364848.738,315.968
1786364848.838,316.052
1786364848.939,314.865
1786364849.039,313.384
1786364849.140,313.389
1786364849.240,315.725
1786364849.340,315.69
1786364849.441,315.74
1786364849.541,315.74
1786364849.642,315.721
1786364849.742,315.529
1786364849.842,315.589
1786364849.943,315.471
1786364850.044,315.562
1786364850.144,315.233
1786364850.245,316.787
1786364850.345,316.965
1786364850.446,317.06
1786364850.547,317.306
1786364850.647,317.418
1786364850.748,317.573
1786364850.848,317.826
1786364850.949,316.098
1786364851.049,316.182
1786364851.149,316.041
1786364851.250,317.488
1786364851.351,317.371
1786364851.451,317.331
1786364851.552,317.316
1786364851.652,317.246
1786364851.752,317.242
1786364851.853,316.566
1786364851.954,316.559
1786364852.054,318.19
1786364852.154,316.217
1786364852.255,316.238
1786364852.355,316.159
1786364852.456,316.166
1786364852.556,316.166
1786364852.657,315.984
1786364852.757,315.926
1786364852.858,315.839
1786364852.958,315.872
1786364853.059,316.47
1786364853.159,314.838
1786364853.260,314.7
1786364853.360,316.779
1786364853.460,316.665
1786364853.561,316.717
1786364853.661,316.728
1786364853.762,316.754
1786364853.862,316.736
1786364853.963,316.681
1786364854.063,316.576
1786364854.164,315.642
1786364854.264,317.203
1786364854.365,317.388
1786364854.465,315.592
1786364854.566,315.548
1786364854.666,315.444
1786364854.767,315.322
1786364854.867,315.286
1786364854.967,315.159
1786364855.068,315.097
1786364855.169,314.976
1786364855.270,314.51
1786364855.371,314.345
1786364855.471,314.179
1786364855.572,315.815
1786364855.673,315.815
1786364855.774,316.003
1786364855.875,315.985
1786364855.976,316.056
1786364856.077,316.13
1786364856.178,316.232
1786364856.278,316.296
1786364856.379,314.635
1786364856.480,316.024
1786364856.580,316.065
1786364856.681,316.098
1786364856.782,315.983
1786364856.883,315.864
1786364856.983,315.978
1786364857.084,315.909
1786364857.185,315.896
1786364857.286,314.331
1786364857.387,314.391
1786364857.488,316.051
1786364857.589,315.966
1786364857.690,315.944
1786364857.791,315.884
1786364857.892,315.958
1786364857.993,315.881
1786364858.094,315.836
1786364858.195,316.058
1786364858.296,314.323
1786364858.397,315.854
1786364858.498,315.952
1786364858.598,315.955
1786364858.699,315.977
1786364858.800,315.897
1786364858.901,315.873
1786364859.001,315.794
1786364859.103,315.794
1786364859.204,315.761
1786364859.305,315.763
1786364859.406,314.698
1786364859.507,316.393
1786364859.608,316.351
1786364859.708,316.253
1786364859.809,316.268
1786364859.910,316.258
1786364860.011,316.401
1786364860.111,314.996
1786364860.212,315.009
1786364860.313,315.092
1786364860.414,315.061
1786364860.515,316.096
1786364860.616,316.152
1786364860.717,314.083
1786364860.820,313.968
1786364860.922,314.009
1786364861.022,314.142
1786364861.124,314.132
1786364861.226,315.556
1786364861.328,315.635
1786364861.430,315.653
1786364861.531,315.676
1786364861.633,315.766
1786364861.735,315.697
1786364861.836,315.896
1786364861.938,315.875
1786364862.040,315.868
1786364862.142,315.768
1786364862.243,315.776
1786364862.345,315.797
1786364862.446,315.795
1786364862.548,315.757
1786364862.649,315.726
1786364862.751,315.541
1786364862.852,314.057
1786364862.953,315.904
1786364863.055,315.937
1786364863.156,315.949
1786364863.257,315.949
1786364863.358,315.925
1786364863.459,315.993
1786364863.560,315.999
1786364863.662,315.978
1786364863.762,316.031
1786364863.863,316.133
1786364863.964,316.151
1786364864.065,317.685
1786364864.166,317.699
1786364864.266,317.669
1786364864.367,317.774
1786364864.468,317.898
1786364864.568,315.553
1786364864.669,315.28
1786364864.769,315.175
1786364864.873,315.082
1786364864.977,314.956
1786364865.082,314.91
1786364865.182,314.839
1786364865.286,314.886
1786364865.390,315.027
1786364865.495,315.019
1786364865.596,314.731
1786364865.700,314.941
1786364865.804,315.133
1786364865.908,315.306
1786364866.012,315.313
1786364866.114,315.329
1786364866.216,315.466
1786364866.318,315.328
1786364866.420,315.332
1786364866.521,315.328
1786364866.623,315.261
1786364866.725,315.546
1786364866.826,317.638
1786364866.928,317.592
1786364867.030,315.428
1786364867.131,315.523
1786364867.233,315.607
1786364867.334,315.508
1786364867.436,315.619
1786364867.537,315.625
1786364867.639,315.608
1786364867.740,315.637
1786364867.841,315.522
1786364867.943,315.624
1786364868.044,315.925
1786364868.145,318.016
1786364868.246,318.023
1786364868.347,318.023
1786364868.447,318.037
1786364868.548,318.035
1786364868.649,316.471
1786364868.750,316.527
1786364868.850,316.5
1786364868.951,316.487
1786364869.052,316.659
1786364869.153,316.617
1786364869.253,316.512
1786364869.354,315.244
1786364869.455,315.395
1786364869.556,315.408
1786364869.657,315.417
1786364869.758,317.073
1786364869.859,315.981
1786364869.960,316.023
1786364870.060,315.996
1786364870.161,315.935
1786364870.262,315.924
1786364870.363,314.614
1786364870.464,315.914
1786364870.565,315.682
1786364870.666,315.508
1786364870.767,315.56
1786364870.868,315.512
1786364870.968,316.583
1786364871.069,316.529
1786364871.170,316.476
1786364871.271,316.592
1786364871.371,316.68
1786364871.472,318.031
1786364871.573,318.021
1786364871.674,318.137
1786364871.774,315.623
1786364871.875,315.623
1786364871.976,315.672
1786364872.077,315.579
1786364872.178,315.488
1786364872.279,315.575
1786364872.379,315.696
1786364872.480,315.482
1786364872.581,315.426
1786364872.682,315.296
1786364872.782,315.267
1786364872.882,315.14
1786364872.983,317.776
1786364873.083,317.633
1786364873.184,316.605
1786364873.284,316.485
1786364873.384,316.487
1786364873.485,316.453
1786364873.586,316.529
1786364873.686,316.548
1786364873.787,316.513
1786364873.888,316.498
1786364873.989,316.666
1786364874.089,314.184
1786364874.190,314.025
1786364874.291,315.08
1786364874.392,315.161
1786364874.494,314.959
1786364874.596,314.913
1786364874.698,314.781
1786364874.799,314.922
1786364874.901,314.888
1786364875.002,313.888
1786364875.104,313.748
1786364875.206,314.718
1786364875.307,314.79
1786364875.409,314.755
1786364875.510,314.761
1786364875.612,314.761
1786364875.713,314.866
1786364875.814,314.772
1786364875.916,314.961
1786364876.017,314.695
1786364876.118,312.974
1786364876.219,314.284
1786364876.320,314.335
1786364876.421,315.855
1786364876.522,315.925
1786364876.623,316.005
1786364876.723,316.166
1786364876.824,316.179
1786364876.924,316.179
1786364877.025,316.021
1786364877.126,316.009
1786364877.230,318.024
1786364877.331,317.685
1786364877.435,315.738
1786364876.328,315.653
1786364876.433,315.712
1786364876.537,315.842
1786364876.641,315.694
1786364876.745,315.726
1786364876.849,315.762
1786364876.953,315.767
1786364877.058,315.817
1786364877.158,315.772
1786364877.262,313.889
1786364877.366,315.738
1786364877.470,315.686
1786364877.571,315.726
1786364877.673,315.537
1786364877.777,315.526
1786364877.881,315.44
1786364877.983,315.46
1786364878.086,315.457
1786364878.188,315.357
1786364878.291,315.142
1786364878.393,317.08
1786364878.496,317.359
1786364878.597,317.398
1786364878.697,317.329
1786364878.799,315.311
1786364878.902,315.357
1786364879.004,314.262
1786364879.107,314.199
1786364879.209,314.31
1786364879.312,314.339
1786364879.414,314.321
1786364879.517,314.371
1786364879.618,314.188
1786364879.720,314.289
1786364879.822,312.71
1786364879.925,314.898
1786364880.028,314.83
1786364880.128,316.057
1786364880.231,316.227
1786364880.334,316.08
1786364880.437,316.299
1786364880.540,315.677
1786364880.641,314.878
1786364880.744,314.878
1786364880.847,314.869
1786364880.951,316.623
1786364881.055,316.587
1786364881.155,314.793
1786364881.259,314.873
1786364881.363,314.694
1786364881.467,314.587
1786364881.568,314.509
1786364881.669,314.509
1786364881.770,315.304
1786364881.871,315.892
1786364881.971,315.882
1786364882.072,314.248
1786364882.172,314.065
1786364882.273,314.07
1786364882.373,316.029
1786364882.474,315.883
1786364882.578,316.125
1786364882.682,316.335
1786364882.787,316.309
1786364882.891,316.332
1786364882.995,316.512
1786364883.096,316.457
1786364883.199,315.994
1786364883.303,316.007
1786364883.407,316.02
1786364883.511,315.874
1786364883.616,315.713
1786364883.720,315.537
1786364883.824,315.522
1786364883.929,315.64
1786364884.032,315.507
1786364884.137,315.549
1786364884.238,315.716
1786364884.341,317.887
1786364884.442,315.522
1786364884.545,315.588
1786364884.647,315.622
1786364884.750,315.788
1786364884.853,315.847
1786364884.956,315.793
1786364885.057,315.636
1786364885.160,315.873
1786364885.262,314.215
1786364885.365,314.341
1786364885.468,314.232
1786364885.570,316.806
1786364885.673,314.607
1786364885.776,314.798
1786364885.879,314.846
1786364885.983,315.047
1786364886.083,315.053
1786364886.184,314.339
1786364886.287,314.087
1786364886.387,314.335
1786364886.491,314.16
1786364886.594,314.267
1786364886.697,314.013
1786364886.797,316.1
1786364886.901,315.882
1786364887.005,315.835
1786364887.109,315.566
1786364887.213,315.717
1786364887.317,316.388
1786364887.418,316.368
1786364887.522,316.132
1786364887.626,316.02
1786364887.730,315.956
1786364887.830,315.991
1786364887.934,315.942
1786364888.039,316.029
1786364888.143,316.063
1786364888.245,316.118
1786364888.349,316.039
1786364888.453,316.138
1786364888.558,316.379
1786364888.658,318.034
1786364888.760,318.085
1786364888.861,318.005
1786364888.963,317.979
1786364889.065,316.588
1786364889.167,316.619
1786364889.268,316.495
1786364889.370,316.536
1786364889.472,316.458
1786364889.574,315.78
1786364889.675,315.78
1786364889.777,315.274
1786364889.879,315.263
1786364889.979,315.213
1786364890.081,313.765
1786364890.181,313.707
1786364890.282,315.091
1786364890.382,315.081
1786364890.483,315.106
1786364890.583,314.886
1786364890.684,314.425
1786364890.784,315.062
1786364890.885,315.37
1786364890.985,315.359
1786364891.086,315.425
1786364891.186,315.408
1786364891.287,315.416
1786364891.387,315.497
1786364891.487,315.34
1786364891.591,315.357
1786364891.695,315.49
1786364891.799,316.016
1786364891.903,316.122
1786364892.008,316.398
1786364892.108,314.728
1786364892.208,314.928
1786364892.311,316.532
1786364892.413,316.692
1786364892.517,316.7
1786364892.622,316.715
1786364892.726,316.781
1786364892.830,316.78
1786364892.934,316.86
1786364893.038,316.739
1786364893.143,316.482
1786364893.247,318.142
1786364893.350,318.133
1786364893.451,316.389
1786364893.555,316.264
1786364893.659,316.217
1786364893.764,316.484
1786364893.868,316.389
1786364893.972,316.344
1786364894.076,316.245
1786364894.180,316.299
1786364894.280,314.704
1786364894.383,314.624
1786364894.487,314.402
1786364894.591,315.984
1786364894.695,315.971
1786364894.799,315.876
1786364894.903,315.668
1786364895.007,315.738
1786364895.110,315.889
1786364895.215,315.861
1786364895.319,315.683
1786364895.422,317.134
1786364895.527,317.101
1786364895.630,314.798
1786364895.734,314.878
1786364895.838,314.841
1786364895.942,314.901
1786364896.047,315.005
1786364896.151,315.058
1786364896.252,314.908
1786364896.354,314.848
1786364896.456,314.907
1786364896.558,315.03
1786364896.658,314.043
1786364896.760,316.149
1786364896.862,316.068
1786364896.964,316.067
1786364897.066,316.086
1786364897.168,316.113
1786364897.270,316.132
1786364897.371,316.167
1786364897.473,316.463
1786364897.574,316.463
1786364897.676,314.59
1786364897.777,314.664
1786364897.879,316.0
1786364897.980,316.321
1786364898.082,316.414
1786364898.184,316.631
1786364898.286,316.625
1786364898.386,316.604
1786364898.488,314.493
1786364898.589,314.449
1786364898.691,314.272
1786364898.792,316.065
1786364898.895,315.923
1786364898.999,315.721
1786364899.103,315.674
1786364899.208,315.814
1786364899.308,315.653
1786364899.410,313.37
1786364899.512,313.318
1786364899.615,315.072
1786364899.717,315.173
1786364899.819,315.047
1786364899.922,315.213
1786364900.024,315.348
1786364900.126,315.259
1786364900.227,313.648
1786364900.329,313.539
1786364900.431,313.554
1786364900.532,315.919
1786364900.633,315.492
1786364900.733,315.891
1786364900.833,314.74
1786364900.934,314.916
1786364901.035,314.628
1786364901.135,313.388
1786364901.235,313.449
1786364901.336,315.102
1786364901.436,315.131
1786364901.536,315.246
1786364901.637,315.463
1786364901.737,315.862
1786364901.838,314.195
1786364901.938,315.409
1786364902.038,315.409
1786364902.139,315.597
1786364902.239,315.988
1786364902.340,317.288
1786364902.440,317.332
1786364902.541,317.254
1786364902.641,317.244
1786364902.742,317.24
1786364902.842,317.097
1786364902.943,317.21
1786364903.043,318.838
1786364903.144,317.429
1786364903.245,317.267
1786364903.345,317.057
1786364903.445,316.918
1786364903.547,316.981
1786364903.651,317.031
1786364903.755,317.2
1786364903.859,317.147
1786364903.963,317.073
1786364904.068,316.963
1786364904.172,316.885
1786364904.273,318.104
1786364904.377,318.063
1786364904.478,317.427
1786364904.582,316.68
1786364904.686,316.594
1786364904.786,316.621
1786364904.890,316.452
1786364904.994,316.48
1786364905.097,316.403
1786364905.201,316.771
1786364905.305,316.77
1786364905.410,316.92
1786364905.514,316.857
1786364905.615,316.265
1786364905.717,317.085
1786364905.820,317.107
1786364905.923,317.052
1786364906.026,315.959
1786364906.129,315.907
1786364906.229,316.129
1786364906.332,315.773
1786364906.435,315.878
1786364906.538,314.347
1786364906.641,314.495
1786364906.744,315.809
1786364906.847,315.711
1786364906.950,315.66
1786364907.054,315.648
1786364907.157,316.73
1786364907.258,314.664
1786364907.362,314.372
1786364907.466,314.378
1786364907.570,314.377
1786364907.674,315.903
1786364907.778,315.94
1786364907.882,315.92
1786364907.986,315.976
1786364908.087,314.531
1786364908.190,314.554
1786364908.292,314.488
1786364908.396,316.566
1786364907.276,316.557
1786364907.377,316.538
1786364907.481,316.437
1786364907.583,316.442
1786364907.683,314.45
1786364907.787,314.411
1786364907.891,314.306
1786364907.995,315.761
1786364908.099,315.669
1786364908.204,315.896
1786364908.308,315.869
1786364908.412,316.071
1786364908.512,314.637
1786364908.614,314.681
1786364908.717,314.567
1786364908.818,316.307
1786364908.922,316.234
1786364909.022,316.234
1786364909.124,316.303
1786364909.226,316.316
1786364909.326,316.339
1786364909.428,315.598
1786364909.530,315.661
1786364909.632,315.602
1786364909.734,317.052
1786364909.836,317.028
1786364909.938,317.063
1786364910.039,316.202
1786364910.141,314.879
1786364910.243,314.886
1786364910.344,315.113
1786364910.446,315.156
1786364910.548,315.733
1786364910.650,315.699
1786364910.751,315.645
1786364910.853,315.731
1786364910.955,315.763
1786364911.055,315.836
1786364911.157,315.475
1786364911.259,317.043
1786364911.360,317.131
1786364911.462,316.916
1786364911.564,316.912
1786364911.665,316.918
1786364911.767,317.044
1786364911.869,317.071
1786364911.969,317.085
1786364912.071,315.699
1786364912.172,315.685
1786364912.273,316.948
1786364912.375,316.9
1786364912.476,316.857
1786364912.577,316.798
1786364912.678,316.753
1786364912.779,316.698
1786364912.880,316.577
1786364912.981,316.635
1786364913.082,316.738
1786364913.183,318.068
1786364913.284,318.103
1786364913.384,318.103
1786364913.485,318.273
1786364913.585,318.399
1786364913.686,318.462
1786364913.786,318.542
1786364913.886,318.733
1786364913.989,318.906
1786364914.094,319.024
1786364914.194,319.05
1786364914.297,317.414
1786364914.400,317.502
1786364914.504,317.462
1786364914.606,317.396
1786364914.710,317.285
1786364914.814,317.427
1786364914.916,317.612
1786364915.016,317.644
1786364915.119,317.623
1786364915.223,316.334
1786364915.328,316.384
1786364915.432,317.929
1786364915.536,318.021
1786364915.638,318.119
1786364915.742,318.218
1786364915.845,318.369
1786364915.945,318.24
1786364916.047,316.502
1786364916.149,316.447
1786364916.252,316.381
1786364916.354,317.846
1786364916.456,317.817
1786364916.557,317.828
1786364916.659,317.794
1786364916.761,317.764
1786364916.864,317.66
1786364916.966,317.56
1786364917.068,317.375
1786364917.172,318.961
1786364917.276,318.979
1786364917.380,319.048
1786364917.484,318.879
1786364917.585,318.979
1786364917.689,319.051
1786364917.793,319.011
1786364917.894,317.351
1786364917.997,317.606
1786364918.101,317.739
1786364918.205,317.832
1786364918.309,317.873
1786364918.413,317.811
1786364918.517,317.724
1786364918.619,317.641
1786364918.722,317.531
1786364918.823,317.49
1786364918.927,317.509
1786364919.027,319.201
1786364919.130,318.987
1786364919.232,317.451
1786364919.332,317.544
1786364919.436,316.826
1786364919.541,316.971
1786364919.642,317.043
1786364919.743,317.122
1786364919.848,317.098
1786364919.952,317.008
1786364920.053,316.916
1786364920.155,316.936
1786364920.256,316.799
1786364920.357,315.229
1786364920.458,315.244
1786364920.560,315.935
1786364920.661,315.865
1786364920.762,315.865
1786364920.864,315.893
1786364920.965,316.083
1786364921.065,316.067
1786364921.167,316.179
1786364921.268,316.301
1786364921.369,316.228
1786364921.470,316.381
1786364921.571,319.347
1786364921.672,319.223
1786364921.773,319.203
1786364921.873,318.997
1786364921.974,318.87
1786364922.074,318.768
1786364922.174,316.488
1786364922.275,316.325
1786364922.377,316.196
1786364922.482,316.18
1786364922.583,315.914
1786364922.687,315.879
1786364922.791,315.881
1786364922.896,315.834
1786364923.000,315.935
1786364923.101,314.326
1786364923.205,314.043
1786364923.308,316.221
1786364923.410,316.227
1786364923.511,316.335
1786364923.611,316.236
1786364923.712,316.38
1786364923.813,316.396
1786364923.914,316.369
1786364924.015,316.383
1786364924.115,315.479
1786364924.216,316.413
1786364924.316,316.517
1786364924.416,316.593
1786364924.517,316.663
1786364924.621,316.565
1786364924.723,316.58
1786364924.827,316.785
1786364924.931,316.634
1786364925.032,316.725
1786364925.132,316.629
1786364925.233,317.487
1786364925.333,317.487
1786364925.433,316.084
1786364925.536,315.978
1786364925.638,314.906
1786364925.740,314.842
1786364925.842,314.844
1786364925.946,314.915
1786364926.050,314.643
1786364926.154,314.725
1786364926.255,314.69
1786364926.360,313.444
1786364926.463,313.402
1786364926.564,315.411
1786364926.666,315.448
1786364926.767,316.458
1786364926.869,316.409
1786364926.973,316.357
1786364927.074,316.522
1786364927.178,316.488
1786364927.283,316.432
1786364927.383,316.364
1786364927.486,315.921
1786364927.586,316.01
1786364927.688,316.097
1786364927.790,316.118
1786364927.891,316.124
1786364927.993,316.19
1786364928.095,316.198
1786364928.196,316.201
1786364928.298,316.335
1786364928.400,316.344
1786364928.501,316.391
1786364928.601,318.255
1786364928.703,318.289
1786364928.803,318.154
1786364928.904,316.594
1786364929.006,316.634
1786364929.107,316.581
1786364929.208,316.626
1786364929.309,316.341
1786364929.410,315.759
1786364929.511,315.81
1786364929.612,315.831
1786364929.713,315.815
1786364929.813,315.769
1786364929.914,315.944
1786364930.015,317.595
1786364930.116,317.58
1786364930.217,317.616
1786364930.318,317.616
1786364930.418,317.766
1786364930.519,317.907
1786364930.619,316.643
1786364930.719,316.896
1786364930.823,315.842
1786364930.927,315.859
1786364931.032,316.009
1786364931.132,315.893
1786364931.232,315.93
1786364931.334,316.102
1786364931.435,316.243
1786364931.538,314.535
1786364931.641,314.583
1786364931.745,316.442
1786364931.849,316.147
1786364931.953,317.235
1786364932.057,317.303
1786364932.160,317.229
1786364932.264,317.299
1786364932.368,317.187
1786364932.472,317.026
1786364932.574,316.966
1786364932.675,318.624
1786364932.777,318.557
1786364932.878,318.535
1786364932.978,318.644
1786364933.079,317.178
1786364933.180,317.06
1786364933.282,317.04
1786364933.383,317.064
1786364933.484,317.152
1786364933.585,317.315
1786364933.686,317.591
1786364933.786,317.551
1786364933.887,315.909
1786364933.988,315.932
1786364934.089,315.92
1786364934.189,317.559
1786364934.290,317.609
1786364934.390,317.585
1786364934.491,316.024
1786364934.591,316.155
1786364934.691,315.941
1786364934.792,315.715
1786364934.895,315.584
1786364934.999,317.21
1786364935.100,317.18
1786364935.201,317.18
1786364935.304,315.056
1786364935.408,314.895
1786364935.513,314.886
1786364935.614,314.941
1786364935.718,316.523
1786364935.819,316.368
1786364935.922,316.711
1786364936.027,316.682
1786364936.131,315.605
1786364936.235,315.763
1786364936.337,314.995
1786364936.441,316.734
1786364936.545,316.842
1786364936.648,316.831
1786364936.752,316.818
1786364936.853,316.858
1786364936.958,316.943
1786364937.058,316.744
1786364937.159,316.766
1786364937.261,316.675
1786364937.365,316.601
1786364937.469,317.381
1786364937.574,317.786
1786364937.676,317.677
1786364937.780,317.947
1786364937.881,317.851
1786364937.986,317.847
1786364938.090,317.872
1786364938.194,317.933
1786364938.298,317.896
1786364938.401,318.088
1786364938.505,318.126
1786364938.609,318.215
1786364938.713,318.247
1786364938.818,318.376
1786364938.920,318.059
1786364939.025,318.043
1786364939.127,317.932
1786364939.231,317.833
1786364939.331,317.728
1786364939.435,315.649
1786364938.322,316.566
1786364938.424,316.621
1786364938.528,316.545
1786364938.628,316.438
1786364938.728,316.273
1786364938.832,316.18
1786364938.934,316.166
1786364939.038,314.951
1786364939.139,314.799
1786364939.243,314.752
1786364939.347,316.774
1786364939.450,316.956
1786364939.555,316.778
1786364939.656,316.642
1786364939.760,316.771
1786364939.861,316.62
1786364939.965,316.64
1786364940.069,315.559
1786364940.173,316.679
1786364940.277,316.783
1786364940.381,316.965
1786364940.482,316.271
1786364940.586,314.464
1786364940.690,314.461
1786364940.794,314.48
1786364940.898,314.312
1786364941.002,314.436
1786364941.106,314.505
1786364941.210,315.592
1786364941.314,315.678
1786364941.415,315.979
1786364941.519,315.85
1786364941.619,316.607
1786364941.721,316.959
1786364941.825,316.98
1786364941.927,317.146
1786364942.031,317.239
1786364942.135,317.19
1786364942.240,317.208
1786364942.344,317.099
1786364942.447,317.124
1786364942.547,316.742
1786364942.649,315.318
1786364942.753,315.245
1786364942.856,316.598
1786364942.960,316.621
1786364943.065,316.6
1786364943.167,314.659
1786364943.271,314.745
1786364943.372,314.72
1786364943.476,315.075
1786364943.580,315.03
1786364943.681,315.127
1786364943.785,316.457
1786364943.886,314.95
1786364943.989,314.995
1786364944.093,314.961
1786364944.197,314.912
1786364944.301,316.794
1786364944.405,316.795
1786364944.509,316.835
1786364944.614,316.667
1786364944.718,316.694
1786364944.822,316.875
1786364944.926,316.905
1786364945.028,316.411
1786364945.133,316.434
1786364945.237,315.434
1786364945.341,315.417
1786364945.444,315.335
1786364945.548,315.504
1786364945.649,315.528
1786364945.753,315.425
1786364945.854,315.417
1786364945.954,315.189
1786364946.055,315.236
1786364946.159,317.217
1786364946.260,315.628
1786364946.360,316.626
1786364946.460,316.608
1786364946.561,316.615
1786364946.661,316.615
1786364946.762,316.472
1786364946.862,316.365
1786364946.963,316.36
1786364947.063,316.484
1786364947.164,316.536
1786364947.264,316.575
1786364947.365,316.58
1786364947.465,318.164
1786364947.566,318.098
1786364947.666,318.192
1786364947.767,318.314
1786364947.867,316.814
1786364947.968,316.88
1786364948.068,317.037
1786364948.169,316.277
1786364948.269,316.29
1786364948.370,316.441
1786364948.470,316.625
1786364948.571,316.661
1786364948.671,316.808
1786364948.771,316.542
1786364948.872,316.59
1786364948.972,317.982
1786364949.073,316.408
1786364949.174,316.445
1786364949.274,317.186
1786364949.374,317.231
1786364949.475,317.049
1786364949.576,316.91
1786364949.676,316.91
1786364949.776,316.904
1786364949.877,316.895
1786364949.978,317.076
1786364950.078,317.06
1786364950.179,317.163
1786364950.279,318.708
1786364950.379,318.587
1786364950.480,317.224
1786364950.580,317.178
1786364950.681,317.114
1786364950.781,315.419
1786364950.882,315.469
1786364950.982,315.452
1786364951.083,315.508
1786364951.183,315.446
1786364951.284,315.492
1786364951.384,315.731
1786364951.485,315.745
1786364951.585,317.033
1786364951.686,315.412
1786364951.786,315.703
1786364951.887,317.364
1786364951.987,317.278
1786364952.087,317.331
1786364952.188,317.372
1786364952.288,317.452
1786364952.389,317.379
1786364952.489,315.81
1786364952.589,315.832
1786364952.690,315.832
1786364952.790,315.81
1786364952.891,317.471
1786364952.991,317.349
1786364953.092,317.4
1786364953.192,317.557
1786364953.292,317.591
1786364953.393,317.58
1786364953.493,317.596
1786364953.594,317.773
1786364953.698,319.25
1786364953.798,319.239
1786364953.899,317.744
1786364954.002,317.71
1786364954.106,317.813
1786364954.211,317.802
1786364954.315,317.79
1786364954.419,317.791
1786364954.523,317.75
1786364954.627,317.654
1786364954.731,317.624
1786364954.835,317.508
1786364954.939,317.517
1786364955.043,319.067
1786364955.144,318.338
1786364955.249,317.397
1786364955.353,317.403
1786364955.454,317.281
1786364955.559,317.201
1786364955.660,316.14
1786364955.764,316.109
1786364955.868,315.892
1786364955.970,315.777
1786364956.074,315.657
1786364956.179,315.473
1786364956.279,315.883
1786364956.381,315.558
1786364956.485,315.49
1786364956.589,315.488
1786364956.690,315.403
1786364956.795,316.5
1786364956.899,316.654
1786364957.003,316.732
1786364957.107,316.838
1786364957.212,316.796
1786364957.316,316.901
1786364957.419,314.999
1786364957.523,316.243
1786364957.627,316.219
1786364957.731,316.217
1786364957.836,316.171
1786364957.936,316.05
1786364958.039,315.812
1786364958.140,315.862
1786364958.244,315.037
1786364958.345,315.105
1786364958.449,313.317
1786364958.553,315.164
1786364958.655,315.118
1786364958.758,315.072
1786364958.862,314.989
1786364958.966,314.986
1786364959.067,314.906
1786364959.168,315.038
1786364959.270,313.659
1786364959.374,314.364
1786364959.479,314.358
1786364959.583,316.362
1786364959.687,316.522
1786364959.791,316.57
1786364959.895,316.592
1786364959.998,316.727
1786364960.102,316.759
1786364960.206,316.947
1786364960.310,316.957
1786364960.411,316.997
1786364960.514,317.27
1786364960.618,317.305
1786364960.720,317.079
1786364960.824,316.48
1786364960.928,316.394
1786364961.033,316.451
1786364961.137,316.363
1786364961.241,316.496
1786364961.345,316.385
1786364961.447,316.307
1786364961.548,317.583
1786364961.648,315.847
1786364961.752,315.869
1786364961.855,315.911
1786364961.960,316.39
1786364962.064,316.407
1786364962.168,316.584
1786364962.272,316.542
1786364962.376,316.354
1786364962.479,316.353
1786364962.583,316.295
1786364962.685,314.907
1786364962.789,316.42
1786364962.893,316.372
1786364962.997,316.385
1786364963.101,316.363
1786364963.205,316.382
1786364963.309,316.264
1786364963.410,316.335
1786364963.514,316.568
1786364963.619,316.598
1786364963.722,316.705
1786364963.826,318.023
1786364963.927,317.983
1786364964.031,317.894
1786364964.133,317.754
1786364964.237,317.756
1786364964.341,317.44
1786364964.444,316.182
1786364964.548,316.102
1786364964.648,315.986
1786364964.753,316.066
1786364964.857,315.949
1786364964.961,316.144
1786364965.065,316.117
1786364965.169,316.268
1786364965.274,316.282
1786364965.378,316.387
1786364965.481,316.881
1786364965.582,318.205
1786364965.684,316.664
1786364965.788,316.694
1786364965.892,316.765
1786364965.995,315.768
1786364966.099,315.926
1786364966.203,316.076
1786364966.307,316.123
1786364966.408,316.333
1786364966.509,316.333
1786364966.613,314.917
1786364966.714,314.979
1786364966.819,314.887
1786364966.923,316.614
1786364967.026,316.667
1786364967.131,316.635
1786364967.235,317.807
1786364967.335,317.579
1786364967.437,315.681
1786364967.541,315.728
1786364967.645,315.606
1786364967.749,317.156
1786364967.853,317.047
1786364967.954,317.142
1786364968.057,317.1
1786364968.159,317.071
1786364968.263,316.531
1786364968.367,316.524
1786364968.470,314.988
1786364968.574,316.845
1786364968.675,316.771
1786364968.779,316.821
1786364968.884,316.604
1786364968.988,316.507
1786364969.092,316.435
1786364969.196,316.416
1786364969.300,316.399
1786364969.400,316.883
1786364969.502,314.656
1786364969.603,316.254
1786364969.706,316.197
1786364969.810,316.233
1786364969.914,316.403
1786364970.017,316.433
1786364970.121,316.451
1786364970.226,316.452
1786364970.330,316.308
1786364970.431,316.243
1786364970.534,316.191
1786364969.409,318.393
1786364969.511,318.213
1786364969.616,318.302
1786364969.718,316.645
1786364969.822,316.456
1786364969.923,316.397
1786364970.026,315.504
1786364970.131,315.457
1786364970.233,315.579
1786364970.338,315.648
1786364970.438,315.686
1786364970.541,313.575
1786364970.645,313.64
1786364970.748,313.657
1786364970.853,315.306
1786364970.956,315.321
1786364971.061,315.438
1786364971.165,316.421
1786364971.269,316.381
1786364971.373,316.579
1786364971.477,314.838
1786364971.581,314.859
1786364971.685,316.997
1786364971.790,316.99
1786364971.894,317.174
1786364971.997,317.149
1786364972.101,317.007
1786364972.206,316.924
1786364972.310,316.838
1786364972.414,316.709
1786364972.518,315.541
1786364972.622,316.493
1786364972.726,316.399
1786364972.830,316.321
1786364972.935,316.349
1786364973.039,316.124
1786364973.140,316.115
1786364973.244,316.392
1786364973.349,314.612
1786364973.453,314.523
1786364973.557,314.904
1786364973.661,315.784
1786364973.765,316.448
1786364973.869,316.453
1786364973.974,316.418
1786364974.077,316.303
1786364974.181,314.721
1786364974.286,314.621
1786364974.390,314.485
1786364974.494,316.312
1786364974.598,316.331
1786364974.702,316.022
1786364974.806,316.179
1786364974.911,316.3
1786364975.015,316.364
1786364975.119,314.684
1786364975.223,314.186
1786364975.327,315.69
1786364975.431,315.704
1786364975.535,315.672
1786364975.640,315.645
1786364975.744,315.694
1786364975.848,315.741
1786364975.949,315.837
1786364976.049,315.706
1786364976.150,314.121
1786364976.250,315.799
1786364976.351,316.607
1786364976.451,316.596
1786364976.552,316.599
1786364976.652,316.599
1786364976.753,316.617
1786364976.853,316.629
1786364976.954,315.954
1786364977.054,314.307
1786364977.155,314.375
1786364977.255,315.854
1786364977.356,316.057
1786364977.456,315.871
1786364977.556,315.965
1786364977.657,315.98
1786364977.757,315.95
1786364977.858,315.96
1786364977.958,315.96
1786364978.059,316.038
1786364978.159,316.756
1786364978.260,318.207
1786364978.360,316.248
1786364978.461,316.556
1786364978.561,316.436
1786364978.662,316.527
1786364978.762,316.586
1786364978.862,316.657
1786364978.963,316.687
1786364979.063,316.752
1786364979.164,316.73
1786364979.264,316.785
1786364979.365,316.815
1786364979.465,318.831
1786364979.566,317.437
1786364979.666,317.387
1786364979.767,317.272
1786364979.867,317.179
1786364979.968,317.41
1786364980.068,317.49
1786364980.169,317.461
1786364980.271,317.49
1786364980.372,316.298
1786364980.472,316.21
1786364980.573,314.8
1786364980.673,315.919
1786364980.774,315.99
1786364980.874,315.984
1786364980.975,315.984
1786364981.075,316.151
1786364981.176,316.008
1786364981.276,316.059
1786364981.377,316.132
1786364981.477,316.262
1786364981.578,317.568
1786364981.678,317.759
1786364981.778,319.307
1786364981.879,319.521
1786364981.980,319.583
1786364982.080,319.699
1786364982.180,319.642
1786364982.281,317.239
1786364982.381,317.311
1786364982.482,317.202
1786364982.582,317.25
1786364982.683,317.031
1786364982.784,316.933
1786364982.884,316.869
1786364982.985,316.787
1786364983.089,316.844
1786364983.193,315.455
1786364983.298,315.468
1786364983.402,317.72
1786364983.507,317.485
1786364983.611,317.614
1786364983.715,317.485
1786364983.820,317.49
1786364983.924,315.956
1786364984.028,315.802
1786364984.133,315.786
1786364984.237,315.69
1786364984.341,317.066
1786364984.446,317.011
1786364984.550,317.084
1786364984.651,317.279
1786364984.756,314.824
1786364984.860,314.726
1786364984.964,314.876
1786364985.069,316.409
1786364985.173,316.5
1786364985.277,316.517
1786364985.382,315.151
1786364985.486,315.081
1786364985.591,314.36
1786364985.695,314.426
1786364985.799,314.393
1786364985.903,316.754
1786364986.007,316.71
1786364986.112,316.693
1786364986.216,316.97
1786364986.320,317.004
1786364986.425,317.036
1786364986.529,318.465
1786364986.633,318.472
1786364986.738,319.221
1786364986.842,317.542
1786364986.946,317.085
1786364987.051,317.125
1786364987.155,317.232
1786364987.259,317.325
1786364987.364,317.106
1786364987.468,317.158
1786364987.573,317.199
1786364987.677,317.392
1786364987.781,316.011
1786364987.882,315.983
1786364987.982,317.706
1786364988.083,318.158
1786364988.184,318.158
1786364988.284,318.349
1786364988.385,318.173
1786364988.486,318.115
1786364988.586,318.11
1786364988.687,318.14
1786364988.788,317.906
1786364988.889,319.384
1786364988.990,319.384
1786364989.091,319.402
1786364989.192,319.297
1786364989.293,317.766
1786364989.394,317.787
1786364989.494,317.52
1786364989.595,317.421
1786364989.696,317.369
1786364989.797,317.134
1786364989.898,317.114
1786364989.998,317.026
1786364990.099,316.871
1786364990.200,316.748
1786364990.301,316.624
1786364990.402,317.914
1786364990.503,316.552
1786364990.603,316.523
1786364990.704,316.62
1786364990.804,315.672
1786364990.905,315.661
1786364991.006,315.674
1786364991.106,315.646
1786364991.207,315.549
1786364991.308,315.603
1786364991.409,315.647
1786364991.510,315.739
1786364991.611,316.889
1786364991.712,316.962
1786364991.813,317.01
1786364991.913,318.139
1786364992.014,318.346
1786364992.115,318.142
1786364992.216,318.142
1786364992.316,316.632
1786364992.417,316.669
1786364992.518,316.72
1786364992.619,316.724
1786364992.720,316.73
1786364992.821,316.898
1786364992.922,316.81
1786364993.023,316.848
1786364993.123,316.538
1786364993.224,316.534
1786364993.325,316.637
1786364993.425,318.147
1786364993.526,318.236
1786364993.627,318.198
1786364993.728,316.82
1786364993.828,316.816
1786364993.930,316.694
1786364994.030,316.79
1786364994.131,316.667
1786364994.232,316.731
1786364994.333,316.56
1786364994.434,316.498
1786364994.538,316.717
1786364994.642,316.686
1786364994.746,316.682
1786364994.850,318.067
1786364994.954,318.075
1786364995.058,318.157
1786364995.163,318.121
1786364995.267,318.188
1786364995.371,318.323
1786364995.475,318.455
1786364995.579,318.707
1786364995.683,318.461
1786364995.787,318.445
1786364995.892,318.449
1786364995.996,317.344
1786364996.100,317.368
1786364996.204,317.513
1786364996.308,317.486
1786364996.412,317.433
1786364996.516,317.406
1786364996.620,317.372
1786364996.725,317.151
1786364996.829,317.149
1786364996.933,316.603
1786364997.037,316.487
1786364997.141,317.563
1786364997.245,315.245
1786364997.350,315.018
1786364997.453,314.955
1786364997.558,314.946
1786364997.662,314.93
1786364997.766,314.903
1786364997.870,314.836
1786364997.974,314.917
1786364998.078,315.69
1786364998.183,315.811
1786364998.287,315.869
1786364998.391,318.279
1786364998.492,318.464
1786364998.592,318.605
1786364998.693,318.787
1786364998.794,316.637
1786364998.895,316.7
1786364998.995,316.852
1786364999.096,316.881
1786364999.197,316.828
1786364999.298,316.907
1786364999.399,317.163
1786364999.500,317.107
1786364999.601,317.107
1786364999.702,316.986
1786364999.803,315.4
1786364999.903,315.571
1786365000.004,317.791
1786365000.105,317.84
1786365000.206,317.804
1786365000.306,317.79
1786365000.407,317.754
1786365000.508,317.746
1786365000.609,317.533
1786365000.709,317.316
1786365000.810,317.352
1786365000.911,316.602
1786365001.012,316.559
1786365001.112,316.47
1786365001.213,316.418
1786365001.313,315.265
1786365001.414,315.287
1786365001.515,315.249
1786365000.373,314.493
1786365000.474,314.462
1786365000.575,314.747
1786365000.676,314.709
1786365000.777,314.436
1786365000.878,314.191
1786365000.979,314.264
1786365001.080,314.31
1786365001.180,315.511
1786365001.281,314.735
1786365001.382,314.701
1786365001.482,315.432
1786365001.583,315.603
1786365001.688,313.023
1786365001.789,313.269
1786365001.889,313.269
1786365001.990,315.858
1786365002.090,315.888
1786365002.191,315.884
1786365002.291,315.809
1786365002.392,315.724
1786365002.492,316.461
1786365002.593,316.448
1786365002.693,316.423
1786365002.794,316.299
1786365002.894,318.759
1786365002.994,317.181
1786365003.095,317.181
1786365003.195,317.157
1786365003.296,317.205
1786365003.396,317.298
1786365003.497,317.505
1786365003.597,317.521
1786365003.698,317.538
1786365003.798,315.95
1786365003.899,316.14
1786365003.999,316.134
1786365004.100,317.511
1786365004.200,317.42
1786365004.301,317.381
1786365004.401,317.325
1786365004.502,317.205
1786365004.602,316.984
1786365004.703,316.888
1786365004.803,316.925
1786365004.904,318.471
1786365005.004,318.285
1786365005.104,318.483
1786365005.205,318.483
1786365005.305,316.026
1786365005.406,316.025
1786365005.506,316.049
1786365005.607,316.013
1786365005.708,315.947
1786365005.809,315.103
1786365005.909,315.11
1786365006.010,315.01
1786365006.110,315.134
1786365006.211,313.712
1786365006.312,313.449
1786365006.413,315.806
1786365006.513,315.942
1786365006.614,315.933
1786365006.715,315.936
1786365006.815,315.928
1786365006.916,316.647
1786365007.016,316.697
1786365007.117,316.712
1786365007.217,316.55
1786365007.317,316.166
1786365007.418,316.077
1786365007.518,316.09
1786365007.619,315.952
1786365007.719,316.128
1786365007.819,316.005
1786365007.920,316.041
1786365008.020,316.052
1786365008.120,315.896
1786365008.220,315.836
1786365008.321,315.789
1786365008.422,316.06
1786365008.523,316.118
1786365008.623,316.118
1786365008.724,316.021
1786365008.825,316.01
1786365008.925,315.725
1786365009.026,315.723
1786365009.126,315.812
1786365009.226,315.752
1786365009.327,315.862
1786365009.427,315.903
1786365009.527,315.861
1786365009.628,317.179
1786365009.728,315.592
1786365009.828,315.753
1786365009.929,315.743
1786365010.030,315.817
1786365010.130,315.811
1786365010.231,315.715
1786365010.331,315.875
1786365010.432,314.766
1786365010.533,314.685
1786365010.633,314.682
1786365010.734,314.694
1786365010.835,316.268
1786365010.936,316.351
1786365011.036,316.476
1786365011.138,316.412
1786365011.239,316.488
1786365011.340,314.773
1786365011.440,314.885
1786365011.541,315.863
1786365011.642,315.943
1786365011.743,316.075
1786365011.843,316.075
1786365011.944,316.173
1786365012.045,316.249
1786365012.145,316.097
1786365012.247,315.892
1786365012.347,315.892
1786365012.448,314.51
1786365012.549,316.173
1786365012.649,315.92
1786365012.750,315.919
1786365012.851,315.881
1786365012.951,315.927
1786365013.052,315.98
1786365013.152,316.03
1786365013.253,316.06
1786365013.353,316.156
1786365013.454,314.838
1786365013.554,316.23
1786365013.655,316.403
1786365013.755,316.537
1786365013.860,316.682
1786365013.965,316.686
1786365014.070,316.711
1786365014.174,316.833
1786365014.279,316.848
1786365014.384,317.154
1786365014.488,317.137
1786365014.593,318.701
1786365014.698,317.202
1786365014.803,317.291
1786365014.907,317.447
1786365015.012,317.543
1786365015.117,317.74
1786365015.222,317.679
1786365015.327,317.634
1786365015.431,317.626
1786365015.535,315.63
1786365015.640,314.61
1786365015.745,313.969
1786365015.850,315.546
1786365015.955,315.4
1786365016.059,315.401
1786365016.164,315.457
1786365016.266,313.791
1786365016.370,313.895
1786365016.471,313.898
1786365016.575,314.027
1786365016.679,315.867
1786365016.784,316.971
1786365016.889,317.359
1786365016.994,317.322
1786365017.099,317.172
1786365017.203,317.01
1786365017.308,317.122
1786365017.413,318.695
1786365017.518,318.561
1786365017.618,316.907
1786365017.723,316.776
1786365017.828,316.805
1786365017.933,316.914
1786365018.038,316.892
1786365018.142,316.872
1786365018.247,317.04
1786365018.352,317.002
1786365018.457,316.704
1786365018.562,316.726
1786365018.662,315.126
1786365018.766,316.609
1786365018.871,316.606
1786365018.975,316.492
1786365019.080,316.442
1786365019.184,316.415
1786365019.289,316.416
1786365019.394,316.457
1786365019.498,316.692
1786365019.603,316.77
1786365019.706,316.729
1786365019.811,318.356
1786365019.916,318.446
1786365020.017,316.417
1786365020.122,316.4
1786365020.226,316.387
1786365020.331,316.509
1786365020.435,316.578
1786365020.540,316.576
1786365020.643,316.412
1786365020.747,316.476
1786365020.847,315.926
1786365020.950,313.764
1786365021.054,313.827
1786365021.159,315.843
1786365021.263,315.848
1786365021.368,315.773
1786365021.472,315.864
1786365021.577,315.848
1786365021.681,315.843
1786365021.785,315.916
1786365021.890,315.862
1786365021.992,315.162
1786365022.096,317.386
1786365022.201,317.315
1786365022.305,317.35
1786365022.410,317.349
1786365022.514,317.363
1786365022.618,317.293
1786365022.723,317.189
1786365022.827,317.345
1786365022.932,317.232
1786365023.033,315.667
1786365023.138,316.915
1786365023.242,317.088
1786365023.344,317.079
1786365023.448,316.929
1786365023.553,316.957
1786365023.658,316.927
1786365023.762,316.886
1786365023.866,316.91
1786365023.970,316.686
1786365024.075,316.583
1786365024.179,318.222
1786365024.284,318.263
1786365024.389,317.957
1786365024.493,317.9
1786365024.594,316.349
1786365024.697,316.293
1786365024.802,316.237
1786365024.906,316.311
1786365025.010,316.336
1786365025.115,316.354
1786365025.219,316.441
1786365025.324,316.263
1786365025.428,316.391
1786365025.533,316.31
1786365025.637,316.33
1786365025.738,316.023
1786365025.842,315.82
1786365025.946,315.789
1786365026.051,315.365
1786365026.153,315.336
1786365026.254,315.257
1786365026.355,315.347
1786365026.455,315.347
1786365026.556,315.4
1786365026.656,315.162
1786365026.760,315.135
1786365026.862,315.186
1786365026.966,315.153
1786365027.070,315.26
1786365027.171,315.4
1786365027.272,315.801
1786365027.372,315.803
1786365027.472,315.869
1786365027.573,316.062
1786365027.676,316.073
1786365027.780,316.111
1786365027.885,316.277
1786365027.989,316.213
1786365028.093,318.165
1786365028.197,316.129
1786365028.301,316.052
1786365028.406,315.917
1786365028.510,315.892
1786365028.611,315.817
1786365028.715,315.733
1786365028.819,315.709
1786365028.923,315.667
1786365029.027,315.551
1786365029.132,315.458
1786365029.236,315.435
1786365029.340,317.561
1786365029.444,317.613
1786365029.545,317.667
1786365029.646,316.322
1786365029.750,316.298
1786365029.854,316.06
1786365029.957,316.005
1786365030.060,316.137
1786365030.164,316.257
1786365030.266,316.37
1786365030.369,316.448
1786365030.472,316.435
1786365030.576,316.382
1786365030.677,316.363
1786365030.780,317.724
1786365030.881,317.76
1786365030.984,316.366
1786365031.088,316.385
1786365031.193,316.223
1786365031.294,315.205
1786365031.394,315.161
1786365031.495,315.078
1786365031.596,315.003
1786365031.697,314.955
1786365031.798,314.937
1786365031.899,314.888
1786365031.999,314.893
1786365032.100,314.837
1786365032.201,314.952
1786365032.302,315.062
1786365032.403,316.163
1786365032.503,316.315
1786365031.341,316.394
1786365031.442,316.571
1786365031.543,316.739
1786365031.643,314.975
1786365031.745,315.065
1786365031.846,315.328
1786365031.947,316.749
1786365032.047,316.749
1786365032.148,316.671
1786365032.249,316.58
1786365032.349,316.487
1786365032.450,316.394
1786365032.550,316.418
1786365032.651,316.402
1786365032.752,316.29
1786365032.853,318.253
1786365032.954,316.928
1786365033.055,316.792
1786365033.156,316.93
1786365033.257,317.009
1786365033.358,317.118
1786365033.458,317.284
1786365033.559,317.423
1786365033.659,317.424
1786365033.760,317.325
1786365033.861,317.463
1786365033.961,317.436
1786365034.062,318.758
1786365034.163,318.595
1786365034.264,318.432
1786365034.365,318.317
1786365034.466,317.698
1786365034.567,317.4
1786365034.668,317.21
1786365034.769,317.248
1786365034.869,317.305
1786365034.970,315.47
1786365035.071,315.439
1786365035.172,315.406
1786365035.273,314.374
1786365035.374,314.708
1786365035.474,314.708
1786365035.575,314.82
1786365035.676,315.465
1786365035.777,315.634
1786365035.878,315.712
1786365035.979,315.739
1786365036.079,315.769
1786365036.180,317.487
1786365036.281,317.579
1786365036.382,317.686
1786365036.483,318.853
1786365036.584,318.703
1786365036.684,318.963
1786365036.785,316.971
1786365036.886,316.964
1786365036.987,317.011
1786365037.088,317.2
1786365037.189,317.166
1786365037.290,317.275
1786365037.390,317.277
1786365037.491,317.292
1786365037.592,317.35
1786365037.693,315.43
1786365037.793,315.182
1786365037.894,316.995
1786365037.995,316.91
1786365038.096,316.882
1786365038.197,316.589
1786365038.298,316.692
1786365038.398,316.737
1786365038.499,316.715
1786365038.600,316.774
1786365038.701,316.824
1786365038.801,316.847
1786365038.902,316.847
1786365039.003,316.987
1786365039.104,317.256
1786365039.205,317.569
1786365039.306,317.57
1786365039.407,317.772
1786365039.507,317.768
1786365039.608,317.585
1786365039.708,315.939
1786365039.808,315.583
1786365039.909,315.427
1786365040.010,317.234
1786365040.111,316.989
1786365040.211,316.763
1786365040.312,316.441
1786365040.413,316.413
1786365040.514,315.326
1786365040.615,315.195
1786365040.716,315.191
1786365040.817,316.758
1786365040.917,316.916
1786365041.018,316.888
1786365041.118,316.766
1786365041.219,315.745
1786365041.320,315.882
1786365041.421,315.924
1786365041.522,315.957
1786365041.623,317.086
1786365041.723,317.058
1786365041.824,317.11
1786365041.925,317.11
1786365042.026,317.175
1786365042.127,315.94
1786365042.228,315.94
1786365042.329,316.057
1786365042.430,317.06
1786365042.530,316.972
1786365042.631,316.953
1786365042.732,316.811
1786365042.833,316.625
1786365042.937,316.659
1786365043.041,316.923
1786365043.145,316.818
1786365043.246,316.731
1786365043.351,316.059
1786365043.455,315.987
1786365043.559,315.947
1786365043.663,315.968
1786365043.767,316.058
1786365043.871,316.079
1786365043.975,315.965
1786365044.076,315.897
1786365044.180,314.389
1786365044.285,314.365
1786365044.385,314.38
1786365044.487,315.739
1786365044.588,315.874
1786365044.692,315.968
1786365044.796,315.977
1786365044.900,315.96
1786365045.001,316.072
1786365045.102,316.098
1786365045.204,314.677
1786365045.309,315.938
1786365045.413,316.117
1786365045.517,316.127
1786365045.621,316.675
1786365045.725,315.668
1786365045.829,315.6
1786365045.930,315.547
1786365046.031,315.498
1786365046.132,315.384
1786365046.232,315.469
1786365046.333,317.19
1786365046.434,315.55
1786365046.534,315.392
1786365046.634,315.395
1786365046.738,315.678
1786365046.843,316.636
1786365046.947,316.769
1786365047.051,316.785
1786365047.155,316.786
1786365047.259,316.844
1786365047.363,316.833
1786365047.467,316.552
1786365047.568,318.023
1786365047.671,316.89
1786365047.775,316.88
1786365047.879,316.662
1786365047.983,316.697
1786365048.087,316.922
1786365048.190,317.106
1786365048.292,317.134
1786365048.394,317.221
1786365048.496,317.321
1786365048.599,317.556
1786365048.701,317.725
1786365048.803,319.047
1786365048.905,319.149
1786365049.007,317.752
1786365049.109,317.786
1786365049.211,317.637
1786365049.313,317.468
1786365049.416,317.587
1786365049.518,317.565
1786365049.621,317.522
1786365049.721,317.351
1786365049.824,316.026
1786365049.926,316.017
1786365050.029,316.018
1786365050.132,317.492
1786365050.234,317.485
1786365050.337,317.654
1786365050.437,317.721
1786365050.538,317.721
1786365050.641,316.037
1786365050.743,316.301
1786365050.846,316.358
1786365050.949,315.303
1786365051.052,316.743
1786365051.156,316.834
1786365051.259,316.876
1786365051.362,316.815
1786365051.466,316.891
1786365051.566,316.723
1786365051.670,316.858
1786365051.773,316.69
1786365051.877,316.557
1786365051.981,316.588
1786365052.082,317.65
1786365052.187,317.713
1786365052.291,317.626
1786365052.395,317.688
1786365052.497,317.737
1786365052.601,317.695
1786365052.706,317.63
1786365052.808,317.576
1786365052.912,318.08
1786365053.014,317.96
1786365053.118,317.889
1786365053.223,317.983
1786365053.327,317.906
1786365053.431,317.896
1786365053.535,317.851
1786365053.639,317.755
1786365053.742,317.836
1786365053.846,316.471
1786365053.950,316.222
1786365054.052,317.51
1786365054.156,317.619
1786365054.260,317.642
1786365054.364,317.655
1786365054.465,317.099
1786365054.568,317.15
1786365054.672,317.092
1786365054.776,317.222
1786365054.878,315.819
1786365054.980,317.143
1786365055.082,317.353
1786365055.184,317.464
1786365055.286,317.39
1786365055.388,317.367
1786365055.490,317.394
1786365055.591,318.055
1786365055.693,317.874
1786365055.794,317.897
1786365055.896,316.633
1786365055.997,317.905
1786365056.099,317.212
1786365056.201,317.251
1786365056.302,317.203
1786365056.404,317.142
1786365056.505,317.061
1786365056.606,316.954
1786365056.708,316.834
1786365056.809,316.886
1786365056.911,316.908
1786365057.012,318.063
1786365057.113,317.994
1786365057.214,316.502
1786365057.316,316.512
1786365057.417,316.445
1786365057.518,316.483
1786365057.619,316.397
1786365057.719,316.308
1786365057.820,316.134
1786365057.921,316.09
1786365058.022,316.008
1786365058.122,315.988
1786365058.223,315.988
1786365058.323,314.732
1786365058.426,316.866
1786365058.526,316.642
1786365058.628,316.55
1786365058.728,316.506
1786365058.829,316.613
1786365058.929,316.874
1786365059.030,316.926
1786365059.130,316.938
1786365059.231,315.466
1786365059.332,315.466
1786365059.432,316.757
1786365059.533,316.799
1786365059.634,316.936
1786365059.735,316.947
1786365059.836,316.812
1786365059.937,316.785
1786365060.038,314.468
1786365060.139,314.604
1786365060.239,314.541
1786365060.340,316.105
1786365060.441,316.081
1786365060.541,315.996
1786365060.642,315.944
1786365060.743,315.836
1786365060.844,315.805
1786365060.945,315.952
1786365061.046,315.793
1786365061.147,317.822
1786365061.247,316.722
1786365061.348,314.311
1786365061.449,313.517
1786365061.549,313.517
1786365061.650,313.502
1786365061.751,313.556
1786365061.852,313.564
1786365061.953,313.67
1786365062.054,313.866
1786365062.154,313.861
1786365062.255,312.175
1786365062.356,312.778
1786365062.457,313.693
1786365062.558,316.169
1786365062.659,316.848
1786365062.759,316.799
1786365062.860,316.807
1786365062.961,316.826
1786365063.062,316.703
1786365063.162,315.186
1786365063.263,315.163
1786365063.364,317.02
1786365063.465,316.473
1786365063.567,316.463
1786365062.451,316.63
1786365062.552,316.622
1786365062.653,316.613
1786365062.753,316.627
1786365062.854,316.647
1786365062.955,316.686
1786365063.056,318.122
1786365063.156,317.446
1786365063.257,315.955
1786365063.358,315.872
1786365063.459,315.934
1786365063.560,315.724
1786365063.661,315.87
1786365063.761,315.87
1786365063.862,315.847
1786365063.962,315.768
1786365064.063,315.729
1786365064.164,315.83
1786365064.264,315.766
1786365064.365,316.491
1786365064.469,316.495
1786365064.574,316.712
1786365064.678,316.813
1786365064.782,316.943
1786365064.886,316.894
1786365064.990,316.922
1786365065.094,317.058
1786365065.197,317.21
1786365065.299,313.949
1786365065.403,313.958
1786365065.505,313.967
1786365065.609,315.424
1786365065.711,315.32
1786365065.815,315.336
1786365065.918,315.368
1786365066.020,315.43
1786365066.123,315.504
1786365066.225,315.614
1786365066.328,315.505
1786365066.430,318.839
1786365066.532,318.878
1786365066.635,316.858
1786365066.737,316.906
1786365066.840,316.922
1786365066.943,316.914
1786365067.045,316.929
1786365067.147,316.883
1786365067.248,317.096
1786365067.351,317.019
1786365067.454,317.019
1786365067.557,316.918
1786365067.660,316.975
1786365067.763,319.117
1786365067.864,319.232
1786365067.967,317.355
1786365068.071,317.211
1786365068.174,317.326
1786365068.278,317.195
1786365068.381,317.04
1786365068.485,317.047
1786365068.589,317.055
1786365068.693,317.008
1786365068.797,316.946
1786365068.901,316.877
1786365069.005,316.707
1786365069.110,318.586
1786365069.214,318.623
1786365069.314,317.197
1786365069.419,317.257
1786365069.523,317.346
1786365069.627,317.406
1786365069.731,317.444
1786365069.835,317.567
1786365069.940,317.757
1786365070.041,317.609
1786365070.146,315.614
1786365070.250,315.623
1786365070.354,315.705
1786365070.458,315.755
1786365070.562,315.751
1786365070.666,315.743
1786365070.770,315.712
1786365070.873,315.738
1786365070.978,315.74
1786365071.081,314.054
1786365071.185,314.059
1786365071.285,316.13
1786365071.390,316.172
1786365071.494,316.191
1786365071.598,317.534
1786365071.702,317.524
1786365071.806,317.445
1786365071.911,317.256
1786365072.015,317.097
1786365072.119,317.052
1786365072.220,318.572
1786365072.324,317.088
1786365072.428,316.986
1786365072.533,316.973
1786365072.637,316.971
1786365072.741,316.665
1786365072.845,316.753
1786365072.949,316.768
1786365073.053,314.917
1786365073.157,315.018
1786365073.257,314.173
1786365073.357,312.039
1786365073.458,313.526
1786365073.558,313.521
1786365073.659,313.426
1786365073.759,313.488
1786365073.860,311.146
1786365073.960,310.989
1786365074.061,310.903
1786365074.161,312.834
1786365074.262,312.8
1786365074.362,313.531
1786365074.463,313.531
1786365074.563,315.619
1786365074.664,315.551
1786365074.764,315.516
1786365074.864,315.697
1786365074.965,313.248
1786365075.066,315.667
1786365075.170,315.694
1786365075.274,315.58
1786365075.378,315.576
1786365075.482,315.487
1786365075.587,315.424
1786365075.691,314.528
1786365075.795,314.396
1786365075.896,314.414
1786365075.996,314.223
1786365076.097,316.424
1786365076.197,316.36
1786365076.297,316.326
1786365076.398,316.401
1786365076.499,316.378
1786365076.603,316.54
1786365076.703,314.926
1786365076.804,315.731
1786365076.904,316.141
1786365077.005,316.187
1786365077.105,316.13
1786365077.206,316.103
1786365077.306,316.149
1786365077.407,314.767
1786365077.507,314.492
1786365077.608,314.474
1786365077.708,314.291
1786365077.809,316.001
1786365077.909,316.14
1786365078.010,316.018
1786365078.114,316.042
1786365078.218,314.827
1786365078.322,314.972
1786365078.426,315.009
1786365078.531,316.581
1786365078.635,316.867
1786365078.739,317.001
1786365078.843,317.156
1786365078.948,317.162
1786365079.048,315.442
1786365079.148,315.522
1786365079.249,315.548
1786365079.349,315.548
1786365079.450,316.89
1786365079.550,316.837
1786365079.651,316.826
1786365079.751,316.678
1786365079.852,316.6
1786365079.952,316.507
1786365080.056,316.404
1786365080.161,316.561
1786365080.265,318.27
1786365080.369,316.408
1786365080.473,316.542
1786365080.577,316.685
1786365080.681,316.672
1786365080.785,316.639
1786365080.887,315.508
1786365080.992,315.65
1786365081.094,315.654
1786365081.198,315.874
1786365081.300,315.659
1786365081.402,314.067
1786365081.506,315.934
1786365081.610,315.908
1786365081.714,315.703
1786365081.819,315.792
1786365081.923,315.781
1786365082.027,316.929
1786365082.131,316.88
1786365082.235,316.978
1786365082.340,316.955
1786365082.444,317.096
1786365082.544,318.748
1786365082.648,317.068
1786365082.752,317.062
1786365082.857,317.262
1786365082.961,317.263
1786365083.065,317.501
1786365083.169,317.595
1786365083.273,316.9
1786365083.374,316.852
1786365083.477,315.408
1786365083.582,315.384
1786365083.685,315.278
1786365083.790,316.861
1786365083.894,316.726
1786365083.998,316.578
1786365084.102,316.595
1786365084.206,316.475
1786365084.307,316.523
1786365084.408,317.288
1786365084.509,317.503
1786365084.610,318.828
1786365084.711,316.579
1786365084.812,316.599
1786365084.913,316.607
1786365085.014,316.675
1786365085.114,316.76
1786365085.214,316.664
1786365085.315,316.757
1786365085.417,316.588
1786365085.521,316.481
1786365085.625,316.251
1786365085.729,316.191
1786365085.833,318.335
1786365085.937,318.564
1786365086.040,317.169
1786365086.144,317.231
1786365086.248,317.221
1786365086.351,315.104
1786365086.455,315.033
1786365086.559,315.116
1786365086.663,315.223
1786365086.768,315.191
1786365086.871,315.228
1786365086.975,315.526
1786365087.079,315.233
1786365087.182,315.032
1786365087.287,314.858
1786365087.387,314.967
1786365087.492,317.185
1786365087.596,317.011
1786365087.700,316.971
1786365087.804,316.88
1786365087.906,316.87
1786365088.010,314.849
1786365088.114,314.601
1786365088.218,314.624
1786365088.322,316.091
1786365088.427,316.222
1786365088.531,316.041
1786365088.635,316.033
1786365088.739,316.304
1786365088.843,316.358
1786365088.946,316.496
1786365089.051,316.565
1786365089.151,318.647
1786365089.252,318.824
1786365089.352,317.179
1786365089.455,317.298
1786365089.560,317.298
1786365089.664,317.213
1786365089.768,317.278
1786365089.871,317.172
1786365089.975,317.142
1786365090.079,317.145
1786365090.184,317.207
1786365090.288,317.267
1786365090.392,317.271
1786365090.496,319.125
1786365090.600,319.145
1786365090.705,319.077
1786365090.809,319.055
1786365090.912,317.239
1786365091.015,317.173
1786365091.118,317.112
1786365091.222,316.915
1786365091.324,315.684
1786365091.426,315.637
1786365091.530,315.393
1786365091.634,315.077
1786365091.735,314.825
1786365091.840,313.499
1786365091.944,313.552
1786365092.047,315.207
1786365092.151,315.195
1786365092.255,315.125
1786365092.359,315.208
1786365092.463,316.213
1786365092.567,316.084
1786365092.672,316.337
1786365092.776,316.465
1786365092.877,316.597
1786365092.981,317.949
1786365093.085,317.973
1786365093.186,317.863
1786365093.287,317.281
1786365093.387,315.999
1786365093.488,315.973
1786365093.589,315.904
1786365093.690,315.828
1786365093.791,315.78
1786365093.891,315.78
1786365093.992,315.63
1786365094.092,315.661
1786365094.194,315.424
1786365094.298,315.335
1786365094.403,315.414
1786365094.507,315.912
1786365094.611,317.142
1786365093.495,317.309
1786365093.599,317.424
1786365093.703,317.492
1786365093.804,317.253
1786365093.906,317.305
1786365094.010,314.962
1786365094.114,315.047
1786365094.216,315.061
1786365094.321,315.077
1786365094.425,315.217
1786365094.529,315.428
1786365094.633,315.379
1786365094.735,315.669
1786365094.840,314.124
1786365094.944,314.142
1786365095.047,314.387
1786365095.152,316.791
1786365095.255,316.96
1786365095.359,316.557
1786365095.464,316.613
1786365095.568,316.529
1786365095.672,316.458
1786365095.776,316.313
1786365095.881,316.226
1786365095.985,317.723
1786365096.087,317.758
1786365096.188,315.804
1786365096.292,315.784
1786365096.397,315.587
1786365096.501,316.078
1786365096.605,316.062
1786365096.708,316.067
1786365096.812,315.986
1786365096.915,316.099
1786365097.019,314.737
1786365097.123,314.835
1786365097.227,314.796
1786365097.331,316.577
1786365097.435,316.453
1786365097.540,316.721
1786365097.644,315.022
1786365097.748,315.074
1786365097.852,315.008
1786365097.956,315.207
1786365098.061,315.124
1786365098.161,316.256
1786365098.265,316.152
1786365098.369,316.224
1786365098.473,316.349
1786365098.578,316.517
1786365098.682,316.438
1786365098.783,318.136
1786365098.886,316.734
1786365098.991,316.842
1786365099.095,316.768
1786365099.199,316.767
1786365099.303,316.936
1786365099.407,317.212
1786365099.511,317.375
1786365099.616,317.371
1786365099.716,317.412
1786365099.820,315.89
1786365099.924,315.832
1786365100.029,317.253
1786365100.131,317.311
1786365100.233,317.405
1786365100.335,317.596
1786365100.439,317.62
1786365100.543,316.854
1786365100.647,316.74
1786365100.751,316.671
1786365100.852,316.602
1786365100.953,318.087
1786365101.054,318.131
1786365101.155,316.527
1786365101.256,316.424
1786365101.357,316.349
1786365101.457,316.309
1786365101.557,316.25
1786365101.658,317.001
1786365101.760,317.052
1786365101.864,315.448
1786365101.968,315.435
1786365102.072,315.613
1786365102.172,315.661
1786365102.275,317.296
1786365102.379,317.434
1786365102.483,317.508
1786365102.587,317.323
1786365102.691,317.213
1786365102.796,317.117
1786365102.900,315.237
1786365103.004,316.84
1786365103.108,316.898
1786365103.212,316.717
1786365103.316,316.724
1786365103.418,316.64
1786365103.521,316.045
1786365103.623,314.962
1786365103.725,314.965
1786365103.828,314.997
1786365103.930,314.954
1786365104.032,316.713
1786365104.135,316.907
1786365104.237,316.884
1786365104.339,316.905
1786365104.442,317.024
1786365104.544,317.1
1786365104.647,317.692
1786365104.749,318.758
1786365104.852,318.951
1786365104.955,319.046
1786365105.058,319.14
1786365105.161,319.26
1786365105.263,319.135
1786365105.366,319.184
1786365105.469,319.526
1786365105.572,319.536
1786365105.675,316.704
1786365105.779,316.623
1786365105.882,316.552
1786365105.985,316.443
1786365106.089,316.388
1786365106.190,316.362
1786365106.293,316.353
1786365106.397,316.34
1786365106.501,314.757
1786365106.605,314.444
1786365106.708,314.307
1786365106.812,317.086
1786365106.916,317.255
1786365107.020,317.212
1786365107.124,317.299
1786365107.229,317.202
1786365107.333,317.083
1786365107.437,316.955
1786365107.541,316.847
1786365107.645,318.236
1786365107.749,316.826
1786365107.854,316.781
1786365107.958,316.708
1786365108.062,316.566
1786365108.166,316.546
1786365108.270,316.324
1786365108.375,316.413
1786365108.478,316.527
1786365108.582,316.646
1786365108.687,316.735
1786365108.791,314.569
1786365108.895,315.853
1786365108.999,315.805
1786365109.102,315.795
1786365109.206,315.739
1786365109.310,315.659
1786365109.414,315.809
1786365109.518,315.934
1786365109.622,315.843
1786365109.726,315.786
1786365109.827,313.945
1786365109.932,316.075
1786365110.036,316.09
1786365110.140,316.085
1786365110.244,316.062
1786365110.345,315.94
1786365110.449,316.004
1786365110.550,315.974
1786365110.654,315.925
1786365110.758,315.845
1786365110.862,314.656
1786365110.967,316.366
1786365111.071,316.437
1786365111.175,316.413
1786365111.279,316.573
1786365111.383,316.535
1786365111.488,314.918
1786365111.591,315.01
1786365111.693,315.01
1786365111.797,314.913
1786365111.901,315.037
1786365112.006,315.424
1786365112.110,315.447
1786365112.214,315.473
1786365112.318,315.628
1786365112.422,315.519
1786365112.527,315.566
1786365112.631,317.29
1786365112.735,317.162
1786365112.839,317.153
1786365112.943,315.754
1786365113.048,315.588
1786365113.152,316.277
1786365113.256,316.355
1786365113.356,316.329
1786365113.457,316.329
1786365113.557,316.16
1786365113.660,316.037
1786365113.764,316.005
1786365113.864,316.135
1786365113.968,316.176
1786365114.072,314.639
1786365114.176,315.954
1786365114.280,316.16
1786365114.385,316.181
1786365114.489,316.172
1786365114.593,316.217
1786365114.697,316.337
1786365114.801,316.41
1786365114.905,316.462
1786365115.010,316.353
1786365115.114,316.328
1786365115.218,318.143
1786365115.318,318.201
1786365115.421,318.13
1786365115.523,318.184
1786365115.625,318.14
1786365115.727,318.174
1786365115.829,316.821
1786365115.931,316.927
1786365116.034,317.025
1786365116.136,316.001
1786365116.238,316.046
1786365116.338,315.936
1786365116.441,315.895
1786365116.543,316.054
1786365116.645,316.286
1786365116.747,315.221
1786365116.849,315.371
1786365116.951,316.815
1786365117.054,316.832
1786365117.156,316.841
1786365117.258,317.802
1786365117.360,317.815
1786365117.463,317.829
1786365117.565,317.882
1786365117.667,317.714
1786365117.769,317.593
1786365117.872,317.245
1786365117.974,317.134
1786365118.076,317.131
1786365118.179,317.169
1786365118.281,317.217
1786365118.384,317.507
1786365118.486,317.659
1786365118.589,317.578
1786365118.692,317.556
1786365118.794,317.653
1786365118.897,317.467
1786365119.000,317.259
1786365119.103,317.242
1786365119.206,317.227
1786365119.307,317.079
1786365119.410,316.992
1786365119.513,316.787
1786365119.616,316.665
1786365119.719,316.665
1786365119.822,315.253
1786365119.926,315.273
1786365120.029,315.417
1786365120.133,316.977
1786365120.236,316.978
1786365120.337,316.587
1786365120.440,316.541
1786365120.543,316.371
1786365120.647,316.41
1786365120.751,316.4
1786365120.856,316.396
1786365120.959,317.835
1786365121.060,317.805
1786365121.165,317.753
1786365121.269,317.286
1786365121.373,317.324
1786365121.477,317.672
1786365121.578,315.924
1786365121.679,316.12
1786365121.783,316.287
1786365121.885,316.35
1786365121.989,315.6
1786365122.089,315.614
1786365122.194,315.645
1786365122.298,315.738
1786365122.402,316.309
1786365122.506,316.248
1786365122.607,316.169
1786365122.711,318.086
1786365122.816,318.212
1786365122.920,317.922
1786365123.021,317.922
1786365123.124,316.042
1786365123.228,316.884
1786365123.333,316.968
1786365123.437,316.883
1786365123.541,316.829
1786365123.642,316.829
1786365123.746,316.857
1786365123.847,316.97
1786365123.949,315.478
1786365124.050,315.219
1786365124.154,315.194
1786365124.259,316.982
1786365124.363,316.913
1786365124.467,316.935
1786365124.571,317.022
1786365124.672,317.053
1786365124.776,317.097
1786365124.879,316.957
1786365124.983,317.047
1786365125.085,318.432
1786365125.189,318.477
1786365125.290,318.565
1786365125.392,316.943
1786365125.497,316.799
1786365125.602,316.536
1786365124.478,316.433
1786365124.582,316.152
1786365124.686,316.063
1786365124.790,316.144
1786365124.892,315.953
1786365124.996,314.198
1786365125.101,314.134
1786365125.205,314.096
1786365125.309,315.443
1786365125.413,315.409
1786365125.515,315.36
1786365125.619,315.165
1786365125.723,315.342
1786365125.824,315.206
1786365125.925,313.931
1786365126.026,313.938
1786365126.126,315.68
1786365126.227,315.791
1786365126.327,315.807
1786365126.428,316.05
1786365126.528,316.042
1786365126.632,316.336
1786365126.737,316.354
1786365126.838,316.261
1786365126.938,314.874
1786365127.040,316.223
1786365127.144,316.143
1786365127.248,315.978
1786365127.352,315.921
1786365127.455,315.898
1786365127.557,315.843
1786365127.657,315.893
1786365127.758,315.746
1786365127.858,314.56
1786365127.963,314.499
1786365128.067,316.078
1786365128.171,316.08
1786365128.275,316.29
1786365128.376,316.437
1786365128.476,316.437
1786365128.576,316.356
1786365128.677,316.353
1786365128.778,316.306
1786365128.878,316.201
1786365128.978,317.467
1786365129.079,317.53
1786365129.179,317.639
1786365129.280,317.459
1786365129.383,317.33
1786365129.484,317.33
1786365129.587,314.985
1786365129.690,314.95
1786365129.794,315.037
1786365129.897,315.026
1786365130.001,315.091
1786365130.104,315.078
1786365130.205,315.065
1786365130.308,313.854
1786365130.412,313.699
1786365130.515,312.859
1786365130.619,312.697
1786365130.723,315.011
1786365130.824,315.013
1786365130.928,313.065
1786365131.029,313.11
1786365131.133,313.08
1786365131.238,313.1
1786365131.339,313.12
1786365131.440,313.681
1786365131.540,313.89
1786365131.641,313.215
1786365131.742,313.273
1786365131.843,313.335
1786365131.943,313.503
1786365132.044,315.394
1786365132.145,315.392
1786365132.245,315.391
1786365132.346,315.532
1786365132.446,315.664
1786365132.550,316.333
1786365132.650,316.204
1786365132.754,316.315
1786365132.855,316.453
1786365132.960,316.518
1786365133.061,316.44
1786365133.165,316.629
1786365133.269,316.788
1786365133.373,316.906
1786365133.477,317.113
1786365133.581,316.957
1786365133.685,316.984
1786365133.787,317.015
1786365133.888,318.498
1786365133.989,318.54
1786365134.090,317.016
1786365134.191,317.06
1786365134.292,317.033
1786365134.393,316.861
1786365134.494,316.881
1786365134.595,316.659
1786365134.695,316.825
1786365134.796,316.941
1786365134.897,316.961
1786365134.997,317.02
1786365135.098,317.164
1786365135.198,317.164
1786365135.298,316.793
1786365135.399,316.835
1786365135.499,316.764
1786365135.602,316.846
1786365135.706,317.06
1786365135.809,315.745
1786365135.910,315.757
1786365136.010,315.64
1786365136.114,315.68
1786365136.216,313.197
1786365136.319,312.977
1786365136.423,314.911
1786365136.524,314.827
1786365136.627,314.877
1786365136.732,315.069
1786365136.836,314.857
1786365136.940,316.16
1786365137.041,316.1
1786365137.142,314.801
1786365137.246,314.764
1786365137.350,317.255
1786365137.454,317.357
1786365137.556,317.337
1786365137.660,317.386
1786365137.764,317.429
1786365137.869,317.332
1786365137.969,317.245
1786365138.070,317.228
1786365138.170,317.281
1786365138.271,318.049
1786365138.371,317.28
1786365138.472,317.232
1786365138.572,317.213
1786365138.672,317.184
1786365138.773,317.242
1786365138.873,317.228
1786365138.974,315.228
1786365139.074,315.433
1786365139.175,315.49
1786365139.275,315.446
1786365139.376,316.174
1786365139.476,317.079
1786365139.576,317.162
1786365139.677,317.075
1786365139.777,317.085
1786365139.878,317.102
1786365139.982,315.479
1786365140.087,317.293
1786365140.191,317.148
1786365140.295,317.128
1786365140.399,317.161
1786365140.503,316.98
1786365140.606,316.855
1786365140.706,316.855
1786365140.807,316.916
1786365140.907,316.939
1786365141.008,315.941
1786365141.109,315.732
1786365141.211,317.252
1786365141.312,317.275
1786365141.413,315.084
1786365141.515,314.914
1786365141.617,314.816
1786365141.718,314.745
1786365141.820,314.835
1786365141.922,314.608
1786365142.023,314.523
1786365142.125,315.408
1786365142.226,315.46
1786365142.328,315.449
1786365142.429,315.424
1786365142.530,317.407
1786365142.631,317.378
1786365142.733,317.53
1786365142.834,317.384
1786365142.935,317.183
1786365143.036,317.178
1786365143.137,317.17
1786365143.237,317.162
1786365143.338,315.729
1786365143.439,315.689
1786365143.540,315.695
1786365143.640,315.788
1786365143.740,315.992
1786365143.841,315.922
1786365143.946,315.982
1786365144.050,316.221
1786365144.151,314.792
1786365144.251,314.838
1786365144.352,314.9
1786365144.452,316.506
1786365144.554,316.649
1786365144.659,316.722
1786365144.763,316.823
1786365144.867,316.649
1786365144.967,316.649
1786365145.068,316.612
1786365145.168,316.606
1786365145.270,316.421
1786365145.374,317.873
1786365145.478,317.876
1786365145.579,317.998
1786365145.679,316.018
1786365145.780,315.98
1786365145.883,316.041
1786365145.987,316.075
1786365146.087,316.11
1786365146.188,315.237
1786365146.293,315.269
1786365146.394,315.25
1786365146.498,315.273
1786365146.599,315.257
1786365146.699,315.21
1786365146.800,316.971
1786365146.900,316.88
1786365147.003,315.211
1786365147.104,315.065
1786365147.206,315.037
1786365147.310,315.828
1786365147.414,315.77
1786365147.519,315.699
1786365147.619,315.702
1786365147.720,315.682
1786365147.820,315.442
1786365147.920,314.27
1786365148.024,314.319
1786365148.128,315.894
1786365148.231,315.971
1786365148.335,316.265
1786365148.439,316.252
1786365148.540,316.296
1786365148.641,316.411
1786365148.741,316.372
1786365148.844,315.081
1786365148.948,315.344
1786365149.049,316.529
1786365149.153,316.517
1786365149.257,316.569
1786365149.360,316.595
1786365149.464,316.444
1786365149.569,316.499
1786365149.673,316.803
1786365149.773,316.944
1786365149.874,317.062
1786365149.975,316.877
1786365150.075,316.837
1786365150.176,317.037
1786365150.276,317.047
1786365150.379,317.071
1786365150.483,317.097
1786365150.587,317.162
1786365150.690,315.355
1786365150.792,314.474
1786365150.896,314.486
1786365151.000,314.498
1786365151.102,316.081
1786365151.205,316.081
1786365151.309,314.933
1786365151.413,315.001
1786365151.518,315.031
1786365151.622,315.004
1786365151.726,314.958
1786365151.830,316.971
1786365151.934,317.718
1786365152.038,317.78
1786365152.142,317.9
1786365152.243,317.9
1786365152.345,316.616
1786365152.449,316.812
1786365152.552,317.594
1786365152.654,317.513
1786365152.757,317.503
1786365152.860,317.755
1786365152.962,317.803
1786365153.063,317.611
1786365153.163,317.635
1786365153.266,315.972
1786365153.369,315.928
1786365153.472,317.179
1786365153.575,317.188
1786365153.678,317.225
1786365153.781,317.366
1786365153.884,317.404
1786365153.988,317.174
1786365154.088,317.143
1786365154.190,315.245
1786365154.294,315.101
1786365154.397,316.655
1786365154.501,316.632
1786365154.605,316.676
1786365154.708,316.697
1786365154.813,316.964
1786365154.917,316.864
1786365155.017,316.891
1786365155.122,315.383
1786365155.226,315.552
1786365155.330,317.635
1786365155.434,317.73
1786365155.538,317.675
1786365155.639,317.684
1786365155.742,317.697
1786365155.846,317.635
1786365155.950,317.48
1786365156.051,317.451
1786365156.151,317.418
1786365156.255,319.063
1786365156.359,318.925
1786365156.460,318.852
1786365156.560,317.781
1786365156.662,317.847
1786365155.534,316.241
1786365155.636,316.171
1786365155.741,316.186
1786365155.841,316.142
1786365155.942,316.256
1786365156.046,316.272
1786365156.149,316.202
1786365156.253,316.229
1786365156.357,316.26
1786365156.462,317.311
1786365156.566,317.315
1786365156.666,319.12
1786365156.769,316.673
1786365156.873,316.797
1786365156.973,316.841
1786365157.077,316.697
1786365157.180,316.479
1786365157.284,316.357
1786365157.385,316.175
1786365157.486,314.486
1786365157.586,314.335
1786365157.686,314.172
1786365157.787,313.873
1786365157.887,316.21
1786365157.990,316.026
1786365158.094,315.955
1786365158.196,316.177
1786365158.301,316.261
1786365158.405,316.253
1786365158.509,316.196
1786365158.610,317.751
1786365158.711,316.467
1786365158.812,316.443
1786365158.913,316.443
1786365159.014,316.325
1786365159.114,316.409
1786365159.215,316.275
1786365159.315,316.165
1786365159.416,315.878
1786365159.516,316.003
1786365159.617,315.322
1786365159.717,315.441
1786365159.821,315.444
1786365159.922,316.748
1786365160.022,314.717
1786365160.126,314.756
1786365160.227,314.72
1786365160.328,314.723
1786365160.428,314.945
1786365160.531,313.961
1786365160.633,313.752
1786365160.735,314.33
1786365160.835,314.299
1786365160.939,312.858
1786365161.043,312.886
1786365161.147,314.962
1786365161.248,315.03
1786365161.353,315.054
1786365161.453,315.3
1786365161.554,315.221
1786365161.655,316.295
1786365161.755,314.851
1786365161.856,315.279
1786365161.956,315.238
1786365162.057,316.685
1786365162.161,316.669
1786365162.262,316.746
1786365162.366,316.69
1786365162.466,316.716
1786365162.567,316.514
1786365162.667,316.494
1786365162.768,316.674
1786365162.871,315.931
1786365162.974,315.574
1786365163.078,315.709
1786365163.183,315.755
1786365163.283,315.836
1786365163.387,315.828
1786365163.491,315.853
1786365163.592,315.798
1786365163.693,314.407
1786365163.798,314.268
1786365163.902,314.09
1786365164.004,314.09
1786365164.109,316.372
1786365164.213,316.37
1786365164.313,316.257
1786365164.414,316.367
1786365164.515,314.777
1786365164.617,314.731
1786365164.719,314.694
1786365164.820,314.897
1786365164.922,316.258
1786365165.024,316.341
1786365165.125,316.331
1786365165.227,316.301
1786365165.328,316.366
1786365165.430,316.382
1786365165.531,316.146
1786365165.632,317.714
1786365165.734,317.916
1786365165.835,317.985
1786365165.936,317.907
1786365166.037,318.031
1786365166.138,318.029
1786365166.239,315.351
1786365166.340,315.369
1786365166.440,315.48
1786365166.541,315.611
1786365166.642,315.732
1786365166.742,315.776
1786365166.843,315.835
1786365166.943,315.863
1786365167.045,313.861
1786365167.149,313.8
1786365167.253,313.92
1786365167.357,316.704
1786365167.461,316.809
1786365167.565,316.73
1786365167.670,316.615
1786365167.774,316.663
1786365167.879,316.63
1786365167.983,316.492
1786365168.083,314.609
1786365168.184,316.566
1786365168.285,316.667
1786365168.386,316.543
1786365168.486,316.53
1786365168.587,316.638
1786365168.687,316.653
1786365168.788,316.72
1786365168.891,316.72
1786365168.995,316.716
1786365169.096,316.825
1786365169.199,316.696
1786365169.303,316.949
1786365169.407,316.946
1786365169.507,316.929
1786365169.612,316.344
1786365169.716,316.215
1786365169.820,315.978
1786365169.922,315.89
1786365170.027,316.051
1786365170.131,315.936
1786365170.235,315.774
1786365170.339,315.776
1786365170.440,316.003
1786365170.541,316.082
1786365170.641,316.123
1786365170.742,316.765
1786365170.842,316.829
1786365170.944,316.87
1786365171.048,316.997
1786365171.149,316.744
1786365171.249,316.808
1786365171.350,315.474
1786365171.451,314.304
1786365171.552,315.616
1786365171.652,315.48
1786365171.753,315.353
1786365171.854,315.403
1786365171.955,315.528
1786365172.056,315.493
1786365172.157,315.433
1786365172.258,315.543
1786365172.359,315.613
1786365172.459,317.076
1786365172.560,316.714
1786365172.661,316.855
1786365172.762,316.841
1786365172.866,316.859
1786365172.966,316.77
1786365173.067,316.723
1786365173.171,316.752
1786365173.276,316.737
1786365173.376,315.101
1786365173.481,314.921
1786365173.585,314.801
1786365173.689,316.306
1786365173.793,316.201
1786365173.896,316.259
1786365173.998,316.505
1786365174.102,316.574
1786365174.206,316.528
1786365174.309,316.665
1786365174.411,316.752
1786365174.516,318.391
1786365174.620,318.335
1786365174.724,318.401
1786365174.829,318.402
1786365174.929,318.351
1786365175.030,318.332
1786365175.130,318.292
1786365175.230,318.292
1786365175.331,318.209
1786365175.431,318.109
1786365175.532,317.887
1786365175.632,317.634
1786365175.733,317.495
1786365175.833,315.808
1786365175.934,315.673
1786365176.034,315.669
1786365176.135,315.511
1786365176.236,315.524
1786365176.337,315.327
1786365176.439,315.329
1786365176.539,315.531
1786365176.640,315.593
1786365176.740,314.46
1786365176.841,314.416
1786365176.942,316.078
1786365177.043,314.96
1786365177.143,314.97
1786365177.245,315.135
1786365177.346,315.006
1786365177.446,314.947
1786365177.548,315.128
1786365177.649,314.96
1786365177.750,314.909
1786365177.851,314.71
1786365177.951,314.8
1786365178.052,314.924
1786365178.153,316.081
1786365178.254,315.965
1786365178.355,315.927
1786365178.456,315.927
1786365178.557,316.077
1786365178.657,316.143
1786365178.759,315.812
1786365178.859,315.99
1786365178.959,314.23
1786365179.060,315.82
1786365179.161,315.9
1786365179.261,315.977
1786365179.362,316.095
1786365179.463,316.183
1786365179.564,316.291
1786365179.665,315.488
1786365179.765,315.446
1786365179.866,315.572
1786365179.967,315.672
1786365180.068,317.437
1786365180.168,315.809
1786365180.269,315.729
1786365180.370,315.868
1786365180.470,315.699
1786365180.571,315.746
1786365180.672,315.677
1786365180.772,316.391
1786365180.873,316.321
1786365180.974,316.16
1786365181.074,314.467
1786365181.175,314.413
1786365181.276,315.837
1786365181.377,315.793
1786365181.478,315.528
1786365181.578,315.749
1786365181.679,315.648
1786365181.780,315.648
1786365181.881,315.566
1786365181.982,314.448
1786365182.083,313.211
1786365182.183,313.353
1786365182.284,314.812
1786365182.385,314.878
1786365182.486,314.843
1786365182.587,314.836
1786365182.688,314.9
1786365182.789,314.853
1786365182.890,313.123
1786365182.990,313.114
1786365183.091,314.355
1786365183.192,315.642
1786365183.293,315.64
1786365183.393,315.482
1786365183.494,315.363
1786365183.595,315.602
1786365183.695,315.616
1786365183.796,315.644
1786365183.897,313.874
1786365183.997,315.67
1786365184.098,315.841
1786365184.199,315.802
1786365184.299,315.952
1786365184.400,315.993
1786365184.500,316.159
1786365184.601,314.234
1786365184.702,314.362
1786365184.802,314.435
1786365184.903,314.575
1786365185.003,314.575
1786365185.104,316.239
1786365185.204,316.327
1786365185.305,316.395
1786365185.408,316.414
1786365185.513,316.382
1786365185.617,316.469
1786365185.717,316.491
1786365185.818,318.447
1786365185.918,318.226
1786365186.019,318.164
1786365186.119,317.876
1786365186.222,317.885
1786365186.326,318.035
1786365186.430,317.992
1786365186.534,317.968
1786365186.638,316.349
1786365186.743,316.198
1786365186.844,316.284
1786365186.945,316.323
1786365187.046,316.178
1786365187.148,315.42
1786365187.249,315.469
1786365187.350,315.441
1786365187.451,315.183
1786365187.551,314.955
1786365187.652,314.896
1786365186.521,316.367
1786365186.625,316.428
1786365186.729,314.62
1786365186.832,314.755
1786365186.937,315.041
1786365187.041,315.789
1786365187.145,315.885
1786365187.249,315.831
1786365187.352,315.988
1786365187.454,316.177
1786365187.558,314.711
1786365187.662,314.634
1786365187.763,314.588
1786365187.864,316.203
1786365187.965,316.092
1786365188.066,315.745
1786365188.166,315.769
1786365188.267,315.747
1786365188.367,315.254
1786365188.470,313.865
1786365188.574,313.823
1786365188.679,315.358
1786365188.779,313.879
1786365188.883,313.949
1786365188.987,313.226
1786365189.092,313.335
1786365189.196,313.428
1786365189.300,313.431
1786365189.404,313.494
1786365189.508,314.053
1786365189.613,315.383
1786365189.714,313.575
1786365189.819,313.487
1786365189.923,315.227
1786365190.027,315.371
1786365190.131,316.087
1786365190.236,315.92
1786365190.340,315.835
1786365190.444,315.788
1786365190.548,315.635
1786365190.652,314.169
1786365190.757,314.057
1786365190.861,315.86
1786365190.965,315.846
1786365191.069,314.534
1786365191.173,314.193
1786365191.278,314.199
1786365191.381,312.71
1786365191.485,312.762
1786365191.589,312.748
1786365191.694,312.977
1786365191.797,314.368
1786365191.901,314.338
1786365192.005,314.327
1786365192.109,314.362
1786365192.213,313.928
1786365192.317,314.047
1786365192.422,314.076
1786365192.526,315.42
1786365192.630,315.517
1786365192.731,315.484
1786365192.834,315.22
1786365192.938,315.36
1786365193.042,315.42
1786365193.146,315.308
1786365193.248,315.139
1786365193.352,316.637
1786365193.454,314.786
1786365193.558,314.681
1786365193.661,314.819
1786365193.765,314.727
1786365193.868,314.766
1786365193.972,314.817
1786365194.075,314.74
1786365194.176,312.669
1786365194.280,312.865
1786365194.384,313.001
1786365194.488,313.033
1786365194.592,314.849
1786365194.696,314.905
1786365194.800,314.878
1786365194.904,314.857
1786365195.008,314.815
1786365195.111,314.816
1786365195.215,314.838
1786365195.318,317.06
1786365195.422,317.003
1786365195.522,315.342
1786365195.626,315.564
1786365195.726,315.799
1786365195.832,315.829
1786365195.932,315.981
1786365196.036,316.011
1786365196.141,316.112
1786365196.245,314.992
1786365196.349,315.055
1786365196.454,314.988
1786365196.555,314.988
1786365196.659,313.145
1786365196.763,314.747
1786365196.864,314.539
1786365196.964,314.511
1786365197.064,314.493
1786365197.165,314.456
1786365197.265,314.501
1786365197.366,314.462
1786365197.466,313.946
1786365197.567,313.898
1786365197.667,313.76
1786365197.767,315.494
1786365197.868,315.502
1786365197.968,315.441
1786365198.069,315.231
1786365198.169,315.211
1786365198.270,315.181
1786365198.374,314.804
1786365198.475,314.747
1786365198.579,316.394
1786365198.684,315.055
1786365198.784,314.983
1786365198.886,314.9
1786365198.991,314.915
1786365199.093,314.994
1786365199.198,315.075
1786365199.302,315.092
1786365199.404,315.13
1786365199.507,315.725
1786365199.612,315.815
1786365199.714,313.909
1786365199.818,315.685
1786365199.923,316.047
1786365200.027,316.351
1786365200.130,316.512
1786365200.234,316.652
1786365200.339,316.496
1786365200.443,316.619
1786365200.546,316.731
1786365200.651,316.494
1786365200.755,316.519
1786365200.857,318.63
1786365200.961,316.741
1786365201.065,316.563
1786365201.169,316.557
1786365201.273,316.558
1786365201.374,316.539
1786365201.479,315.616
1786365201.582,315.513
1786365201.687,315.479
1786365201.791,315.646
1786365201.895,315.586
1786365202.000,315.416
1786365202.104,316.857
1786365202.208,315.349
1786365202.312,315.299
1786365202.415,315.287
1786365202.519,315.347
1786365202.624,316.482
1786365202.728,316.528
1786365202.829,316.717
1786365202.932,315.037
1786365203.036,315.146
1786365203.141,315.218
1786365203.245,315.347
1786365203.349,316.918
1786365203.450,316.89
1786365203.554,316.897
1786365203.655,316.803
1786365203.759,316.839
1786365203.864,316.825
1786365203.968,316.748
1786365204.073,318.429
1786365204.177,318.443
1786365204.282,318.47
1786365204.386,318.427
1786365204.491,318.357
1786365204.595,318.562
1786365204.700,318.541
1786365204.800,316.679
1786365204.904,316.651
1786365205.008,316.874
1786365205.113,316.662
1786365205.217,316.627
1786365205.322,316.602
1786365205.426,316.548
1786365205.531,316.561
1786365205.635,316.618
1786365205.739,316.456
1786365205.843,316.525
1786365205.948,317.649
1786365206.053,316.896
1786365206.157,316.64
1786365206.262,316.759
1786365206.366,316.719
1786365206.471,316.785
1786365206.575,316.808
1786365206.679,315.623
1786365206.782,315.499
1786365206.887,315.35
1786365206.991,315.206
1786365207.096,315.829
1786365207.200,316.649
1786365207.305,316.773
1786365207.406,316.347
1786365207.511,315.413
1786365207.615,315.434
1786365207.720,315.539
1786365207.822,316.713
1786365207.927,316.796
1786365208.031,316.965
1786365208.136,317.271
1786365208.240,315.818
1786365208.343,315.738
1786365208.445,315.594
1786365208.548,315.998
1786365208.653,317.04
1786365208.753,316.824
1786365208.858,316.559
1786365208.962,316.451
1786365209.067,316.224
1786365209.171,316.091
1786365209.276,314.333
1786365209.381,315.777
1786365209.485,315.679
1786365209.590,315.601
1786365209.694,315.317
1786365209.799,315.426
1786365209.903,315.445
1786365210.007,315.474
1786365210.112,315.459
1786365210.216,315.635
1786365210.321,315.654
1786365210.425,317.045
1786365210.530,317.09
1786365210.634,317.082
1786365210.739,317.194
1786365210.843,317.493
1786365210.948,317.308
1786365211.052,317.277
1786365211.157,317.27
1786365211.261,317.264
1786365211.366,315.688
1786365211.470,315.604
1786365211.574,315.51
1786365211.679,315.555
1786365211.783,315.611
1786365211.885,314.822
1786365211.989,314.458
1786365212.090,312.772
1786365212.195,313.242
1786365212.299,313.308
1786365212.403,313.412
1786365212.507,314.911
1786365212.612,314.976
1786365212.716,315.186
1786365212.820,315.217
1786365212.924,315.212
1786365213.028,315.974
1786365213.132,316.225
1786365213.237,318.099
1786365213.339,316.094
1786365213.443,316.136
1786365213.547,316.314
1786365213.649,316.443
1786365213.754,316.622
1786365213.856,316.65
1786365213.960,316.653
1786365214.064,316.696
1786365214.168,316.791
1786365214.272,316.705
1786365214.376,316.576
1786365214.480,318.267
1786365214.585,318.412
1786365214.689,318.155
1786365214.793,316.583
1786365214.896,316.364
1786365215.000,316.456
1786365215.104,316.293
1786365215.208,316.163
1786365215.313,316.148
1786365215.417,316.09
1786365215.521,316.077
1786365215.625,315.951
1786365215.729,315.605
1786365215.833,314.246
1786365215.937,315.593
1786365216.042,315.609
1786365216.145,315.499
1786365216.250,315.577
1786365216.354,315.901
1786365216.458,315.86
1786365216.562,315.877
1786365216.666,315.924
1786365216.767,315.974
1786365216.869,316.115
1786365216.973,317.456
1786365217.077,317.187
1786365217.181,317.304
1786365217.285,317.46
1786365217.388,315.877
1786365217.492,315.733
1786365217.596,315.834
1786365217.701,316.103
1786365217.805,316.194
1786365217.909,316.295
1786365218.010,316.455
1786365218.114,316.614
1786365218.218,317.095
1786365218.320,314.983
1786365218.424,314.77
1786365218.528,316.536
1786365218.633,316.399
1786365217.470,316.505
1786365217.571,316.318
1786365217.672,316.32
1786365217.773,316.32
1786365217.878,314.677
1786365217.981,314.499
1786365218.085,314.527
1786365218.190,316.713
1786365218.294,316.895
1786365218.398,316.866
1786365218.499,316.866
1786365218.600,316.987
1786365218.704,315.081
1786365218.809,315.278
1786365218.913,315.222
1786365219.017,316.854
1786365219.121,317.022
1786365219.225,316.953
1786365219.329,316.963
1786365219.432,316.965
1786365219.533,315.29
1786365219.636,315.226
1786365219.740,315.258
1786365219.843,316.98
1786365219.947,316.782
1786365220.051,316.758
1786365220.155,316.725
1786365220.258,316.637
1786365220.362,316.619
1786365220.466,316.646
1786365220.567,316.798
1786365220.671,318.314
1786365220.775,316.564
1786365220.878,316.523
1786365220.982,316.546
1786365221.086,316.376
1786365221.190,315.304
1786365221.294,315.271
1786365221.397,315.203
1786365221.501,315.097
1786365221.602,315.038
1786365221.706,314.746
1786365221.810,314.969
1786365221.911,316.721
1786365222.015,315.151
1786365222.118,315.04
1786365222.222,315.216
1786365222.326,316.396
1786365222.430,316.368
1786365222.531,316.479
1786365222.635,316.595
1786365222.738,316.588
1786365222.842,316.599
1786365222.946,316.423
1786365223.050,316.426
1786365223.153,317.93
1786365223.257,318.04
1786365223.361,318.111
1786365223.464,316.321
1786365223.565,316.335
1786365223.668,316.254
1786365223.772,316.213
1786365223.875,316.167
1786365223.979,316.189
1786365224.083,316.247
1786365224.187,316.332
1786365224.291,316.337
1786365224.394,314.673
1786365224.498,314.504
1786365224.602,316.302
1786365224.704,316.298
1786365224.807,316.038
1786365224.911,315.838
1786365225.015,315.829
1786365225.119,315.637
1786365225.222,315.522
1786365225.326,315.283
1786365225.430,315.193
1786365225.531,316.818
1786365225.633,317.003
1786365225.736,315.357
1786365225.840,315.208
1786365225.944,315.363
1786365226.048,315.537
1786365226.152,315.395
1786365226.255,315.474
1786365226.359,314.451
1786365226.463,313.911
1786365226.564,313.13
1786365226.668,313.017
1786365226.771,312.813
1786365226.875,314.225
1786365226.979,314.289
1786365227.083,314.557
1786365227.187,314.318
1786365227.290,314.316
1786365227.394,314.367
1786365227.498,315.377
1786365227.602,315.892
1786365227.705,316.622
1786365227.810,316.579
1786365227.915,314.364
1786365228.020,314.512
1786365228.125,314.64
1786365228.230,314.333
1786365228.335,314.472
1786365228.440,314.495
1786365228.545,314.361
1786365228.650,314.112
1786365228.755,314.143
1786365228.860,312.799
1786365228.963,312.932
1786365229.068,315.205
1786365229.173,315.046
1786365229.278,315.026
1786365229.382,315.214
1786365229.487,315.362
1786365229.592,315.462
1786365229.697,315.635
1786365229.801,314.355
1786365229.906,314.426
1786365230.011,315.875
1786365230.116,315.869
1786365230.221,315.84
1786365230.326,315.939
1786365230.431,315.941
1786365230.536,315.904
1786365230.641,315.861
1786365230.746,316.049
1786365230.851,314.641
1786365230.956,316.201
1786365231.061,316.196
1786365231.165,316.437
1786365231.270,316.447
1786365231.375,316.551
1786365231.479,316.497
1786365231.584,315.271
1786365231.689,315.211
1786365231.794,315.422
1786365231.899,315.275
1786365232.004,316.646
1786365232.104,314.972
1786365232.209,314.879
1786365232.314,314.548
1786365232.419,314.497
1786365232.524,314.36
1786365232.629,314.345
1786365232.734,315.471
1786365232.839,315.466
1786365232.944,315.243
1786365233.049,315.369
1786365233.154,315.327
1786365233.259,316.984
1786365233.363,317.035
1786365233.468,315.605
1786365233.569,315.472
1786365233.673,315.658
1786365233.778,315.735
1786365233.882,315.897
1786365233.987,315.944
1786365234.092,315.953
1786365234.197,315.876
1786365234.302,316.033
1786365234.407,314.708
1786365234.508,314.832
1786365234.613,316.405
1786365234.718,316.66
1786365234.822,316.592
1786365234.927,316.885
1786365235.032,316.804
1786365235.137,316.869
1786365235.242,315.05
1786365235.347,315.313
1786365235.452,315.258
1786365235.557,316.655
1786365235.660,316.737
1786365235.765,316.748
1786365235.869,316.715
1786365235.974,316.745
1786365236.078,316.442
1786365236.183,316.438
1786365236.288,316.33
1786365236.392,318.256
1786365236.497,317.97
1786365236.598,316.261
1786365236.702,316.235
1786365236.807,314.999
1786365236.912,315.001
1786365237.016,315.025
1786365237.121,314.906
1786365237.221,314.847
1786365237.326,314.793
1786365237.430,314.814
1786365237.535,314.724
1786365237.637,314.846
1786365237.741,316.541
1786365237.846,316.407
1786365237.950,315.785
1786365238.055,315.923
1786365238.160,315.812
1786365238.264,315.886
1786365238.369,315.938
1786365238.473,316.077
1786365238.578,316.077
1786365238.682,316.15
1786365238.787,316.057
1786365238.891,313.865
1786365238.992,313.959
1786365239.093,315.745
1786365239.197,315.589
1786365239.302,315.664
1786365239.407,315.673
1786365239.511,315.893
1786365239.612,315.804
1786365239.717,313.99
1786365239.821,313.814
1786365239.925,313.923
1786365240.027,316.258
1786365240.129,316.303
1786365240.233,316.215
1786365240.338,315.455
1786365240.442,315.442
1786365240.547,315.438
1786365240.651,315.298
1786365240.756,315.282
1786365240.860,317.15
1786365240.965,317.207
1786365241.067,317.283
1786365241.171,317.156
1786365241.275,317.106
1786365241.380,315.024
1786365241.484,315.704
1786365241.585,315.624
1786365241.688,315.623
1786365241.792,315.577
1786365241.897,315.581
1786365242.001,314.34
1786365242.102,314.365
1786365242.207,314.201
1786365242.311,314.068
1786365242.416,313.993
1786365242.520,316.036
1786365242.625,316.054
1786365242.729,315.891
1786365242.830,314.328
1786365242.934,314.264
1786365243.039,314.142
1786365243.141,315.278
1786365243.246,315.225
1786365243.350,315.048
1786365243.455,315.13
1786365243.560,315.138
1786365243.662,313.365
1786365243.767,313.424
1786365243.871,313.458
1786365243.974,314.861
1786365244.079,314.792
1786365244.183,314.818
1786365244.287,314.811
1786365244.391,314.754
1786365244.495,314.719
1786365244.599,313.171
1786365244.703,313.196
1786365244.808,314.917
1786365244.912,314.823
1786365245.016,314.958
1786365245.120,315.17
1786365245.224,315.183
1786365245.329,315.176
1786365245.433,313.353
1786365245.534,313.29
1786365245.635,313.29
1786365245.739,314.722
1786365245.843,314.568
1786365245.947,314.542
1786365246.051,314.504
1786365246.155,314.46
1786365246.260,314.358
1786365246.364,314.534
1786365246.468,312.982
1786365246.569,314.728
1786365246.673,314.988
1786365246.777,315.061
1786365246.881,315.133
1786365246.986,315.252
1786365247.089,314.636
1786365247.193,313.707
1786365247.297,311.098
1786365247.401,311.022
1786365247.503,310.829
1786365247.604,312.35
1786365247.708,312.428
1786365247.811,312.169
1786365247.914,312.1
1786365248.018,310.548
1786365248.121,310.502
1786365248.225,311.154
1786365248.329,312.115
1786365248.433,314.77
1786365248.537,314.917
1786365248.641,314.978
1786365248.746,315.043
1786365248.850,315.078
1786365248.954,313.864
1786365249.058,313.859
1786365249.159,315.459
1786365249.260,315.481
1786365249.361,315.58
1786365249.462,315.722
1786365249.563,315.643
1786365249.664,315.484
1786365248.491,315.377
1786365248.595,315.301
1786365248.700,315.47
1786365248.804,316.826
1786365248.908,315.326
1786365249.012,315.194
1786365249.116,315.387
1786365249.220,315.452
1786365249.324,315.3
1786365249.428,315.304
1786365249.533,315.338
1786365249.637,315.433
1786365249.741,315.497
1786365249.845,315.271
1786365249.948,313.658
1786365250.052,315.381
1786365250.156,315.502
1786365250.261,315.437
1786365250.361,315.387
1786365250.465,315.448
1786365250.569,315.569
1786365250.673,315.579
1786365250.777,315.756
1786365250.879,313.231
1786365250.980,313.398
1786365251.081,313.677
1786365251.182,313.472
1786365251.283,313.351
1786365251.383,313.28
1786365251.484,313.34
1786365251.585,311.881
1786365251.685,311.853
1786365251.786,311.898
1786365251.886,311.868
1786365251.987,314.481
1786365252.088,314.481
1786365252.193,314.533
1786365252.293,316.027
1786365252.393,316.149
1786365252.497,316.252
1786365252.601,316.091
1786365252.705,315.95
1786365252.810,317.347
1786365252.914,315.828
1786365253.018,315.867
1786365253.119,315.702
1786365253.223,315.701
1786365253.326,315.597
1786365253.427,315.469
1786365253.532,315.48
1786365253.636,315.44
1786365253.740,315.602
1786365253.841,314.077
1786365253.943,314.053
1786365254.045,315.544
1786365254.146,315.334
1786365254.247,315.282
1786365254.348,315.296
1786365254.448,315.109
1786365254.549,315.054
1786365254.649,313.621
1786365254.750,313.882
1786365254.850,313.985
1786365254.951,315.643
1786365255.051,315.697
1786365255.152,315.838
1786365255.253,315.952
1786365255.353,316.091
1786365255.454,314.63
1786365255.554,314.82
1786365255.655,314.72
1786365255.755,316.134
1786365255.856,315.927
1786365255.956,315.871
1786365256.059,315.806
1786365256.162,315.819
1786365256.262,314.815
1786365256.363,314.898
1786365256.463,313.482
1786365256.564,314.828
1786365256.664,314.719
1786365256.765,314.768
1786365256.868,314.768
1786365256.971,314.752
1786365257.075,314.756
1786365257.178,314.687
1786365257.282,314.745
1786365257.385,314.85
1786365257.489,315.773
1786365257.593,315.687
1786365257.693,315.744
1786365257.794,315.896
1786365257.895,315.988
1786365257.995,316.103
1786365258.096,316.013
1786365258.196,315.962
1786365258.297,316.121
1786365258.397,316.073
1786365258.498,315.881
1786365258.598,313.526
1786365258.701,313.396
1786365258.805,314.659
1786365258.908,314.486
1786365259.012,314.389
1786365259.116,314.245
1786365259.220,314.308
1786365259.322,312.956
1786365259.426,312.66
1786365259.530,312.631
1786365259.631,312.702
1786365259.731,314.899
1786365259.831,315.133
1786365259.936,315.056
1786365260.040,315.036
1786365260.144,315.061
1786365260.248,312.975
1786365260.349,312.91
1786365260.452,314.223
1786365260.556,314.336
1786365260.660,314.175
1786365260.764,314.132
1786365260.865,314.389
1786365260.969,314.179
1786365261.073,314.107
1786365261.175,312.64
1786365261.279,312.556
1786365261.382,314.662
1786365261.486,314.11
1786365261.587,314.033
1786365261.690,314.026
1786365261.792,314.019
1786365261.894,314.093
1786365261.997,314.029
1786365262.099,314.171
1786365262.201,314.252
1786365262.304,315.758
1786365262.404,315.838
1786365262.507,314.395
1786365262.611,315.026
1786365262.716,315.179
1786365262.820,315.214
1786365262.924,315.346
1786365263.028,315.297
1786365263.133,315.21
1786365263.233,315.248
1786365263.336,314.068
1786365263.439,314.022
1786365263.543,313.995
1786365263.647,315.648
1786365263.752,315.571
1786365263.853,315.508
1786365263.958,315.436
1786365264.062,315.386
1786365264.166,315.432
1786365264.270,315.446
1786365264.371,315.41
1786365264.474,316.713
1786365264.578,316.839
1786365264.682,317.054
1786365264.785,315.346
1786365264.888,315.509
1786365264.989,315.635
1786365265.091,315.8
1786365265.192,315.774
1786365265.294,315.695
1786365265.395,315.616
1786365265.496,315.456
1786365265.598,315.387
1786365265.699,315.387
1786365265.800,315.312
1786365265.901,314.545
1786365266.003,316.008
1786365266.104,315.907
1786365266.205,315.83
1786365266.306,315.726
1786365266.406,315.787
1786365266.507,313.768
1786365266.608,313.803
1786365266.709,312.993
1786365266.810,312.981
1786365266.911,312.973
1786365267.011,313.546
1786365267.112,313.536
1786365267.212,313.527
1786365267.312,311.938
1786365267.415,312.076
1786365267.516,312.194
1786365267.620,314.213
1786365267.724,314.28
1786365267.825,315.323
1786365267.929,315.535
1786365268.034,315.679
1786365268.138,315.958
1786365268.242,316.061
1786365268.346,316.159
1786365268.448,316.041
1786365268.550,316.083
1786365268.654,316.158
1786365268.758,316.368
1786365268.860,316.432
1786365268.964,316.474
1786365269.069,316.418
1786365269.173,316.369
1786365269.277,316.239
1786365269.378,316.419
1786365269.482,315.102
1786365269.584,316.885
1786365269.688,316.848
1786365269.791,316.795
1786365269.893,316.623
1786365269.996,316.478
1786365270.099,316.442
1786365270.203,316.321
1786365270.306,316.357
1786365270.406,316.586
1786365270.507,314.841
1786365270.609,316.177
1786365270.712,316.187
1786365270.815,316.105
1786365270.919,316.069
1786365271.022,316.214
1786365271.126,316.448
1786365271.227,314.891
1786365271.330,315.035
1786365271.434,315.223
1786365271.539,315.031
1786365271.641,316.693
1786365271.745,316.713
1786365271.846,316.064
1786365271.946,316.037
1786365272.046,316.056
1786365272.151,316.096
1786365272.251,316.039
1786365272.355,317.562
1786365272.458,317.39
1786365272.562,317.244
1786365272.664,317.179
1786365272.768,317.145
1786365272.871,317.145
1786365272.971,317.019
1786365273.072,317.581
1786365273.173,317.504
1786365273.273,315.953
1786365273.373,315.842
1786365273.474,315.668
1786365273.578,315.676
1786365273.679,315.762
1786365273.784,315.649
1786365273.886,315.536
1786365273.990,315.413
1786365274.091,313.133
1786365274.192,313.248
1786365274.292,313.196
1786365274.392,314.725
1786365274.496,314.803
1786365274.601,314.749
1786365274.701,314.727
1786365274.802,314.741
1786365274.902,314.737
1786365275.003,314.782
1786365275.103,313.452
1786365275.204,315.776
1786365275.304,315.745
1786365275.407,315.976
1786365275.511,315.989
1786365275.616,316.016
1786365275.717,316.284
1786365275.817,315.498
1786365275.919,315.629
1786365276.020,315.533
1786365276.120,315.587
1786365276.221,315.326
1786365276.321,315.348
1786365276.422,315.184
1786365276.522,314.964
1786365276.624,314.886
1786365276.728,314.741
1786365276.831,314.516
1786365276.932,315.248
1786365277.033,312.668
1786365277.133,312.63
1786365277.234,312.63
1786365277.334,312.684
1786365277.434,314.271
1786365277.535,314.171
1786365277.635,314.112
1786365277.736,314.137
1786365277.836,314.129
1786365277.937,312.585
1786365278.037,312.643
1786365278.138,312.61
1786365278.238,314.984
1786365278.338,315.032
1786365278.439,314.818
1786365278.540,314.81
1786365278.640,314.981
1786365278.741,315.087
1786365278.841,315.07
1786365278.942,313.746
1786365279.042,315.171
1786365279.142,315.089
1786365279.243,315.219
1786365279.344,315.276
1786365279.448,315.436
1786365279.551,315.574
1786365279.653,315.689
1786365279.755,315.452
1786365279.857,315.583
1786365279.961,315.793
1786365280.066,317.123
1786365280.167,315.744
1786365280.272,316.004
1786365280.372,315.886
1786365280.473,315.847
1786365280.573,315.838
1786365280.673,315.821
1786365279.552,315.774
1786365279.653,315.885
1786365279.753,315.885
1786365279.856,315.858
1786365279.960,315.759
1786365280.061,315.804
1786365280.164,317.477
1786365280.268,317.622
1786365280.369,317.648
1786365280.474,315.801
1786365280.578,315.674
1786365280.680,315.622
1786365280.785,315.599
1786365280.889,315.533
1786365280.993,315.464
1786365281.097,315.383
1786365281.198,315.361
1786365281.302,315.226
1786365281.406,315.175
1786365281.511,315.212
1786365281.615,317.171
1786365281.719,317.262
1786365281.823,317.305
1786365281.924,317.34
1786365282.024,317.511
1786365282.125,317.623
1786365282.225,317.737
1786365282.327,314.948
1786365282.432,314.858
1786365282.536,314.566
1786365282.640,314.715
1786365282.741,314.571
1786365282.841,314.484
1786365282.942,312.79
1786365283.043,313.099
1786365283.143,312.942
1786365283.243,312.866
1786365283.345,312.784
1786365283.449,315.553
1786365283.554,315.608
1786365283.658,315.694
1786365283.759,315.664
1786365283.859,314.258
1786365283.960,314.274
1786365284.060,316.001
1786365284.163,315.723
1786365284.267,315.923
1786365284.368,316.102
1786365284.469,316.244
1786365284.569,315.802
1786365284.670,315.841
1786365284.770,315.987
1786365284.870,314.295
1786365284.975,315.873
1786365285.076,315.998
1786365285.177,316.042
1786365285.278,316.094
1786365285.378,316.055
1786365285.479,315.933
1786365285.579,315.972
1786365285.680,315.972
1786365285.780,316.45
1786365285.881,316.601
1786365285.981,316.644
1786365286.082,318.36
1786365286.182,318.424
1786365286.282,318.45
1786365286.383,316.421
1786365286.483,316.368
1786365286.584,316.338
1786365286.684,316.296
1786365286.784,316.239
1786365286.887,316.301
1786365286.988,316.007
1786365287.088,315.842
1786365287.188,314.75
1786365287.289,314.029
1786365287.389,314.044
1786365287.490,315.041
1786365287.590,315.054
1786365287.691,315.055
1786365287.795,315.089
1786365287.899,315.169
1786365287.999,313.388
1786365288.100,313.658
1786365288.200,313.694
1786365288.301,314.801
1786365288.401,315.443
1786365288.504,315.476
1786365288.608,316.547
1786365288.712,316.649
1786365288.813,315.071
1786365288.913,315.187
1786365289.014,315.086
1786365289.114,316.946
1786365289.215,316.895
1786365289.315,316.895
1786365289.416,316.972
1786365289.516,317.018
1786365289.617,317.093
1786365289.717,317.042
1786365289.818,316.979
1786365289.918,315.66
1786365290.018,317.281
1786365290.119,317.201
1786365290.219,317.25
1786365290.320,317.215
1786365290.420,317.293
1786365290.521,317.219
1786365290.621,317.044
1786365290.722,316.864
1786365290.822,315.761
1786365290.922,315.831
1786365291.023,317.158
1786365291.124,317.114
1786365291.224,317.09
1786365291.325,317.201
1786365291.429,317.098
1786365291.533,315.341
1786365291.637,315.34
1786365291.742,315.592
1786365291.846,315.7
1786365291.947,316.788
1786365292.048,316.709
1786365292.150,316.637
1786365292.251,316.654
1786365292.352,316.658
1786365292.452,316.474
1786365292.553,315.72
1786365292.654,315.553
1786365292.754,315.377
1786365292.855,315.158
1786365292.955,315.158
1786365293.059,314.975
1786365293.160,314.818
1786365293.260,314.794
1786365293.361,314.643
1786365293.464,314.518
1786365293.569,314.455
1786365293.673,314.405
1786365293.777,315.086
1786365293.881,316.917
1786365293.986,316.911
1786365294.087,316.804
1786365294.191,316.885
1786365294.295,316.933
1786365294.400,316.827
1786365294.504,316.785
1786365294.608,316.542
1786365294.712,316.564
1786365294.817,316.546
1786365294.921,314.817
1786365295.025,314.919
1786365295.126,315.073
1786365295.230,315.09
1786365295.334,315.056
1786365295.439,315.049
1786365295.543,315.027
1786365295.647,314.058
1786365295.750,313.343
1786365295.854,313.142
1786365295.959,313.198
1786365296.063,314.939
1786365296.163,314.694
1786365296.267,314.597
1786365296.372,314.651
1786365296.473,314.719
1786365296.577,314.664
1786365296.682,314.704
1786365296.786,315.645
1786365296.890,316.578
1786365296.995,316.677
1786365297.095,316.621
1786365297.196,316.648
1786365297.298,315.076
1786365297.403,315.009
1786365297.506,314.903
1786365297.610,314.881
1786365297.714,315.098
1786365297.818,315.172
1786365297.923,314.093
1786365298.027,314.087
1786365298.129,314.123
1786365298.233,314.119
1786365298.337,314.189
1786365298.438,315.953
1786365298.541,314.061
1786365298.645,314.082
1786365298.749,314.001
1786365298.854,313.996
1786365298.958,313.917
1786365299.062,315.149
1786365299.167,315.184
1786365299.267,313.848
1786365299.371,313.776
1786365299.472,313.62
1786365299.573,313.437
1786365299.677,315.374
1786365299.781,315.342
1786365299.885,315.37
1786365299.987,315.183
1786365300.088,315.206
1786365300.191,314.637
1786365300.295,314.694
1786365300.399,315.938
1786365300.501,314.231
1786365300.605,314.451
1786365300.709,314.448
1786365300.813,314.476
1786365300.918,314.45
1786365301.022,314.457
1786365301.122,314.416
1786365301.223,314.549
1786365301.324,315.138
1786365301.428,315.198
1786365301.531,315.566
1786365301.635,317.222
1786365301.737,315.116
1786365301.841,315.055
1786365301.945,315.21
1786365302.050,315.31
1786365302.152,315.163
1786365302.256,315.28
1786365302.360,315.227
1786365302.461,315.223
1786365302.564,315.068
1786365302.669,314.763
1786365302.773,314.952
1786365302.876,316.928
1786365302.980,317.057
1786365303.084,315.981
1786365303.185,315.867
1786365303.288,316.04
1786365303.392,316.099
1786365303.493,314.639
1786365303.597,314.676
1786365303.702,314.662
1786365303.806,314.702
1786365303.910,314.7
1786365304.012,314.788
1786365304.113,314.801
1786365304.217,315.843
1786365304.321,316.164
1786365304.425,316.218
1786365304.526,316.264
1786365304.630,317.164
1786365304.733,315.791
1786365304.837,316.116
1786365304.940,314.542
1786365305.040,314.562
1786365305.142,314.551
1786365305.243,314.024
1786365305.347,314.039
1786365305.448,313.953
1786365305.551,313.974
1786365305.651,313.975
1786365305.752,313.433
1786365305.852,314.148
1786365305.952,313.888
1786365306.053,315.415
1786365306.153,315.397
1786365306.254,315.397
1786365306.358,315.387
1786365306.458,315.953
1786365306.562,315.979
1786365306.666,315.998
1786365306.770,316.007
1786365306.874,315.936
1786365306.976,317.088
1786365307.080,317.626
1786365307.180,317.672
1786365307.281,317.826
1786365307.381,316.261
1786365307.481,316.285
1786365307.582,316.366
1786365307.682,316.331
1786365307.783,316.298
1786365307.883,316.259
1786365307.984,316.274
1786365308.084,316.321
1786365308.184,316.568
1786365308.285,315.591
1786365308.385,315.61
1786365308.486,317.284
1786365308.587,315.087
1786365308.688,314.985
1786365308.788,314.836
1786365308.889,314.693
1786365308.989,314.697
1786365309.090,314.596
1786365309.190,314.514
1786365309.291,314.429
1786365309.391,313.809
1786365309.491,313.67
1786365309.592,313.661
1786365309.692,315.882
1786365309.793,315.67
1786365309.893,315.67
1786365309.993,315.698
1786365310.094,315.622
1786365310.194,315.501
1786365310.295,315.5
1786365310.395,315.379
1786365310.496,313.325
1786365310.596,314.757
1786365310.697,314.768
1786365310.798,314.615
1786365310.899,314.689
1786365311.000,314.811
1786365311.101,314.821
1786365311.201,314.823
1786365311.302,314.868
1786365311.402,314.909
1786365311.502,313.084
1786365311.603,315.001
1786365310.475,315.026
1786365310.575,314.964
1786365310.676,314.951
1786365310.776,315.017
1786365310.877,315.094
1786365310.977,315.055
1786365311.078,315.173
1786365311.178,315.179
1786365311.279,315.097
1786365311.379,316.962
1786365311.479,317.013
1786365311.580,317.23
1786365311.680,317.344
1786365311.781,317.344
1786365311.881,317.63
1786365311.982,317.491
1786365312.082,317.49
1786365312.183,317.536
1786365312.283,315.439
1786365312.384,315.017
1786365312.488,315.185
1786365312.589,315.235
1786365312.689,315.178
1786365312.790,315.079
1786365312.890,315.299
1786365312.994,315.189
1786365313.098,315.197
1786365313.202,315.266
1786365313.304,315.266
1786365313.405,316.768
1786365313.509,317.294
1786365313.613,317.378
1786365313.718,317.457
1786365313.818,316.04
1786365313.919,316.127
1786365314.020,315.896
1786365314.124,315.95
1786365314.228,315.976
1786365314.333,316.03
1786365314.436,316.083
1786365314.539,316.731
1786365314.644,316.704
1786365314.745,316.555
1786365314.849,316.473
1786365314.951,317.971
1786365315.056,317.916
1786365315.157,315.981
1786365315.261,315.94
1786365315.361,315.852
1786365315.463,315.863
1786365315.567,315.943
1786365315.671,315.963
1786365315.776,315.994
1786365315.880,315.974
1786365315.983,314.274
1786365316.085,314.295
1786365316.189,314.277
1786365316.294,316.096
1786365316.394,315.956
1786365316.499,315.912
1786365316.603,315.829
1786365316.703,315.745
1786365316.807,315.685
1786365316.908,314.089
1786365317.011,314.016
1786365317.115,315.689
1786365317.219,315.68
1786365317.324,315.862
1786365317.426,316.127
1786365317.527,315.762
1786365317.631,315.919
1786365317.736,316.052
1786365317.840,316.116
1786365317.942,316.071
1786365318.044,317.629
1786365318.145,315.112
1786365318.249,315.171
1786365318.349,315.216
1786365318.450,314.981
1786365318.550,314.934
1786365318.650,315.366
1786365318.751,315.459
1786365318.851,315.459
1786365318.951,313.347
1786365319.052,313.272
1786365319.152,313.41
1786365319.253,313.524
1786365319.353,316.183
1786365319.454,316.155
1786365319.554,316.196
1786365319.655,316.322
1786365319.755,316.37
1786365319.855,316.377
1786365319.956,316.125
1786365320.056,316.789
1786365320.157,316.711
1786365320.257,316.691
1786365320.358,316.635
1786365320.458,316.685
1786365320.559,316.72
1786365320.659,316.64
1786365320.760,315.052
1786365320.860,314.973
1786365320.961,314.945
1786365321.061,315.035
1786365321.161,316.39
1786365321.262,316.564
1786365321.362,316.615
1786365321.463,316.685
1786365321.563,316.678
1786365321.664,316.706
1786365321.764,316.706
1786365321.864,315.339
1786365321.965,316.882
1786365322.065,316.864
1786365322.166,316.964
1786365322.266,317.008
1786365322.367,316.998
1786365322.467,316.984
1786365322.568,316.963
1786365322.668,316.955
1786365322.768,316.145
1786365322.869,316.257
1786365322.969,317.835
1786365323.070,316.201
1786365323.170,316.198
1786365323.271,316.122
1786365323.371,315.495
1786365323.472,315.475
1786365323.575,315.47
1786365323.679,315.403
1786365323.783,315.331
1786365323.884,316.127
1786365323.987,316.002
1786365324.090,315.715
1786365324.191,316.008
1786365324.296,315.989
1786365324.400,315.91
1786365324.502,316.375
1786365324.607,316.298
1786365324.711,316.338
1786365324.815,316.399
1786365324.916,316.271
1786365325.020,316.162
1786365325.125,316.129
1786365325.227,314.066
1786365325.331,315.375
1786365325.431,315.386
1786365325.535,315.418
1786365325.636,315.402
1786365325.736,315.423
1786365325.837,315.355
1786365325.938,314.867
1786365326.039,314.017
1786365326.140,314.03
1786365326.241,313.996
1786365326.341,316.009
1786365326.441,316.009
1786365326.542,316.235
1786365326.642,316.079
1786365326.743,316.054
1786365326.844,316.129
1786365326.945,316.131
1786365327.046,316.123
1786365327.147,315.235
1786365327.248,316.073
1786365327.348,315.882
1786365327.449,315.931
1786365327.549,315.98
1786365327.650,315.565
1786365327.750,315.691
1786365327.850,315.845
1786365327.951,314.663
1786365328.051,314.674
1786365328.152,314.561
1786365328.252,315.69
1786365328.353,315.901
1786365328.453,316.051
1786365328.553,316.167
1786365328.654,316.152
1786365328.754,314.729
1786365328.855,314.692
1786365328.956,314.615
1786365329.056,315.732
1786365329.156,315.707
1786365329.257,315.775
1786365329.357,315.734
1786365329.458,315.734
1786365329.559,315.774
1786365329.660,314.714
1786365329.761,314.131
1786365329.861,314.093
1786365329.961,315.652
1786365330.062,315.702
1786365330.163,315.543
1786365330.263,315.569
1786365330.364,315.616
1786365330.465,315.747
1786365330.565,315.682
1786365330.665,315.623
1786365330.766,316.689
1786365330.867,317.082
1786365330.967,317.167
1786365331.068,315.774
1786365331.169,315.716
1786365331.270,315.816
1786365331.370,315.836
1786365331.471,315.73
1786365331.571,315.507
1786365331.672,315.588
1786365331.773,315.831
1786365331.873,315.931
1786365331.974,315.923
1786365332.074,315.941
1786365332.175,317.389
1786365332.276,316.043
1786365332.376,316.001
1786365332.477,316.033
1786365332.578,316.043
1786365332.679,316.043
1786365332.780,316.174
1786365332.881,316.149
1786365332.982,315.911
1786365333.083,315.78
1786365333.183,314.628
1786365333.284,313.194
1786365333.384,312.645
1786365333.484,313.956
1786365333.585,314.01
1786365333.685,313.903
1786365333.786,313.973
1786365333.886,313.822
1786365333.987,313.788
1786365334.087,313.919
1786365334.187,314.031
1786365334.288,315.161
1786365334.389,315.004
1786365334.490,315.708
1786365334.591,315.786
1786365334.692,315.846
1786365334.792,315.984
1786365334.893,316.028
1786365334.994,316.172
1786365335.094,316.312
1786365335.195,314.82
1786365335.296,314.842
1786365335.397,315.06
1786365335.498,316.771
1786365335.599,316.623
1786365335.700,316.742
1786365335.801,316.731
1786365335.901,316.731
1786365336.002,316.667
1786365336.103,316.627
1786365336.204,316.653
1786365336.305,316.599
1786365336.405,318.082
1786365336.506,318.115
1786365336.607,317.944
1786365336.708,317.898
1786365336.809,316.351
1786365336.909,316.679
1786365337.011,316.773
1786365337.111,316.854
1786365337.212,316.926
1786365337.312,316.929
1786365337.413,317.048
1786365337.513,317.049
1786365337.614,316.99
1786365337.714,317.104
1786365337.814,317.035
1786365337.915,317.414
1786365338.015,316.947
1786365338.116,316.71
1786365338.216,316.677
1786365338.317,315.446
1786365338.419,315.412
1786365338.523,315.255
1786365338.627,315.227
1786365338.732,315.326
1786365338.832,315.345
1786365338.933,315.457
1786365339.033,316.734
1786365339.134,316.81
1786365339.234,315.472
1786365339.334,315.472
1786365339.435,315.374
1786365339.536,316.595
1786365339.636,316.565
1786365339.737,316.61
1786365339.837,316.666
1786365339.937,316.505
1786365340.038,316.428
1786365340.138,316.31
1786365340.239,316.223
1786365340.339,316.095
1786365340.440,317.527
1786365340.540,317.637
1786365340.641,317.56
1786365340.741,317.524
1786365340.842,317.536
1786365340.942,317.439
1786365341.042,317.488
1786365341.143,317.677
1786365341.243,315.929
1786365341.344,315.942
1786365341.444,316.05
1786365341.545,316.168
1786365341.645,316.405
1786365341.746,316.4
1786365341.846,316.482
1786365341.947,316.485
1786365342.047,316.5
1786365342.148,314.68
1786365342.248,314.498
1786365342.348,314.498
1786365342.449,316.313
1786365342.549,316.344
1786365342.650,316.436
1786365341.510,316.307
1786365341.610,316.05
1786365341.711,316.049
1786365341.811,314.664
1786365341.912,314.634
1786365342.012,314.634
1786365342.112,316.501
1786365342.213,316.452
1786365342.313,315.461
1786365342.413,315.384
1786365342.514,313.29
1786365342.614,313.311
1786365342.715,313.216
1786365342.815,313.252
1786365342.915,314.565
1786365343.016,314.593
1786365343.116,314.455
1786365343.217,314.385
1786365343.317,314.643
1786365343.418,315.564
1786365343.518,315.57
1786365343.619,317.527
1786365343.719,316.195
1786365343.820,316.013
1786365343.920,316.033
1786365344.021,315.939
1786365344.121,315.939
1786365344.221,315.848
1786365344.322,315.882
1786365344.422,315.826
1786365344.523,315.652
1786365344.623,315.517
1786365344.724,315.722
1786365344.824,313.424
1786365344.925,314.552
1786365345.025,314.657
1786365345.126,314.498
1786365345.226,314.505
1786365345.327,314.537
1786365345.427,314.462
1786365345.527,314.425
1786365345.628,314.216
1786365345.728,314.44
1786365345.829,314.112
1786365345.929,316.367
1786365346.030,316.449
1786365346.130,315.193
1786365346.231,315.226
1786365346.331,315.303
1786365346.431,315.208
1786365346.532,315.336
1786365346.632,315.393
1786365346.732,315.515
1786365346.833,315.455
1786365346.933,315.581
1786365347.034,315.581
1786365347.134,315.543
1786365347.235,315.779
1786365347.335,317.09
1786365347.435,317.033
1786365347.536,315.852
1786365347.636,315.862
1786365347.736,314.097
1786365347.837,314.096
1786365347.937,314.096
1786365348.037,314.027
1786365348.138,314.084
1786365348.238,314.211
1786365348.338,314.294
1786365348.439,314.286
1786365348.539,314.434
1786365348.639,315.633
1786365348.744,313.442
1786365348.844,315.199
1786365348.945,315.18
1786365349.045,315.222
1786365349.145,315.247
1786365349.246,315.13
1786365349.346,315.063
1786365349.447,314.967
1786365349.548,315.272
1786365349.648,315.282
1786365349.749,315.317
1786365349.849,317.654
1786365349.950,317.759
1786365350.050,317.945
1786365350.150,317.945
1786365350.251,316.572
1786365350.351,316.678
1786365350.452,316.766
1786365350.552,316.768
1786365350.653,316.66
1786365350.753,316.417
1786365350.853,316.427
1786365350.954,316.471
1786365351.054,316.562
1786365351.155,316.607
1786365351.255,316.616
1786365351.355,316.403
1786365351.456,316.378
1786365351.556,316.561
1786365351.656,316.639
1786365351.757,316.714
1786365351.857,316.78
1786365351.958,316.861
1786365352.058,316.92
1786365352.159,315.997
1786365352.259,315.972
1786365352.359,315.873
1786365352.460,317.703
1786365352.560,316.033
1786365352.660,315.388
1786365352.761,315.195
1786365352.861,315.253
1786365352.962,315.387
1786365353.066,315.287
1786365353.167,315.287
1786365353.267,315.241
1786365353.371,315.879
1786365353.475,315.891
1786365353.579,315.886
1786365353.684,315.853
1786365353.788,317.59
1786365353.892,318.113
1786365353.996,318.321
1786365354.101,318.236
1786365354.201,318.0
1786365354.302,318.097
1786365354.406,318.147
1786365354.511,318.381
1786365354.615,318.404
1786365354.719,318.25
1786365354.824,315.844
1786365354.928,315.847
1786365355.030,315.872
1786365355.131,315.876
1786365355.232,315.842
1786365355.334,315.956
1786365355.438,315.907
1786365355.542,315.791
1786365355.647,315.771
1786365355.749,315.644
1786365355.853,315.771
1786365355.958,318.017
1786365356.062,317.915
1786365356.163,317.828
1786365356.265,317.936
1786365356.367,316.405
1786365356.471,316.44
1786365356.575,316.358
1786365356.680,316.427
1786365356.784,316.403
1786365356.888,316.435
1786365356.992,316.508
1786365357.093,316.526
1786365357.196,316.582
1786365357.296,316.694
1786365357.397,316.45
1786365357.498,316.539
1786365357.599,316.452
1786365357.700,316.504
1786365357.801,316.427
1786365357.901,316.396
1786365358.002,315.3
1786365358.102,315.362
1786365358.203,315.487
1786365358.303,315.365
1786365358.404,315.21
1786365358.504,315.272
1786365358.605,316.723
1786365358.705,315.304
1786365358.806,315.302
1786365358.906,315.302
1786365359.006,315.35
1786365359.107,316.513
1786365359.207,316.469
1786365359.308,316.297
1786365359.409,314.956
1786365359.509,314.956
1786365359.610,315.033
1786365359.710,315.01
1786365359.810,314.819
1786365359.911,316.171
1786365360.011,316.058
1786365360.111,315.522
1786365360.212,315.432
1786365360.312,315.308
1786365360.413,315.17
1786365360.513,315.011
1786365360.614,315.149
1786365360.714,314.735
1786365360.815,314.675
1786365360.915,314.762
1786365361.016,314.707
1786365361.116,314.73
1786365361.216,315.178
1786365361.317,315.417
1786365361.417,315.454
1786365361.518,315.431
1786365361.618,313.409
1786365361.719,314.642
1786365361.819,315.003
1786365361.920,315.029
1786365362.020,315.111
1786365362.121,314.495
1786365362.221,314.654
1786365362.322,312.589
1786365362.422,312.392
1786365362.523,312.392
1786365362.623,312.612
1786365362.724,312.753
1786365362.825,314.942
1786365362.926,314.932
1786365363.027,313.477
1786365363.128,313.489
1786365363.229,312.32
1786365363.330,313.004
1786365363.431,312.853
1786365363.531,314.972
1786365363.632,315.213
1786365363.733,314.984
1786365363.833,313.437
1786365363.934,313.39
1786365364.035,313.595
1786365364.135,315.074
1786365364.236,315.202
1786365364.337,316.36
1786365364.437,316.434
1786365364.538,316.518
1786365364.639,314.409
1786365364.740,314.165
1786365364.841,314.296
1786365364.942,315.807
1786365365.042,315.787
1786365365.143,315.569
1786365365.244,315.709
1786365365.344,315.684
1786365365.445,313.438
1786365365.546,313.406
1786365365.646,313.394
1786365365.747,313.394
1786365365.848,315.635
1786365365.950,315.666
1786365366.050,315.536
1786365366.151,315.528
1786365366.252,315.587
1786365366.352,314.45
1786365366.453,314.252
1786365366.554,314.13
1786365366.655,316.385
1786365366.756,316.391
1786365366.857,316.363
1786365366.958,316.366
1786365367.058,316.445
1786365367.159,316.443
1786365367.260,316.528
1786365367.361,316.459
1786365367.461,315.861
1786365367.562,316.478
1786365367.662,316.537
1786365367.767,316.575
1786365367.871,316.579
1786365367.975,316.516
1786365368.079,316.462
1786365368.181,316.373
1786365368.282,316.413
1786365368.384,315.398
1786365368.485,315.532
1786365368.585,317.28
1786365368.686,316.747
1786365368.787,316.914
1786365368.889,316.777
1786365368.990,316.948
1786365369.091,317.105
1786365369.192,315.733
1786365369.294,315.764
1786365369.395,315.747
1786365369.496,316.792
1786365369.596,316.656
1786365369.697,316.656
1786365369.798,316.895
1786365369.898,316.975
1786365369.999,316.929
1786365370.099,317.142
1786365370.199,315.426
1786365370.303,315.625
1786365370.407,317.036
1786365370.512,317.097
1786365370.616,317.227
1786365370.717,317.199
1786365370.817,317.313
1786365370.918,317.123
1786365371.019,315.524
1786365371.120,315.559
1786365371.221,315.549
1786365371.321,317.26
1786365371.422,317.057
1786365371.523,316.922
1786365371.624,316.971
1786365371.725,316.822
1786365371.825,316.81
1786365371.926,316.789
1786365372.027,316.837
1786365372.128,317.779
1786365372.228,317.79
1786365372.329,316.234
1786365372.431,316.186
1786365372.531,316.059
1786365372.632,316.226
1786365372.735,316.094
1786365372.839,316.169
1786365372.943,316.104
1786365373.048,313.864
1786365373.149,313.801
1786365373.253,314.503
1786365373.353,314.387
1786365373.457,315.852
1786365373.561,314.572
1786365373.662,314.711
1786365372.527,314.628
1786365372.629,314.684
1786365372.733,313.207
1786365372.837,313.085
1786365372.939,315.4
1786365373.043,315.486
1786365373.144,315.361
1786365373.248,315.466
1786365373.353,315.486
1786365373.457,316.645
1786365373.560,316.811
1786365373.664,316.828
1786365373.768,316.853
1786365373.873,318.389
1786365373.976,318.536
1786365374.080,318.519
1786365374.182,318.514
1786365374.287,318.582
1786365374.387,318.538
1786365374.491,318.581
1786365374.595,318.581
1786365374.699,318.481
1786365374.803,317.041
1786365374.904,317.041
1786365375.008,316.964
1786365375.112,316.941
1786365375.216,316.945
1786365375.320,316.887
1786365375.425,317.062
1786365375.525,317.032
1786365375.628,316.861
1786365375.733,316.877
1786365375.837,316.949
1786365375.939,317.039
1786365376.043,318.421
1786365376.148,318.449
1786365376.252,318.394
1786365376.356,318.361
1786365376.458,318.303
1786365376.562,318.206
1786365376.666,318.126
1786365376.771,318.031
1786365376.875,317.918
1786365376.979,316.396
1786365377.083,316.251
1786365377.187,316.148
1786365377.292,315.994
1786365377.396,315.879
1786365377.499,315.849
1786365377.600,314.924
1786365377.704,312.967
1786365377.808,313.332
1786365377.910,313.605
1786365378.014,313.49
1786365378.118,314.836
1786365378.220,314.796
1786365378.324,314.801
1786365378.428,314.833
1786365378.533,314.897
1786365378.637,314.838
1786365378.741,315.711
1786365378.845,317.488
1786365378.948,317.046
1786365379.049,316.883
1786365379.154,315.266
1786365379.258,315.226
1786365379.362,315.189
1786365379.466,315.208
1786365379.571,315.291
1786365379.672,315.23
1786365379.777,315.192
1786365379.881,315.188
1786365379.985,315.103
1786365380.089,315.345
1786365380.194,313.494
1786365380.298,315.052
1786365380.402,315.261
1786365380.507,315.182
1786365380.611,315.146
1786365380.712,315.022
1786365380.817,314.961
1786365380.918,314.884
1786365381.023,314.926
1786365381.127,312.847
1786365381.231,312.534
1786365381.335,314.287
1786365381.440,314.3
1786365381.544,314.014
1786365381.648,314.257
1786365381.751,314.296
1786365381.851,314.315
1786365381.952,314.362
1786365382.053,314.46
1786365382.153,314.319
1786365382.254,316.398
1786365382.354,315.185
1786365382.455,315.199
1786365382.556,315.269
1786365382.656,315.331
1786365382.757,314.357
1786365382.858,314.412
1786365382.958,314.348
1786365383.059,314.379
1786365383.160,314.434
1786365383.260,314.557
1786365383.361,314.621
1786365383.462,315.829
1786365383.563,316.011
1786365383.663,316.082
1786365383.764,316.243
1786365383.865,317.136
1786365383.966,317.188
1786365384.066,317.309
1786365384.167,315.312
1786365384.268,315.357
1786365384.368,315.357
1786365384.469,315.389
1786365384.570,315.375
1786365384.670,315.49
1786365384.771,315.36
1786365384.872,315.336
1786365384.973,315.244
1786365385.074,315.148
1786365385.175,315.384
1786365385.275,315.446
1786365385.376,316.148
1786365385.476,316.056
1786365385.577,316.262
1786365385.677,316.397
1786365385.778,316.479
1786365385.879,316.494
1786365385.980,316.553
1786365386.081,316.509
1786365386.181,315.273
1786365386.283,315.071
1786365386.383,315.145
1786365386.484,316.511
1786365386.585,316.645
1786365386.685,316.474
1786365386.786,316.425
1786365386.887,316.399
1786365386.987,316.568
1786365387.088,316.612
1786365387.189,316.647
1786365387.290,318.06
1786365387.391,318.166
1786365387.492,316.274
1786365387.593,316.444
1786365387.694,316.444
1786365387.795,316.415
1786365387.896,316.213
1786365387.996,314.737
1786365388.097,314.76
1786365388.198,314.659
1786365388.299,314.674
1786365388.399,314.772
1786365388.500,314.852
1786365388.601,312.395
1786365388.702,314.139
1786365388.803,313.925
1786365388.905,313.939
1786365389.006,314.075
1786365389.106,315.582
1786365389.207,315.479
1786365389.307,315.538
1786365389.408,315.525
1786365389.509,315.489
1786365389.609,315.377
1786365389.710,317.941
1786365389.811,317.927
1786365389.912,317.925
1786365390.012,316.264
1786365390.114,316.357
1786365390.215,316.429
1786365390.315,316.506
1786365390.416,316.518
1786365390.517,316.482
1786365390.618,316.435
1786365390.719,316.341
1786365390.819,315.398
1786365390.920,315.398
1786365391.021,315.35
1786365391.122,315.408
1786365391.223,317.125
1786365391.323,317.072
1786365391.424,315.381
1786365391.525,315.49
1786365391.625,315.483
1786365391.726,315.462
1786365391.826,315.473
1786365391.927,315.506
1786365392.027,316.178
1786365392.128,316.293
1786365392.228,316.313
1786365392.329,316.186
1786365392.429,316.176
1786365392.530,317.439
1786365392.630,316.202
1786365392.730,316.163
1786365392.831,316.199
1786365392.931,316.184
1786365393.032,316.229
1786365393.132,315.338
1786365393.233,315.299
1786365393.333,315.247
1786365393.433,315.248
1786365393.534,315.187
1786365393.634,315.364
1786365393.735,316.364
1786365393.839,314.866
1786365393.941,314.758
1786365394.041,314.758
1786365394.143,314.695
1786365394.248,314.558
1786365394.352,315.396
1786365394.456,315.459
1786365394.561,315.46
1786365394.665,315.37
1786365394.769,315.219
1786365394.870,315.136
1786365394.971,315.039
1786365395.072,316.407
1786365395.173,316.367
1786365395.274,316.318
1786365395.375,315.119
1786365395.475,315.027
1786365395.576,314.962
1786365395.676,314.9
1786365395.777,315.202
1786365395.877,315.399
1786365395.981,315.552
1786365396.086,315.724
1786365396.190,315.791
1786365396.294,314.422
1786365396.399,314.536
1786365396.503,315.675
1786365396.607,315.722
1786365396.709,315.699
1786365396.813,315.669
1786365396.915,315.353
1786365397.019,315.319
1786365397.120,315.376
1786365397.224,315.337
1786365397.328,315.217
1786365397.432,316.69
1786365397.537,316.572
1786365397.637,316.647
1786365397.741,316.778
1786365397.845,316.798
1786365397.948,315.324
1786365398.052,315.312
1786365398.153,315.28
1786365398.257,315.205
1786365398.361,314.209
1786365398.466,314.293
1786365398.570,314.295
1786365398.674,314.334
1786365398.778,314.35
1786365398.882,314.212
1786365398.986,314.165
1786365399.090,315.785
1786365399.191,315.957
1786365399.294,315.953
1786365399.395,316.008
1786365399.499,317.071
1786365399.603,317.088
1786365399.704,317.068
1786365399.808,315.331
1786365399.909,315.36
1786365400.010,315.389
1786365400.110,315.353
1786365400.213,315.169
1786365400.315,315.101
1786365400.417,315.256
1786365400.520,315.301
1786365400.622,313.593
1786365400.725,313.834
1786365400.827,314.013
1786365400.929,315.121
1786365401.032,315.13
1786365401.135,315.198
1786365401.237,315.327
1786365401.340,315.492
1786365401.442,313.209
1786365401.545,313.171
1786365401.648,313.094
1786365401.751,314.851
1786365401.854,314.712
1786365401.957,314.595
1786365402.060,315.338
1786365402.163,315.33
1786365402.264,315.215
1786365402.365,315.166
1786365402.466,315.166
1786365402.567,313.509
1786365402.668,315.739
1786365402.768,315.708
1786365402.869,315.73
1786365402.970,315.647
1786365403.071,315.641
1786365403.172,315.613
1786365403.273,315.754
1786365403.374,315.789
1786365403.475,315.951
1786365403.576,314.128
1786365403.676,315.1
1786365403.777,315.101
1786365403.878,314.956
1786365403.979,314.912
1786365404.080,314.867
1786365404.181,314.775
1786365404.281,314.529
1786365404.383,314.564
1786365404.483,313.089
1786365404.584,313.042
1786365404.685,314.859
1786365403.541,315.556
1786365403.642,315.82
1786365403.743,315.971
1786365403.843,316.005
1786365403.944,316.092
1786365404.045,315.898
1786365404.146,316.158
1786365404.247,314.376
1786365404.348,315.826
1786365404.449,315.747
1786365404.550,315.743
1786365404.651,315.743
1786365404.752,315.653
1786365404.853,315.452
1786365404.953,315.432
1786365405.054,315.459
1786365405.155,315.557
1786365405.256,315.774
1786365405.357,315.752
1786365405.458,315.437
1786365405.559,315.726
1786365405.660,315.863
1786365405.760,315.885
1786365405.861,315.942
1786365405.961,315.925
1786365406.062,315.956
1786365406.163,315.867
1786365406.263,315.773
1786365406.364,315.902
1786365406.465,315.967
1786365406.566,317.84
1786365406.667,317.538
1786365406.767,315.933
1786365406.869,315.961
1786365406.969,315.927
1786365407.070,315.98
1786365407.171,315.979
1786365407.271,316.247
1786365407.372,316.22
1786365407.472,316.194
1786365407.573,314.752
1786365407.674,314.795
1786365407.774,314.785
1786365407.875,314.785
1786365407.977,316.182
1786365408.077,315.121
1786365408.178,315.104
1786365408.279,315.046
1786365408.381,315.006
1786365408.481,315.025
1786365408.582,315.048
1786365408.683,314.97
1786365408.784,316.378
1786365408.884,316.495
1786365408.985,316.618
1786365409.086,316.811
1786365409.187,317.897
1786365409.288,316.538
1786365409.389,316.58
1786365409.489,316.554
1786365409.590,316.296
1786365409.691,315.472
1786365409.792,315.56
1786365409.892,315.422
1786365409.993,315.215
1786365410.094,314.996
1786365410.194,314.937
1786365410.295,314.891
1786365410.396,316.113
1786365410.497,316.103
1786365410.598,314.063
1786365410.699,314.195
1786365410.800,314.982
1786365410.901,315.037
1786365411.001,314.993
1786365411.102,314.967
1786365411.203,315.148
1786365411.303,315.148
1786365411.405,315.138
1786365411.505,315.002
1786365411.606,315.111
1786365411.707,315.015
1786365411.808,315.781
1786365411.909,315.592
1786365412.010,315.55
1786365412.111,315.32
1786365412.212,315.336
1786365412.313,315.434
1786365412.413,315.247
1786365412.514,315.112
1786365412.615,315.189
1786365412.716,315.082
1786365412.816,312.773
1786365412.918,313.926
1786365413.018,313.923
1786365413.119,313.904
1786365413.220,314.056
1786365413.321,314.096
1786365413.422,314.042
1786365413.522,314.161
1786365413.623,314.284
1786365413.724,314.326
1786365413.824,314.35
1786365413.925,315.98
1786365414.026,315.308
1786365414.127,315.295
1786365414.228,315.358
1786365414.329,315.292
1786365414.430,315.304
1786365414.531,315.304
1786365414.632,315.491
1786365414.733,315.499
1786365414.833,313.265
1786365414.934,313.24
1786365415.035,313.329
1786365415.136,314.106
1786365415.237,314.871
1786365415.337,314.903
1786365415.439,314.839
1786365415.540,314.786
1786365415.641,314.821
1786365415.741,314.842
1786365415.842,314.786
1786365415.943,315.54
1786365416.043,315.493
1786365416.146,315.615
1786365416.248,315.564
1786365416.350,315.596
1786365416.451,315.611
1786365416.553,315.662
1786365416.656,315.683
1786365416.758,315.664
1786365416.860,315.411
1786365416.963,315.541
1786365417.065,317.224
1786365417.168,317.307
1786365417.270,317.141
1786365417.373,317.145
1786365417.475,317.186
1786365417.577,317.278
1786365417.680,315.961
1786365417.782,315.937
1786365417.885,315.99
1786365417.988,314.893
1786365418.090,314.946
1786365418.193,314.892
1786365418.296,314.912
1786365418.399,314.884
1786365418.500,314.958
1786365418.605,314.696
1786365418.709,314.683
1786365418.814,316.046
1786365418.918,316.189
1786365419.023,316.221
1786365419.127,315.885
1786365419.232,315.768
1786365419.336,315.676
1786365419.441,315.633
1786365419.545,315.763
1786365419.649,315.228
1786365419.754,315.58
1786365419.858,315.605
1786365419.963,315.624
1786365420.064,312.936
1786365420.165,312.85
1786365420.267,314.387
1786365420.368,314.334
1786365420.468,314.334
1786365420.569,314.291
1786365420.670,314.514
1786365420.771,314.548
1786365420.872,315.067
1786365420.972,314.98
1786365421.073,314.98
1786365421.173,315.011
1786365421.273,315.319
1786365421.377,315.292
1786365421.482,315.307
1786365421.587,315.414
1786365421.691,315.451
1786365421.792,315.308
1786365421.893,315.279
1786365421.993,315.307
1786365422.094,315.43
1786365422.194,315.583
1786365422.294,313.928
1786365422.397,316.321
1786365422.499,316.519
1786365422.603,316.538
1786365422.704,316.45
1786365422.806,316.256
1786365422.911,316.291
1786365423.016,316.236
1786365423.120,316.144
1786365423.225,314.877
1786365423.325,314.646
1786365423.430,314.005
1786365423.534,313.878
1786365423.639,313.609
1786365423.743,313.41
1786365423.848,313.466
1786365423.953,313.744
1786365424.057,313.776
1786365424.162,313.852
1786365424.266,313.928
1786365424.368,315.052
1786365424.469,313.567
1786365424.572,315.79
1786365424.675,315.888
1786365424.778,316.069
1786365424.881,316.279
1786365424.984,316.358
1786365425.087,316.494
1786365425.190,316.454
1786365425.294,316.467
1786365425.397,316.496
1786365425.498,316.513
1786365425.601,316.606
1786365425.703,316.587
1786365425.807,316.497
1786365425.910,316.467
1786365426.014,316.356
1786365426.119,316.222
1786365426.223,315.958
1786365426.323,315.95
1786365426.426,315.814
1786365426.528,315.755
1786365426.632,315.872
1786365426.732,317.331
1786365426.834,317.316
1786365426.939,317.383
1786365427.044,317.487
1786365427.144,317.487
1786365427.245,315.731
1786365427.345,315.909
1786365427.449,315.859
1786365427.554,315.746
1786365427.655,315.82
1786365427.757,315.657
1786365427.861,315.465
1786365427.965,315.389
1786365428.070,315.643
1786365428.172,315.717
1786365428.272,315.664
1786365428.374,315.384
1786365428.474,314.481
1786365428.576,314.495
1786365428.677,314.46
1786365428.779,314.324
1786365428.880,314.477
1786365428.982,314.651
1786365429.083,314.811
1786365429.184,314.63
1786365429.286,314.518
1786365429.387,314.366
1786365429.487,316.428
1786365429.588,315.463
1786365429.689,314.772
1786365429.790,314.812
1786365429.891,314.905
1786365429.991,314.839
1786365430.092,314.943
1786365430.193,314.812
1786365430.294,314.712
1786365430.394,314.739
1786365430.495,314.833
1786365430.595,314.759
1786365430.696,316.393
1786365430.796,317.03
1786365430.900,317.085
1786365431.004,317.378
1786365431.105,315.901
1786365431.209,315.678
1786365431.314,315.69
1786365431.417,315.913
1786365431.522,315.817
1786365431.626,315.922
1786365431.729,316.089
1786365431.830,314.754
1786365431.933,314.877
1786365432.037,314.877
1786365432.142,314.669
1786365432.246,316.159
1786365432.346,316.159
1786365432.450,316.063
1786365432.552,315.994
1786365432.652,315.836
1786365432.757,315.931
1786365432.857,315.842
1786365432.958,315.821
1786365433.062,315.587
1786365433.166,315.494
1786365433.270,315.448
1786365433.375,315.581
1786365433.479,315.55
1786365433.582,315.598
1786365433.683,314.524
1786365433.785,313.863
1786365433.885,312.974
1786365433.988,312.925
1786365434.091,312.775
1786365434.194,314.446
1786365434.298,314.513
1786365434.401,314.831
1786365434.501,314.721
1786365434.603,314.888
1786365434.705,314.998
1786365434.806,316.157
1786365434.906,314.961
1786365435.010,315.875
1786365435.112,314.011
1786365435.215,314.207
1786365435.316,314.273
1786365435.419,314.37
1786365435.520,314.122
1786365435.621,314.047
1786365435.722,314.046
1786365434.541,311.842
1786365434.645,311.859
1786365434.750,313.811
1786365434.853,313.876
1786365434.958,315.718
1786365435.062,315.677
1786365435.166,315.806
1786365435.268,315.845
1786365435.372,315.919
1786365435.476,315.844
1786365435.581,315.746
1786365435.681,317.927
1786365435.785,317.938
1786365435.888,315.14
1786365435.991,315.12
1786365436.094,315.19
1786365436.198,315.151
1786365436.299,315.272
1786365436.401,315.262
1786365436.504,315.294
1786365436.608,315.377
1786365436.711,315.493
1786365436.814,315.648
1786365436.918,315.683
1786365437.021,318.541
1786365437.125,318.537
1786365437.225,318.692
1786365437.326,318.642
1786365437.428,318.371
1786365437.531,317.14
1786365437.632,317.085
1786365437.732,317.153
1786365437.835,317.223
1786365437.939,317.065
1786365438.040,315.386
1786365438.143,315.32
1786365438.244,315.325
1786365438.344,315.132
1786365438.445,315.234
1786365438.545,315.559
1786365438.646,316.792
1786365438.747,316.792
1786365438.850,316.701
1786365438.954,316.668
1786365439.054,316.416
1786365439.158,314.16
1786365439.259,315.792
1786365439.360,315.792
1786365439.460,315.675
1786365439.561,315.735
1786365439.662,315.525
1786365439.762,315.199
1786365439.862,315.146
1786365439.963,315.341
1786365440.063,315.275
1786365440.166,315.42
1786365440.270,315.808
1786365440.370,315.731
1786365440.474,315.896
1786365440.578,315.859
1786365440.679,315.8
1786365440.780,315.747
1786365440.881,315.71
1786365440.982,315.653
1786365441.083,315.511
1786365441.184,315.484
1786365441.285,315.389
1786365441.386,317.205
1786365441.487,315.838
1786365441.588,315.555
1786365441.688,315.491
1786365441.789,315.499
1786365441.890,315.656
1786365441.990,315.598
1786365442.090,315.739
1786365442.191,315.646
1786365442.293,314.353
1786365442.394,314.362
1786365442.494,314.528
1786365442.597,315.934
1786365442.700,315.331
1786365442.804,315.466
1786365442.906,315.494
1786365443.010,315.466
1786365443.113,315.442
1786365443.214,315.267
1786365443.316,315.26
1786365443.417,316.659
1786365443.521,316.601
1786365443.622,316.432
1786365443.723,316.281
1786365443.824,316.794
1786365443.925,316.656
1786365444.025,316.536
1786365444.126,316.536
1786365444.227,314.682
1786365444.327,314.693
1786365444.428,314.568
1786365444.529,314.499
1786365444.629,314.325
1786365444.730,314.646
1786365444.830,314.579
1786365444.931,314.67
1786365445.031,314.762
1786365445.132,314.848
1786365445.232,313.59
1786365445.332,315.25
1786365445.433,315.169
1786365445.534,315.188
1786365445.636,315.184
1786365445.736,315.048
1786365445.837,314.696
1786365445.939,314.961
1786365446.040,314.994
1786365446.141,314.968
1786365446.242,314.814
1786365446.342,316.178
1786365446.443,316.28
1786365446.543,316.295
1786365446.646,315.735
1786365446.751,314.935
1786365446.857,315.17
1786365446.962,315.298
1786365447.067,315.066
1786365447.168,315.089
1786365447.269,315.349
1786365447.370,315.349
1786365447.470,315.5
1786365447.571,315.386
1786365447.672,315.525
1786365447.772,313.885
1786365447.873,314.608
1786365447.974,314.43
1786365448.075,314.318
1786365448.176,314.224
1786365448.277,314.236
1786365448.377,313.559
1786365448.478,313.355
1786365448.578,313.383
1786365448.683,313.437
1786365448.788,313.332
1786365448.893,313.505
1786365448.998,313.421
1786365449.102,314.482
1786365449.208,314.526
1786365449.310,314.616
1786365449.412,314.878
1786365449.515,315.492
1786365449.617,315.51
1786365449.719,315.523
1786365449.822,315.638
1786365449.924,315.858
1786365450.026,317.449
1786365450.128,317.576
1786365450.230,317.649
1786365450.333,317.747
1786365450.435,317.973
1786365450.537,317.836
1786365450.639,317.926
1786365450.741,317.927
1786365450.843,317.899
1786365450.945,315.539
1786365451.047,315.377
1786365451.149,315.303
1786365451.250,315.303
1786365451.352,315.323
1786365451.453,315.234
1786365451.555,315.423
1786365451.657,315.244
1786365451.759,315.15
1786365451.861,313.288
1786365451.962,313.288
1786365452.064,313.289
1786365452.166,315.657
1786365452.268,315.724
1786365452.369,315.877
1786365452.471,315.846
1786365452.573,316.012
1786365452.674,316.058
1786365452.776,314.43
1786365452.877,314.5
1786365452.978,316.464
1786365453.080,316.751
1786365453.181,315.68
1786365453.282,315.608
1786365453.383,315.626
1786365453.485,315.694
1786365453.586,315.797
1786365453.687,315.742
1786365453.787,313.883
1786365453.888,315.395
1786365453.989,315.464
1786365454.089,315.503
1786365454.190,315.255
1786365454.290,316.447
1786365454.390,316.464
1786365454.492,316.464
1786365454.597,314.611
1786365454.701,314.431
1786365454.802,314.309
1786365454.906,314.321
1786365455.010,315.974
1786365455.115,315.982
1786365455.217,316.011
1786365455.319,315.951
1786365455.422,316.192
1786365455.526,316.094
1786365455.628,316.103
1786365455.732,316.409
1786365455.837,316.41
1786365455.941,316.426
1786365456.043,316.356
1786365456.145,316.377
1786365456.246,316.399
1786365456.348,316.397
1786365456.450,316.237
1786365456.550,315.975
1786365456.652,314.62
1786365456.753,314.593
1786365456.854,316.16
1786365456.955,316.227
1786365457.056,316.231
1786365457.157,316.432
1786365457.258,316.291
1786365457.359,316.339
1786365457.460,316.211
1786365457.561,316.245
1786365457.662,316.253
1786365457.763,317.636
1786365457.863,317.775
1786365457.964,315.797
1786365458.065,315.68
1786365458.166,315.666
1786365458.266,315.417
1786365458.367,314.567
1786365458.467,314.324
1786365458.568,314.27
1786365458.668,314.374
1786365458.769,314.374
1786365458.869,314.354
1786365458.970,314.356
1786365459.070,314.433
1786365459.170,314.637
1786365459.271,314.98
1786365459.371,315.057
1786365459.473,315.299
1786365459.574,316.243
1786365459.676,316.516
1786365459.777,316.605
1786365459.878,316.486
1786365459.979,316.442
1786365460.080,316.396
1786365460.181,316.088
1786365460.282,317.799
1786365460.383,317.508
1786365460.483,317.613
1786365460.584,317.355
1786365460.685,315.225
1786365460.785,315.118
1786365460.886,315.15
1786365460.986,315.252
1786365461.089,315.341
1786365461.193,315.245
1786365461.294,315.212
1786365461.396,315.132
1786365461.500,315.096
1786365461.604,315.067
1786365461.705,315.093
1786365461.806,317.152
1786365461.907,317.189
1786365462.008,317.08
1786365462.109,317.103
1786365462.210,316.948
1786365462.311,316.948
1786365462.411,316.995
1786365462.512,317.114
1786365462.613,317.348
1786365462.714,317.294
1786365462.814,317.084
1786365462.915,317.002
1786365463.015,314.707
1786365463.116,314.666
1786365463.217,314.748
1786365463.317,314.691
1786365463.418,314.764
1786365463.518,314.75
1786365463.619,314.681
1786365463.719,313.626
1786365463.822,313.718
1786365463.926,313.706
1786365464.026,313.738
1786365464.127,315.935
1786365464.230,316.096
1786365464.334,315.901
1786365464.438,315.782
1786365464.541,313.299
1786365464.645,313.321
1786365464.746,313.438
1786365464.848,314.253
1786365464.949,314.14
1786365465.051,314.074
1786365465.152,314.251
1786365465.253,314.345
1786365465.354,314.251
1786365465.456,314.398
1786365465.557,314.43
1786365465.658,316.917
1786365465.760,315.497
1786365465.861,315.482
1786365465.962,315.57
1786365466.063,315.696
1786365466.165,315.774
1786365466.265,315.672
1786365466.366,315.689
1786365466.467,315.77
1786365466.568,315.77
1786365466.668,314.187
1786365465.483,314.224
1786365465.588,314.209
1786365465.692,315.81
1786365465.796,315.821
1786365465.900,315.822
1786365466.000,315.88
1786365466.104,315.786
1786365466.208,315.811
1786365466.312,315.837
1786365466.413,315.764
1786365466.514,316.969
1786365466.614,315.919
1786365466.714,315.93
1786365466.815,315.831
1786365466.915,315.783
1786365467.015,315.975
1786365467.116,315.706
1786365467.216,315.841
1786365467.317,315.826
1786365467.417,315.826
1786365467.518,314.578
1786365467.620,314.37
1786365467.723,315.415
1786365467.825,315.364
1786365467.928,315.275
1786365468.029,315.295
1786365468.132,315.303
1786365468.234,313.75
1786365468.335,313.923
1786365468.435,313.931
1786365468.536,314.173
1786365468.636,315.387
1786365468.736,315.914
1786365468.837,315.871
1786365468.938,315.827
1786365469.039,315.852
1786365469.140,315.873
1786365469.241,315.699
1786365469.341,317.476
1786365469.443,317.34
1786365469.544,315.825
1786365469.645,315.825
1786365469.746,315.532
1786365469.846,315.572
1786365469.947,315.927
1786365470.048,315.984
1786365470.149,316.026
1786365470.249,316.002
1786365470.350,316.04
1786365470.450,314.501
1786365470.551,314.388
1786365470.651,314.253
1786365470.752,315.74
1786365470.852,315.839
1786365470.952,315.732
1786365471.053,315.397
1786365471.153,315.444
1786365471.254,315.762
1786365471.354,315.724
1786365471.455,315.735
1786365471.557,317.178
1786365471.660,317.21
1786365471.762,317.343
1786365471.862,317.408
1786365471.963,317.48
1786365472.063,316.044
1786365472.164,315.959
1786365472.264,315.9
1786365472.365,315.58
1786365472.465,315.662
1786365472.566,315.835
1786365472.666,315.932
1786365472.770,312.752
1786365472.870,312.647
1786365472.971,312.647
1786365473.072,312.687
1786365473.172,312.509
1786365473.273,314.029
1786365473.373,314.06
1786365473.474,314.221
1786365473.574,312.677
1786365473.675,312.662
1786365473.776,312.655
1786365473.876,312.685
1786365473.977,315.982
1786365474.077,316.095
1786365474.178,315.983
1786365474.279,316.09
1786365474.379,316.116
1786365474.480,316.359
1786365474.580,314.123
1786365474.681,315.763
1786365474.782,315.777
1786365474.882,315.543
1786365474.983,315.47
1786365475.083,315.673
1786365475.184,315.629
1786365475.284,315.776
1786365475.385,315.713
1786365475.486,315.797
1786365475.586,315.682
1786365475.686,317.725
1786365475.787,317.726
1786365475.887,316.277
1786365475.988,316.369
1786365476.088,316.369
1786365476.188,316.483
1786365476.289,316.35
1786365476.392,316.461
1786365476.493,316.341
1786365476.594,316.434
1786365476.694,316.717
1786365476.794,316.712
1786365476.895,316.916
1786365476.996,317.054
1786365477.099,317.946
1786365477.202,317.974
1786365477.304,317.876
1786365477.407,316.408
1786365477.511,316.302
1786365477.615,316.398
1786365477.719,316.416
1786365477.823,316.075
1786365477.924,316.133
1786365478.024,314.933
1786365478.124,314.864
1786365478.225,315.506
1786365478.325,315.46
1786365478.426,315.507
1786365478.526,316.987
1786365478.627,317.097
1786365478.730,317.073
1786365478.834,317.188
1786365478.938,317.363
1786365479.042,317.276
1786365479.146,318.349
1786365479.251,318.2
1786365479.355,318.15
1786365479.459,318.031
1786365479.563,316.283
1786365479.667,316.118
1786365479.772,315.983
1786365479.876,315.767
1786365479.980,314.961
1786365480.080,314.762
1786365480.181,314.766
1786365480.281,314.765
1786365480.382,314.703
1786365480.482,312.541
1786365480.583,312.57
1786365480.683,314.322
1786365480.784,314.27
1786365480.884,314.304
1786365480.985,314.535
1786365481.085,315.269
1786365481.186,315.307
1786365481.287,315.307
1786365481.388,315.393
1786365481.489,315.392
1786365481.589,315.447
1786365481.690,317.589
1786365481.791,317.603
1786365481.892,317.518
1786365481.993,317.608
1786365482.094,317.827
1786365482.194,317.829
1786365482.295,317.806
1786365482.396,317.815
1786365482.497,316.078
1786365482.597,316.043
1786365482.698,316.096
1786365482.799,316.144
1786365482.899,316.006
1786365483.000,315.883
1786365483.101,315.908
1786365483.202,314.754
1786365483.303,314.728
1786365483.404,314.672
1786365483.504,314.647
1786365483.605,314.03
1786365483.705,314.038
1786365483.806,314.002
1786365483.907,314.069
1786365484.008,314.276
1786365484.108,314.624
1786365484.209,314.588
1786365484.310,313.816
1786365484.411,313.924
1786365484.512,313.859
1786365484.612,313.859
1786365484.714,313.851
1786365484.814,316.14
1786365484.915,316.248
1786365485.016,316.393
1786365485.116,316.292
1786365485.217,316.181
1786365485.318,314.602
1786365485.418,314.622
1786365485.519,316.261
1786365485.619,316.103
1786365485.720,316.122
1786365485.821,316.171
1786365485.922,316.353
1786365486.023,316.237
1786365486.124,314.221
1786365486.225,314.178
1786365486.326,314.401
1786365486.427,315.721
1786365486.528,315.685
1786365486.628,315.662
1786365486.729,315.566
1786365486.830,313.902
1786365486.931,313.749
1786365487.032,313.497
1786365487.132,312.686
1786365487.234,314.533
1786365487.335,314.659
1786365487.435,314.5
1786365487.536,314.559
1786365487.636,312.423
1786365487.737,312.593
1786365487.838,312.729
1786365487.939,312.729
1786365488.039,314.407
1786365488.140,314.441
1786365488.241,314.376
1786365488.342,315.12
1786365488.443,314.136
1786365488.544,312.268
1786365488.644,312.266
1786365488.745,312.286
1786365488.846,314.511
1786365488.947,314.407
1786365489.048,314.377
1786365489.148,314.315
1786365489.249,314.379
1786365489.350,314.539
1786365489.450,314.495
1786365489.551,315.607
1786365489.652,317.327
1786365489.753,317.47
1786365489.853,317.432
1786365489.954,315.708
1786365490.054,315.772
1786365490.155,315.999
1786365490.256,316.171
1786365490.356,316.101
1786365490.457,315.968
1786365490.558,316.16
1786365490.658,316.116
1786365490.759,314.722
1786365490.860,314.608
1786365490.961,314.677
1786365491.061,316.434
1786365491.163,316.393
1786365491.264,316.393
1786365491.365,316.249
1786365491.465,316.149
1786365491.566,316.26
1786365491.666,316.539
1786365491.767,314.943
1786365491.868,314.947
1786365491.969,316.35
1786365492.070,316.589
1786365492.171,316.664
1786365492.272,316.624
1786365492.373,315.198
1786365492.474,315.046
1786365492.575,315.095
1786365492.675,313.246
1786365492.776,313.155
1786365492.877,314.155
1786365492.977,314.174
1786365493.078,314.178
1786365493.179,313.946
1786365493.280,313.88
1786365493.381,313.867
1786365493.481,315.347
1786365493.582,314.302
1786365493.682,314.267
1786365493.782,316.122
1786365493.883,313.958
1786365493.984,314.389
1786365494.084,314.34
1786365494.184,314.372
1786365494.285,314.374
1786365494.385,314.438
1786365494.486,314.438
1786365494.586,314.349
1786365494.687,314.466
1786365494.787,315.609
1786365494.887,313.041
1786365494.988,313.199
1786365495.089,315.195
1786365495.190,315.243
1786365495.291,315.108
1786365495.391,315.08
1786365495.492,314.955
1786365495.593,313.373
1786365495.694,313.537
1786365495.795,313.353
1786365495.896,313.329
1786365495.996,315.893
1786365496.097,315.748
1786365496.198,315.818
1786365496.298,316.065
1786365496.399,316.068
1786365496.500,316.154
1786365496.601,316.181
1786365496.702,317.687
1786365496.803,317.603
1786365496.904,317.651
1786365497.004,317.713
1786365497.104,315.397
1786365497.205,315.318
1786365497.306,315.378
1786365497.407,315.309
1786365497.508,315.361
1786365497.608,315.076
1786365496.476,315.076
1786365496.577,314.951
1786365496.678,314.78
1786365496.778,314.707
1786365496.880,314.539
1786365496.981,314.382
1786365497.081,316.555
1786365497.182,316.691
1786365497.283,314.754
1786365497.383,314.482
1786365497.484,314.638
1786365497.585,314.216
1786365497.686,314.305
1786365497.787,314.398
1786365497.888,314.426
1786365497.989,314.427
1786365498.090,314.367
1786365498.191,314.398
1786365498.291,314.361
1786365498.392,316.1
1786365498.493,314.581
1786365498.594,314.5
1786365498.695,315.234
1786365498.795,315.287
1786365498.896,315.312
1786365498.997,315.245
1786365499.098,315.271
1786365499.198,315.386
1786365499.299,314.112
1786365499.400,314.011
1786365499.501,314.098
1786365499.602,315.68
1786365499.703,315.594
1786365499.803,315.594
1786365499.904,315.45
1786365500.005,315.39
1786365500.106,315.503
1786365500.206,315.567
1786365500.307,314.167
1786365500.408,314.073
1786365500.508,315.522
1786365500.609,315.47
1786365500.710,315.451
1786365500.810,315.486
1786365500.911,315.555
1786365501.011,315.444
1786365501.112,315.514
1786365501.212,314.078
1786365501.313,314.061
1786365501.413,315.39
1786365501.514,315.452
1786365501.614,315.289
1786365501.714,315.256
1786365501.815,315.476
1786365501.915,315.411
1786365502.016,313.878
1786365502.116,314.099
1786365502.217,314.149
1786365502.317,315.439
1786365502.417,315.424
1786365502.518,315.534
1786365502.618,315.551
1786365502.719,314.517
1786365502.819,314.517
1786365502.919,314.7
1786365503.021,314.37
1786365503.121,314.437
1786365503.222,315.927
1786365503.322,315.81
1786365503.425,315.746
1786365503.529,315.718
1786365503.634,314.367
1786365503.738,314.397
1786365503.839,314.4
1786365503.939,315.472
1786365504.040,315.353
1786365504.140,315.532
1786365504.241,315.721
1786365504.342,315.791
1786365504.447,314.129
1786365504.547,314.168
1786365504.648,314.357
1786365504.752,315.497
1786365504.853,315.331
1786365504.957,315.431
1786365505.058,315.403
1786365505.163,315.285
1786365505.267,315.292
1786365505.368,313.62
1786365505.469,313.67
1786365505.569,315.479
1786365505.670,315.418
1786365505.771,315.269
1786365505.872,315.046
1786365505.972,315.198
1786365506.073,315.167
1786365506.174,315.238
1786365506.274,315.423
1786365506.375,313.113
1786365506.476,314.597
1786365506.576,314.444
1786365506.677,314.396
1786365506.778,314.507
1786365506.879,314.663
1786365506.979,314.663
1786365507.080,315.189
1786365507.180,315.171
1786365507.281,315.142
1786365507.382,313.227
1786365507.482,313.107
1786365507.583,315.374
1786365507.684,315.394
1786365507.784,315.569
1786365507.885,315.61
1786365507.985,314.64
1786365508.086,314.415
1786365508.188,314.299
1786365508.292,314.216
1786365508.393,314.237
1786365508.494,314.79
1786365508.594,314.753
1786365508.695,314.752
1786365508.795,314.707
1786365508.895,314.662
1786365508.996,314.559
1786365509.099,315.512
1786365509.199,313.756
1786365509.303,314.017
1786365509.408,314.018
1786365509.512,314.206
1786365509.616,315.569
1786365509.720,315.564
1786365509.821,315.596
1786365509.923,315.743
1786365510.024,315.763
1786365510.124,315.824
1786365510.225,315.75
1786365510.326,317.61
1786365510.427,317.366
1786365510.528,315.888
1786365510.628,315.601
1786365510.729,315.531
1786365510.830,315.569
1786365510.930,315.569
1786365511.031,315.591
1786365511.131,315.654
1786365511.231,315.49
1786365511.332,315.453
1786365511.432,313.83
1786365511.533,314.215
1786365511.633,314.247
1786365511.733,315.753
1786365511.834,315.828
1786365511.934,315.937
1786365512.034,315.993
1786365512.135,315.979
1786365512.235,315.865
1786365512.335,314.523
1786365512.436,314.512
1786365512.536,316.153
1786365512.637,315.647
1786365512.737,315.555
1786365512.837,315.568
1786365512.938,315.669
1786365513.038,315.574
1786365513.139,314.515
1786365513.239,312.834
1786365513.340,312.762
1786365513.441,314.069
1786365513.542,313.999
1786365513.642,313.915
1786365513.743,314.009
1786365513.844,314.309
1786365513.945,314.309
1786365514.045,314.363
1786365514.146,314.251
1786365514.247,312.38
1786365514.348,313.871
1786365514.449,315.459
1786365514.550,315.443
1786365514.651,315.515
1786365514.752,315.498
1786365514.852,315.65
1786365514.953,315.606
1786365515.054,315.383
1786365515.155,315.114
1786365515.256,313.796
1786365515.356,315.622
1786365515.457,315.171
1786365515.558,315.266
1786365515.659,315.318
1786365515.760,315.36
1786365515.861,314.674
1786365515.962,314.615
1786365516.062,314.659
1786365516.163,314.653
1786365516.264,314.939
1786365516.364,316.48
1786365516.465,316.422
1786365516.566,316.44
1786365516.667,314.922
1786365516.767,314.792
1786365516.869,314.68
1786365516.970,315.334
1786365517.070,315.341
1786365517.171,315.354
1786365517.272,315.354
1786365517.372,315.372
1786365517.473,315.332
1786365517.574,315.026
1786365517.674,315.309
1786365517.776,315.251
1786365517.876,314.993
1786365517.977,315.036
1786365518.078,315.249
1786365518.179,315.347
1786365518.280,315.324
1786365518.380,314.171
1786365518.481,314.123
1786365518.582,314.182
1786365518.682,314.4
1786365518.783,314.264
1786365518.884,314.235
1786365518.985,315.974
1786365519.086,316.044
1786365519.186,315.974
1786365519.287,316.042
1786365519.388,316.107
1786365519.489,317.245
1786365519.590,317.294
1786365519.691,317.509
1786365519.791,315.003
1786365519.892,314.997
1786365519.993,315.054
1786365520.094,315.111
1786365520.195,315.094
1786365520.296,315.143
1786365520.397,315.112
1786365520.497,315.14
1786365520.598,315.145
1786365520.699,315.145
1786365520.800,315.351
1786365520.901,315.057
1786365521.001,317.397
1786365521.102,316.028
1786365521.203,315.995
1786365521.303,315.875
1786365521.404,315.918
1786365521.505,315.711
1786365521.606,315.817
1786365521.707,315.73
1786365521.808,315.757
1786365521.909,315.585
1786365522.010,315.623
1786365522.111,315.881
1786365522.212,317.24
1786365522.313,317.133
1786365522.413,317.22
1786365522.514,317.167
1786365522.615,317.187
1786365522.716,317.011
1786365522.817,317.216
1786365522.918,317.282
1786365523.019,317.313
1786365523.120,314.87
1786365523.221,314.656
1786365523.322,314.573
1786365523.422,314.757
1786365523.523,313.714
1786365523.624,313.745
1786365523.725,313.914
1786365523.826,313.987
1786365523.927,313.656
1786365524.028,313.509
1786365524.129,313.509
1786365524.230,313.489
1786365524.331,315.955
1786365524.432,315.845
1786365524.533,314.748
1786365524.634,314.812
1786365524.735,315.765
1786365524.836,315.832
1786365524.936,315.752
1786365525.037,315.849
1786365525.139,316.233
1786365525.239,316.262
1786365525.341,316.195
1786365525.441,316.244
1786365525.542,316.453
1786365525.643,317.724
1786365525.743,317.691
1786365525.844,317.325
1786365525.945,317.272
1786365526.046,317.32
1786365526.147,315.789
1786365526.248,315.617
1786365526.349,315.727
1786365526.449,315.782
1786365526.551,315.753
1786365526.652,315.772
1786365526.753,315.746
1786365526.854,315.788
1786365526.954,316.278
1786365527.055,316.337
1786365527.159,316.434
1786365527.261,317.941
1786365527.365,317.964
1786365527.466,318.008
1786365527.566,316.332
1786365527.671,316.43
1786365527.775,316.528
1786365527.879,316.59
1786365527.980,316.589
1786365528.081,316.589
1786365528.182,316.673
1786365528.282,316.581
1786365528.383,316.599
1786365528.483,316.576
1786365528.584,316.567
1786365528.684,316.608
1786365527.551,316.048
1786365527.651,315.953
1786365527.752,315.859
1786365527.853,315.91
1786365527.954,316.069
1786365528.056,315.955
1786365528.157,316.102
1786365528.257,316.023
1786365528.358,316.033
1786365528.458,315.951
1786365528.559,315.852
1786365528.660,316.754
1786365528.761,316.9
1786365528.861,316.723
1786365528.962,316.57
1786365529.063,316.411
1786365529.164,316.424
1786365529.265,316.47
1786365529.366,316.458
1786365529.466,316.43
1786365529.567,316.381
1786365529.667,316.289
1786365529.768,317.678
1786365529.869,317.596
1786365529.969,317.719
1786365530.070,317.719
1786365530.171,317.797
1786365530.272,316.424
1786365530.373,316.352
1786365530.474,316.245
1786365530.575,316.265
1786365530.676,316.523
1786365530.777,316.573
1786365530.878,314.849
1786365530.978,314.89
1786365531.079,314.778
1786365531.180,314.711
1786365531.280,314.607
1786365531.381,315.93
1786365531.482,316.0
1786365531.582,315.976
1786365531.684,315.937
1786365531.784,315.622
1786365531.885,315.748
1786365531.986,317.637
1786365532.087,317.591
1786365532.188,317.528
1786365532.289,317.447
1786365532.389,316.108
1786365532.490,316.165
1786365532.591,316.149
1786365532.692,314.983
1786365532.793,315.031
1786365532.894,315.347
1786365532.995,315.197
1786365533.097,314.996
1786365533.198,314.99
1786365533.298,312.91
1786365533.399,312.91
1786365533.499,313.055
1786365533.600,314.433
1786365533.701,314.411
1786365533.801,314.46
1786365533.903,315.724
1786365534.003,315.821
1786365534.104,315.796
1786365534.205,315.869
1786365534.305,315.902
1786365534.406,315.903
1786365534.506,318.144
1786365534.606,318.123
1786365534.707,317.738
1786365534.807,317.721
1786365534.908,317.845
1786365535.009,317.768
1786365535.109,315.582
1786365535.210,315.391
1786365535.311,315.394
1786365535.411,315.47
1786365535.512,315.492
1786365535.612,315.46
1786365535.713,314.34
1786365535.813,314.38
1786365535.913,314.404
1786365536.015,314.275
1786365536.116,314.29
1786365536.216,316.406
1786365536.317,316.406
1786365536.417,316.342
1786365536.518,316.342
1786365536.619,316.533
1786365536.719,316.469
1786365536.820,316.46
1786365536.921,316.031
1786365537.021,316.504
1786365537.122,316.414
1786365537.223,316.357
1786365537.324,316.344
1786365537.425,316.326
1786365537.526,316.302
1786365537.627,314.891
1786365537.727,314.81
1786365537.828,314.946
1786365537.929,313.733
1786365538.030,315.393
1786365538.130,315.272
1786365538.231,315.415
1786365538.332,315.499
1786365538.433,315.556
1786365538.533,315.509
1786365538.635,315.473
1786365538.736,316.923
1786365538.836,316.75
1786365538.937,316.628
1786365539.038,316.2
1786365539.138,316.138
1786365539.238,316.174
1786365539.339,316.181
1786365539.440,316.202
1786365539.541,316.22
1786365539.641,316.266
1786365539.742,316.266
1786365539.843,316.213
1786365539.944,313.526
1786365540.045,313.573
1786365540.146,313.483
1786365540.247,315.174
1786365540.347,315.248
1786365540.448,315.146
1786365540.549,315.193
1786365540.650,315.048
1786365540.750,315.069
1786365540.851,315.025
1786365540.952,315.047
1786365541.053,317.733
1786365541.153,317.784
1786365541.254,315.5
1786365541.355,315.517
1786365541.456,315.447
1786365541.557,315.721
1786365541.657,315.581
1786365541.758,315.662
1786365541.859,315.424
1786365541.960,315.494
1786365542.061,315.477
1786365542.162,313.407
1786365542.262,313.373
1786365542.363,315.719
1786365542.464,315.66
1786365542.565,315.59
1786365542.666,315.386
1786365542.767,315.507
1786365542.867,315.61
1786365542.968,315.945
1786365543.069,315.945
1786365543.170,313.654
1786365543.270,313.681
1786365543.371,315.777
1786365543.472,315.788
1786365543.573,315.773
1786365543.674,315.826
1786365543.775,315.827
1786365543.876,315.776
1786365543.977,315.749
1786365544.078,315.608
1786365544.179,315.579
1786365544.279,317.832
1786365544.380,316.269
1786365544.481,316.395
1786365544.582,316.63
1786365544.682,316.735
1786365544.784,316.625
1786365544.885,316.676
1786365544.986,316.649
1786365545.087,316.479
1786365545.187,316.582
1786365545.287,316.444
1786365545.388,316.518
1786365545.489,318.105
1786365545.590,318.306
1786365545.691,318.08
1786365545.791,318.072
1786365545.892,316.381
1786365545.993,316.328
1786365546.094,316.337
1786365546.195,316.507
1786365546.296,316.507
1786365546.397,316.57
1786365546.498,316.553
1786365546.598,316.464
1786365546.699,316.5
1786365546.799,316.157
1786365546.900,316.176
1786365547.000,316.203
1786365547.101,318.01
1786365547.201,316.358
1786365547.301,316.364
1786365547.402,316.444
1786365547.502,316.263
1786365547.603,316.27
1786365547.704,316.194
1786365547.805,316.177
1786365547.906,316.047
1786365548.007,314.453
1786365548.108,314.36
1786365548.209,314.296
1786365548.309,315.97
1786365548.410,315.522
1786365548.511,315.525
1786365548.612,315.519
1786365548.713,315.485
1786365548.814,315.518
1786365548.914,315.393
1786365549.015,315.458
1786365549.116,316.967
1786365549.217,316.914
1786365549.318,315.098
1786365549.418,315.032
1786365549.519,315.032
1786365549.620,315.48
1786365549.720,315.232
1786365549.822,315.293
1786365549.925,313.936
1786365550.028,313.95
1786365550.129,314.129
1786365550.233,314.175
1786365550.335,314.084
1786365550.437,311.974
1786365550.541,313.813
1786365550.643,313.887
1786365550.747,313.912
1786365550.851,313.923
1786365550.956,313.877
1786365551.058,315.263
1786365551.162,315.28
1786365551.263,313.376
1786365551.365,313.318
1786365551.470,313.425
1786365551.574,315.572
1786365551.677,315.674
1786365551.781,315.716
1786365551.883,315.742
1786365551.986,315.748
1786365552.088,315.821
1786365552.190,315.731
1786365552.290,315.744
1786365552.392,317.603
1786365552.494,317.676
1786365552.596,317.721
1786365552.699,317.93
1786365552.801,316.234
1786365552.903,316.094
1786365553.005,316.31
1786365553.107,316.302
1786365553.209,316.294
1786365553.310,316.31
1786365553.412,316.231
1786365553.514,316.231
1786365553.614,315.247
1786365553.716,315.264
1786365553.818,315.04
1786365553.920,315.019
1786365554.022,315.207
1786365554.124,314.973
1786365554.226,315.026
1786365554.327,315.031
1786365554.429,315.083
1786365554.531,315.168
1786365554.632,314.735
1786365554.734,315.701
1786365554.836,315.766
1786365554.937,315.886
1786365555.039,317.518
1786365555.140,317.499
1786365555.241,317.523
1786365555.343,317.523
1786365555.444,317.596
1786365555.546,315.24
1786365555.648,315.234
1786365555.750,315.164
1786365555.852,315.589
1786365555.953,315.65
1786365556.055,315.515
1786365556.156,315.498
1786365556.256,313.587
1786365556.357,313.475
1786365556.457,313.448
1786365556.557,313.618
1786365556.658,315.842
1786365556.758,315.656
1786365556.859,315.631
1786365556.959,315.693
1786365557.060,315.698
1786365557.160,315.577
1786365557.261,315.458
1786365557.361,317.354
1786365557.466,317.432
1786365557.569,315.976
1786365557.673,315.745
1786365557.778,315.849
1786365557.882,316.327
1786365557.983,316.418
1786365558.083,316.364
1786365558.184,316.376
1786365558.284,316.536
1786365558.385,316.479
1786365558.485,316.446
1786365558.586,314.808
1786365558.687,316.247
1786365558.787,315.222
1786365558.887,315.198
1786365558.988,315.191
1786365559.088,315.191
1786365559.191,315.018
1786365559.294,314.978
1786365559.398,314.877
1786365559.501,313.239
1786365559.605,313.376
1786365559.707,313.386
1786365558.558,314.981
1786365558.662,315.121
1786365558.767,316.216
1786365558.871,316.35
1786365558.975,316.094
1786365559.079,316.241
1786365559.180,316.289
1786365559.284,316.522
1786365559.385,318.086
1786365559.490,316.223
1786365559.594,316.344
1786365559.698,316.325
1786365559.801,316.269
1786365559.905,316.303
1786365560.009,316.097
1786365560.112,316.132
1786365560.216,316.165
1786365560.320,316.09
1786365560.421,315.882
1786365560.525,315.879
1786365560.629,317.721
1786365560.733,316.101
1786365560.838,316.078
1786365560.942,316.148
1786365561.043,316.121
1786365561.144,316.279
1786365561.244,316.186
1786365561.345,316.112
1786365561.446,316.078
1786365561.546,314.501
1786365561.647,314.568
1786365561.749,314.54
1786365561.853,316.061
1786365561.958,316.053
1786365562.062,316.043
1786365562.166,316.046
1786365562.270,315.968
1786365562.374,315.959
1786365562.477,316.289
1786365562.581,316.347
1786365562.685,317.906
1786365562.790,316.699
1786365562.894,316.667
1786365562.999,316.59
1786365563.103,314.886
1786365563.207,314.693
1786365563.308,314.421
1786365563.412,313.846
1786365563.513,313.784
1786365563.617,313.44
1786365563.721,313.409
1786365563.822,313.378
1786365563.922,314.59
1786365564.022,314.681
1786365564.123,314.994
1786365564.227,316.71
1786365564.330,316.816
1786365564.431,316.995
1786365564.532,316.083
1786365564.632,316.224
1786365564.732,316.174
1786365564.836,316.153
1786365564.940,316.156
1786365565.044,316.109
1786365565.144,315.898
1786365565.245,315.599
1786365565.345,315.758
1786365565.446,315.836
1786365565.547,315.916
1786365565.647,317.299
1786365565.747,315.613
1786365565.848,315.686
1786365565.949,315.686
1786365566.049,315.607
1786365566.150,315.653
1786365566.251,315.631
1786365566.352,315.789
1786365566.453,315.751
1786365566.554,315.499
1786365566.655,315.476
1786365566.755,315.335
1786365566.856,313.148
1786365566.956,314.712
1786365567.057,314.585
1786365567.158,314.598
1786365567.258,314.583
1786365567.359,314.536
1786365567.460,314.464
1786365567.560,313.123
1786365567.661,313.143
1786365567.762,313.074
1786365567.862,313.079
1786365567.963,314.736
1786365568.064,314.664
1786365568.165,314.728
1786365568.266,314.818
1786365568.367,314.724
1786365568.467,314.776
1786365568.568,314.836
1786365568.669,314.275
1786365568.770,314.377
1786365568.871,314.304
1786365568.971,314.295
1786365569.073,314.847
1786365569.174,314.933
1786365569.274,314.933
1786365569.376,315.136
1786365569.476,315.093
1786365569.577,313.641
1786365569.678,313.795
1786365569.779,313.747
1786365569.879,315.645
1786365569.980,315.562
1786365570.081,315.528
1786365570.182,315.523
1786365570.283,315.505
1786365570.387,313.646
1786365570.490,313.435
1786365570.595,313.392
1786365570.699,314.851
1786365570.803,314.919
1786365570.907,315.033
1786365571.009,315.042
1786365571.113,315.054
1786365571.216,315.121
1786365571.317,315.222
1786365571.421,314.046
1786365571.526,316.027
1786365571.630,316.113
1786365571.734,316.176
1786365571.838,316.222
1786365571.942,316.035
1786365572.047,316.0
1786365572.147,316.086
1786365572.248,316.371
1786365572.350,316.407
1786365572.454,314.786
1786365572.556,316.115
1786365572.657,316.228
1786365572.759,316.254
1786365572.860,316.424
1786365572.962,316.481
1786365573.063,316.516
1786365573.164,316.11
1786365573.265,314.531
1786365573.366,313.8
1786365573.468,313.871
1786365573.569,315.476
1786365573.670,315.466
1786365573.771,315.237
1786365573.872,315.181
1786365573.973,315.142
1786365574.074,313.304
1786365574.175,313.268
1786365574.275,313.537
1786365574.376,315.014
1786365574.476,315.014
1786365574.577,315.411
1786365574.680,315.257
1786365574.784,315.191
1786365574.888,315.113
1786365574.992,315.137
1786365575.093,315.194
1786365575.194,315.293
1786365575.294,314.756
1786365575.395,314.818
1786365575.495,314.959
1786365575.596,314.962
1786365575.700,314.913
1786365575.804,314.959
1786365575.905,314.976
1786365576.005,314.966
1786365576.105,315.043
1786365576.206,313.789
1786365576.311,313.488
1786365576.411,315.818
1786365576.515,315.74
1786365576.616,315.787
1786365576.716,316.041
1786365576.819,316.216
1786365576.923,316.241
1786365577.025,314.486
1786365577.129,314.828
1786365577.230,314.769
1786365577.332,316.006
1786365577.437,316.121
1786365577.538,316.205
1786365577.642,316.246
1786365577.746,316.182
1786365577.847,315.961
1786365577.947,314.537
1786365578.050,314.413
1786365578.150,316.23
1786365578.253,315.922
1786365578.358,314.808
1786365578.460,314.819
1786365578.564,314.743
1786365578.668,312.957
1786365578.772,312.879
1786365578.876,312.886
1786365578.981,312.841
1786365579.085,314.229
1786365579.185,314.315
1786365579.290,314.316
1786365579.392,314.317
1786365579.497,315.546
1786365579.600,315.595
1786365579.704,315.637
1786365579.808,317.451
1786365579.912,317.55
1786365580.016,317.518
1786365580.120,317.632
1786365580.222,317.642
1786365580.326,316.155
1786365580.430,316.174
1786365580.534,316.163
1786365580.638,316.037
1786365580.740,315.908
1786365580.844,315.877
1786365580.948,315.963
1786365581.051,315.896
1786365581.153,314.48
1786365581.254,314.351
1786365581.354,314.504
1786365581.455,316.003
1786365581.555,315.948
1786365581.656,316.008
1786365581.757,316.052
1786365581.857,316.052
1786365581.958,316.104
1786365582.059,316.114
1786365582.160,315.912
1786365582.261,315.828
1786365582.361,317.236
1786365582.462,317.425
1786365582.563,317.242
1786365582.664,317.212
1786365582.765,317.225
1786365582.865,317.104
1786365582.967,314.539
1786365583.069,314.456
1786365583.171,314.382
1786365583.272,314.344
1786365583.373,314.475
1786365583.475,314.55
1786365583.577,313.325
1786365583.678,313.253
1786365583.780,313.281
1786365583.881,313.414
1786365583.983,313.505
1786365584.084,316.31
1786365584.185,314.551
1786365584.287,314.689
1786365584.388,314.921
1786365584.489,314.885
1786365584.592,314.815
1786365584.693,315.873
1786365584.795,315.891
1786365584.897,315.821
1786365584.998,314.534
1786365585.100,314.222
1786365585.202,313.855
1786365585.304,315.617
1786365585.406,315.468
1786365585.509,315.24
1786365585.611,315.107
1786365585.712,315.163
1786365585.814,315.198
1786365585.916,315.157
1786365586.019,315.157
1786365586.121,315.135
1786365586.223,316.119
1786365586.324,316.306
1786365586.426,314.791
1786365586.529,314.847
1786365586.632,314.968
1786365586.732,314.989
1786365586.833,315.014
1786365586.934,314.888
1786365587.034,314.829
1786365587.135,315.056
1786365587.236,315.056
1786365587.336,315.135
1786365587.437,315.161
1786365587.537,314.935
1786365587.638,314.861
1786365587.739,314.829
1786365587.839,314.831
1786365587.940,314.84
1786365588.040,314.831
1786365588.141,314.821
1786365588.242,314.641
1786365588.342,314.872
1786365588.443,314.816
1786365588.543,314.875
1786365588.644,315.054
1786365588.745,314.185
1786365588.850,314.181
1786365588.950,314.22
1786365589.051,314.301
1786365589.152,314.381
1786365589.252,314.405
1786365589.352,314.484
1786365589.456,314.318
1786365589.558,312.711
1786365589.662,312.673
1786365589.767,314.479
1786365589.871,315.301
1786365589.975,315.338
1786365590.080,315.338
1786365590.180,315.348
1786365590.283,315.348
1786365590.387,315.425
1786365590.488,315.5
1786365590.593,315.515
1786365590.697,315.393
1786365589.548,316.878
1786365589.652,315.657
1786365589.757,315.447
1786365589.861,315.528
1786365589.965,315.57
1786365590.069,315.64
1786365590.173,315.579
1786365590.278,315.481
1786365590.382,315.399
1786365590.486,315.173
1786365590.590,315.221
1786365590.695,315.364
1786365590.796,316.443
1786365590.897,316.509
1786365590.999,316.541
1786365591.100,316.545
1786365591.200,314.753
1786365591.301,314.793
1786365591.402,314.736
1786365591.503,314.709
1786365591.604,314.816
1786365591.705,314.95
1786365591.806,314.941
1786365591.906,315.055
1786365592.009,313.502
1786365592.111,313.41
1786365592.215,312.782
1786365592.316,314.43
1786365592.416,314.618
1786365592.519,314.676
1786365592.624,314.728
1786365592.728,314.446
1786365592.829,313.442
1786365592.933,313.464
1786365593.038,313.645
1786365593.138,315.226
1786365593.239,313.669
1786365593.343,314.188
1786365593.446,314.441
1786365593.548,314.202
1786365593.650,314.17
1786365593.752,314.11
1786365593.855,314.362
1786365593.957,315.421
1786365594.059,315.525
1786365594.161,315.43
1786365594.264,315.408
1786365594.364,316.822
1786365594.466,315.769
1786365594.569,315.627
1786365594.671,315.63
1786365594.773,315.573
1786365594.876,315.696
1786365594.978,315.824
1786365595.080,315.674
1786365595.183,315.727
1786365595.285,315.659
1786365595.387,315.53
1786365595.490,315.817
1786365595.593,316.955
1786365595.693,314.735
1786365595.796,314.748
1786365595.898,314.836
1786365596.001,314.836
1786365596.104,314.846
1786365596.204,314.782
1786365596.307,314.844
1786365596.410,315.002
1786365596.513,315.019
1786365596.616,315.076
1786365596.719,314.927
1786365596.822,314.823
1786365596.925,316.885
1786365597.029,316.832
1786365597.132,316.689
1786365597.232,316.581
1786365597.335,315.216
1786365597.439,315.085
1786365597.542,314.72
1786365597.646,314.936
1786365597.750,314.883
1786365597.854,315.028
1786365597.956,314.967
1786365598.061,313.837
1786365598.163,313.855
1786365598.267,314.101
1786365598.368,314.217
1786365598.469,315.519
1786365598.569,313.693
1786365598.670,314.125
1786365598.770,313.852
1786365598.871,313.927
1786365598.975,313.921
1786365599.078,314.037
1786365599.181,315.296
1786365599.282,313.096
1786365599.386,313.092
1786365599.490,312.976
1786365599.594,313.098
1786365599.698,315.099
1786365599.801,313.944
1786365599.903,313.926
1786365600.007,313.881
1786365600.112,313.882
1786365600.216,313.876
1786365600.317,311.872
1786365600.421,314.294
1786365600.525,314.148
1786365600.629,314.391
1786365600.734,314.32
1786365600.838,314.165
1786365600.942,314.94
1786365601.047,314.984
1786365601.148,314.955
1786365601.248,314.971
1786365601.352,314.932
1786365601.453,314.516
1786365601.557,314.463
1786365601.662,314.458
1786365601.766,314.414
1786365601.870,314.394
1786365601.975,314.455
1786365602.075,314.49
1786365602.178,313.814
1786365602.279,313.877
1786365602.383,313.853
1786365602.484,314.125
1786365602.584,314.861
1786365602.689,314.775
1786365602.793,314.784
1786365602.897,314.793
1786365603.002,314.806
1786365603.106,314.771
1786365603.210,314.269
1786365603.313,314.919
1786365603.417,314.959
1786365603.522,314.902
1786365603.623,313.206
1786365603.727,314.78
1786365603.832,314.734
1786365603.936,314.753
1786365604.040,314.51
1786365604.145,314.595
1786365604.249,314.737
1786365604.353,315.225
1786365604.457,315.226
1786365604.562,315.172
1786365604.666,315.164
1786365604.770,316.599
1786365604.875,316.601
1786365604.979,316.564
1786365605.081,315.103
1786365605.185,315.112
1786365605.287,315.125
1786365605.391,315.067
1786365605.495,315.163
1786365605.600,315.43
1786365605.703,315.418
1786365605.807,312.842
1786365605.911,312.826
1786365606.016,312.84
1786365606.120,312.923
1786365606.224,314.331
1786365606.329,314.256
1786365606.433,314.146
1786365606.537,314.116
1786365606.638,314.19
1786365606.741,311.063
1786365606.843,311.236
1786365606.946,313.763
1786365607.050,313.834
1786365607.153,313.825
1786365607.254,313.753
1786365607.356,311.837
1786365607.459,311.915
1786365607.562,311.883
1786365607.666,311.789
1786365607.767,310.206
1786365607.869,312.202
1786365607.973,312.095
1786365608.077,312.053
1786365608.181,312.149
1786365608.285,312.507
1786365608.389,311.342
1786365608.494,313.458
1786365608.595,313.634
1786365608.700,313.712
1786365608.803,313.851
1786365608.904,313.646
1786365609.009,314.506
1786365609.113,314.49
1786365609.217,314.57
1786365609.320,314.655
1786365609.421,314.655
1786365609.525,314.342
1786365609.629,315.403
1786365609.734,315.322
1786365609.838,315.35
1786365609.942,315.323
1786365610.046,317.033
1786365610.151,317.109
1786365610.251,317.109
1786365610.355,315.793
1786365610.459,315.841
1786365610.563,315.652
1786365610.668,315.812
1786365610.772,315.862
1786365610.876,315.998
1786365610.981,316.083
1786365611.085,316.114
1786365611.189,316.067
1786365611.290,316.158
1786365611.392,316.127
1786365611.496,316.057
1786365611.601,316.041
1786365611.705,315.955
1786365611.809,315.735
1786365611.913,315.768
1786365612.018,315.647
1786365612.119,315.606
1786365612.223,315.059
1786365612.326,315.017
1786365612.430,314.933
1786365612.534,315.093
1786365612.635,316.536
1786365612.740,314.9
1786365612.844,314.964
1786365612.948,315.043
1786365613.053,315.013
1786365613.157,315.06
1786365613.257,315.075
1786365613.361,315.592
1786365613.461,315.734
1786365613.566,314.499
1786365613.670,313.193
1786365613.774,313.124
1786365613.878,314.78
1786365613.982,314.795
1786365614.087,314.733
1786365614.191,314.719
1786365614.295,314.711
1786365614.400,314.586
1786365614.504,314.528
1786365614.608,314.425
1786365614.712,315.808
1786365614.817,315.214
1786365614.921,315.297
1786365615.025,315.35
1786365615.129,315.377
1786365615.234,315.437
1786365615.336,315.448
1786365615.440,315.454
1786365615.545,315.472
1786365615.649,315.533
1786365615.753,315.605
1786365615.857,315.403
1786365615.962,317.143
1786365616.066,317.375
1786365616.170,317.33
1786365616.274,317.374
1786365616.379,315.434
1786365616.483,315.625
1786365616.587,315.538
1786365616.692,315.522
1786365616.796,315.418
1786365616.900,315.381
1786365617.005,315.29
1786365617.108,315.264
1786365617.213,313.572
1786365617.314,313.517
1786365617.418,313.475
1786365617.523,315.42
1786365617.624,315.272
1786365617.728,315.368
1786365617.833,315.48
1786365617.937,315.764
1786365618.041,315.766
1786365618.145,315.887
1786365618.250,315.782
1786365618.354,317.105
1786365618.458,315.651
1786365618.562,315.588
1786365618.667,315.554
1786365618.770,315.582
1786365618.873,314.411
1786365618.976,314.53
1786365619.080,314.407
1786365619.183,314.55
1786365619.284,314.559
1786365619.387,314.748
1786365619.491,314.827
1786365619.595,316.383
1786365619.699,316.485
1786365619.803,314.962
1786365619.908,314.851
1786365620.012,315.958
1786365620.116,315.729
1786365620.220,315.647
1786365620.324,315.605
1786365620.429,315.834
1786365620.533,315.705
1786365620.637,314.027
1786365620.742,314.164
1786365620.846,314.053
1786365620.950,315.647
1786365621.055,315.702
1786365621.159,315.743
1786365621.259,315.872
1786365621.362,315.852
1786365621.466,315.087
1786365621.571,314.091
1786365621.674,314.162
1786365620.520,315.75
1786365620.624,315.54
1786365620.729,315.52
1786365620.833,315.681
1786365620.937,314.911
1786365621.038,314.78
1786365621.142,313.311
1786365621.246,313.251
1786365621.347,313.878
1786365621.451,314.582
1786365621.555,314.606
1786365621.659,314.661
1786365621.763,314.58
1786365621.867,314.507
1786365621.970,314.48
1786365622.072,315.19
1786365622.175,315.22
1786365622.279,316.518
1786365622.380,316.481
1786365622.481,314.624
1786365622.585,314.636
1786365622.687,314.533
1786365622.791,313.128
1786365622.895,313.48
1786365622.999,313.509
1786365623.103,313.321
1786365623.207,313.313
1786365623.312,313.364
1786365623.416,313.466
1786365623.520,313.55
1786365623.624,315.406
1786365623.729,315.438
1786365623.833,315.587
1786365623.935,315.076
1786365624.036,314.999
1786365624.139,315.252
1786365624.244,315.325
1786365624.348,315.343
1786365624.452,315.449
1786365624.556,315.351
1786365624.661,315.407
1786365624.765,315.393
1786365624.866,315.373
1786365624.969,313.837
1786365625.074,315.877
1786365625.178,315.563
1786365625.282,315.383
1786365625.386,315.467
1786365625.491,315.809
1786365625.595,315.75
1786365625.699,315.951
1786365625.803,316.059
1786365625.908,316.14
1786365626.010,316.164
1786365626.113,317.679
1786365626.216,317.628
1786365626.319,317.882
1786365626.420,315.624
1786365626.523,315.622
1786365626.626,315.248
1786365626.729,315.35
1786365626.832,315.266
1786365626.936,315.066
1786365627.039,315.102
1786365627.142,315.115
1786365627.246,315.106
1786365627.348,312.911
1786365627.451,312.804
1786365627.555,315.124
1786365627.660,315.018
1786365627.762,315.084
1786365627.867,314.976
1786365627.971,313.956
1786365628.075,313.986
1786365628.179,313.856
1786365628.280,313.7
1786365628.382,312.182
1786365628.485,314.277
1786365628.589,314.233
1786365628.693,314.123
1786365628.797,314.001
1786365628.902,314.008
1786365629.006,314.151
1786365629.110,315.081
1786365629.215,315.117
1786365629.319,315.183
1786365629.423,315.223
1786365629.527,316.742
1786365629.628,316.839
1786365629.730,315.3
1786365629.834,315.404
1786365629.939,315.593
1786365630.043,315.609
1786365630.148,315.342
1786365630.252,315.378
1786365630.356,315.341
1786365630.460,315.522
1786365630.561,313.727
1786365630.664,313.933
1786365630.766,313.859
1786365630.867,314.796
1786365630.968,314.671
1786365631.069,314.461
1786365631.170,314.351
1786365631.272,314.399
1786365631.373,314.336
1786365631.474,314.371
1786365631.575,314.31
1786365631.677,316.121
1786365631.778,315.842
1786365631.879,315.748
1786365631.981,315.748
1786365632.082,316.363
1786365632.183,316.43
1786365632.285,316.42
1786365632.385,316.44
1786365632.487,314.935
1786365632.588,314.946
1786365632.690,314.838
1786365632.791,314.616
1786365632.893,314.901
1786365632.995,314.979
1786365633.095,315.089
1786365633.197,311.964
1786365633.298,311.862
1786365633.400,311.929
1786365633.502,311.84
1786365633.603,313.488
1786365633.705,313.514
1786365633.806,313.414
1786365633.907,311.98
1786365634.009,311.695
1786365634.110,311.629
1786365634.212,311.666
1786365634.313,314.775
1786365634.414,314.821
1786365634.515,314.837
1786365634.616,314.943
1786365634.717,314.82
1786365634.818,313.439
1786365634.919,313.618
1786365635.020,315.121
1786365635.120,315.24
1786365635.221,315.285
1786365635.322,315.216
1786365635.423,315.248
1786365635.524,315.297
1786365635.625,315.297
1786365635.726,315.306
1786365635.827,315.277
1786365635.929,315.25
1786365636.029,316.602
1786365636.130,315.194
1786365636.231,315.173
1786365636.332,315.006
1786365636.432,314.93
1786365636.533,315.078
1786365636.633,315.078
1786365636.734,315.166
1786365636.836,315.211
1786365636.936,315.319
1786365637.039,313.498
1786365637.143,313.571
1786365637.248,315.047
1786365637.352,315.177
1786365637.456,315.369
1786365637.561,315.537
1786365637.665,315.684
1786365637.770,315.758
1786365637.874,315.771
1786365637.975,315.725
1786365638.076,315.704
1786365638.176,317.658
1786365638.277,316.24
1786365638.377,315.083
1786365638.478,315.016
1786365638.581,314.937
1786365638.686,315.018
1786365638.790,314.758
1786365638.895,314.581
1786365638.999,314.596
1786365639.104,314.751
1786365639.208,314.851
1786365639.313,314.673
1786365639.417,316.125
1786365639.518,317.251
1786365639.621,315.848
1786365639.725,316.036
1786365639.830,316.06
1786365639.934,316.119
1786365640.035,316.524
1786365640.138,316.625
1786365640.242,316.658
1786365640.347,316.616
1786365640.451,316.809
1786365640.556,316.917
1786365640.656,315.486
1786365640.760,316.978
1786365640.862,316.855
1786365640.967,316.793
1786365641.068,316.951
1786365641.169,316.598
1786365641.274,316.512
1786365641.379,316.521
1786365641.481,315.085
1786365641.586,315.096
1786365641.688,314.949
1786365641.790,316.525
1786365641.891,316.65
1786365641.992,316.686
1786365642.093,316.423
1786365642.193,315.3
1786365642.295,315.3
1786365642.396,314.741
1786365642.497,313.115
1786365642.598,313.042
1786365642.699,314.51
1786365642.800,314.626
1786365642.901,314.783
1786365643.003,314.77
1786365643.104,314.717
1786365643.204,314.509
1786365643.305,313.523
1786365643.406,314.411
1786365643.507,315.171
1786365643.607,315.838
1786365643.707,315.7
1786365643.811,315.593
1786365643.915,315.599
1786365644.015,315.537
1786365644.116,313.875
1786365644.220,313.667
1786365644.325,314.055
1786365644.430,315.288
1786365644.530,315.353
1786365644.631,315.265
1786365644.731,316.257
1786365644.832,316.44
1786365644.932,316.533
1786365645.036,316.319
1786365645.140,316.337
1786365645.242,316.719
1786365645.347,316.965
1786365645.448,316.756
1786365645.548,316.757
1786365645.649,316.731
1786365645.749,316.706
1786365645.849,316.811
1786365645.950,316.78
1786365646.050,316.78
1786365646.153,316.744
1786365646.257,316.808
1786365646.361,316.875
1786365646.462,318.209
1786365646.562,318.15
1786365646.665,318.333
1786365646.767,318.329
1786365646.871,316.898
1786365646.976,316.882
1786365647.079,316.661
1786365647.184,316.639
1786365647.288,316.609
1786365647.392,316.621
1786365647.493,316.586
1786365647.597,315.006
1786365647.701,314.86
1786365647.806,314.635
1786365647.910,314.484
1786365648.014,316.12
1786365648.116,316.235
1786365648.220,316.265
1786365648.324,316.142
1786365648.428,316.128
1786365648.533,316.093
1786365648.633,315.984
1786365648.737,315.649
1786365648.841,315.575
1786365648.946,315.171
1786365649.050,315.277
1786365649.154,315.153
1786365649.258,315.134
1786365649.362,315.089
1786365649.467,315.153
1786365649.567,315.018
1786365649.671,314.984
1786365649.776,314.937
1786365649.877,316.584
1786365649.982,316.611
1786365650.082,317.152
1786365650.186,317.266
1786365650.291,317.295
1786365650.395,317.274
1786365650.496,317.27
1786365650.597,317.376
1786365650.698,317.524
1786365650.798,317.62
1786365650.899,317.187
1786365651.000,317.381
1786365651.100,317.531
1786365651.201,315.553
1786365651.301,315.347
1786365651.403,315.295
1786365651.508,315.253
1786365651.608,315.402
1786365651.709,315.266
1786365651.809,315.146
1786365651.911,315.042
1786365652.015,315.505
1786365652.116,313.744
1786365652.220,313.821
1786365652.321,315.746
1786365652.421,316.004
1786365652.522,315.928
1786365652.624,315.878
1786365651.454,315.758
1786365651.559,315.811
1786365651.663,316.022
1786365651.767,316.117
1786365651.871,316.166
1786365651.976,317.833
1786365652.080,317.84
1786365652.184,317.776
1786365652.284,317.638
1786365652.388,316.286
1786365652.493,316.312
1786365652.593,316.352
1786365652.696,316.326
1786365652.797,315.187
1786365652.899,315.081
1786365653.001,315.19
1786365653.105,315.169
1786365653.208,314.963
1786365653.309,313.575
1786365653.412,313.581
1786365653.516,314.946
1786365653.617,314.942
1786365653.721,314.942
1786365653.824,314.874
1786365653.928,314.828
1786365654.032,315.771
1786365654.132,315.787
1786365654.236,315.578
1786365654.337,315.794
1786365654.440,315.817
1786365654.543,317.184
1786365654.647,315.455
1786365654.751,315.443
1786365654.852,315.412
1786365654.952,315.442
1786365655.053,315.459
1786365655.153,315.532
1786365655.254,315.542
1786365655.355,315.663
1786365655.457,313.56
1786365655.561,313.837
1786365655.665,313.868
1786365655.769,315.834
1786365655.873,315.917
1786365655.977,315.952
1786365656.080,316.04
1786365656.184,316.045
1786365656.288,316.035
1786365656.392,316.109
1786365656.496,316.116
1786365656.597,318.229
1786365656.699,318.078
1786365656.799,318.332
1786365656.900,318.209
1786365657.001,316.396
1786365657.102,316.461
1786365657.203,316.577
1786365657.305,316.762
1786365657.406,316.838
1786365657.508,316.806
1786365657.609,316.805
1786365657.710,316.69
1786365657.811,315.007
1786365657.913,314.81
1786365658.014,314.318
1786365658.115,316.125
1786365658.216,316.122
1786365658.317,316.014
1786365658.418,316.23
1786365658.519,316.175
1786365658.619,316.251
1786365658.720,316.259
1786365658.820,316.227
1786365658.921,317.958
1786365659.021,317.919
1786365659.122,316.795
1786365659.222,316.796
1786365659.324,316.847
1786365659.428,316.815
1786365659.529,315.928
1786365659.631,315.377
1786365659.735,315.239
1786365659.837,315.239
1786365659.941,315.285
1786365660.042,315.238
1786365660.146,315.048
1786365660.250,315.007
1786365660.354,316.529
1786365660.458,316.645
1786365660.562,316.535
1786365660.666,316.611
1786365660.766,317.228
1786365660.868,316.154
1786365660.969,316.256
1786365661.070,316.215
1786365661.172,316.199
1786365661.274,316.289
1786365661.375,316.206
1786365661.477,316.094
1786365661.578,315.82
1786365661.679,315.936
1786365661.781,314.164
1786365661.882,314.109
1786365661.984,315.75
1786365662.086,315.836
1786365662.187,315.773
1786365662.288,315.889
1786365662.389,315.844
1786365662.491,316.02
1786365662.592,316.096
1786365662.693,316.246
1786365662.794,314.768
1786365662.895,316.413
1786365662.996,316.308
1786365663.096,316.289
1786365663.197,315.2
1786365663.298,315.249
1786365663.398,313.402
1786365663.498,313.785
1786365663.599,313.723
1786365663.699,313.791
1786365663.803,313.797
1786365663.907,315.275
1786365664.012,315.276
1786365664.114,315.25
1786365664.214,314.671
1786365664.314,314.671
1786365664.415,314.592
1786365664.520,314.395
1786365664.620,316.067
1786365664.721,315.769
1786365664.822,315.753
1786365664.922,313.467
1786365665.025,313.384
1786365665.126,313.314
1786365665.231,313.479
1786365665.332,311.888
1786365665.435,311.92
1786365665.539,312.945
1786365665.642,313.037
1786365665.743,313.126
1786365665.847,313.04
1786365665.952,313.031
1786365666.053,315.139
1786365666.153,315.176
1786365666.257,315.115
1786365666.362,315.088
1786365666.465,315.281
1786365666.570,315.828
1786365666.675,315.791
1786365666.780,316.051
1786365666.881,315.972
1786365666.985,315.978
1786365667.090,315.847
1786365667.195,315.813
1786365667.296,314.345
1786365667.401,314.23
1786365667.505,313.946
1786365667.610,315.294
1786365667.715,315.278
1786365667.819,315.292
1786365667.924,315.072
1786365668.029,315.107
1786365668.134,315.195
1786365668.239,315.26
1786365668.344,315.257
1786365668.448,315.552
1786365668.553,315.622
1786365668.658,315.716
1786365668.758,316.045
1786365668.859,314.598
1786365668.960,314.61
1786365669.065,314.695
1786365669.170,314.788
1786365669.275,314.658
1786365669.379,314.649
1786365669.484,314.724
1786365669.586,315.196
1786365669.691,315.272
1786365669.795,315.334
1786365669.900,314.021
1786365670.005,315.441
1786365670.107,315.323
1786365670.212,315.295
1786365670.314,315.226
1786365670.419,315.209
1786365670.524,315.234
1786365670.628,315.264
1786365670.731,315.969
1786365670.832,314.255
1786365670.933,314.212
1786365671.036,315.327
1786365671.139,315.332
1786365671.242,315.44
1786365671.345,315.414
1786365671.448,315.392
1786365671.552,315.439
1786365671.655,315.565
1786365671.758,315.522
1786365671.860,313.957
1786365671.964,315.62
1786365672.066,315.811
1786365672.170,315.758
1786365672.273,315.867
1786365672.377,315.86
1786365672.481,315.822
1786365672.586,315.818
1786365672.686,313.709
1786365672.791,313.593
1786365672.893,313.54
1786365672.996,315.016
1786365673.100,314.882
1786365673.205,314.95
1786365673.306,314.95
1786365673.406,314.987
1786365673.507,314.969
1786365673.607,314.953
1786365673.708,313.608
1786365673.808,313.65
1786365673.909,315.817
1786365674.009,313.967
1786365674.111,314.229
1786365674.212,314.312
1786365674.316,314.623
1786365674.421,314.467
1786365674.526,314.528
1786365674.628,314.651
1786365674.729,314.811
1786365674.830,316.23
1786365674.932,316.209
1786365675.033,316.169
1786365675.134,318.024
1786365675.235,317.835
1786365675.336,318.043
1786365675.436,316.015
1786365675.537,315.923
1786365675.638,315.873
1786365675.738,315.775
1786365675.841,315.658
1786365675.946,315.452
1786365676.051,315.335
1786365676.156,315.34
1786365676.260,315.242
1786365676.361,313.552
1786365676.462,313.345
1786365676.562,315.248
1786365676.663,315.226
1786365676.763,315.197
1786365676.863,315.189
1786365676.964,315.142
1786365677.065,315.142
1786365677.165,315.478
1786365677.266,315.582
1786365677.366,315.577
1786365677.467,314.346
1786365677.568,316.143
1786365677.672,316.112
1786365677.777,316.146
1786365677.878,316.204
1786365677.978,316.396
1786365678.079,316.416
1786365678.179,316.448
1786365678.280,314.889
1786365678.380,314.87
1786365678.480,314.795
1786365678.581,316.116
1786365678.681,316.152
1786365678.782,316.234
1786365678.882,315.282
1786365678.983,315.258
1786365679.083,313.392
1786365679.184,313.345
1786365679.284,313.426
1786365679.385,314.943
1786365679.485,314.953
1786365679.585,314.371
1786365679.686,314.475
1786365679.786,314.585
1786365679.887,314.572
1786365679.987,315.594
1786365680.088,315.714
1786365680.188,317.537
1786365680.289,317.537
1786365680.389,317.7
1786365680.490,317.727
1786365680.590,316.107
1786365680.691,316.259
1786365680.791,316.872
1786365680.892,316.783
1786365680.992,316.564
1786365681.093,316.722
1786365681.193,316.712
1786365681.294,316.598
1786365681.395,316.551
1786365681.496,316.531
1786365681.597,316.45
1786365681.698,317.851
1786365681.798,317.579
1786365681.899,317.649
1786365682.000,317.669
1786365682.101,317.688
1786365682.202,315.678
1786365682.303,315.543
1786365682.404,315.513
1786365682.505,315.431
1786365682.606,315.446
1786365682.706,315.2
1786365682.807,315.215
1786365682.907,313.474
1786365683.008,313.813
1786365683.109,313.861
1786365683.210,313.767
1786365683.311,315.523
1786365683.411,315.392
1786365683.513,315.344
1786365683.614,315.344
1786365682.417,315.235
1786365682.517,313.567
1786365682.618,313.802
1786365682.718,313.78
1786365682.819,314.733
1786365682.919,314.356
1786365683.020,314.286
1786365683.121,314.265
1786365683.221,313.544
1786365683.322,312.902
1786365683.423,312.931
1786365683.524,313.062
1786365683.624,314.593
1786365683.725,314.592
1786365683.826,314.907
1786365683.927,315.856
1786365684.028,315.879
1786365684.129,315.843
1786365684.229,316.018
1786365684.330,314.257
1786365684.431,315.124
1786365684.532,315.07
1786365684.633,315.019
1786365684.734,314.968
1786365684.835,314.956
1786365684.936,314.711
1786365685.037,313.176
1786365685.138,313.156
1786365685.238,313.267
1786365685.339,313.278
1786365685.440,315.973
1786365685.541,315.97
1786365685.641,315.97
1786365685.743,316.062
1786365685.843,316.068
1786365685.944,314.249
1786365686.045,314.38
1786365686.146,314.346
1786365686.246,315.856
1786365686.347,315.88
1786365686.448,315.886
1786365686.548,315.744
1786365686.649,315.563
1786365686.749,315.522
1786365686.850,315.484
1786365686.951,315.677
1786365687.052,317.489
1786365687.152,317.373
1786365687.253,317.343
1786365687.354,317.346
1786365687.455,317.329
1786365687.556,317.299
1786365687.656,315.329
1786365687.757,315.386
1786365687.858,315.39
1786365687.958,315.23
1786365688.059,315.156
1786365688.160,315.25
1786365688.260,314.555
1786365688.361,314.692
1786365688.462,314.807
1786365688.563,314.867
1786365688.663,312.846
1786365688.764,315.074
1786365688.865,315.074
1786365688.966,315.092
1786365689.066,315.263
1786365689.167,315.42
1786365689.268,315.428
1786365689.369,315.348
1786365689.469,316.169
1786365689.570,316.149
1786365689.671,314.6
1786365689.772,314.692
1786365689.873,316.729
1786365689.974,316.565
1786365690.075,316.707
1786365690.176,316.542
1786365690.277,316.553
1786365690.377,316.711
1786365690.478,316.827
1786365690.579,316.725
1786365690.679,316.723
1786365690.780,318.159
1786365690.880,316.731
1786365690.981,316.773
1786365691.082,316.66
1786365691.183,316.466
1786365691.284,316.461
1786365691.386,316.689
1786365691.487,316.528
1786365691.588,316.547
1786365691.689,316.801
1786365691.790,316.86
1786365691.890,316.983
1786365691.991,318.32
1786365692.092,318.303
1786365692.193,318.303
1786365692.293,318.367
1786365692.394,317.435
1786365692.495,316.845
1786365692.598,316.702
1786365692.703,316.689
1786365692.807,316.535
1786365692.908,316.297
1786365693.013,316.33
1786365693.117,316.358
1786365693.218,314.492
1786365693.318,314.002
1786365693.419,314.049
1786365693.519,315.091
1786365693.620,315.797
1786365693.720,315.893
1786365693.820,315.848
1786365693.921,316.002
1786365694.021,316.005
1786365694.122,313.858
1786365694.222,314.002
1786365694.323,315.851
1786365694.423,316.538
1786365694.524,316.515
1786365694.624,316.531
1786365694.725,316.529
1786365694.825,316.483
1786365694.926,316.594
1786365695.026,316.582
1786365695.127,316.589
1786365695.227,318.649
1786365695.328,318.435
1786365695.429,318.447
1786365695.530,318.438
1786365695.630,316.065
1786365695.731,315.983
1786365695.832,315.983
1786365695.932,315.761
1786365696.033,315.731
1786365696.134,315.733
1786365696.235,315.74
1786365696.336,315.676
1786365696.437,314.725
1786365696.537,314.126
1786365696.637,313.975
1786365696.738,313.722
1786365696.838,316.142
1786365696.939,316.14
1786365697.039,316.223
1786365697.140,314.949
1786365697.240,314.935
1786365697.340,314.868
1786365697.441,314.962
1786365697.541,316.111
1786365697.642,316.786
1786365697.742,316.983
1786365697.842,316.955
1786365697.943,314.966
1786365698.043,314.881
1786365698.143,314.903
1786365698.244,316.166
1786365698.344,315.283
1786365698.444,314.707
1786365698.545,314.654
1786365698.645,314.417
1786365698.745,314.317
1786365698.845,314.317
1786365698.946,314.196
1786365699.046,314.326
1786365699.147,314.63
1786365699.247,314.677
1786365699.348,314.626
1786365699.448,314.472
1786365699.548,315.28
1786365699.649,316.043
1786365699.749,316.057
1786365699.850,316.069
1786365699.950,316.073
1786365700.051,316.065
1786365700.151,315.987
1786365700.252,317.551
1786365700.352,317.542
1786365700.453,317.621
1786365700.553,318.008
1786365700.654,317.993
1786365700.754,317.715
1786365700.855,317.756
1786365700.955,316.022
1786365701.056,315.988
1786365701.156,315.858
1786365701.257,315.732
1786365701.357,315.753
1786365701.457,315.822
1786365701.558,315.814
1786365701.658,315.77
1786365701.759,315.77
1786365701.859,315.776
1786365701.960,315.924
1786365702.060,314.343
1786365702.161,316.219
1786365702.261,316.292
1786365702.366,316.445
1786365702.470,316.523
1786365702.574,316.513
1786365702.679,316.418
1786365702.783,316.336
1786365702.883,316.085
1786365702.984,316.242
1786365703.084,316.123
1786365703.185,317.643
1786365703.285,317.411
1786365703.386,317.338
1786365703.488,315.99
1786365703.588,316.018
1786365703.689,314.607
1786365703.789,314.64
1786365703.890,314.865
1786365703.990,314.82
1786365704.091,314.61
1786365704.191,314.646
1786365704.292,313.062
1786365704.392,313.037
1786365704.493,312.972
1786365704.593,314.342
1786365704.694,314.379
1786365704.794,315.818
1786365704.896,315.819
1786365704.996,315.626
1786365705.097,315.753
1786365705.198,316.031
1786365705.298,314.369
1786365705.399,315.864
1786365705.500,315.864
1786365705.601,316.016
1786365705.701,316.264
1786365705.802,316.24
1786365705.903,316.184
1786365706.003,316.088
1786365706.104,316.049
1786365706.205,316.007
1786365706.306,314.336
1786365706.407,314.041
1786365706.508,315.643
1786365706.608,315.757
1786365706.710,315.772
1786365706.811,315.696
1786365706.913,315.674
1786365707.014,315.685
1786365707.116,315.932
1786365707.217,316.045
1786365707.319,316.07
1786365707.420,317.766
1786365707.521,317.954
1786365707.622,318.143
1786365707.723,316.212
1786365707.824,316.214
1786365707.925,315.971
1786365708.026,316.046
1786365708.127,316.024
1786365708.228,315.85
1786365708.328,315.25
1786365708.429,315.405
1786365708.529,315.433
1786365708.631,315.296
1786365708.735,315.117
1786365708.838,315.633
1786365708.939,313.863
1786365709.039,314.065
1786365709.140,314.065
1786365709.241,314.133
1786365709.345,314.282
1786365709.449,314.64
1786365709.554,315.231
1786365709.658,315.205
1786365709.759,315.189
1786365709.860,315.256
1786365709.960,313.786
1786365710.061,315.252
1786365710.162,316.98
1786365710.262,316.836
1786365710.362,316.72
1786365710.466,316.701
1786365710.570,316.424
1786365710.674,316.464
1786365710.779,316.425
1786365710.883,316.569
1786365710.986,316.57
1786365711.090,316.061
1786365711.194,315.955
1786365711.298,316.022
1786365711.403,316.161
1786365711.504,316.216
1786365711.606,316.269
1786365711.708,316.351
1786365711.809,316.331
1786365711.911,316.379
1786365712.012,316.281
1786365712.114,314.053
1786365712.215,316.185
1786365712.316,316.236
1786365712.418,316.21
1786365712.519,316.444
1786365712.620,316.495
1786365712.721,316.417
1786365712.822,316.301
1786365712.923,316.316
1786365713.023,316.305
1786365713.124,316.272
1786365713.225,317.081
1786365713.325,317.108
1786365713.427,317.109
1786365713.531,317.11
1786365713.635,316.814
1786365713.740,316.741
1786365713.844,316.801
1786365713.948,316.868
1786365714.050,314.187
1786365714.155,314.167
1786365714.259,314.175
1786365714.361,315.6
1786365714.462,315.49
1786365714.563,315.435
1786365713.426,315.443
1786365713.530,315.475
1786365713.635,315.485
1786365713.737,314.002
1786365713.842,313.942
1786365713.946,316.657
1786365714.050,316.67
1786365714.154,316.597
1786365714.259,316.555
1786365714.363,316.654
1786365714.467,316.67
1786365714.572,316.545
1786365714.673,316.536
1786365714.775,316.5
1786365714.876,317.843
1786365714.977,316.342
1786365715.079,316.342
1786365715.180,316.209
1786365715.282,316.179
1786365715.383,316.117
1786365715.484,316.092
1786365715.586,316.075
1786365715.687,316.076
1786365715.788,316.312
1786365715.889,314.486
1786365715.989,314.423
1786365716.090,314.566
1786365716.191,316.061
1786365716.291,316.153
1786365716.391,316.128
1786365716.494,316.261
1786365716.598,316.198
1786365716.702,315.957
1786365716.807,316.018
1786365716.911,315.885
1786365717.012,317.73
1786365717.116,317.488
1786365717.221,317.346
1786365717.324,315.169
1786365717.429,314.985
1786365717.533,314.917
1786365717.635,314.814
1786365717.736,314.797
1786365717.838,314.833
1786365717.940,314.928
1786365718.041,311.786
1786365718.143,311.586
1786365718.244,311.897
1786365718.346,311.893
1786365718.447,314.026
1786365718.549,314.206
1786365718.650,314.263
1786365718.751,313.057
1786365718.852,313.161
1786365718.954,313.204
1786365719.055,313.007
1786365719.156,316.179
1786365719.256,316.364
1786365719.357,316.523
1786365719.458,316.713
1786365719.558,316.785
1786365719.659,316.031
1786365719.759,316.031
1786365719.861,313.913
1786365719.966,315.111
1786365720.070,315.035
1786365720.172,315.118
1786365720.276,315.109
1786365720.381,315.231
1786365720.485,315.191
1786365720.589,315.004
1786365720.690,314.793
1786365720.792,314.827
1786365720.893,315.561
1786365720.994,317.696
1786365721.095,317.686
1786365721.196,317.777
1786365721.297,317.79
1786365721.398,317.97
1786365721.498,317.764
1786365721.599,317.72
1786365721.699,317.765
1786365721.799,317.748
1786365721.901,315.695
1786365722.005,315.697
1786365722.106,315.644
1786365722.210,315.706
1786365722.314,315.647
1786365722.419,313.686
1786365722.523,313.438
1786365722.626,312.104
1786365722.730,312.213
1786365722.834,312.249
1786365722.939,311.574
1786365723.043,313.688
1786365723.147,313.684
1786365723.252,312.584
1786365723.356,312.582
1786365723.460,312.631
1786365723.564,314.589
1786365723.669,314.686
1786365723.773,316.306
1786365723.877,316.32
1786365723.981,316.255
1786365724.084,317.027
1786365724.188,315.319
1786365724.292,315.14
1786365724.395,316.299
1786365724.499,316.371
1786365724.603,316.338
1786365724.707,316.303
1786365724.811,316.31
1786365724.916,315.992
1786365725.016,315.949
1786365725.120,316.217
1786365725.224,316.17
1786365725.327,317.612
1786365725.428,317.751
1786365725.533,315.591
1786365725.637,315.401
1786365725.741,315.378
1786365725.846,315.433
1786365725.950,315.326
1786365726.054,315.378
1786365726.159,315.272
1786365726.263,315.033
1786365726.367,315.285
1786365726.472,315.597
1786365726.574,315.664
1786365726.676,317.936
1786365726.778,318.246
1786365726.881,318.355
1786365726.983,318.324
1786365727.085,317.787
1786365727.186,317.834
1786365727.288,316.329
1786365727.391,316.332
1786365727.493,316.052
1786365727.595,316.013
1786365727.698,315.89
1786365727.800,315.771
1786365727.903,315.593
1786365728.005,315.497
1786365728.107,315.568
1786365728.210,316.22
1786365728.313,316.152
1786365728.415,316.745
1786365728.518,316.668
1786365728.620,316.764
1786365728.723,315.424
1786365728.826,315.444
1786365728.929,315.434
1786365729.032,315.378
1786365729.135,315.349
1786365729.238,315.314
1786365729.341,315.399
1786365729.444,315.335
1786365729.547,316.432
1786365729.651,316.581
1786365729.751,316.669
1786365729.852,316.626
1786365729.953,316.664
1786365730.054,316.664
1786365730.155,316.709
1786365730.255,316.692
1786365730.356,316.952
1786365730.457,316.932
1786365730.558,316.898
1786365730.659,316.965
1786365730.759,316.87
1786365730.860,316.797
1786365730.961,316.592
1786365731.062,317.709
1786365731.163,317.725
1786365731.263,317.679
1786365731.364,317.83
1786365731.465,317.681
1786365731.566,317.603
1786365731.667,317.593
1786365731.768,315.802
1786365731.868,316.328
1786365731.969,316.337
1786365732.070,316.462
1786365732.170,316.582
1786365732.271,316.591
1786365732.371,316.568
1786365732.471,316.322
1786365732.572,316.225
1786365732.673,316.411
1786365732.774,316.222
1786365732.875,317.939
1786365732.976,317.317
1786365733.077,315.18
1786365733.177,315.066
1786365733.278,315.066
1786365733.379,315.043
1786365733.479,315.051
1786365733.581,314.976
1786365733.681,314.124
1786365733.782,314.107
1786365733.883,313.924
1786365733.984,313.996
1786365734.084,313.962
1786365734.185,314.012
1786365734.285,313.939
1786365734.386,314.081
1786365734.486,314.137
1786365734.587,314.054
1786365734.687,314.043
1786365734.787,314.927
1786365734.888,314.827
1786365734.988,314.745
1786365735.088,313.25
1786365735.189,313.419
1786365735.289,313.532
1786365735.390,315.73
1786365735.490,315.614
1786365735.591,315.524
1786365735.691,315.551
1786365735.792,315.764
1786365735.893,315.855
1786365735.993,315.929
1786365736.094,314.206
1786365736.195,316.02
1786365736.296,315.842
1786365736.397,315.842
1786365736.498,315.627
1786365736.599,315.521
1786365736.699,315.533
1786365736.800,315.555
1786365736.901,315.567
1786365737.002,315.441
1786365737.102,315.145
1786365737.203,313.854
1786365737.304,315.604
1786365737.405,315.348
1786365737.506,315.496
1786365737.606,315.811
1786365737.708,315.862
1786365737.808,315.875
1786365737.909,315.947
1786365738.009,315.952
1786365738.110,315.878
1786365738.211,314.657
1786365738.312,315.946
1786365738.412,315.97
1786365738.513,315.935
1786365738.614,315.881
1786365738.715,315.596
1786365738.816,314.767
1786365738.917,314.684
1786365739.018,314.551
1786365739.118,314.461
1786365739.219,312.718
1786365739.319,314.204
1786365739.420,314.185
1786365739.521,314.178
1786365739.622,314.143
1786365739.723,314.143
1786365739.823,314.093
1786365739.923,314.165
1786365740.024,315.194
1786365740.124,315.225
1786365740.224,315.3
1786365740.325,315.345
1786365740.426,317.272
1786365740.526,317.288
1786365740.627,317.379
1786365740.728,316.076
1786365740.828,316.11
1786365740.929,316.292
1786365741.029,316.288
1786365741.130,316.073
1786365741.230,316.033
1786365741.331,316.284
1786365741.431,316.27
1786365741.532,316.126
1786365741.632,314.405
1786365741.733,314.641
1786365741.834,315.872
1786365741.935,315.804
1786365742.036,315.649
1786365742.136,315.693
1786365742.237,315.785
1786365742.337,315.887
1786365742.437,315.641
1786365742.538,314.353
1786365742.638,314.321
1786365742.738,315.939
1786365742.839,315.939
1786365742.940,315.716
1786365743.040,315.726
1786365743.140,315.911
1786365743.241,316.05
1786365743.341,316.103
1786365743.442,316.063
1786365743.543,316.065
1786365743.644,314.477
1786365743.748,315.764
1786365743.852,315.769
1786365743.957,315.778
1786365744.061,315.617
1786365744.166,314.796
1786365744.270,314.63
1786365744.374,314.394
1786365744.479,314.372
1786365744.582,312.889
1786365744.686,313.173
1786365744.791,314.734
1786365744.895,314.666
1786365744.997,314.738
1786365745.099,314.798
1786365745.201,314.837
1786365745.303,315.818
1786365745.405,315.907
1786365745.507,314.726
1786365745.610,314.712
1786365744.463,316.288
1786365744.567,315.983
1786365744.671,316.061
1786365744.775,316.254
1786365744.880,316.406
1786365744.984,316.506
1786365745.088,316.65
1786365745.193,316.58
1786365745.297,316.634
1786365745.401,317.991
1786365745.505,316.711
1786365745.609,316.511
1786365745.711,316.434
1786365745.813,315.665
1786365745.915,315.561
1786365746.018,315.489
1786365746.120,315.607
1786365746.222,314.282
1786365746.324,314.306
1786365746.426,314.211
1786365746.528,314.363
1786365746.630,315.562
1786365746.731,315.614
1786365746.833,315.705
1786365746.935,316.393
1786365747.037,316.345
1786365747.140,316.289
1786365747.241,316.015
1786365747.343,317.345
1786365747.445,317.35
1786365747.547,317.592
1786365747.649,315.626
1786365747.751,315.667
1786365747.853,315.766
1786365747.955,315.84
1786365748.056,314.783
1786365748.158,314.868
1786365748.259,314.841
1786365748.361,314.923
1786365748.463,314.807
1786365748.565,314.795
1786365748.666,314.795
1786365748.767,314.713
1786365748.869,316.485
1786365748.970,316.565
1786365749.072,316.519
1786365749.173,314.389
1786365749.274,315.31
1786365749.376,315.216
1786365749.477,315.152
1786365749.578,315.143
1786365749.679,315.165
1786365749.780,315.139
1786365749.881,315.1
1786365749.981,315.131
1786365750.082,315.054
1786365750.183,315.021
1786365750.283,315.699
1786365750.384,315.785
1786365750.489,315.729
1786365750.593,315.709
1786365750.697,315.717
1786365750.802,315.723
1786365750.906,315.73
1786365751.006,315.646
1786365751.107,315.258
1786365751.207,314.426
1786365751.308,314.331
1786365751.409,315.568
1786365751.509,315.523
1786365751.610,315.714
1786365751.711,315.715
1786365751.811,315.507
1786365751.912,315.453
1786365752.013,315.372
1786365752.113,315.342
1786365752.214,315.721
1786365752.315,316.446
1786365752.416,316.519
1786365752.516,316.519
1786365752.617,316.805
1786365752.718,314.278
1786365752.819,314.359
1786365752.920,314.415
1786365753.020,314.582
1786365753.121,314.608
1786365753.222,314.676
1786365753.323,313.676
1786365753.423,313.65
1786365753.524,313.848
1786365753.625,314.058
1786365753.725,312.264
1786365753.826,314.871
1786365753.927,314.753
1786365754.028,314.919
1786365754.129,314.919
1786365754.229,314.967
1786365754.330,314.963
1786365754.430,314.293
1786365754.531,314.381
1786365754.631,314.221
1786365754.732,314.023
1786365754.833,315.602
1786365754.934,315.575
1786365755.034,315.558
1786365755.135,315.396
1786365755.236,314.179
1786365755.337,314.159
1786365755.438,314.082
1786365755.539,315.729
1786365755.640,315.608
1786365755.740,315.608
1786365755.841,315.871
1786365755.942,315.098
1786365756.043,315.122
1786365756.144,313.111
1786365756.245,313.064
1786365756.346,313.053
1786365756.446,314.321
1786365756.547,314.363
1786365756.648,314.515
1786365756.749,314.78
1786365756.850,314.788
1786365756.951,312.74
1786365757.052,313.355
1786365757.152,313.376
1786365757.253,315.625
1786365757.354,315.602
1786365757.455,315.525
1786365757.556,315.442
1786365757.657,315.306
1786365757.758,313.787
1786365757.859,313.399
1786365757.960,313.437
1786365758.062,315.285
1786365758.163,315.298
1786365758.264,315.226
1786365758.364,315.004
1786365758.465,314.659
1786365758.566,314.68
1786365758.666,314.704
1786365758.767,314.847
1786365758.867,316.259
1786365758.971,316.481
1786365759.076,316.406
1786365759.180,316.384
1786365759.281,316.566
1786365759.381,316.566
1786365759.482,314.974
1786365759.583,315.065
1786365759.684,315.45
1786365759.785,315.617
1786365759.885,315.685
1786365759.986,315.726
1786365760.087,315.822
1786365760.188,315.787
1786365760.289,315.871
1786365760.390,314.669
1786365760.491,314.673
1786365760.591,316.375
1786365760.692,316.369
1786365760.793,316.49
1786365760.893,316.446
1786365760.994,316.472
1786365761.095,316.422
1786365761.195,316.545
1786365761.296,314.998
1786365761.397,314.992
1786365761.497,316.236
1786365761.598,316.242
1786365761.699,316.419
1786365761.799,316.404
1786365761.900,316.321
1786365762.001,316.228
1786365762.102,316.256
1786365762.203,316.275
1786365762.304,316.111
1786365762.404,317.637
1786365762.505,316.288
1786365762.606,316.288
1786365762.707,316.33
1786365762.807,316.212
1786365762.908,316.048
1786365763.009,316.115
1786365763.110,316.15
1786365763.211,316.261
1786365763.311,316.38
1786365763.412,316.548
1786365763.513,316.584
1786365763.614,316.648
1786365763.714,316.99
1786365763.815,315.473
1786365763.916,315.591
1786365764.017,315.54
1786365764.118,315.528
1786365764.219,315.487
1786365764.319,315.382
1786365764.420,315.16
1786365764.521,313.594
1786365764.621,313.637
1786365764.722,313.593
1786365764.823,314.706
1786365764.923,316.491
1786365765.024,316.482
1786365765.125,316.509
1786365765.226,316.4
1786365765.327,316.275
1786365765.428,316.271
1786365765.529,316.226
1786365765.630,317.534
1786365765.730,317.488
1786365765.831,317.488
1786365765.931,316.88
1786365766.032,316.752
1786365766.133,316.394
1786365766.234,314.828
1786365766.335,314.799
1786365766.436,314.771
1786365766.537,314.734
1786365766.638,314.627
1786365766.739,314.691
1786365766.840,314.581
1786365766.941,314.447
1786365767.041,315.218
1786365767.142,315.125
1786365767.242,315.043
1786365767.343,316.516
1786365767.444,316.556
1786365767.549,316.382
1786365767.653,315.131
1786365767.757,315.182
1786365767.861,315.167
1786365767.966,315.235
1786365768.070,315.263
1786365768.175,315.012
1786365768.279,315.299
1786365768.384,315.376
1786365768.488,315.298
1786365768.592,315.269
1786365768.697,315.453
1786365768.801,316.875
1786365768.902,316.183
1786365769.006,316.214
1786365769.110,316.328
1786365769.215,316.364
1786365769.319,316.406
1786365769.423,316.259
1786365769.527,316.311
1786365769.629,316.439
1786365769.733,316.404
1786365769.835,316.49
1786365769.939,314.181
1786365770.044,315.126
1786365770.148,315.067
1786365770.252,315.089
1786365770.353,315.142
1786365770.457,315.105
1786365770.562,315.007
1786365770.666,314.909
1786365770.769,313.169
1786365770.873,313.155
1786365770.977,313.08
1786365771.082,315.363
1786365771.186,315.182
1786365771.290,315.394
1786365771.395,315.328
1786365771.499,315.322
1786365771.603,315.404
1786365771.708,315.43
1786365771.812,315.522
1786365771.916,317.278
1786365772.020,317.3
1786365772.124,317.393
1786365772.229,317.389
1786365772.333,317.62
1786365772.436,315.741
1786365772.540,315.889
1786365772.641,315.774
1786365772.741,315.893
1786365772.842,315.863
1786365772.943,315.828
1786365773.044,315.81
1786365773.145,315.716
1786365773.246,315.565
1786365773.347,314.239
1786365773.450,314.071
1786365773.551,315.798
1786365773.651,315.621
1786365773.752,315.705
1786365773.852,315.38
1786365773.953,315.465
1786365774.053,314.413
1786365774.154,314.413
1786365774.254,314.452
1786365774.355,314.573
1786365774.455,314.799
1786365774.557,316.081
1786365774.657,316.062
1786365774.758,316.188
1786365774.859,316.295
1786365774.960,316.294
1786365775.061,316.467
1786365775.162,316.543
1786365775.262,317.706
1786365775.363,316.311
1786365775.464,316.23
1786365775.565,316.16
1786365775.665,316.211
1786365775.766,316.114
1786365775.867,315.417
1786365775.968,315.503
1786365776.069,315.608
1786365776.169,315.552
1786365776.270,315.482
1786365776.370,315.272
1786365776.471,316.548
1786365776.572,316.598
1786365775.414,314.737
1786365775.515,314.811
1786365775.616,314.927
1786365775.717,315.497
1786365775.817,315.442
1786365775.919,315.415
1786365776.020,315.721
1786365776.120,315.721
1786365776.221,315.701
1786365776.322,315.882
1786365776.422,316.005
1786365776.523,316.015
1786365776.624,317.828
1786365776.725,317.835
1786365776.826,316.987
1786365776.927,316.508
1786365777.027,316.507
1786365777.129,316.481
1786365777.230,316.285
1786365777.331,316.324
1786365777.431,316.269
1786365777.532,316.43
1786365777.633,316.444
1786365777.734,316.422
1786365777.834,316.348
1786365777.935,315.383
1786365778.036,314.623
1786365778.136,314.541
1786365778.237,314.551
1786365778.338,314.573
1786365778.438,314.723
1786365778.539,314.751
1786365778.640,314.624
1786365778.740,314.595
1786365778.841,314.667
1786365778.941,314.665
1786365779.042,316.444
1786365779.143,317.67
1786365779.244,316.334
1786365779.344,316.334
1786365779.445,316.334
1786365779.546,316.357
1786365779.647,315.497
1786365779.748,315.639
1786365779.849,315.657
1786365779.950,315.676
1786365780.051,315.619
1786365780.152,315.695
1786365780.253,315.753
1786365780.353,314.337
1786365780.454,314.991
1786365780.555,315.069
1786365780.656,315.144
1786365780.756,315.792
1786365780.858,315.654
1786365780.958,315.867
1786365781.059,315.855
1786365781.160,314.419
1786365781.261,314.37
1786365781.361,314.576
1786365781.462,315.948
1786365781.563,316.546
1786365781.663,316.422
1786365781.764,316.373
1786365781.865,316.324
1786365781.965,316.364
1786365782.066,316.048
1786365782.167,316.091
1786365782.268,317.513
1786365782.369,317.734
1786365782.470,317.442
1786365782.571,317.47
1786365782.672,317.47
1786365782.773,316.256
1786365782.873,316.271
1786365782.974,316.251
1786365783.075,316.447
1786365783.176,316.318
1786365783.276,315.294
1786365783.377,315.284
1786365783.478,313.652
1786365783.579,313.541
1786365783.680,313.517
1786365783.780,313.805
1786365783.881,315.167
1786365783.982,315.23
1786365784.083,315.116
1786365784.183,315.119
1786365784.284,315.201
1786365784.385,316.314
1786365784.485,316.291
1786365784.586,317.324
1786365784.687,317.306
1786365784.787,317.519
1786365784.888,317.147
1786365784.989,317.063
1786365785.089,316.973
1786365785.190,317.06
1786365785.291,316.874
1786365785.391,315.268
1786365785.492,315.225
1786365785.593,315.3
1786365785.693,316.016
1786365785.794,316.016
1786365785.895,316.081
1786365785.995,315.915
1786365786.096,316.092
1786365786.197,316.166
1786365786.298,314.463
1786365786.398,314.47
1786365786.498,314.555
1786365786.602,316.129
1786365786.706,316.136
1786365786.810,316.093
1786365786.914,316.031
1786365787.019,315.843
1786365787.123,316.026
1786365787.227,316.026
1786365787.332,315.977
1786365787.436,317.701
1786365787.540,317.643
1786365787.645,317.603
1786365787.749,317.728
1786365787.854,317.621
1786365787.958,317.572
1786365788.062,317.556
1786365788.164,317.763
1786365788.269,315.326
1786365788.373,315.215
1786365788.477,314.013
1786365788.582,314.067
1786365788.686,314.05
1786365788.790,314.028
1786365788.895,313.98
1786365788.999,314.148
1786365789.103,314.092
1786365789.208,314.102
1786365789.312,313.887
1786365789.416,316.098
1786365789.521,316.097
1786365789.621,317.261
1786365789.721,316.889
1786365789.822,315.775
1786365789.922,315.887
1786365790.022,315.777
1786365790.123,315.698
1786365790.223,315.752
1786365790.323,315.903
1786365790.424,315.822
1786365790.524,315.794
1786365790.625,315.791
1786365790.725,315.895
1786365790.825,313.661
1786365790.926,314.844
1786365791.026,314.753
1786365791.126,314.838
1786365791.227,314.866
1786365791.327,315.004
1786365791.427,314.729
1786365791.528,314.846
1786365791.629,314.873
1786365791.729,314.941
1786365791.829,314.896
1786365791.930,314.896
1786365792.030,317.349
1786365792.130,317.263
1786365792.231,314.932
1786365792.331,315.075
1786365792.432,315.001
1786365792.532,315.002
1786365792.632,315.083
1786365792.733,315.079
1786365792.833,315.177
1786365792.934,315.297
1786365793.034,313.51
1786365793.135,313.99
1786365793.235,313.966
1786365793.336,316.3
1786365793.436,316.096
1786365793.537,316.272
1786365793.637,315.093
1786365793.738,315.06
1786365793.838,315.03
1786365793.938,314.965
1786365794.039,314.766
1786365794.140,316.364
1786365794.240,316.007
1786365794.341,315.922
1786365794.441,314.18
1786365794.542,314.114
1786365794.642,313.834
1786365794.743,314.865
1786365794.843,314.865
1786365794.944,313.678
1786365795.044,312.934
1786365795.145,312.922
1786365795.245,313.011
1786365795.346,313.397
1786365795.447,313.566
1786365795.547,313.777
1786365795.648,313.355
1786365795.748,313.502
1786365795.849,313.703
1786365795.949,313.854
1786365796.050,315.117
1786365796.151,315.924
1786365796.251,315.959
1786365796.352,316.009
1786365796.452,315.941
1786365796.553,315.994
1786365796.653,315.933
1786365796.753,318.143
1786365796.854,318.179
1786365796.954,318.231
1786365797.055,316.916
1786365797.155,317.04
1786365797.256,317.097
1786365797.358,317.113
1786365797.462,317.085
1786365797.567,317.058
1786365797.671,316.875
1786365797.772,316.954
1786365797.872,317.061
1786365797.973,314.876
1786365798.073,314.874
1786365798.174,314.874
1786365798.274,316.15
1786365798.375,316.176
1786365798.479,316.29
1786365798.583,316.294
1786365798.684,316.298
1786365798.789,316.165
1786365798.891,314.498
1786365798.995,313.56
1786365799.099,313.354
1786365799.204,315.518
1786365799.308,315.486
1786365799.409,315.46
1786365799.511,315.489
1786365799.611,315.213
1786365799.712,315.223
1786365799.812,315.296
1786365799.913,315.36
1786365800.013,316.857
1786365800.114,317.731
1786365800.217,315.736
1786365800.322,315.699
1786365800.422,315.664
1786365800.523,315.609
1786365800.623,315.396
1786365800.723,315.667
1786365800.824,315.604
1786365800.925,315.543
1786365801.025,315.526
1786365801.126,313.857
1786365801.226,314.023
1786365801.327,316.05
1786365801.427,316.099
1786365801.527,316.072
1786365801.628,316.104
1786365801.728,316.118
1786365801.829,315.861
1786365801.929,315.949
1786365802.030,316.1
1786365802.130,316.15
1786365802.231,316.15
1786365802.331,317.927
1786365802.432,316.441
1786365802.532,316.67
1786365802.633,316.616
1786365802.734,316.733
1786365802.834,316.735
1786365802.935,316.904
1786365803.035,316.929
1786365803.136,316.877
1786365803.236,316.696
1786365803.337,315.303
1786365803.437,315.33
1786365803.538,316.591
1786365803.638,316.438
1786365803.738,316.598
1786365803.839,316.607
1786365803.940,316.607
1786365804.040,316.479
1786365804.141,315.231
1786365804.241,315.246
1786365804.342,315.44
1786365804.446,316.859
1786365804.547,316.243
1786365804.652,314.809
1786365804.753,314.798
1786365804.853,314.71
1786365804.953,314.714
1786365805.054,314.67
1786365805.154,314.621
1786365805.255,315.948
1786365805.355,315.978
1786365805.455,315.978
1786365805.556,316.01
1786365805.657,316.002
1786365805.759,316.656
1786365805.859,318.175
1786365805.960,316.888
1786365806.061,316.836
1786365806.161,316.789
1786365806.262,316.96
1786365806.363,317.065
1786365806.464,317.104
1786365806.565,317.052
1786365806.665,316.083
1786365806.766,315.536
1786365806.867,315.529
1786365806.968,315.579
1786365807.068,316.886
1786365807.169,316.926
1786365807.269,316.879
1786365807.370,316.955
1786365807.470,316.859
1786365807.571,316.857
1786365806.417,316.944
1786365806.518,317.71
1786365806.622,318.253
1786365806.726,318.288
1786365806.828,316.869
1786365806.932,316.918
1786365807.035,316.965
1786365807.135,317.004
1786365807.239,316.869
1786365807.340,316.924
1786365807.444,316.9
1786365807.547,315.438
1786365807.647,315.496
1786365807.751,315.546
1786365807.855,315.564
1786365807.959,317.033
1786365808.064,315.793
1786365808.168,315.737
1786365808.272,315.835
1786365808.376,315.801
1786365808.478,314.393
1786365808.583,314.463
1786365808.687,315.939
1786365808.789,315.789
1786365808.893,315.833
1786365808.994,316.073
1786365809.094,315.913
1786365809.195,315.913
1786365809.295,317.228
1786365809.395,317.04
1786365809.496,317.042
1786365809.596,317.088
1786365809.697,318.433
1786365809.797,318.384
1786365809.898,316.813
1786365809.998,316.943
1786365810.099,316.79
1786365810.199,316.466
1786365810.300,316.553
1786365810.400,316.513
1786365810.501,316.6
1786365810.601,316.678
1786365810.702,316.704
1786365810.803,316.785
1786365810.904,316.814
1786365811.004,316.873
1786365811.105,317.002
1786365811.205,317.141
1786365811.306,317.253
1786365811.406,317.292
1786365811.507,317.261
1786365811.607,317.401
1786365811.708,317.244
1786365811.808,317.191
1786365811.909,317.206
1786365812.009,317.103
1786365812.109,318.818
1786365812.210,318.818
1786365812.311,316.842
1786365812.411,316.782
1786365812.512,316.924
1786365812.612,316.985
1786365812.713,316.957
1786365812.813,316.986
1786365812.914,316.952
1786365813.014,315.272
1786365813.115,315.259
1786365813.215,315.374
1786365813.316,313.308
1786365813.417,315.14
1786365813.517,315.216
1786365813.617,315.007
1786365813.718,313.298
1786365813.818,313.35
1786365813.919,313.384
1786365814.019,313.463
1786365814.120,315.193
1786365814.220,315.19
1786365814.320,315.113
1786365814.421,317.036
1786365814.521,317.141
1786365814.622,317.092
1786365814.722,317.139
1786365814.822,318.744
1786365814.923,317.238
1786365815.023,317.139
1786365815.124,317.139
1786365815.224,317.074
1786365815.325,316.969
1786365815.425,316.889
1786365815.526,316.856
1786365815.630,316.718
1786365815.733,314.393
1786365815.837,314.519
1786365815.942,314.419
1786365816.046,314.562
1786365816.146,316.047
1786365816.250,315.932
1786365816.353,315.917
1786365816.457,315.93
1786365816.561,316.022
1786365816.666,315.999
1786365816.766,316.216
1786365816.867,318.4
1786365816.969,316.779
1786365817.073,316.869
1786365817.177,316.803
1786365817.282,316.881
1786365817.383,317.155
1786365817.484,317.142
1786365817.585,317.142
1786365817.687,317.082
1786365817.788,317.1
1786365817.889,316.925
1786365817.990,317.019
1786365818.091,318.501
1786365818.192,318.506
1786365818.293,318.668
1786365818.394,318.497
1786365818.494,315.978
1786365818.595,316.011
1786365818.695,316.048
1786365818.796,316.066
1786365818.896,316.067
1786365818.997,316.1
1786365819.102,316.12
1786365819.206,316.131
1786365819.307,314.654
1786365819.408,314.451
1786365819.508,314.594
1786365819.608,316.904
1786365819.710,316.9
1786365819.814,316.96
1786365819.914,317.053
1786365820.018,317.067
1786365820.122,317.074
1786365820.227,316.935
1786365820.327,315.561
1786365820.428,315.561
1786365820.528,316.983
1786365820.632,316.953
1786365820.734,316.884
1786365820.835,316.889
1786365820.935,316.95
1786365821.035,316.935
1786365821.136,316.903
1786365821.236,316.992
1786365821.337,317.075
1786365821.437,317.207
1786365821.538,318.524
1786365821.638,316.826
1786365821.739,316.948
1786365821.839,316.882
1786365821.940,316.944
1786365822.040,316.8
1786365822.141,316.742
1786365822.241,316.724
1786365822.342,316.688
1786365822.442,316.59
1786365822.543,316.51
1786365822.643,316.514
1786365822.744,316.898
1786365822.846,316.738
1786365822.948,316.785
1786365823.051,316.84
1786365823.153,317.088
1786365823.253,316.901
1786365823.356,316.886
1786365823.458,315.7
1786365823.560,315.661
1786365823.663,314.323
1786365823.763,314.126
1786365823.865,315.439
1786365823.968,315.439
1786365824.068,315.693
1786365824.170,315.79
1786365824.273,315.714
1786365824.373,315.603
1786365824.474,313.951
1786365824.574,314.035
1786365824.675,315.235
1786365824.775,315.192
1786365824.875,316.41
1786365824.976,316.59
1786365825.076,316.679
1786365825.177,316.434
1786365825.278,316.361
1786365825.378,316.494
1786365825.478,316.428
1786365825.579,318.299
1786365825.680,318.17
1786365825.780,318.13
1786365825.880,318.099
1786365825.981,318.081
1786365826.082,317.543
1786365826.182,316.679
1786365826.283,316.705
1786365826.383,316.67
1786365826.484,316.562
1786365826.584,316.548
1786365826.685,316.731
1786365826.785,316.771
1786365826.886,316.746
1786365826.986,316.746
1786365827.086,316.882
1786365827.187,317.029
1786365827.288,317.614
1786365827.388,318.379
1786365827.489,318.303
1786365827.589,318.412
1786365827.690,318.365
1786365827.790,318.529
1786365827.891,316.993
1786365827.992,317.051
1786365828.093,317.085
1786365828.194,317.198
1786365828.294,317.102
1786365828.395,317.071
1786365828.496,317.066
1786365828.596,317.14
1786365828.697,317.04
1786365828.798,317.063
1786365828.898,314.644
1786365828.999,315.996
1786365829.099,315.893
1786365829.200,315.909
1786365829.300,316.022
1786365829.401,316.037
1786365829.502,316.053
1786365829.602,316.11
1786365829.703,316.139
1786365829.804,316.05
1786365829.905,315.933
1786365830.007,318.171
1786365830.107,318.171
1786365830.209,318.115
1786365830.309,318.16
1786365830.410,318.392
1786365830.511,318.141
1786365830.612,318.267
1786365830.713,318.323
1786365830.814,318.357
1786365830.915,318.284
1786365831.016,318.256
1786365831.116,318.382
1786365831.217,318.471
1786365831.318,318.563
1786365831.419,318.74
1786365831.520,318.568
1786365831.620,318.525
1786365831.721,318.496
1786365831.822,316.611
1786365831.922,316.551
1786365832.027,316.609
1786365832.131,316.765
1786365832.235,316.749
1786365832.340,316.685
1786365832.444,316.686
1786365832.549,316.561
1786365832.651,314.113
1786365832.755,314.179
1786365832.860,314.156
1786365832.961,316.021
1786365833.066,315.977
1786365833.170,315.876
1786365833.274,315.756
1786365833.379,314.929
1786365833.483,314.918
1786365833.587,314.843
1786365833.691,315.086
1786365833.793,317.379
1786365833.893,314.761
1786365833.994,314.965
1786365834.094,313.702
1786365834.195,313.687
1786365834.295,313.673
1786365834.396,313.857
1786365834.496,314.58
1786365834.597,314.752
1786365834.697,314.692
1786365834.797,314.231
1786365834.898,314.286
1786365834.998,314.286
1786365835.099,314.698
1786365835.199,314.432
1786365835.300,315.591
1786365835.400,315.573
1786365835.501,315.651
1786365835.601,315.494
1786365835.702,315.637
1786365835.802,315.586
1786365835.903,315.729
1786365836.003,315.894
1786365836.104,315.933
1786365836.204,317.994
1786365836.304,318.011
1786365836.405,316.608
1786365836.505,316.578
1786365836.606,316.565
1786365836.707,316.52
1786365836.807,316.412
1786365836.907,316.338
1786365837.008,316.306
1786365837.108,316.356
1786365837.209,316.263
1786365837.310,316.267
1786365837.410,314.21
1786365837.511,315.583
1786365837.611,315.624
1786365837.711,315.598
1786365837.812,315.642
1786365837.912,315.642
1786365838.013,315.651
1786365838.113,315.592
1786365838.214,315.748
1786365838.315,315.695
1786365838.416,315.789
1786365838.518,315.872
1786365838.619,317.97
1786365837.451,318.081
1786365837.554,318.221
1786365837.654,318.321
1786365837.754,318.427
1786365837.855,318.472
1786365837.955,318.742
1786365838.056,318.023
1786365838.156,317.902
1786365838.257,317.886
1786365838.357,317.901
1786365838.457,316.901
1786365838.558,316.255
1786365838.658,316.096
1786365838.759,315.901
1786365838.859,315.76
1786365838.960,315.721
1786365839.060,315.69
1786365839.161,316.107
1786365839.261,316.263
1786365839.361,316.285
1786365839.462,315.527
1786365839.562,316.502
1786365839.663,317.112
1786365839.763,317.112
1786365839.864,317.294
1786365839.968,315.874
1786365840.068,315.94
1786365840.169,316.038
1786365840.269,316.007
1786365840.369,316.03
1786365840.470,316.049
1786365840.570,315.992
1786365840.671,316.776
1786365840.771,316.734
1786365840.872,316.666
1786365840.972,316.613
1786365841.072,316.804
1786365841.173,316.948
1786365841.273,316.955
1786365841.374,316.866
1786365841.478,317.001
1786365841.580,317.035
1786365841.685,317.111
1786365841.785,317.322
1786365841.886,315.735
1786365841.986,315.805
1786365842.086,315.234
1786365842.187,316.649
1786365842.287,316.599
1786365842.388,316.534
1786365842.489,316.475
1786365842.589,316.491
1786365842.690,316.429
1786365842.790,314.869
1786365842.891,314.736
1786365842.992,316.397
1786365843.092,316.397
1786365843.193,316.415
1786365843.294,315.911
1786365843.395,315.877
1786365843.496,315.789
1786365843.597,315.834
1786365843.698,315.811
1786365843.798,315.759
1786365843.899,315.748
1786365844.000,317.151
1786365844.100,317.106
1786365844.202,317.099
1786365844.302,316.709
1786365844.402,316.717
1786365844.503,316.714
1786365844.607,316.734
1786365844.708,316.727
1786365844.809,316.774
1786365844.909,316.805
1786365845.010,317.022
1786365845.110,317.191
1786365845.210,317.139
1786365845.311,317.184
1786365845.411,317.636
1786365845.512,318.715
1786365845.612,317.411
1786365845.713,317.421
1786365845.813,317.483
1786365845.913,317.519
1786365846.014,317.557
1786365846.114,317.409
1786365846.215,317.456
1786365846.315,317.456
1786365846.416,317.503
1786365846.516,316.018
1786365846.617,315.896
1786365846.717,315.913
1786365846.818,317.215
1786365846.918,317.207
1786365847.018,317.157
1786365847.119,317.121
1786365847.219,317.23
1786365847.320,317.129
1786365847.420,317.012
1786365847.520,317.05
1786365847.621,318.479
1786365847.721,318.521
1786365847.822,317.067
1786365847.922,316.986
1786365848.022,316.889
1786365848.123,316.864
1786365848.223,316.81
1786365848.324,316.628
1786365848.424,315.608
1786365848.525,315.533
1786365848.625,315.353
1786365848.726,315.311
1786365848.827,315.251
1786365848.927,316.626
1786365849.028,314.883
1786365849.128,314.883
1786365849.228,314.939
1786365849.329,314.861
1786365849.429,314.866
1786365849.530,314.826
1786365849.631,316.076
1786365849.731,316.129
1786365849.831,316.207
1786365849.932,316.162
1786365850.033,316.099
1786365850.137,315.996
1786365850.242,317.763
1786365850.342,317.784
1786365850.445,316.104
1786365850.547,315.994
1786365850.649,315.906
1786365850.752,315.473
1786365850.852,315.385
1786365850.953,315.312
1786365851.053,315.264
1786365851.154,315.183
1786365851.254,315.168
1786365851.355,315.074
1786365851.455,314.916
1786365851.556,315.901
1786365851.660,315.052
1786365851.762,315.036
1786365851.864,315.109
1786365851.967,315.098
1786365852.068,314.546
1786365852.171,314.56
1786365852.274,314.699
1786365852.376,312.739
1786365852.479,312.672
1786365852.582,312.698
1786365852.682,312.007
1786365852.784,312.795
1786365852.887,312.049
1786365852.990,312.002
1786365853.094,312.004
1786365853.197,312.511
1786365853.301,312.694
1786365853.404,312.668
1786365853.508,314.631
1786365853.612,314.423
1786365853.716,313.542
1786365853.819,314.805
1786365853.923,315.047
1786365854.024,315.047
1786365854.128,315.76
1786365854.232,315.892
1786365854.337,315.846
1786365854.438,315.82
1786365854.543,313.338
1786365854.647,313.299
1786365854.752,313.254
1786365854.855,313.452
1786365854.959,314.329
1786365855.062,314.473
1786365855.166,314.506
1786365855.271,314.552
1786365855.376,314.537
1786365855.480,314.553
1786365855.585,314.619
1786365855.690,315.649
1786365855.794,315.566
1786365855.898,315.639
1786365856.002,315.714
1786365856.103,315.743
1786365856.203,315.656
1786365856.304,315.482
1786365856.404,315.475
1786365856.505,315.648
1786365856.605,315.617
1786365856.706,313.998
1786365856.806,315.309
1786365856.907,315.498
1786365857.007,315.456
1786365857.108,315.475
1786365857.208,315.428
1786365857.309,315.415
1786365857.409,314.259
1786365857.509,313.965
1786365857.610,313.833
1786365857.711,313.893
1786365857.811,315.452
1786365857.912,315.41
1786365858.012,315.289
1786365858.113,315.287
1786365858.213,313.874
1786365858.314,313.864
1786365858.414,313.973
1786365858.515,315.071
1786365858.615,315.071
1786365858.716,315.605
1786365858.820,315.619
1786365858.925,315.572
1786365859.030,314.365
1786365859.134,314.422
1786365859.239,314.524
1786365859.339,314.825
1786365859.444,314.398
1786365859.549,314.524
1786365859.653,314.485
1786365859.758,314.681
1786365859.863,314.473
1786365859.967,314.362
1786365860.072,314.401
1786365860.174,315.843
1786365860.274,315.843
1786365860.375,314.326
1786365860.476,314.107
1786365860.577,316.086
1786365860.678,316.165
1786365860.779,316.179
1786365860.881,316.172
1786365860.982,316.119
1786365861.084,316.224
1786365861.185,316.386
1786365861.286,316.102
1786365861.387,316.02
1786365861.488,317.599
1786365861.589,316.253
1786365861.691,316.08
1786365861.791,315.986
1786365861.892,315.784
1786365861.993,315.571
1786365862.094,314.863
1786365862.194,314.839
1786365862.295,314.89
1786365862.400,314.982
1786365862.502,313.197
1786365862.606,313.01
1786365862.707,314.257
1786365862.807,314.482
1786365862.908,314.445
1786365863.012,314.495
1786365863.117,314.482
1786365863.221,315.242
1786365863.323,315.246
1786365863.425,313.005
1786365863.529,312.973
1786365863.630,314.89
1786365863.730,314.924
1786365863.831,314.971
1786365863.931,314.971
1786365864.031,314.791
1786365864.132,313.282
1786365864.232,312.185
1786365864.333,312.309
1786365864.433,312.249
1786365864.534,312.141
1786365864.634,314.158
1786365864.735,314.217
1786365864.835,314.08
1786365864.936,312.737
1786365865.036,312.762
1786365865.136,312.696
1786365865.237,314.266
1786365865.337,315.409
1786365865.438,315.313
1786365865.538,315.389
1786365865.638,315.521
1786365865.739,315.671
1786365865.840,315.794
1786365865.940,315.864
1786365866.040,317.279
1786365866.141,317.32
1786365866.241,317.394
1786365866.341,316.119
1786365866.442,315.888
1786365866.542,315.898
1786365866.642,315.778
1786365866.743,315.649
1786365866.843,315.649
1786365866.944,315.484
1786365867.044,315.363
1786365867.145,315.288
1786365867.245,315.401
1786365867.346,315.315
1786365867.446,313.708
1786365867.547,315.117
1786365867.649,315.392
1786365867.753,315.49
1786365867.853,315.539
1786365867.958,315.363
1786365868.060,315.431
1786365868.160,315.265
1786365868.261,315.096
1786365868.362,314.733
1786365868.463,314.812
1786365868.563,316.423
1786365868.663,316.124
1786365868.764,314.458
1786365868.864,314.336
1786365868.965,314.332
1786365869.065,314.534
1786365869.166,314.403
1786365869.266,314.424
1786365869.367,313.648
1786365869.467,313.725
1786365869.568,313.586
1786365868.379,313.521
1786365868.480,313.546
1786365868.580,315.228
1786365868.680,315.203
1786365868.781,315.235
1786365868.881,315.235
1786365868.982,313.175
1786365869.082,313.38
1786365869.183,313.461
1786365869.286,314.59
1786365869.386,314.654
1786365869.487,314.601
1786365869.587,314.635
1786365869.688,314.641
1786365869.788,314.463
1786365869.889,314.508
1786365869.989,313.836
1786365870.090,315.049
1786365870.190,314.892
1786365870.291,314.934
1786365870.391,314.739
1786365870.491,314.726
1786365870.592,315.036
1786365870.692,315.042
1786365870.792,315.064
1786365870.893,313.178
1786365870.993,313.169
1786365871.094,313.907
1786365871.194,314.783
1786365871.295,314.796
1786365871.396,314.752
1786365871.496,314.815
1786365871.597,314.872
1786365871.697,314.882
1786365871.797,314.884
1786365871.898,314.917
1786365871.998,314.917
1786365872.099,316.891
1786365872.199,314.669
1786365872.300,314.579
1786365872.400,314.546
1786365872.501,314.621
1786365872.601,314.625
1786365872.702,314.65
1786365872.805,314.717
1786365872.909,314.715
1786365873.010,314.787
1786365873.114,313.211
1786365873.218,313.448
1786365873.320,314.535
1786365873.424,314.606
1786365873.528,314.637
1786365873.632,314.718
1786365873.732,314.748
1786365873.833,314.754
1786365873.933,314.894
1786365874.034,313.268
1786365874.134,313.268
1786365874.235,314.894
1786365874.336,314.883
1786365874.438,316.068
1786365874.540,316.111
1786365874.641,316.227
1786365874.742,316.268
1786365874.844,316.235
1786365874.945,316.226
1786365875.047,316.22
1786365875.148,316.494
1786365875.250,316.566
1786365875.351,316.573
1786365875.453,316.604
1786365875.554,316.694
1786365875.655,316.7
1786365875.757,316.686
1786365875.858,316.768
1786365875.959,316.814
1786365876.060,316.819
1786365876.162,316.688
1786365876.262,317.937
1786365876.363,317.862
1786365876.463,317.828
1786365876.564,317.763
1786365876.664,316.275
1786365876.765,316.275
1786365876.865,316.174
1786365876.966,316.117
1786365877.066,315.97
1786365877.166,316.059
1786365877.267,316.114
1786365877.367,316.242
1786365877.468,316.221
1786365877.568,316.129
1786365877.671,314.429
1786365877.773,314.427
1786365877.877,315.845
1786365877.981,315.828
1786365878.085,315.801
1786365878.187,315.847
1786365878.287,315.771
1786365878.388,315.734
1786365878.490,312.921
1786365878.594,312.8
1786365878.699,312.961
1786365878.801,314.701
1786365878.902,314.802
1786365879.003,314.713
1786365879.104,314.685
1786365879.205,314.63
1786365879.310,314.539
1786365879.412,314.496
1786365879.512,314.51
1786365879.616,315.778
1786365879.720,315.862
1786365879.821,315.833
1786365879.923,315.79
1786365880.024,315.603
1786365880.125,315.762
1786365880.225,315.938
1786365880.327,316.136
1786365880.428,314.587
1786365880.532,314.641
1786365880.637,314.67
1786365880.738,315.707
1786365880.839,315.681
1786365880.940,315.738
1786365881.041,315.738
1786365881.142,315.857
1786365881.242,315.936
1786365881.343,315.91
1786365881.443,315.967
1786365881.543,313.785
1786365881.645,315.438
1786365881.746,315.416
1786365881.851,315.337
1786365881.956,315.97
1786365882.061,316.009
1786365882.166,315.879
1786365882.269,315.701
1786365882.370,315.572
1786365882.470,315.445
1786365882.571,315.218
1786365882.672,316.485
1786365882.772,315.787
1786365882.873,315.77
1786365882.978,315.837
1786365883.083,315.421
1786365883.184,315.458
1786365883.284,315.629
1786365883.385,315.583
1786365883.485,315.6
1786365883.586,315.791
1786365883.686,315.41
1786365883.787,316.013
1786365883.887,316.759
1786365883.988,315.271
1786365884.088,315.213
1786365884.189,315.243
1786365884.289,315.216
1786365884.390,315.216
1786365884.490,315.286
1786365884.591,315.46
1786365884.691,315.353
1786365884.792,315.196
1786365884.892,315.569
1786365884.993,315.529
1786365885.093,315.56
1786365885.198,317.044
1786365885.303,316.958
1786365885.404,314.744
1786365885.508,314.84
1786365885.612,314.778
1786365885.716,314.611
1786365885.821,314.7
1786365885.925,314.75
1786365886.029,314.852
1786365886.132,315.034
1786365886.237,314.964
1786365886.338,314.849
1786365886.441,314.859
1786365886.541,317.298
1786365886.645,315.648
1786365886.746,315.452
1786365886.850,315.73
1786365886.955,315.827
1786365887.057,315.855
1786365887.161,315.925
1786365887.265,315.782
1786365887.366,314.134
1786365887.469,314.63
1786365887.573,314.695
1786365887.678,314.573
1786365887.781,316.116
1786365887.881,316.133
1786365887.986,315.99
1786365888.087,315.95
1786365888.191,315.86
1786365888.295,315.73
1786365888.399,315.957
1786365888.503,317.582
1786365888.607,317.221
1786365888.712,317.2
1786365888.816,317.215
1786365888.921,317.201
1786365889.026,316.148
1786365889.130,316.051
1786365889.235,316.04
1786365889.339,316.061
1786365889.444,316.133
1786365889.544,313.317
1786365889.648,313.368
1786365889.750,313.378
1786365889.854,313.424
1786365889.959,313.363
1786365890.064,313.44
1786365890.168,314.63
1786365890.273,314.745
1786365890.378,314.772
1786365890.482,314.841
1786365890.587,314.799
1786365890.691,317.377
1786365890.794,316.702
1786365890.899,316.943
1786365891.004,316.948
1786365891.104,315.164
1786365891.205,315.302
1786365891.308,315.277
1786365891.412,315.276
1786365891.517,315.177
1786365891.621,315.193
1786365891.726,315.208
1786365891.827,313.883
1786365891.931,314.552
1786365892.036,314.171
1786365892.138,314.195
1786365892.243,316.008
1786365892.348,315.778
1786365892.448,313.386
1786365892.553,313.428
1786365892.657,313.592
1786365892.762,313.446
1786365892.867,313.403
1786365892.971,314.892
1786365893.076,315.007
1786365893.181,315.097
1786365893.285,315.137
1786365893.389,313.725
1786365893.493,313.729
1786365893.598,315.982
1786365893.703,315.948
1786365893.807,315.888
1786365893.912,315.924
1786365894.017,316.05
1786365894.121,315.834
1786365894.226,314.671
1786365894.328,314.73
1786365894.430,314.674
1786365894.532,314.787
1786365894.634,314.81
1786365894.736,314.761
1786365894.838,314.761
1786365894.939,314.743
1786365895.041,314.745
1786365895.143,314.765
1786365895.244,314.606
1786365895.346,314.554
1786365895.447,315.528
1786365895.549,315.567
1786365895.650,315.502
1786365895.752,316.8
1786365895.853,316.895
1786365895.954,315.516
1786365896.054,315.486
1786365896.155,315.48
1786365896.257,315.627
1786365896.357,315.722
1786365896.458,315.878
1786365896.558,316.029
1786365896.659,315.986
1786365896.759,316.096
1786365896.860,316.133
1786365896.960,314.938
1786365897.061,316.402
1786365897.161,316.492
1786365897.261,316.541
1786365897.362,316.453
1786365897.463,316.465
1786365897.563,316.687
1786365897.664,316.701
1786365897.764,316.682
1786365897.865,316.677
1786365897.965,316.72
1786365898.066,317.871
1786365898.166,316.384
1786365898.267,316.384
1786365898.371,316.568
1786365898.474,316.56
1786365898.577,316.629
1786365898.681,316.576
1786365898.783,316.415
1786365898.887,316.397
1786365898.990,316.408
1786365899.094,316.348
1786365899.199,316.389
1786365899.303,316.51
1786365899.407,317.909
1786365899.511,316.356
1786365899.616,316.327
1786365899.720,316.344
1786365899.820,316.35
1786365899.923,314.689
1786365900.027,314.591
1786365900.129,314.512
1786365900.233,314.516
1786365900.338,314.597
1786365900.442,314.322
1786365900.546,314.29
1786365899.347,315.555
1786365899.448,315.355
1786365899.551,314.351
1786365899.653,314.331
1786365899.757,314.408
1786365899.860,314.52
1786365899.963,314.484
1786365900.067,314.6
1786365900.172,314.536
1786365900.276,314.705
1786365900.380,314.867
1786365900.483,314.885
1786365900.586,315.077
1786365900.690,316.032
1786365900.793,314.638
1786365900.897,316.122
1786365901.001,315.986
1786365901.104,316.113
1786365901.208,316.092
1786365901.313,316.061
1786365901.414,316.039
1786365901.518,316.073
1786365901.621,316.262
1786365901.725,316.208
1786365901.829,315.99
1786365901.934,317.404
1786365902.038,317.385
1786365902.142,317.498
1786365902.247,317.392
1786365902.351,317.203
1786365902.452,317.162
1786365902.556,317.24
1786365902.660,317.113
1786365902.760,316.959
1786365902.861,315.648
1786365902.966,315.825
1786365903.066,315.857
1786365903.170,315.911
1786365903.275,315.927
1786365903.379,314.879
1786365903.481,315.179
1786365903.586,315.108
1786365903.690,315.037
1786365903.794,315.079
1786365903.898,315.162
1786365904.002,316.411
1786365904.107,316.354
1786365904.211,316.344
1786365904.312,315.93
1786365904.416,314.94
1786365904.520,316.063
1786365904.625,315.821
1786365904.725,315.91
1786365904.826,316.057
1786365904.926,316.102
1786365905.031,315.981
1786365905.131,316.045
1786365905.232,314.444
1786365905.332,314.385
1786365905.433,314.706
1786365905.537,315.631
1786365905.641,315.62
1786365905.743,315.664
1786365905.848,315.616
1786365905.951,315.396
1786365906.056,315.562
1786365906.157,315.557
1786365906.258,315.551
1786365906.358,315.811
1786365906.459,315.818
1786365906.560,315.822
1786365906.660,315.873
1786365906.761,315.999
1786365906.864,316.018
1786365906.969,316.049
1786365907.069,316.1
1786365907.174,315.9
1786365907.275,314.387
1786365907.379,314.373
1786365907.482,315.789
1786365907.586,315.806
1786365907.690,315.943
1786365907.794,315.952
1786365907.898,315.742
1786365908.002,315.75
1786365908.107,315.67
1786365908.211,315.527
1786365908.315,315.575
1786365908.417,315.511
1786365908.521,315.524
1786365908.625,315.564
1786365908.729,315.628
1786365908.833,315.528
1786365908.938,315.477
1786365909.038,315.658
1786365909.141,315.767
1786365909.242,313.62
1786365909.346,313.659
1786365909.448,312.964
1786365909.552,314.658
1786365909.656,314.736
1786365909.759,314.626
1786365909.861,314.011
1786365909.966,314.051
1786365910.070,313.997
1786365910.174,313.753
1786365910.276,313.753
1786365910.380,312.685
1786365910.483,315.008
1786365910.584,315.252
1786365910.688,314.35
1786365910.788,314.296
1786365910.893,314.516
1786365910.994,314.715
1786365911.094,315.504
1786365911.195,315.655
1786365911.296,315.882
1786365911.397,316.181
1786365911.498,317.285
1786365911.598,317.294
1786365911.699,315.857
1786365911.799,317.6
1786365911.899,317.676
1786365912.002,317.498
1786365912.106,317.527
1786365912.210,317.472
1786365912.315,317.323
1786365912.415,317.292
1786365912.516,315.705
1786365912.617,315.952
1786365912.717,315.892
1786365912.818,317.348
1786365912.918,317.424
1786365913.022,317.407
1786365913.124,317.362
1786365913.228,317.246
1786365913.332,317.192
1786365913.433,315.813
1786365913.537,315.758
1786365913.642,317.326
1786365913.746,316.976
1786365913.850,316.905
1786365913.954,316.748
1786365914.058,316.507
1786365914.162,316.429
1786365914.267,316.711
1786365914.371,316.765
1786365914.473,316.053
1786365914.578,317.534
1786365914.682,317.508
1786365914.783,315.382
1786365914.886,315.43
1786365914.990,315.506
1786365915.091,315.503
1786365915.195,315.527
1786365915.296,315.818
1786365915.397,315.61
1786365915.497,315.579
1786365915.597,316.322
1786365915.698,316.323
1786365915.798,316.356
1786365915.899,318.463
1786365916.003,318.428
1786365916.108,318.45
1786365916.208,317.072
1786365916.309,317.072
1786365916.409,317.076
1786365916.510,316.878
1786365916.610,316.836
1786365916.711,316.958
1786365916.811,316.976
1786365916.911,316.871
1786365917.012,316.791
1786365917.112,316.765
1786365917.213,316.795
1786365917.313,316.741
1786365917.414,318.185
1786365917.514,318.269
1786365917.614,318.393
1786365917.715,318.357
1786365917.816,316.679
1786365917.918,316.79
1786365918.020,316.92
1786365918.122,317.076
1786365918.224,317.084
1786365918.325,317.036
1786365918.427,317.071
1786365918.529,317.073
1786365918.631,317.066
1786365918.732,316.95
1786365918.834,317.035
1786365918.936,318.784
1786365919.036,316.799
1786365919.137,316.804
1786365919.238,316.721
1786365919.340,316.838
1786365919.442,316.298
1786365919.542,316.342
1786365919.644,315.774
1786365919.745,315.714
1786365919.846,315.638
1786365919.948,315.638
1786365920.049,315.697
1786365920.150,315.415
1786365920.251,317.169
1786365920.352,316.953
1786365920.453,315.285
1786365920.554,315.185
1786365920.655,315.689
1786365920.756,315.634
1786365920.857,316.14
1786365920.958,316.144
1786365921.058,316.183
1786365921.158,316.036
1786365921.262,315.016
1786365921.366,315.024
1786365921.471,315.112
1786365921.575,316.731
1786365921.679,316.834
1786365921.784,316.849
1786365921.888,316.869
1786365921.989,315.334
1786365922.093,315.499
1786365922.198,315.565
1786365922.301,315.631
1786365922.405,316.731
1786365922.510,316.803
1786365922.614,316.881
1786365922.718,316.914
1786365922.820,316.884
1786365922.925,316.956
1786365923.025,316.984
1786365923.126,317.365
1786365923.230,317.235
1786365923.334,317.186
1786365923.439,317.119
1786365923.543,317.35
1786365923.647,317.309
1786365923.752,317.251
1786365923.856,317.252
1786365923.960,317.21
1786365924.064,317.182
1786365924.165,317.108
1786365924.266,316.84
1786365924.366,316.809
1786365924.466,316.738
1786365924.567,316.738
1786365924.667,316.534
1786365924.768,316.691
1786365924.868,315.792
1786365924.969,315.923
1786365925.069,315.995
1786365925.170,315.996
1786365925.270,316.058
1786365925.371,317.527
1786365925.471,316.252
1786365925.571,316.329
1786365925.672,316.37
1786365925.772,316.37
1786365925.873,316.451
1786365925.973,316.346
1786365926.074,317.344
1786365926.174,317.39
1786365926.275,317.278
1786365926.375,317.229
1786365926.476,315.75
1786365926.576,315.804
1786365926.677,317.306
1786365926.777,317.169
1786365926.878,317.059
1786365926.978,316.991
1786365927.078,316.925
1786365927.179,316.718
1786365927.279,316.59
1786365927.380,316.611
1786365927.480,316.753
1786365927.581,318.32
1786365927.681,318.369
1786365927.782,318.06
1786365927.882,318.172
1786365927.983,318.289
1786365928.083,318.177
1786365928.184,318.199
1786365928.284,318.422
1786365928.385,318.459
1786365928.486,316.0
1786365928.590,315.877
1786365928.695,315.765
1786365928.797,315.866
1786365928.902,315.922
1786365929.006,316.014
1786365929.109,316.101
1786365929.214,316.201
1786365929.314,314.582
1786365929.416,314.259
1786365929.520,314.203
1786365929.625,316.716
1786365929.725,316.716
1786365929.825,316.761
1786365929.926,316.822
1786365930.026,316.726
1786365930.127,315.897
1786365930.227,315.79
1786365930.327,315.763
1786365930.428,315.768
1786365930.528,316.02
1786365930.629,316.225
1786365930.729,316.155
1786365930.830,316.115
1786365930.930,316.107
1786365931.031,316.01
1786365931.131,316.006
1786365931.232,316.938
1786365931.332,316.974
1786365931.433,317.125
1786365930.281,317.181
1786365930.382,318.64
1786365930.482,318.679
1786365930.583,318.743
1786365930.683,318.782
1786365930.785,316.463
1786365930.890,316.548
1786365930.994,316.56
1786365931.098,316.501
1786365931.199,316.535
1786365931.299,316.351
1786365931.400,316.437
1786365931.500,316.535
1786365931.601,316.559
1786365931.701,316.615
1786365931.802,316.615
1786365931.902,316.575
1786365932.003,317.741
1786365932.103,317.819
1786365932.203,317.69
1786365932.304,317.749
1786365932.404,317.621
1786365932.506,317.578
1786365932.607,317.424
1786365932.708,317.308
1786365932.809,317.198
1786365932.910,317.221
1786365933.011,317.468
1786365933.112,318.731
1786365933.213,318.735
1786365933.313,317.133
1786365933.414,317.321
1786365933.515,317.346
1786365933.616,317.417
1786365933.716,317.395
1786365933.817,317.331
1786365933.918,317.432
1786365934.018,316.336
1786365934.119,315.991
1786365934.219,314.308
1786365934.320,314.219
1786365934.420,316.132
1786365934.520,315.808
1786365934.621,315.911
1786365934.721,315.799
1786365934.822,315.786
1786365934.923,315.786
1786365935.023,313.608
1786365935.124,313.553
1786365935.224,314.545
1786365935.324,314.532
1786365935.425,316.124
1786365935.525,316.113
1786365935.625,316.087
1786365935.726,316.192
1786365935.826,316.083
1786365935.927,316.086
1786365936.027,314.215
1786365936.127,316.304
1786365936.228,316.258
1786365936.328,316.249
1786365936.429,316.363
1786365936.529,316.426
1786365936.629,316.349
1786365936.730,316.096
1786365936.834,316.304
1786365936.938,314.899
1786365937.042,314.97
1786365937.147,316.892
1786365937.251,316.9
1786365937.353,317.162
1786365937.456,317.156
1786365937.558,317.16
1786365937.660,317.04
1786365937.763,317.001
1786365937.865,316.916
1786365937.968,316.607
1786365938.070,318.093
1786365938.173,317.932
1786365938.275,318.136
1786365938.378,316.601
1786365938.480,316.347
1786365938.583,316.597
1786365938.685,316.532
1786365938.788,316.521
1786365938.891,316.547
1786365938.993,316.597
1786365939.096,316.649
1786365939.199,315.749
1786365939.301,315.856
1786365939.404,315.597
1786365939.504,317.191
1786365939.605,317.191
1786365939.705,315.881
1786365939.806,315.669
1786365939.906,315.723
1786365940.007,315.726
1786365940.107,315.739
1786365940.208,315.832
1786365940.308,315.86
1786365940.409,316.678
1786365940.509,316.686
1786365940.610,316.788
1786365940.710,316.914
1786365940.811,316.412
1786365940.914,316.54
1786365941.017,316.586
1786365941.117,316.807
1786365941.218,316.767
1786365941.318,316.576
1786365941.419,316.605
1786365941.519,316.798
1786365941.620,316.978
1786365941.721,316.993
1786365941.825,316.999
1786365941.929,318.996
1786365942.033,319.148
1786365942.137,319.021
1786365942.241,317.364
1786365942.345,317.471
1786365942.445,317.771
1786365942.548,317.805
1786365942.653,317.686
1786365942.757,317.591
1786365942.858,317.588
1786365942.963,317.563
1786365943.067,317.548
1786365943.172,317.212
1786365943.276,317.339
1786365943.380,318.907
1786365943.485,318.892
1786365943.589,318.873
1786365943.691,317.216
1786365943.796,317.145
1786365943.900,317.354
1786365944.004,317.324
1786365944.109,317.251
1786365944.213,317.298
1786365944.314,317.435
1786365944.414,317.482
1786365944.519,316.224
1786365944.619,316.31
1786365944.720,316.254
1786365944.820,317.953
1786365944.921,318.144
1786365945.021,317.898
1786365945.121,317.846
1786365945.222,317.846
1786365945.322,317.972
1786365945.423,317.901
1786365945.523,317.941
1786365945.624,317.918
1786365945.724,319.166
1786365945.825,319.154
1786365945.925,319.3
1786365946.026,319.214
1786365946.127,319.156
1786365946.227,319.295
1786365946.328,319.398
1786365946.428,319.309
1786365946.529,317.833
1786365946.629,317.674
1786365946.730,317.633
1786365946.830,317.575
1786365946.931,317.537
1786365947.031,317.269
1786365947.132,317.246
1786365947.232,317.173
1786365947.333,317.114
1786365947.433,317.189
1786365947.534,315.504
1786365947.634,317.219
1786365947.734,317.38
1786365947.835,317.577
1786365947.935,317.675
1786365948.036,317.672
1786365948.136,317.672
1786365948.237,316.964
1786365948.337,316.882
1786365948.437,316.942
1786365948.538,316.968
1786365948.638,316.827
1786365948.739,317.244
1786365948.839,317.019
1786365948.939,316.933
1786365949.040,316.738
1786365949.140,316.677
1786365949.240,316.793
1786365949.341,317.646
1786365949.441,317.717
1786365949.541,317.58
1786365949.642,317.295
1786365949.742,315.973
1786365949.847,317.233
1786365949.948,317.162
1786365950.053,314.652
1786365950.153,314.518
1786365950.254,314.263
1786365950.354,314.018
1786365950.455,313.828
1786365950.555,313.722
1786365950.656,313.665
1786365950.756,313.729
1786365950.856,314.945
1786365950.957,315.107
1786365951.057,314.972
1786365951.158,315.563
1786365951.258,315.563
1786365951.359,316.072
1786365951.459,316.277
1786365951.560,316.389
1786365951.660,316.386
1786365951.761,316.407
1786365951.865,316.476
1786365951.968,316.501
1786365952.073,316.647
1786365952.173,316.414
1786365952.274,316.541
1786365952.374,318.507
1786365952.474,317.884
1786365952.575,317.791
1786365952.675,317.691
1786365952.776,316.022
1786365952.876,315.967
1786365952.977,315.973
1786365953.077,315.904
1786365953.178,315.863
1786365953.278,315.806
1786365953.378,315.692
1786365953.479,315.681
1786365953.579,315.895
1786365953.680,315.965
1786365953.780,316.005
1786365953.881,315.92
1786365953.981,316.498
1786365954.082,316.55
1786365954.183,316.585
1786365954.283,316.643
1786365954.383,316.696
1786365954.484,316.836
1786365954.585,316.759
1786365954.685,316.759
1786365954.785,316.822
1786365954.886,316.866
1786365954.986,314.633
1786365955.087,316.627
1786365955.187,316.126
1786365955.288,316.124
1786365955.388,316.115
1786365955.489,316.154
1786365955.589,316.225
1786365955.690,314.968
1786365955.790,315.07
1786365955.891,314.976
1786365955.991,314.954
1786365956.092,317.113
1786365956.192,316.879
1786365956.293,316.912
1786365956.393,317.034
1786365956.494,317.065
1786365956.594,316.939
1786365956.694,315.068
1786365956.795,316.171
1786365956.896,316.043
1786365956.996,315.991
1786365957.097,315.923
1786365957.197,316.038
1786365957.298,316.08
1786365957.398,316.039
1786365957.499,315.889
1786365957.599,315.878
1786365957.700,315.878
1786365957.801,314.234
1786365957.901,316.146
1786365958.002,316.223
1786365958.102,316.417
1786365958.203,316.389
1786365958.303,315.606
1786365958.403,315.68
1786365958.504,315.619
1786365958.604,315.726
1786365958.705,315.733
1786365958.805,315.757
1786365958.906,317.672
1786365959.006,317.734
1786365959.106,316.062
1786365959.207,315.917
1786365959.307,316.105
1786365959.408,316.905
1786365959.508,316.793
1786365959.609,316.876
1786365959.709,316.82
1786365959.810,316.84
1786365959.910,316.793
1786365960.011,316.573
1786365960.111,315.451
1786365960.212,317.009
1786365960.312,317.069
1786365960.412,316.945
1786365960.513,316.878
1786365960.613,316.878
1786365960.714,314.58
1786365960.818,314.665
1786365960.923,314.745
1786365961.027,314.792
1786365961.132,314.833
1786365961.236,314.814
1786365961.341,315.874
1786365961.442,316.127
1786365961.543,316.197
1786365961.643,316.268
1786365961.744,316.428
1786365961.844,318.875
1786365961.945,318.846
1786365962.045,317.065
1786365962.146,316.998
1786365962.246,316.924
1786365962.347,317.029
1786365962.447,317.134
1786365961.296,317.001
1786365961.396,316.944
1786365961.497,316.987
1786365961.597,316.909
1786365961.697,316.81
1786365961.798,314.94
1786365961.899,316.783
1786365961.999,316.869
1786365962.100,317.006
1786365962.201,317.2
1786365962.301,317.081
1786365962.401,317.2
1786365962.502,317.185
1786365962.602,315.579
1786365962.703,315.702
1786365962.803,315.794
1786365962.904,317.639
1786365963.008,317.61
1786365963.108,317.61
1786365963.209,317.514
1786365963.309,317.469
1786365963.410,317.225
1786365963.511,317.188
1786365963.611,317.097
1786365963.712,316.512
1786365963.812,316.866
1786365963.913,316.773
1786365964.013,316.7
1786365964.113,315.648
1786365964.214,315.539
1786365964.315,315.637
1786365964.415,315.702
1786365964.516,315.768
1786365964.619,314.23
1786365964.720,314.236
1786365964.820,314.731
1786365964.921,315.909
1786365965.021,315.97
1786365965.122,316.001
1786365965.222,317.015
1786365965.323,317.122
1786365965.423,315.696
1786365965.524,315.698
1786365965.624,315.727
1786365965.725,317.293
1786365965.825,317.323
1786365965.926,317.296
1786365966.026,317.459
1786365966.127,317.459
1786365966.227,317.37
1786365966.327,317.224
1786365966.428,317.097
1786365966.529,315.075
1786365966.629,316.389
1786365966.730,316.152
1786365966.830,316.015
1786365966.931,315.836
1786365967.031,315.216
1786365967.132,315.298
1786365967.232,315.083
1786365967.333,315.091
1786365967.433,313.157
1786365967.534,313.267
1786365967.634,315.129
1786365967.735,313.501
1786365967.835,313.382
1786365967.936,313.317
1786365968.041,313.385
1786365968.141,313.794
1786365968.242,313.708
1786365968.342,313.742
1786365968.442,313.907
1786365968.543,315.944
1786365968.643,315.8
1786365968.744,314.125
1786365968.844,315.768
1786365968.945,315.973
1786365969.045,316.061
1786365969.146,316.017
1786365969.246,316.017
1786365969.346,315.805
1786365969.447,315.75
1786365969.548,315.743
1786365969.648,315.574
1786365969.749,315.644
1786365969.849,315.778
1786365969.950,317.521
1786365970.050,315.524
1786365970.151,315.508
1786365970.251,315.551
1786365970.352,315.713
1786365970.452,316.056
1786365970.553,316.179
1786365970.653,316.299
1786365970.754,316.365
1786365970.854,314.598
1786365970.955,314.71
1786365971.055,314.618
1786365971.156,316.897
1786365971.256,316.968
1786365971.357,316.932
1786365971.457,316.74
1786365971.560,316.748
1786365971.662,316.705
1786365971.765,316.561
1786365971.866,315.92
1786365971.968,316.501
1786365972.071,316.372
1786365972.173,316.436
1786365972.276,316.156
1786365972.379,316.198
1786365972.481,316.302
1786365972.584,316.42
1786365972.687,316.412
1786365972.788,316.412
1786365972.888,316.402
1786365972.991,314.842
1786365973.094,315.496
1786365973.195,316.51
1786365973.295,316.525
1786365973.395,316.489
1786365973.496,316.525
1786365973.596,316.438
1786365973.699,316.313
1786365973.800,316.567
1786365973.900,316.569
1786365974.001,316.721
1786365974.101,318.339
1786365974.202,316.654
1786365974.305,316.732
1786365974.408,316.757
1786365974.511,316.594
1786365974.615,315.461
1786365974.718,315.54
1786365974.820,315.843
1786365974.923,314.117
1786365975.027,314.251
1786365975.127,314.284
1786365975.228,314.39
1786365975.328,316.124
1786365975.429,316.199
1786365975.529,316.271
1786365975.630,316.609
1786365975.730,317.683
1786365975.831,316.465
1786365975.931,315.871
1786365976.032,317.364
1786365976.136,317.355
1786365976.237,317.287
1786365976.337,317.305
1786365976.438,317.288
1786365976.538,317.356
1786365976.639,317.368
1786365976.739,317.368
1786365976.840,316.088
1786365976.940,316.217
1786365977.041,316.899
1786365977.141,317.417
1786365977.242,317.488
1786365977.342,317.413
1786365977.443,317.371
1786365977.543,316.112
1786365977.644,316.093
1786365977.744,316.035
1786365977.845,316.042
1786365977.945,317.134
1786365978.046,317.136
1786365978.146,317.632
1786365978.247,317.515
1786365978.347,316.149
1786365978.448,316.28
1786365978.548,316.387
1786365978.653,317.654
1786365978.757,317.686
1786365978.858,317.68
1786365978.958,317.713
1786365979.059,318.02
1786365979.159,318.089
1786365979.260,316.505
1786365979.360,316.452
1786365979.461,317.802
1786365979.561,317.908
1786365979.661,317.903
1786365979.762,316.517
1786365979.862,316.517
1786365979.963,316.492
1786365980.064,316.393
1786365980.165,316.258
1786365980.265,316.154
1786365980.366,316.178
1786365980.466,317.932
1786365980.567,316.462
1786365980.667,316.487
1786365980.768,316.369
1786365980.868,316.516
1786365980.969,317.841
1786365981.069,317.886
1786365981.170,318.046
1786365981.270,318.113
1786365981.371,318.048
1786365981.471,317.927
1786365981.572,315.405
1786365981.676,316.87
1786365981.781,316.792
1786365981.881,316.715
1786365981.982,316.535
1786365982.082,316.504
1786365982.185,316.484
1786365982.289,316.393
1786365982.394,316.356
1786365982.498,316.338
1786365982.602,316.303
1786365982.706,318.733
1786365982.807,317.216
1786365982.908,317.597
1786365983.008,317.446
1786365983.109,317.351
1786365983.209,317.199
1786365983.309,317.06
1786365983.410,317.015
1786365983.510,316.88
1786365983.611,316.88
1786365983.711,316.857
1786365983.812,317.067
1786365983.912,316.934
1786365984.012,318.422
1786365984.113,318.047
1786365984.214,318.097
1786365984.314,318.123
1786365984.415,318.259
1786365984.515,315.855
1786365984.616,315.988
1786365984.716,316.072
1786365984.817,316.345
1786365984.921,316.053
1786365985.025,315.224
1786365985.130,315.291
1786365985.231,315.299
1786365985.331,315.328
1786365985.432,315.275
1786365985.532,313.697
1786365985.633,316.055
1786365985.733,315.859
1786365985.834,315.943
1786365985.934,315.757
1786365986.034,315.701
1786365986.135,316.544
1786365986.236,315.217
1786365986.336,315.142
1786365986.436,315.193
1786365986.537,315.247
1786365986.637,316.723
1786365986.738,316.741
1786365986.838,316.789
1786365986.939,316.789
1786365987.039,316.709
1786365987.140,316.629
1786365987.240,316.797
1786365987.341,315.072
1786365987.441,316.327
1786365987.542,316.473
1786365987.642,316.436
1786365987.743,316.499
1786365987.844,316.812
1786365987.944,316.943
1786365988.045,317.016
1786365988.145,317.152
1786365988.246,317.19
1786365988.346,317.208
1786365988.447,319.065
1786365988.547,319.053
1786365988.652,319.063
1786365988.756,319.174
1786365988.856,319.155
1786365988.957,317.591
1786365989.057,317.601
1786365989.158,317.688
1786365989.258,317.642
1786365989.358,317.72
1786365989.459,317.786
1786365989.559,317.953
1786365989.660,318.04
1786365989.761,318.093
1786365989.861,318.074
1786365989.961,316.559
1786365990.062,316.559
1786365990.162,317.947
1786365990.263,316.757
1786365990.363,316.675
1786365990.464,316.652
1786365990.564,316.628
1786365990.665,316.577
1786365990.765,316.406
1786365990.866,316.447
1786365990.966,315.155
1786365991.067,315.057
1786365991.167,316.555
1786365991.267,316.545
1786365991.368,317.889
1786365991.472,318.011
1786365991.577,318.092
1786365991.677,318.057
1786365991.778,318.018
1786365991.878,316.803
1786365991.979,316.689
1786365992.079,317.875
1786365992.180,317.931
1786365992.280,317.934
1786365992.381,317.939
1786365992.481,317.74
1786365992.582,317.649
1786365992.682,317.531
1786365992.783,317.523
1786365992.883,317.627
1786365992.984,318.827
1786365993.084,319.092
1786365993.185,319.153
1786365993.285,319.153
1786365993.386,316.638
1786365993.486,316.824
1786365992.315,316.838
1786365992.415,316.832
1786365992.515,316.822
1786365992.616,316.873
1786365992.717,316.927
1786365992.817,316.755
1786365992.917,316.712
1786365993.018,314.894
1786365993.118,314.891
1786365993.219,317.378
1786365993.319,317.156
1786365993.420,317.116
1786365993.520,317.107
1786365993.621,317.027
1786365993.721,317.103
1786365993.822,317.13
1786365993.922,317.209
1786365994.023,317.292
1786365994.123,317.642
1786365994.223,317.668
1786365994.324,317.79
1786365994.424,317.83
1786365994.525,317.944
1786365994.625,317.948
1786365994.726,317.829
1786365994.826,317.575
1786365994.927,317.575
1786365995.027,317.31
1786365995.131,317.223
1786365995.235,315.577
1786365995.339,316.695
1786365995.444,316.476
1786365995.548,316.236
1786365995.653,316.105
1786365995.756,315.362
1786365995.861,315.221
1786365995.965,315.384
1786365996.069,315.501
1786365996.170,315.565
1786365996.270,314.465
1786365996.372,315.386
1786365996.476,315.374
1786365996.577,315.383
1786365996.677,315.375
1786365996.778,315.31
1786365996.878,315.856
1786365996.979,316.055
1786365997.079,315.935
1786365997.180,315.902
1786365997.280,315.887
1786365997.381,316.892
1786365997.481,315.868
1786365997.582,315.92
1786365997.682,315.956
1786365997.782,315.948
1786365997.883,315.984
1786365997.984,315.983
1786365998.084,315.851
1786365998.185,316.02
1786365998.286,316.015
1786365998.386,315.952
1786365998.487,316.017
1786365998.587,317.607
1786365998.688,316.222
1786365998.789,316.158
1786365998.889,316.174
1786365998.990,316.124
1786365999.090,316.124
1786365999.191,316.132
1786365999.291,316.124
1786365999.392,315.024
1786365999.497,313.263
1786365999.601,313.504
1786365999.702,313.644
1786365999.802,313.594
1786365999.903,314.987
1786366000.003,315.003
1786366000.104,315.059
1786366000.204,315.132
1786366000.304,315.13
1786366000.405,315.084
1786366000.505,316.04
1786366000.606,317.77
1786366000.707,316.139
1786366000.807,315.985
1786366000.908,316.035
1786366001.008,316.065
1786366001.109,316.27
1786366001.209,316.364
1786366001.310,316.372
1786366001.410,316.299
1786366001.511,316.271
1786366001.611,316.218
1786366001.711,316.133
1786366001.812,317.585
1786366001.913,316.144
1786366002.013,316.007
1786366002.113,315.891
1786366002.214,315.618
1786366002.314,315.618
1786366002.415,315.406
1786366002.515,315.527
1786366002.616,315.545
1786366002.716,315.631
1786366002.816,315.737
1786366002.917,313.85
1786366003.018,313.866
1786366003.118,315.254
1786366003.218,315.302
1786366003.319,315.306
1786366003.419,315.379
1786366003.520,315.507
1786366003.620,315.468
1786366003.720,315.703
1786366003.821,315.839
1786366003.921,315.903
1786366004.022,318.01
1786366004.123,318.009
1786366004.223,318.149
1786366004.324,317.086
1786366004.424,317.196
1786366004.525,316.042
1786366004.629,316.013
1786366004.734,315.998
1786366004.838,315.882
1786366004.942,315.757
1786366005.047,315.874
1786366005.151,315.853
1786366005.255,315.888
1786366005.357,314.209
1786366005.462,315.486
1786366005.566,315.487
1786366005.667,315.992
1786366005.767,316.028
1786366005.868,316.089
1786366005.968,316.02
1786366006.069,316.024
1786366006.169,315.846
1786366006.270,315.846
1786366006.370,315.8
1786366006.471,315.916
1786366006.571,317.736
1786366006.671,315.954
1786366006.772,316.028
1786366006.872,316.894
1786366006.973,316.965
1786366007.073,316.97
1786366007.174,317.149
1786366007.274,317.276
1786366007.375,317.249
1786366007.475,317.228
1786366007.576,317.046
1786366007.676,316.851
1786366007.777,318.55
1786366007.877,318.434
1786366007.978,316.818
1786366008.078,316.719
1786366008.179,316.661
1786366008.283,316.5
1786366008.384,316.378
1786366008.485,316.386
1786366008.586,316.353
1786366008.686,316.42
1786366008.787,316.445
1786366008.887,316.637
1786366008.988,314.208
1786366009.089,315.847
1786366009.189,315.911
1786366009.290,315.866
1786366009.390,315.866
1786366009.491,315.887
1786366009.592,315.9
1786366009.694,315.97
1786366009.799,314.67
1786366009.903,314.691
1786366010.007,314.855
1786366010.111,314.73
1786366010.216,317.227
1786366010.320,317.147
1786366010.420,317.145
1786366010.521,315.66
1786366010.622,315.593
1786366010.722,315.592
1786366010.823,315.446
1786366010.923,316.709
1786366011.024,316.758
1786366011.124,316.609
1786366011.225,316.513
1786366011.325,316.591
1786366011.426,316.544
1786366011.526,316.522
1786366011.627,318.273
1786366011.727,318.365
1786366011.828,318.397
1786366011.928,318.49
1786366012.029,317.161
1786366012.129,317.069
1786366012.230,316.937
1786366012.330,316.894
1786366012.431,316.672
1786366012.535,316.561
1786366012.640,316.362
1786366012.744,316.059
1786366012.849,315.997
1786366012.949,315.914
1786366013.050,315.945
1786366013.150,317.291
1786366013.250,317.317
1786366013.351,317.341
1786366013.451,317.341
1786366013.552,315.809
1786366013.652,315.806
1786366013.756,315.775
1786366013.857,315.831
1786366013.957,315.829
1786366014.058,315.835
1786366014.158,315.826
1786366014.259,315.713
1786366014.363,315.895
1786366014.467,315.781
1786366014.568,314.334
1786366014.668,315.922
1786366014.769,315.971
1786366014.869,316.06
1786366014.970,315.075
1786366015.070,315.13
1786366015.171,315.112
1786366015.271,315.135
1786366015.372,315.267
1786366015.472,313.359
1786366015.572,313.51
1786366015.673,314.494
1786366015.774,314.334
1786366015.874,314.335
1786366015.975,314.329
1786366016.075,315.444
1786366016.176,315.351
1786366016.276,315.424
1786366016.377,315.571
1786366016.477,315.496
1786366016.578,317.224
1786366016.678,317.17
1786366016.779,317.17
1786366016.879,316.126
1786366016.980,316.113
1786366017.084,316.108
1786366017.188,316.007
1786366017.292,315.927
1786366017.397,315.993
1786366017.501,315.914
1786366017.605,315.691
1786366017.708,315.542
1786366017.809,315.76
1786366017.909,315.741
1786366018.010,317.336
1786366018.110,316.085
1786366018.211,316.162
1786366018.311,316.323
1786366018.412,316.292
1786366018.516,316.276
1786366018.621,316.266
1786366018.721,316.353
1786366018.822,316.412
1786366018.922,316.25
1786366019.023,316.266
1786366019.123,316.415
1786366019.224,317.791
1786366019.324,317.765
1786366019.425,317.645
1786366019.525,317.749
1786366019.626,315.796
1786366019.730,315.77
1786366019.835,315.729
1786366019.939,315.707
1786366020.043,315.712
1786366020.145,315.711
1786366020.246,314.494
1786366020.348,314.449
1786366020.449,312.952
1786366020.551,312.23
1786366020.652,312.263
1786366020.753,314.173
1786366020.855,314.192
1786366020.956,314.306
1786366021.057,314.59
1786366021.158,314.601
1786366021.259,314.747
1786366021.360,315.777
1786366021.460,315.777
1786366021.561,315.761
1786366021.662,317.355
1786366021.762,318.11
1786366021.863,318.158
1786366021.963,318.279
1786366022.066,318.38
1786366022.168,318.35
1786366022.272,315.859
1786366022.376,315.936
1786366022.480,315.823
1786366022.584,315.94
1786366022.686,316.14
1786366022.791,316.099
1786366022.895,316.183
1786366022.999,316.201
1786366023.104,316.228
1786366023.206,316.181
1786366023.307,316.198
1786366023.411,318.579
1786366023.515,318.499
1786366023.620,318.559
1786366023.723,318.46
1786366023.827,318.17
1786366023.932,318.182
1786366024.036,318.145
1786366024.141,318.175
1786366024.243,316.35
1786366024.347,316.363
1786366024.452,316.288
1786366023.288,316.259
1786366023.389,316.255
1786366023.489,316.193
1786366023.590,316.258
1786366023.690,316.427
1786366023.791,316.303
1786366023.891,316.536
1786366023.992,316.496
1786366024.092,318.196
1786366024.193,317.017
1786366024.293,315.217
1786366024.394,315.168
1786366024.494,315.19
1786366024.594,315.192
1786366024.695,315.098
1786366024.795,315.195
1786366024.896,313.431
1786366024.996,313.194
1786366025.097,311.786
1786366025.197,311.806
1786366025.298,312.19
1786366025.398,312.19
1786366025.499,313.999
1786366025.599,314.065
1786366025.700,314.014
1786366025.800,314.175
1786366025.901,314.128
1786366026.002,314.061
1786366026.102,314.47
1786366026.203,314.59
1786366026.303,315.999
1786366026.404,316.067
1786366026.504,316.894
1786366026.604,316.888
1786366026.705,316.89
1786366026.805,316.989
1786366026.906,316.831
1786366027.006,316.969
1786366027.107,316.995
1786366027.208,318.469
1786366027.308,316.863
1786366027.409,316.698
1786366027.509,316.632
1786366027.610,316.598
1786366027.710,316.66
1786366027.811,316.623
1786366027.911,316.635
1786366028.011,316.603
1786366028.112,316.509
1786366028.212,316.449
1786366028.313,316.449
1786366028.413,316.373
1786366028.514,317.841
1786366028.614,317.953
1786366028.715,317.972
1786366028.815,317.941
1786366028.916,317.868
1786366029.016,317.749
1786366029.117,317.791
1786366029.217,315.41
1786366029.318,315.305
1786366029.418,314.202
1786366029.519,314.099
1786366029.619,314.099
1786366029.719,314.009
1786366029.820,314.114
1786366029.920,314.018
1786366030.021,313.997
1786366030.122,313.96
1786366030.222,313.671
1786366030.323,316.008
1786366030.423,316.167
1786366030.524,317.34
1786366030.624,317.433
1786366030.725,317.621
1786366030.829,315.23
1786366030.934,315.064
1786366031.038,315.157
1786366031.138,315.136
1786366031.239,315.326
1786366031.339,315.479
1786366031.440,315.534
1786366031.541,315.526
1786366031.641,315.526
1786366031.741,315.495
1786366031.842,315.59
1786366031.943,315.463
1786366032.043,315.965
1786366032.143,315.891
1786366032.244,316.076
1786366032.344,316.108
1786366032.445,315.97
1786366032.545,316.005
1786366032.646,315.975
1786366032.746,315.934
1786366032.847,313.6
1786366032.947,313.4
1786366033.048,313.257
1786366033.148,315.141
1786366033.249,315.289
1786366033.349,315.235
1786366033.450,315.244
1786366033.550,315.34
1786366033.650,315.24
1786366033.751,315.147
1786366033.852,313.995
1786366033.952,315.898
1786366034.052,315.947
1786366034.153,315.942
1786366034.253,315.953
1786366034.354,316.013
1786366034.454,315.681
1786366034.555,315.681
1786366034.655,314.742
1786366034.756,314.645
1786366034.856,314.676
1786366034.957,314.692
1786366035.057,315.798
1786366035.158,316.196
1786366035.259,316.4
1786366035.359,316.569
1786366035.459,316.666
1786366035.560,316.613
1786366035.660,316.873
1786366035.761,317.884
1786366035.861,317.966
1786366035.962,317.967
1786366036.062,316.559
1786366036.163,316.593
1786366036.263,316.61
1786366036.364,316.403
1786366036.464,316.266
1786366036.565,316.132
1786366036.665,314.682
1786366036.768,314.553
1786366036.872,314.403
1786366036.977,314.306
1786366037.081,314.488
1786366037.186,315.836
1786366037.290,315.948
1786366037.391,316.052
1786366037.492,316.141
1786366037.592,314.576
1786366037.693,314.884
1786366037.793,316.388
1786366037.894,316.44
1786366037.994,316.652
1786366038.095,316.652
1786366038.195,316.917
1786366038.296,316.829
1786366038.396,317.096
1786366038.496,317.099
1786366038.597,317.024
1786366038.697,317.037
1786366038.798,318.988
1786366038.898,318.897
1786366038.999,318.9
1786366039.099,319.02
1786366039.199,318.991
1786366039.300,317.251
1786366039.400,317.606
1786366039.500,317.673
1786366039.601,317.729
1786366039.702,317.644
1786366039.802,316.695
1786366039.902,316.424
1786366040.003,316.293
1786366040.103,316.465
1786366040.204,316.631
1786366040.304,316.635
1786366040.405,318.287
1786366040.505,318.086
1786366040.606,317.981
1786366040.706,315.836
1786366040.808,315.955
1786366040.909,316.802
1786366041.009,316.802
1786366041.110,316.852
1786366041.211,316.966
1786366041.311,316.768
1786366041.412,316.547
1786366041.512,316.55
1786366041.613,316.486
1786366041.713,316.397
1786366041.813,314.953
1786366041.914,317.074
1786366042.014,317.038
1786366042.115,317.186
1786366042.215,317.156
1786366042.315,317.241
1786366042.416,317.196
1786366042.516,317.143
1786366042.617,317.06
1786366042.718,315.684
1786366042.818,315.493
1786366042.919,316.863
1786366043.019,316.836
1786366043.119,316.814
1786366043.220,316.753
1786366043.320,316.685
1786366043.421,316.431
1786366043.521,316.456
1786366043.622,316.53
1786366043.722,315.311
1786366043.823,316.765
1786366043.923,316.765
1786366044.024,316.864
1786366044.124,316.859
1786366044.225,316.867
1786366044.325,316.92
1786366044.426,317.247
1786366044.526,316.576
1786366044.626,316.733
1786366044.727,316.817
1786366044.827,316.861
1786366044.927,318.086
1786366045.028,316.896
1786366045.128,316.78
1786366045.229,316.879
1786366045.329,314.482
1786366045.430,314.434
1786366045.530,314.125
1786366045.630,314.775
1786366045.731,314.728
1786366045.834,314.696
1786366045.938,314.593
1786366046.039,314.522
1786366046.140,314.195
1786366046.244,314.252
1786366046.349,314.055
1786366046.453,316.332
1786366046.557,316.417
1786366046.662,316.228
1786366046.763,316.234
1786366046.863,314.846
1786366046.968,314.703
1786366047.072,314.717
1786366047.173,314.569
1786366047.273,316.041
1786366047.373,316.056
1786366047.474,316.127
1786366047.574,316.09
1786366047.675,315.952
1786366047.775,315.952
1786366047.876,316.267
1786366047.976,316.252
1786366048.077,317.535
1786366048.177,317.491
1786366048.278,317.432
1786366048.378,317.536
1786366048.478,317.421
1786366048.579,317.467
1786366048.680,317.438
1786366048.780,317.694
1786366048.880,315.807
1786366048.981,315.746
1786366049.081,315.747
1786366049.182,315.849
1786366049.282,315.98
1786366049.383,316.066
1786366049.483,316.12
1786366049.584,316.159
1786366049.684,316.165
1786366049.784,316.155
1786366049.885,315.902
1786366049.985,318.088
1786366050.086,317.98
1786366050.187,317.98
1786366050.287,317.398
1786366050.387,317.29
1786366050.488,317.259
1786366050.588,317.28
1786366050.689,317.28
1786366050.789,317.175
1786366050.890,314.959
1786366050.990,315.032
1786366051.091,315.063
1786366051.195,314.803
1786366051.299,314.916
1786366051.401,314.91
1786366051.505,315.402
1786366051.605,315.565
1786366051.706,315.552
1786366051.806,313.478
1786366051.907,313.533
1786366052.007,315.663
1786366052.108,315.686
1786366052.208,315.944
1786366052.309,315.914
1786366052.409,315.885
1786366052.510,314.286
1786366052.610,314.365
1786366052.710,314.292
1786366052.811,314.273
1786366052.911,316.301
1786366053.012,316.35
1786366053.113,316.396
1786366053.213,316.373
1786366053.313,314.043
1786366053.414,314.185
1786366053.514,314.16
1786366053.615,315.938
1786366053.715,315.971
1786366053.816,315.945
1786366053.916,315.945
1786366054.021,315.941
1786366054.125,316.047
1786366054.225,316.067
1786366054.326,314.292
1786366054.427,314.197
1786366054.527,315.532
1786366054.627,315.389
1786366054.728,315.635
1786366054.828,315.567
1786366054.933,315.556
1786366055.034,315.744
1786366055.138,313.593
1786366055.240,313.625
1786366055.343,313.792
1786366055.446,315.767
1786366054.278,314.673
1786366054.382,315.569
1786366054.483,315.87
1786366054.583,315.67
1786366054.683,314.202
1786366054.784,314.345
1786366054.884,314.318
1786366054.985,316.642
1786366055.085,316.934
1786366055.186,316.832
1786366055.286,316.703
1786366055.391,318.017
1786366055.495,317.933
1786366055.598,317.731
1786366055.702,317.807
1786366055.803,317.17
1786366055.907,317.004
1786366056.012,317.029
1786366056.112,316.985
1786366056.217,316.74
1786366056.321,316.871
1786366056.425,316.942
1786366056.528,317.006
1786366056.628,315.374
1786366056.732,315.486
1786366056.837,315.447
1786366056.937,317.822
1786366057.038,317.748
1786366057.138,317.764
1786366057.239,317.825
1786366057.339,317.742
1786366057.440,317.696
1786366057.540,317.637
1786366057.640,317.525
1786366057.741,317.525
1786366057.841,319.131
1786366057.942,318.977
1786366058.046,318.953
1786366058.147,318.843
1786366058.251,317.427
1786366058.355,317.334
1786366058.460,317.248
1786366058.564,317.391
1786366058.666,317.514
1786366058.771,317.44
1786366058.875,317.483
1786366058.979,317.654
1786366059.082,317.772
1786366059.186,317.839
1786366059.286,317.731
1786366059.389,317.268
1786366059.493,316.131
1786366059.597,316.286
1786366059.698,316.513
1786366059.798,316.369
1786366059.899,316.617
1786366059.999,316.702
1786366060.101,316.636
1786366060.201,316.699
1786366060.302,316.748
1786366060.403,315.433
1786366060.504,317.431
1786366060.604,318.653
1786366060.705,318.586
1786366060.806,318.408
1786366060.907,318.418
1786366061.007,318.335
1786366061.108,318.28
1786366061.209,318.388
1786366061.310,316.733
1786366061.411,316.584
1786366061.511,317.889
1786366061.611,317.889
1786366061.712,317.852
1786366061.812,317.956
1786366061.917,317.81
1786366062.021,317.797
1786366062.122,317.599
1786366062.226,317.468
1786366062.331,317.174
1786366062.431,316.419
1786366062.533,316.386
1786366062.638,316.249
1786366062.739,316.182
1786366062.840,316.182
1786366062.940,316.061
1786366063.041,316.067
1786366063.141,316.082
1786366063.241,315.157
1786366063.342,315.154
1786366063.442,315.068
1786366063.543,312.691
1786366063.643,314.954
1786366063.744,314.951
1786366063.844,315.121
1786366063.945,315.241
1786366064.045,315.283
1786366064.146,315.1
1786366064.246,315.138
1786366064.347,316.028
1786366064.448,314.122
1786366064.549,314.124
1786366064.650,315.438
1786366064.751,315.535
1786366064.852,315.555
1786366064.953,315.389
1786366065.054,315.283
1786366065.158,315.206
1786366065.262,315.096
1786366065.367,314.993
1786366065.467,314.907
1786366065.568,314.984
1786366065.668,314.993
1786366065.769,316.004
1786366065.869,315.781
1786366065.970,315.732
1786366066.070,315.786
1786366066.171,315.786
1786366066.271,315.595
1786366066.371,315.647
1786366066.472,313.969
1786366066.572,313.732
1786366066.673,313.731
1786366066.773,315.651
1786366066.873,315.735
1786366066.974,315.891
1786366067.074,315.984
1786366067.178,314.852
1786366067.282,314.878
1786366067.387,315.03
1786366067.491,315.024
1786366067.592,316.668
1786366067.692,316.857
1786366067.792,317.13
1786366067.893,317.032
1786366067.993,317.009
1786366068.094,317.016
1786366068.194,317.073
1786366068.295,316.666
1786366068.396,316.624
1786366068.496,316.691
1786366068.597,316.696
1786366068.697,316.78
1786366068.797,316.85
1786366068.898,316.5
1786366068.998,316.552
1786366069.099,316.649
1786366069.199,316.747
1786366069.299,316.698
1786366069.400,316.698
1786366069.500,318.265
1786366069.601,318.226
1786366069.701,318.141
1786366069.802,316.634
1786366069.902,315.603
1786366070.002,315.522
1786366070.103,315.577
1786366070.203,315.742
1786366070.304,315.608
1786366070.404,315.606
1786366070.505,315.665
1786366070.605,315.642
1786366070.706,315.725
1786366070.806,313.554
1786366070.907,315.103
1786366071.007,316.172
1786366071.108,316.346
1786366071.209,316.44
1786366071.309,316.36
1786366071.410,316.585
1786366071.510,316.528
1786366071.611,316.534
1786366071.711,316.717
1786366071.812,316.719
1786366071.912,318.951
1786366072.013,318.897
1786366072.113,317.091
1786366072.213,317.091
1786366072.314,317.132
1786366072.414,317.083
1786366072.515,317.097
1786366072.615,316.981
1786366072.716,316.947
1786366072.816,316.986
1786366072.917,317.065
1786366073.017,317.087
1786366073.118,315.586
1786366073.219,315.166
1786366073.319,317.043
1786366073.420,317.06
1786366073.520,317.186
1786366073.621,317.241
1786366073.722,317.365
1786366073.822,317.519
1786366073.922,317.556
1786366074.023,317.45
1786366074.123,316.016
1786366074.224,317.557
1786366074.324,318.205
1786366074.425,318.231
1786366074.525,318.063
1786366074.626,317.918
1786366074.726,317.953
1786366074.827,316.078
1786366074.928,316.078
1786366075.028,316.102
1786366075.128,315.008
1786366075.229,314.955
1786366075.329,316.408
1786366075.430,316.459
1786366075.530,316.387
1786366075.631,316.385
1786366075.732,315.04
1786366075.832,315.193
1786366075.932,315.145
1786366076.033,316.968
1786366076.134,316.905
1786366076.234,317.953
1786366076.334,317.995
1786366076.435,317.976
1786366076.535,316.699
1786366076.636,316.661
1786366076.736,316.58
1786366076.836,317.998
1786366076.937,318.031
1786366077.037,318.281
1786366077.138,318.295
1786366077.238,318.287
1786366077.343,318.292
1786366077.446,318.355
1786366077.546,318.488
1786366077.647,319.744
1786366077.747,318.358
1786366077.848,318.358
1786366077.948,318.339
1786366078.049,318.337
1786366078.149,318.271
1786366078.250,318.061
1786366078.351,317.979
1786366078.455,317.976
1786366078.559,317.947
1786366078.664,317.817
1786366078.765,317.718
1786366078.866,317.928
1786366078.966,319.35
1786366079.066,319.384
1786366079.167,319.395
1786366079.268,319.435
1786366079.368,317.471
1786366079.469,317.508
1786366079.569,317.506
1786366079.669,317.51
1786366079.770,317.551
1786366079.870,317.334
1786366079.971,317.072
1786366080.071,316.938
1786366080.171,315.374
1786366080.272,314.374
1786366080.372,314.155
1786366080.473,315.187
1786366080.573,315.037
1786366080.674,314.94
1786366080.774,314.856
1786366080.874,314.764
1786366080.975,314.944
1786366081.075,314.944
1786366081.176,314.878
1786366081.276,313.244
1786366081.376,314.858
1786366081.477,315.763
1786366081.578,315.763
1786366081.678,316.434
1786366081.778,316.424
1786366081.879,316.421
1786366081.979,316.331
1786366082.080,316.246
1786366082.180,316.2
1786366082.281,316.343
1786366082.381,317.947
1786366082.481,315.736
1786366082.581,315.706
1786366082.682,315.733
1786366082.782,315.848
1786366082.883,315.882
1786366082.983,315.861
1786366083.084,315.292
1786366083.184,313.707
1786366083.285,313.689
1786366083.385,313.529
1786366083.486,313.702
1786366083.586,314.971
1786366083.686,313.57
1786366083.787,313.79
1786366083.887,313.731
1786366083.990,313.731
1786366084.090,312.0
1786366084.191,311.392
1786366084.291,312.031
1786366084.391,313.698
1786366084.492,313.754
1786366084.592,313.835
1786366084.693,313.685
1786366084.793,314.502
1786366084.894,315.888
1786366084.994,315.917
1786366085.095,315.946
1786366085.195,317.683
1786366085.296,318.288
1786366085.397,318.287
1786366085.498,318.243
1786366085.599,315.677
1786366085.699,315.635
1786366085.800,315.579
1786366085.900,315.508
1786366086.001,315.608
1786366086.101,315.437
1786366086.201,315.404
1786366086.302,315.389
1786366086.402,315.354
1786366085.216,315.353
1786366085.316,313.562
1786366085.417,316.022
1786366085.517,315.912
1786366085.618,315.912
1786366085.719,315.85
1786366085.819,315.817
1786366085.920,315.724
1786366086.020,315.867
1786366086.120,315.887
1786366086.221,315.81
1786366086.321,315.818
1786366086.422,315.826
1786366086.526,316.178
1786366086.630,316.07
1786366086.735,316.1
1786366086.836,316.134
1786366086.940,316.169
1786366087.044,316.221
1786366087.146,315.928
1786366087.251,315.879
1786366087.354,316.159
1786366087.458,316.149
1786366087.562,316.059
1786366087.666,317.448
1786366087.767,317.6
1786366087.871,317.745
1786366087.975,317.88
1786366088.079,318.008
1786366088.182,317.954
1786366088.283,317.92
1786366088.387,316.585
1786366088.491,316.442
1786366088.595,316.481
1786366088.698,316.594
1786366088.802,316.963
1786366088.906,317.09
1786366089.010,317.157
1786366089.110,315.133
1786366089.214,315.5
1786366089.318,315.567
1786366089.419,315.815
1786366089.523,316.234
1786366089.626,316.358
1786366089.730,316.536
1786366089.834,316.605
1786366089.938,316.34
1786366090.039,316.383
1786366090.143,316.483
1786366090.246,318.606
1786366090.347,316.234
1786366090.451,316.532
1786366090.554,316.723
1786366090.658,317.765
1786366090.759,317.787
1786366090.863,317.627
1786366090.967,317.532
1786366091.070,317.514
1786366091.171,317.459
1786366091.274,315.958
1786366091.378,315.93
1786366091.480,317.94
1786366091.584,317.677
1786366091.688,317.424
1786366091.792,317.445
1786366091.895,316.727
1786366091.995,316.783
1786366092.099,316.956
1786366092.203,316.978
1786366092.306,316.971
1786366092.410,318.442
1786366092.514,316.721
1786366092.618,317.134
1786366092.722,317.152
1786366092.826,317.196
1786366092.929,317.029
1786366093.033,317.567
1786366093.137,317.52
1786366093.241,317.4
1786366093.345,317.38
1786366093.448,317.343
1786366093.552,317.194
1786366093.656,319.039
1786366093.760,318.634
1786366093.864,318.507
1786366093.964,316.941
1786366094.067,317.187
1786366094.170,317.278
1786366094.274,317.34
1786366094.378,317.34
1786366094.482,317.373
1786366094.585,317.376
1786366094.689,316.047
1786366094.793,315.834
1786366094.897,314.724
1786366095.001,314.809
1786366095.104,316.344
1786366095.205,316.199
1786366095.310,316.209
1786366095.415,316.279
1786366095.520,316.269
1786366095.625,316.324
1786366095.730,316.325
1786366095.832,317.614
1786366095.937,317.586
1786366096.040,318.549
1786366096.145,318.455
1786366096.250,318.346
1786366096.355,318.252
1786366096.459,318.2
1786366096.564,316.13
1786366096.667,316.03
1786366096.772,315.954
1786366096.877,315.801
1786366096.982,315.684
1786366097.087,315.574
1786366097.192,315.561
1786366097.297,315.507
1786366097.402,315.459
1786366097.507,315.421
1786366097.612,315.459
1786366097.717,317.334
1786366097.821,317.28
1786366097.926,315.692
1786366098.028,315.726
1786366098.133,315.799
1786366098.238,315.813
1786366098.343,315.742
1786366098.448,315.712
1786366098.553,315.734
1786366098.658,315.827
1786366098.763,315.266
1786366098.868,314.119
1786366098.972,314.116
1786366099.077,315.631
1786366099.178,315.672
1786366099.281,315.875
1786366099.386,315.933
1786366099.491,316.06
1786366099.595,316.18
1786366099.700,316.286
1786366099.805,316.299
1786366099.910,315.424
1786366100.011,315.032
1786366100.116,315.165
1786366100.221,315.409
1786366100.325,315.36
1786366100.430,315.141
1786366100.535,315.093
1786366100.639,315.03
1786366100.747,313.008
1786366100.852,312.895
1786366100.954,312.761
1786366101.059,313.858
1786366101.164,315.709
1786366101.269,315.732
1786366101.374,315.623
1786366101.479,315.719
1786366101.584,314.239
1786366101.689,314.31
1786366101.794,314.603
1786366101.896,315.86
1786366101.997,315.915
1786366102.101,316.075
1786366102.206,316.174
1786366102.311,316.176
1786366102.416,316.183
1786366102.521,316.156
1786366102.626,316.279
1786366102.730,317.761
1786366102.835,317.768
1786366102.940,315.58
1786366103.045,316.318
1786366103.149,316.251
1786366103.254,316.253
1786366103.359,316.198
1786366103.463,316.099
1786366103.568,316.085
1786366103.673,316.082
1786366103.777,316.156
1786366103.881,316.207
1786366103.982,316.204
1786366104.085,318.238
1786366104.190,318.348
1786366104.294,318.465
1786366104.397,318.439
1786366104.501,316.627
1786366104.606,316.659
1786366104.711,316.601
1786366104.815,316.518
1786366104.920,316.434
1786366105.024,316.635
1786366105.129,316.384
1786366105.234,315.242
1786366105.338,315.218
1786366105.443,315.259
1786366105.547,315.31
1786366105.652,317.334
1786366105.757,317.638
1786366105.861,317.845
1786366105.965,315.63
1786366106.067,315.589
1786366106.171,315.527
1786366106.276,315.917
1786366106.381,317.089
1786366106.485,317.138
1786366106.590,317.104
1786366106.695,317.107
1786366106.799,314.511
1786366106.903,314.469
1786366107.008,314.362
1786366107.110,316.593
1786366107.214,316.825
1786366107.319,316.833
1786366107.424,316.826
1786366107.528,316.872
1786366107.633,316.76
1786366107.738,315.003
1786366107.842,315.015
1786366107.947,317.458
1786366108.048,317.268
1786366108.153,317.311
1786366108.258,317.424
1786366108.362,317.248
1786366108.467,317.25
1786366108.572,316.552
1786366108.676,315.514
1786366108.781,315.616
1786366108.886,317.501
1786366108.990,317.44
1786366109.095,317.503
1786366109.199,317.401
1786366109.304,317.585
1786366109.409,317.551
1786366109.513,317.507
1786366109.618,317.467
1786366109.723,318.103
1786366109.827,317.776
1786366109.932,317.799
1786366110.033,317.708
1786366110.137,317.823
1786366110.242,317.788
1786366110.346,317.889
1786366110.451,316.526
1786366110.556,316.632
1786366110.661,314.871
1786366110.765,314.84
1786366110.870,314.809
1786366110.974,316.063
1786366111.079,316.019
1786366111.180,316.089
1786366111.285,316.181
1786366111.389,316.196
1786366111.493,316.175
1786366111.598,315.167
1786366111.702,315.088
1786366111.806,316.733
1786366111.910,315.973
1786366112.011,316.085
1786366112.112,316.158
1786366112.217,316.258
1786366112.318,314.137
1786366112.422,314.076
1786366112.526,314.105
1786366112.631,314.153
1786366112.735,316.439
1786366112.839,316.498
1786366112.943,316.617
1786366113.047,317.36
1786366113.151,317.3
1786366113.256,317.327
1786366113.358,317.266
1786366113.462,319.255
1786366113.566,319.173
1786366113.671,319.111
1786366113.775,316.754
1786366113.879,316.674
1786366113.983,316.639
1786366114.086,316.606
1786366114.190,316.562
1786366114.294,316.391
1786366114.398,316.187
1786366114.502,314.67
1786366114.607,314.386
1786366114.711,314.243
1786366114.815,314.155
1786366114.919,316.563
1786366115.024,316.424
1786366115.128,316.3
1786366115.231,316.285
1786366115.336,316.302
1786366115.440,316.604
1786366115.544,316.703
1786366115.648,315.042
1786366115.753,315.33
1786366115.857,315.455
1786366115.961,315.4
1786366116.062,315.304
1786366116.167,315.349
1786366116.270,315.586
1786366116.374,315.516
1786366116.479,315.567
1786366116.579,315.33
1786366116.683,312.985
1786366116.788,316.04
1786366116.892,316.021
1786366116.996,315.954
1786366117.100,316.062
1786366117.204,316.013
1786366117.308,316.144
1786366117.412,315.813
1786366116.224,315.746
1786366116.328,315.518
1786366116.432,315.469
1786366116.536,316.692
1786366116.641,316.512
1786366116.741,316.518
1786366116.843,316.554
1786366116.948,316.431
1786366117.052,316.44
1786366117.156,316.225
1786366117.260,316.582
1786366117.365,316.614
1786366117.469,316.884
1786366117.573,315.38
1786366117.677,316.702
1786366117.781,316.941
1786366117.886,316.976
1786366117.990,316.986
1786366118.094,317.103
1786366118.197,317.108
1786366118.301,317.189
1786366118.406,316.935
1786366118.510,316.922
1786366118.614,317.087
1786366118.718,318.606
1786366118.822,318.405
1786366118.927,318.337
1786366119.031,318.328
1786366119.135,318.301
1786366119.239,318.282
1786366119.343,318.328
1786366119.448,318.293
1786366119.552,317.335
1786366119.656,317.36
1786366119.761,315.825
1786366119.865,315.878
1786366119.969,315.891
1786366120.072,315.999
1786366120.176,315.976
1786366120.280,315.951
1786366120.385,315.942
1786366120.489,316.132
1786366120.593,315.397
1786366120.697,316.4
1786366120.802,316.408
1786366120.906,317.691
1786366121.010,317.65
1786366121.115,317.26
1786366121.219,316.203
1786366121.323,316.288
1786366121.427,316.284
1786366121.531,316.283
1786366121.636,316.315
1786366121.740,317.114
1786366121.844,317.17
1786366121.946,315.58
1786366122.050,315.816
1786366122.155,315.924
1786366122.259,316.118
1786366122.363,317.395
1786366122.467,317.46
1786366122.571,317.434
1786366122.676,317.539
1786366122.780,317.383
1786366122.884,317.313
1786366122.989,315.704
1786366123.093,317.431
1786366123.197,317.321
1786366123.301,317.411
1786366123.405,317.563
1786366123.509,317.463
1786366123.614,317.581
1786366123.718,317.861
1786366123.822,317.912
1786366123.927,317.834
1786366124.031,316.146
1786366124.135,318.173
1786366124.239,318.137
1786366124.344,318.105
1786366124.448,318.043
1786366124.552,318.025
1786366124.657,318.067
1786366124.761,317.304
1786366124.865,317.223
1786366124.969,317.155
1786366125.074,317.169
1786366125.176,319.154
1786366125.280,318.682
1786366125.384,318.617
1786366125.488,318.547
1786366125.593,318.635
1786366125.697,316.239
1786366125.801,316.183
1786366125.902,316.769
1786366126.006,316.699
1786366126.110,316.605
1786366126.215,316.686
1786366126.319,316.504
1786366126.423,316.568
1786366126.527,316.817
1786366126.631,316.929
1786366126.735,316.912
1786366126.840,319.289
1786366126.944,317.647
1786366127.048,317.962
1786366127.153,318.015
1786366127.257,318.117
1786366127.361,318.127
1786366127.465,318.171
1786366127.567,318.187
1786366127.671,318.114
1786366127.775,318.079
1786366127.880,317.979
1786366127.984,318.122
1786366128.088,318.971
1786366128.192,317.955
1786366128.297,317.945
1786366128.401,317.96
1786366128.505,317.943
1786366128.608,317.999
1786366128.712,318.09
1786366128.817,318.078
1786366128.921,318.122
1786366129.025,318.293
1786366129.130,318.306
1786366129.234,319.174
1786366129.338,318.106
1786366129.443,318.035
1786366129.543,318.235
1786366129.648,318.255
1786366129.752,318.21
1786366129.856,318.025
1786366129.957,316.722
1786366130.061,316.548
1786366130.166,316.315
1786366130.266,316.234
1786366130.371,316.075
1786366130.475,317.769
1786366130.577,315.663
1786366130.682,315.181
1786366130.786,314.957
1786366130.890,314.838
1786366130.991,314.817
1786366131.095,315.952
1786366131.200,315.941
1786366131.304,316.054
1786366131.408,314.401
1786366131.513,314.443
1786366131.616,314.479
1786366131.721,316.8
1786366131.824,317.015
1786366131.929,317.133
1786366132.030,317.131
1786366132.134,315.617
1786366132.239,315.619
1786366132.343,315.534
1786366132.447,315.362
1786366132.549,316.824
1786366132.653,316.861
1786366132.757,316.856
1786366132.861,316.506
1786366132.966,316.533
1786366133.067,315.041
1786366133.169,314.985
1786366133.273,316.53
1786366133.378,316.496
1786366133.482,316.555
1786366133.584,316.661
1786366133.688,316.692
1786366133.793,316.658
1786366133.897,316.644
1786366134.001,316.624
1786366134.103,316.509
1786366134.208,318.137
1786366134.312,318.141
1786366134.416,318.182
1786366134.521,316.398
1786366134.625,316.362
1786366134.729,316.248
1786366134.830,316.241
1786366134.934,316.283
1786366135.039,316.285
1786366135.142,315.475
1786366135.246,315.585
1786366135.349,313.963
1786366135.453,314.126
1786366135.554,314.282
1786366135.659,316.138
1786366135.763,316.248
1786366135.867,316.297
1786366135.971,316.283
1786366136.076,316.299
1786366136.179,316.286
1786366136.283,317.264
1786366136.387,317.229
1786366136.489,318.796
1786366136.592,318.772
1786366136.697,318.653
1786366136.798,318.653
1786366136.902,318.674
1786366137.005,318.782
1786366137.109,317.714
1786366137.212,317.05
1786366137.316,317.07
1786366137.421,317.034
1786366137.525,317.05
1786366137.629,316.978
1786366137.734,316.917
1786366137.837,316.869
1786366137.942,316.99
1786366138.046,316.914
1786366138.150,314.624
1786366138.254,315.744
1786366138.359,316.392
1786366138.463,316.409
1786366138.565,316.46
1786366138.669,316.533
1786366138.769,316.638
1786366138.873,316.722
1786366138.977,315.246
1786366139.082,315.109
1786366139.186,315.318
1786366139.290,317.644
1786366139.396,317.824
1786366139.501,317.92
1786366139.604,318.015
1786366139.708,318.088
1786366139.812,318.023
1786366139.917,316.04
1786366140.021,316.176
1786366140.125,317.659
1786366140.226,317.728
1786366140.330,315.778
1786366140.431,315.656
1786366140.531,315.656
1786366140.632,315.054
1786366140.733,315.029
1786366140.834,315.03
1786366140.935,315.03
1786366141.036,315.121
1786366141.137,315.111
1786366141.237,313.342
1786366141.338,313.485
1786366141.439,313.503
1786366141.539,314.643
1786366141.641,314.692
1786366141.742,315.214
1786366141.843,315.194
1786366141.943,315.187
1786366142.044,315.237
1786366142.145,313.614
1786366142.245,315.548
1786366142.346,317.133
1786366142.446,317.022
1786366142.547,316.961
1786366142.648,317.827
1786366142.749,317.821
1786366142.852,317.637
1786366142.956,317.528
1786366143.060,317.389
1786366143.164,317.091
1786366143.268,318.601
1786366143.371,318.568
1786366143.475,318.45
1786366143.577,316.829
1786366143.682,316.723
1786366143.786,316.534
1786366143.890,316.424
1786366143.995,316.686
1786366144.099,316.689
1786366144.203,316.668
1786366144.307,314.754
1786366144.410,314.957
1786366144.514,314.826
1786366144.618,314.804
1786366144.723,316.368
1786366144.824,316.394
1786366144.928,316.365
1786366145.029,316.389
1786366145.133,314.724
1786366145.238,314.674
1786366145.342,314.661
1786366145.445,316.653
1786366145.546,315.497
1786366145.650,315.593
1786366145.755,315.707
1786366145.859,315.666
1786366145.963,315.744
1786366146.068,315.699
1786366146.172,315.713
1786366146.276,317.208
1786366146.380,317.514
1786366146.482,315.297
1786366146.586,315.301
1786366146.691,316.181
1786366146.791,316.145
1786366146.895,316.089
1786366146.999,316.103
1786366147.104,316.054
1786366147.208,314.733
1786366147.312,314.739
1786366147.415,314.682
1786366147.519,314.436
1786366147.623,316.657
1786366147.728,316.767
1786366147.832,317.046
1786366147.936,317.082
1786366148.041,317.064
1786366148.142,317.025
1786366148.246,316.992
1786366148.350,316.929
1786366147.199,316.97
1786366147.304,317.054
1786366147.408,317.111
1786366147.512,317.143
1786366147.615,317.046
1786366147.720,316.86
1786366147.824,316.9
1786366147.928,317.088
1786366148.032,317.338
1786366148.137,317.422
1786366148.241,318.928
1786366148.345,319.03
1786366148.450,319.13
1786366148.554,317.2
1786366148.658,317.195
1786366148.763,317.331
1786366148.867,317.332
1786366148.971,317.371
1786366149.075,317.3
1786366149.180,316.987
1786366149.284,316.914
1786366149.387,317.166
1786366149.491,314.835
1786366149.593,314.554
1786366149.697,316.555
1786366149.802,316.652
1786366149.906,316.683
1786366150.010,316.714
1786366150.115,316.686
1786366150.219,316.677
1786366150.323,315.886
1786366150.428,315.499
1786366150.532,315.111
1786366150.636,317.4
1786366150.741,317.674
1786366150.845,317.68
1786366150.949,317.633
1786366151.054,317.603
1786366151.158,317.642
1786366151.262,317.819
1786366151.366,317.833
1786366151.470,317.339
1786366151.571,317.777
1786366151.675,318.037
1786366151.777,317.96
1786366151.882,317.985
1786366151.986,317.766
1786366152.090,317.723
1786366152.194,317.504
1786366152.299,317.55
1786366152.403,317.425
1786366152.507,317.328
1786366152.612,318.735
1786366152.716,318.813
1786366152.820,318.78
1786366152.925,319.034
1786366153.029,316.453
1786366153.134,316.583
1786366153.238,316.612
1786366153.342,316.743
1786366153.447,316.608
1786366153.547,316.557
1786366153.651,314.199
1786366153.755,314.171
1786366153.859,314.153
1786366153.964,314.019
1786366154.068,313.812
1786366154.172,316.291
1786366154.276,316.485
1786366154.381,316.63
1786366154.482,316.695
1786366154.587,316.749
1786366154.691,316.64
1786366154.796,317.245
1786366154.900,316.797
1786366155.004,316.723
1786366155.109,316.818
1786366155.210,316.926
1786366155.312,316.937
1786366155.416,316.804
1786366155.520,316.713
1786366155.622,316.748
1786366155.727,314.958
1786366155.831,315.168
1786366155.935,317.02
1786366156.040,317.553
1786366156.144,317.821
1786366156.248,317.811
1786366156.352,317.676
1786366156.452,317.667
1786366156.556,317.608
1786366156.660,315.758
1786366156.764,315.598
1786366156.869,317.209
1786366156.973,316.989
1786366157.077,316.748
1786366157.182,316.487
1786366157.282,316.006
1786366157.386,315.858
1786366157.488,315.829
1786366157.588,315.829
1786366157.693,315.753
1786366157.797,315.59
1786366157.901,315.779
1786366158.006,315.648
1786366158.110,315.666
1786366158.214,315.766
1786366158.316,315.766
1786366158.420,315.94
1786366158.522,316.084
1786366158.626,316.13
1786366158.730,316.173
1786366158.835,316.35
1786366158.939,316.544
1786366159.044,316.605
1786366159.148,316.822
1786366159.252,317.061
1786366159.356,316.812
1786366159.460,316.377
1786366159.560,316.36
1786366159.664,316.416
1786366159.769,316.407
1786366159.873,316.37
1786366159.977,314.609
1786366160.082,313.528
1786366160.186,315.048
1786366160.287,315.09
1786366160.391,315.007
1786366160.495,315.379
1786366160.597,315.928
1786366160.701,315.99
1786366160.806,315.982
1786366160.910,316.012
1786366161.014,316.236
1786366161.119,317.901
1786366161.222,318.96
1786366161.324,316.952
1786366161.428,316.85
1786366161.532,316.796
1786366161.635,316.704
1786366161.737,316.631
1786366161.841,316.612
1786366161.945,316.539
1786366162.049,316.678
1786366162.153,316.564
1786366162.257,316.514
1786366162.361,316.542
1786366162.465,317.128
1786366162.570,317.121
1786366162.672,317.145
1786366162.777,317.244
1786366162.881,317.265
1786366162.986,317.253
1786366163.090,317.301
1786366163.194,317.107
1786366163.295,316.964
1786366163.400,317.108
1786366163.500,317.022
1786366163.601,316.798
1786366163.704,316.938
1786366163.808,316.997
1786366163.913,316.905
1786366164.017,316.774
1786366164.121,316.741
1786366164.226,316.726
1786366164.328,316.734
1786366164.432,316.83
1786366164.537,316.682
1786366164.641,316.731
1786366164.743,318.523
1786366164.848,318.467
1786366164.952,318.294
1786366165.056,318.332
1786366165.161,316.926
1786366165.264,315.839
1786366165.368,315.8
1786366165.472,315.726
1786366165.572,315.686
1786366165.675,315.769
1786366165.779,315.833
1786366165.883,315.886
1786366165.987,315.8
1786366166.092,315.851
1786366166.196,315.698
1786366166.297,317.235
1786366166.402,318.376
1786366166.506,318.488
1786366166.610,318.536
1786366166.714,318.491
1786366166.818,318.414
1786366166.919,316.944
1786366167.023,316.722
1786366167.128,316.795
1786366167.232,316.925
1786366167.335,317.132
1786366167.439,317.328
1786366167.543,317.619
1786366167.645,317.674
1786366167.749,317.621
1786366167.853,317.698
1786366167.958,317.794
1786366168.062,319.308
1786366168.166,319.406
1786366168.270,319.391
1786366168.374,319.197
1786366168.479,319.158
1786366168.583,319.021
1786366168.687,316.613
1786366168.791,316.734
1786366168.895,316.904
1786366169.000,317.091
1786366169.104,317.056
1786366169.208,317.04
1786366169.313,317.115
1786366169.417,316.413
1786366169.521,316.443
1786366169.623,316.486
1786366169.727,316.509
1786366169.828,318.597
1786366169.932,318.448
1786366170.036,318.647
1786366170.141,316.088
1786366170.245,316.096
1786366170.349,315.971
1786366170.453,314.734
1786366170.558,315.5
1786366170.662,315.669
1786366170.766,315.673
1786366170.870,314.238
1786366170.974,314.356
1786366171.078,314.406
1786366171.182,314.215
1786366171.287,316.567
1786366171.391,316.624
1786366171.495,316.631
1786366171.596,317.928
1786366171.699,318.054
1786366171.803,318.035
1786366171.907,318.087
1786366172.012,317.137
1786366172.113,317.037
1786366172.213,316.96
1786366172.317,316.909
1786366172.421,316.903
1786366172.526,316.801
1786366172.630,316.795
1786366172.734,316.601
1786366172.838,314.759
1786366172.943,314.68
1786366173.047,314.579
1786366173.151,316.839
1786366173.255,316.77
1786366173.360,316.768
1786366173.464,316.618
1786366173.568,316.816
1786366173.671,315.229
1786366173.775,315.349
1786366173.879,315.377
1786366173.983,317.125
1786366174.087,317.37
1786366174.192,317.312
1786366174.296,317.242
1786366174.400,317.295
1786366174.504,317.304
1786366174.608,315.804
1786366174.713,315.628
1786366174.817,317.166
1786366174.920,317.047
1786366175.024,316.908
1786366175.128,316.67
1786366175.232,316.336
1786366175.336,316.281
1786366175.441,316.52
1786366175.545,316.483
1786366175.647,316.457
1786366175.751,318.004
1786366175.856,317.953
1786366175.960,317.983
1786366176.064,316.914
1786366176.168,315.636
1786366176.272,315.718
1786366176.377,315.724
1786366176.481,315.839
1786366176.586,315.927
1786366176.690,315.866
1786366176.794,315.892
1786366176.896,315.94
1786366177.000,315.915
1786366177.104,315.989
1786366177.208,315.974
1786366177.313,317.198
1786366177.417,317.139
1786366177.522,317.183
1786366177.622,317.057
1786366177.727,316.833
1786366177.831,316.909
1786366177.935,316.991
1786366178.040,317.068
1786366178.144,317.12
1786366178.248,316.97
1786366178.352,317.994
1786366178.457,316.421
1786366178.561,316.452
1786366178.666,316.493
1786366178.770,316.643
1786366178.874,316.612
1786366178.979,316.718
1786366179.083,316.631
1786366179.187,316.58
1786366179.292,316.668
1786366178.131,314.813
1786366178.234,314.922
1786366178.334,316.78
1786366178.438,316.83
1786366178.539,316.788
1786366178.643,316.737
1786366178.745,316.743
1786366178.850,316.736
1786366178.953,316.715
1786366179.058,316.697
1786366179.162,316.612
1786366179.266,318.724
1786366179.371,318.709
1786366179.475,318.597
1786366179.580,318.582
1786366179.684,318.603
1786366179.788,318.601
1786366179.893,318.598
1786366179.996,318.522
1786366180.101,317.559
1786366180.205,315.349
1786366180.309,315.212
1786366180.411,314.939
1786366180.516,314.831
1786366180.620,314.769
1786366180.724,314.767
1786366180.829,314.774
1786366180.933,314.788
1786366181.037,314.755
1786366181.141,314.963
1786366181.244,314.07
1786366181.348,316.445
1786366181.453,316.704
1786366181.557,316.73
1786366181.662,316.81
1786366181.766,316.957
1786366181.870,316.981
1786366181.975,316.992
1786366182.079,317.019
1786366182.183,317.049
1786366182.287,315.316
1786366182.388,317.083
1786366182.493,316.876
1786366182.597,316.704
1786366182.701,316.783
1786366182.806,316.824
1786366182.910,316.771
1786366183.014,316.766
1786366183.119,316.981
1786366183.223,316.933
1786366183.327,317.057
1786366183.432,318.58
1786366183.536,318.751
1786366183.641,317.221
1786366183.745,317.265
1786366183.847,317.348
1786366183.951,317.351
1786366184.056,317.375
1786366184.160,317.429
1786366184.264,317.242
1786366184.365,317.346
1786366184.468,317.257
1786366184.572,317.077
1786366184.677,317.064
1786366184.781,318.839
1786366184.886,318.825
1786366184.990,318.697
1786366185.095,318.725
1786366185.199,318.767
1786366185.303,317.555
1786366185.407,317.585
1786366185.512,315.952
1786366185.616,315.964
1786366185.721,316.144
1786366185.826,316.013
1786366185.930,315.978
1786366186.035,315.952
1786366186.139,315.943
1786366186.243,315.808
1786366186.344,314.208
1786366186.445,315.295
1786366186.546,315.271
1786366186.647,316.789
1786366186.748,316.774
1786366186.848,316.735
1786366186.949,316.718
1786366187.050,316.508
1786366187.151,316.507
1786366187.252,316.43
1786366187.352,316.456
1786366187.453,317.952
1786366187.554,316.486
1786366187.655,316.452
1786366187.756,316.393
1786366187.856,316.393
1786366187.957,316.513
1786366188.058,316.614
1786366188.159,315.963
1786366188.260,316.073
1786366188.360,316.105
1786366188.461,316.185
1786366188.562,316.166
1786366188.663,316.195
1786366188.764,317.789
1786366188.865,317.974
1786366188.966,315.547
1786366189.067,315.538
1786366189.168,315.447
1786366189.269,316.071
1786366189.370,316.097
1786366189.470,316.07
1786366189.571,316.01
1786366189.672,316.044
1786366189.772,314.58
1786366189.873,314.513
1786366189.974,314.273
1786366190.075,316.713
1786366190.176,316.593
1786366190.277,316.576
1786366190.378,316.643
1786366190.479,315.653
1786366190.579,314.188
1786366190.679,314.243
1786366190.780,314.247
1786366190.881,315.592
1786366190.982,315.592
1786366191.083,315.517
1786366191.187,315.365
1786366191.291,315.351
1786366191.392,315.306
1786366191.495,315.216
1786366191.599,313.726
1786366191.704,314.443
1786366191.808,315.76
1786366191.909,315.878
1786366192.009,315.76
1786366192.110,315.631
1786366192.211,315.599
1786366192.311,315.721
1786366192.412,314.219
1786366192.512,314.135
1786366192.613,314.136
1786366192.713,315.608
1786366192.814,315.675
1786366192.914,315.778
1786366193.015,315.628
1786366193.116,315.774
1786366193.217,315.87
1786366193.318,315.833
1786366193.419,314.158
1786366193.519,315.681
1786366193.620,315.731
1786366193.720,315.772
1786366193.821,315.751
1786366193.922,315.76
1786366194.023,315.765
1786366194.124,315.722
1786366194.225,315.87
1786366194.326,315.742
1786366194.427,314.156
1786366194.528,316.015
1786366194.629,316.128
1786366194.729,316.128
1786366194.830,316.174
1786366194.931,316.143
1786366195.031,316.067
1786366195.132,315.993
1786366195.233,315.964
1786366195.334,315.97
1786366195.434,315.714
1786366195.535,315.879
1786366195.636,317.847
1786366195.737,314.891
1786366195.838,314.989
1786366195.938,314.968
1786366196.039,315.009
1786366196.140,315.083
1786366196.241,315.277
1786366196.342,315.309
1786366196.442,315.355
1786366196.543,315.367
1786366196.644,315.652
1786366196.744,315.37
1786366196.845,316.635
1786366196.946,316.536
1786366197.047,316.642
1786366197.148,316.753
1786366197.249,316.748
1786366197.350,316.634
1786366197.450,316.581
1786366197.551,314.766
1786366197.652,314.813
1786366197.752,314.538
1786366197.854,314.538
1786366197.955,314.591
1786366198.055,316.164
1786366198.155,315.495
1786366198.256,315.35
1786366198.356,315.202
1786366198.457,315.137
1786366198.557,315.126
1786366198.657,315.071
1786366198.758,316.805
1786366198.858,315.4
1786366198.959,315.331
1786366199.059,315.152
1786366199.160,314.993
1786366199.260,315.565
1786366199.360,315.824
1786366199.461,315.854
1786366199.561,315.977
1786366199.662,315.997
1786366199.762,316.155
1786366199.863,316.305
1786366199.963,317.819
1786366200.064,317.992
1786366200.164,318.204
1786366200.265,318.41
1786366200.365,318.026
1786366200.465,316.022
1786366200.566,316.161
1786366200.666,316.407
1786366200.767,316.407
1786366200.867,316.327
1786366200.968,315.224
1786366201.068,315.213
1786366201.169,315.207
1786366201.269,315.263
1786366201.369,315.22
1786366201.470,315.067
1786366201.570,314.156
1786366201.671,315.922
1786366201.771,315.884
1786366201.872,315.69
1786366201.972,316.05
1786366202.073,317.265
1786366202.173,317.317
1786366202.273,315.442
1786366202.374,315.414
1786366202.474,315.638
1786366202.575,315.753
1786366202.675,317.121
1786366202.776,317.132
1786366202.877,317.122
1786366202.978,317.018
1786366203.079,315.079
1786366203.180,314.824
1786366203.280,314.749
1786366203.381,316.499
1786366203.482,316.46
1786366203.582,316.31
1786366203.683,316.331
1786366203.783,316.331
1786366203.884,316.345
1786366203.984,316.427
1786366204.085,316.519
1786366204.185,315.135
1786366204.286,316.984
1786366204.386,317.157
1786366204.487,317.19
1786366204.587,317.451
1786366204.688,317.569
1786366204.788,317.518
1786366204.889,317.626
1786366204.989,317.72
1786366205.089,317.791
1786366205.190,317.712
1786366205.290,319.293
1786366205.390,319.17
1786366205.491,319.258
1786366205.591,317.698
1786366205.692,317.516
1786366205.792,317.385
1786366205.893,317.425
1786366205.993,317.282
1786366206.093,316.029
1786366206.194,315.961
1786366206.295,316.012
1786366206.395,315.797
1786366206.496,315.867
1786366206.596,314.175
1786366206.697,314.175
1786366206.797,315.687
1786366206.897,315.747
1786366206.998,315.804
1786366207.098,315.865
1786366207.199,315.928
1786366207.299,317.139
1786366207.399,317.185
1786366207.500,317.182
1786366207.600,317.352
1786366207.701,317.575
1786366207.801,319.173
1786366207.902,317.59
1786366208.002,317.466
1786366208.103,316.83
1786366208.203,316.637
1786366208.304,316.642
1786366208.404,316.552
1786366208.504,316.414
1786366208.605,316.228
1786366208.705,316.124
1786366208.806,316.006
1786366208.906,314.192
1786366209.007,315.713
1786366209.107,315.903
1786366209.208,316.438
1786366209.308,316.453
1786366209.408,316.336
1786366209.509,316.282
1786366209.609,316.282
1786366209.710,316.377
1786366209.810,314.678
1786366209.911,314.703
1786366210.011,314.387
1786366210.112,316.07
1786366210.212,316.034
1786366210.317,315.821
1786366209.134,316.034
1786366209.238,316.043
1786366209.342,316.087
1786366209.446,316.1
1786366209.549,314.671
1786366209.654,316.453
1786366209.758,316.35
1786366209.862,316.381
1786366209.966,316.363
1786366210.067,315.579
1786366210.169,315.562
1786366210.274,315.352
1786366210.378,315.325
1786366210.482,315.245
1786366210.587,315.171
1786366210.690,316.492
1786366210.794,316.426
1786366210.899,314.808
1786366211.003,314.767
1786366211.107,314.779
1786366211.212,315.628
1786366211.316,315.828
1786366211.420,315.751
1786366211.525,315.766
1786366211.629,315.775
1786366211.733,315.801
1786366211.838,315.765
1786366211.942,314.476
1786366212.046,316.085
1786366212.151,316.104
1786366212.255,316.042
1786366212.359,314.39
1786366212.464,313.031
1786366212.568,313.052
1786366212.669,313.051
1786366212.770,312.53
1786366212.875,312.48
1786366212.979,312.483
1786366213.083,312.15
1786366213.183,312.193
1786366213.288,312.255
1786366213.392,312.291
1786366213.493,313.936
1786366213.597,315.133
1786366213.702,315.036
1786366213.805,314.996
1786366213.909,315.687
1786366214.013,315.803
1786366214.114,315.799
1786366214.218,317.405
1786366214.323,315.51
1786366214.427,315.473
1786366214.528,315.491
1786366214.633,315.474
1786366214.733,315.42
1786366214.837,315.481
1786366214.941,315.5
1786366215.045,315.261
1786366215.149,315.387
1786366215.254,314.426
1786366215.358,314.434
1786366215.462,314.794
1786366215.564,314.822
1786366215.668,314.909
1786366215.770,314.984
1786366215.874,315.156
1786366215.978,315.293
1786366216.082,315.389
1786366216.186,314.932
1786366216.291,313.954
1786366216.395,314.893
1786366216.499,314.994
1786366216.602,316.548
1786366216.706,316.49
1786366216.809,316.488
1786366216.913,316.483
1786366217.018,314.135
1786366217.122,314.077
1786366217.226,314.091
1786366217.331,314.7
1786366217.435,315.495
1786366217.539,315.638
1786366217.642,315.711
1786366217.742,315.692
1786366217.847,314.368
1786366217.951,314.434
1786366218.055,314.454
1786366218.159,316.788
1786366218.261,316.921
1786366218.365,316.986
1786366218.470,317.059
1786366218.574,317.308
1786366218.677,317.33
1786366218.779,317.205
1786366218.883,315.075
1786366218.987,316.594
1786366219.092,316.615
1786366219.196,316.619
1786366219.300,316.617
1786366219.405,316.521
1786366219.509,316.417
1786366219.611,316.372
1786366219.714,316.234
1786366219.817,316.19
1786366219.922,316.28
1786366220.026,318.614
1786366220.130,318.734
1786366220.234,318.707
1786366220.339,318.752
1786366220.443,317.038
1786366220.547,315.965
1786366220.651,315.989
1786366220.752,315.994
1786366220.853,316.033
1786366220.954,316.001
1786366221.055,316.018
1786366221.155,315.935
1786366221.256,315.987
1786366221.357,315.905
1786366221.457,315.869
1786366221.558,317.508
1786366221.659,316.74
1786366221.759,317.105
1786366221.860,317.126
1786366221.961,317.023
1786366222.061,317.023
1786366222.162,317.029
1786366222.263,316.965
1786366222.364,316.893
1786366222.465,316.701
1786366222.565,316.675
1786366222.666,316.628
1786366222.767,316.635
1786366222.867,316.433
1786366222.968,316.226
1786366223.068,316.141
1786366223.169,316.345
1786366223.269,316.342
1786366223.369,316.439
1786366223.470,316.506
1786366223.571,316.578
1786366223.672,316.702
1786366223.773,316.759
1786366223.874,316.872
1786366223.975,318.957
1786366224.076,318.702
1786366224.177,318.613
1786366224.277,318.355
1786366224.378,317.137
1786366224.479,316.915
1786366224.580,316.671
1786366224.681,316.669
1786366224.781,316.37
1786366224.882,316.206
1786366224.983,316.078
1786366225.084,315.934
1786366225.185,315.934
1786366225.286,316.063
1786366225.387,313.799
1786366225.488,313.789
1786366225.588,314.993
1786366225.689,315.075
1786366225.790,314.245
1786366225.891,314.076
1786366225.992,314.261
1786366226.092,314.38
1786366226.193,312.868
1786366226.294,312.914
1786366226.395,312.794
1786366226.496,315.125
1786366226.597,315.122
1786366226.697,315.076
1786366226.798,315.106
1786366226.899,316.112
1786366227.000,316.075
1786366227.100,314.591
1786366227.201,314.648
1786366227.302,316.108
1786366227.404,316.096
1786366227.505,316.207
1786366227.606,316.281
1786366227.706,316.367
1786366227.807,314.859
1786366227.907,314.815
1786366228.008,314.793
1786366228.109,314.892
1786366228.210,316.477
1786366228.311,316.415
1786366228.412,316.727
1786366228.513,316.727
1786366228.614,316.753
1786366228.715,316.766
1786366228.815,316.771
1786366228.915,316.822
1786366229.016,318.39
1786366229.117,317.123
1786366229.217,317.063
1786366229.317,317.066
1786366229.418,317.145
1786366229.518,317.189
1786366229.619,316.916
1786366229.720,316.879
1786366229.821,316.985
1786366229.922,316.956
1786366230.022,315.428
1786366230.122,315.418
1786366230.223,317.015
1786366230.323,317.036
1786366230.424,317.056
1786366230.526,316.934
1786366230.626,316.831
1786366230.727,316.846
1786366230.827,316.863
1786366230.928,313.976
1786366231.028,313.904
1786366231.130,315.315
1786366231.234,315.432
1786366231.338,315.153
1786366231.443,315.223
1786366231.547,315.21
1786366231.651,315.251
1786366231.752,315.291
1786366231.855,313.731
1786366231.959,313.766
1786366232.064,316.481
1786366232.168,316.511
1786366232.272,316.591
1786366232.377,316.441
1786366232.481,316.425
1786366232.585,316.636
1786366232.687,316.592
1786366232.790,316.579
1786366232.892,315.042
1786366232.997,316.734
1786366233.101,316.928
1786366233.206,316.982
1786366233.310,317.033
1786366233.414,317.009
1786366233.518,317.135
1786366233.623,317.285
1786366233.727,317.024
1786366233.831,316.934
1786366233.936,316.961
1786366234.037,318.584
1786366234.140,316.892
1786366234.244,316.725
1786366234.345,316.763
1786366234.450,316.795
1786366234.554,316.754
1786366234.658,316.767
1786366234.760,316.931
1786366234.864,315.091
1786366234.968,315.352
1786366235.069,315.352
1786366235.174,315.333
1786366235.278,315.486
1786366235.382,317.124
1786366235.487,317.155
1786366235.591,317.116
1786366235.695,317.133
1786366235.798,317.215
1786366235.902,317.209
1786366236.007,315.466
1786366236.108,317.429
1786366236.212,316.636
1786366236.317,316.722
1786366236.421,316.525
1786366236.525,316.407
1786366236.630,316.373
1786366236.732,316.444
1786366236.832,316.304
1786366236.933,316.189
1786366237.033,316.043
1786366237.134,317.59
1786366237.238,315.472
1786366237.342,316.22
1786366237.447,316.208
1786366237.551,316.343
1786366237.655,316.459
1786366237.756,316.537
1786366237.860,316.498
1786366237.965,316.586
1786366238.065,316.732
1786366238.167,317.004
1786366238.271,316.9
1786366238.375,318.962
1786366238.480,318.98
1786366238.582,318.945
1786366238.686,318.787
1786366238.788,318.891
1786366238.893,317.26
1786366238.997,317.197
1786366239.101,317.253
1786366239.203,317.19
1786366239.308,316.989
1786366239.412,316.965
1786366239.516,317.003
1786366239.621,316.96
1786366239.725,316.919
1786366239.829,316.972
1786366239.933,316.939
1786366240.037,318.784
1786366240.142,316.972
1786366240.244,317.078
1786366240.349,317.117
1786366240.453,317.308
1786366240.557,317.386
1786366240.662,317.423
1786366240.763,317.398
1786366240.867,317.504
1786366240.971,317.53
1786366241.076,317.525
1786366241.180,317.349
1786366241.283,317.71
1786366240.117,316.631
1786366240.219,316.61
1786366240.323,316.3
1786366240.428,316.159
1786366240.530,316.198
1786366240.635,316.108
1786366240.739,315.971
1786366240.840,315.897
1786366240.944,315.753
1786366241.048,315.588
1786366241.152,316.958
1786366241.256,317.732
1786366241.361,315.752
1786366241.462,315.938
1786366241.563,315.978
1786366241.663,315.89
1786366241.764,315.897
1786366241.865,316.054
1786366241.969,316.04
1786366242.069,315.976
1786366242.174,314.544
1786366242.278,314.525
1786366242.382,314.601
1786366242.483,316.541
1786366242.587,316.401
1786366242.692,316.421
1786366242.796,316.335
1786366242.900,316.326
1786366243.005,314.7
1786366243.108,314.617
1786366243.212,314.547
1786366243.316,315.952
1786366243.421,315.952
1786366243.523,316.024
1786366243.627,316.082
1786366243.732,316.021
1786366243.836,316.066
1786366243.940,315.953
1786366244.045,315.96
1786366244.148,316.711
1786366244.253,315.864
1786366244.357,315.972
1786366244.461,316.017
1786366244.566,316.111
1786366244.670,315.917
1786366244.774,315.978
1786366244.877,316.073
1786366244.981,316.027
1786366245.082,314.524
1786366245.185,314.687
1786366245.289,314.281
1786366245.394,315.154
1786366245.495,315.107
1786366245.599,315.079
1786366245.704,315.003
1786366245.808,315.188
1786366245.912,315.137
1786366246.017,315.13
1786366246.117,315.094
1786366246.221,316.667
1786366246.325,316.513
1786366246.429,315.426
1786366246.532,315.446
1786366246.636,315.502
1786366246.741,315.515
1786366246.845,315.525
1786366246.949,315.652
1786366247.054,315.581
1786366247.154,315.665
1786366247.258,315.707
1786366247.363,315.687
1786366247.465,315.676
1786366247.566,317.867
1786366247.666,317.919
1786366247.767,317.935
1786366247.867,317.909
1786366247.968,318.035
1786366248.068,317.877
1786366248.169,317.816
1786366248.269,317.702
1786366248.374,316.14
1786366248.477,316.162
1786366248.582,316.149
1786366248.686,316.142
1786366248.791,316.094
1786366248.895,316.054
1786366248.999,316.198
1786366249.104,316.134
1786366249.208,316.213
1786366249.312,316.529
1786366249.417,316.697
1786366249.521,318.399
1786366249.625,318.533
1786366249.730,318.66
1786366249.834,318.746
1786366249.937,316.575
1786366250.041,316.651
1786366250.146,316.622
1786366250.250,316.667
1786366250.352,316.725
1786366250.456,315.597
1786366250.560,315.622
1786366250.665,315.67
1786366250.769,315.664
1786366250.873,315.684
1786366250.978,315.509
1786366251.082,317.801
1786366251.187,316.517
1786366251.289,316.437
1786366251.393,316.508
1786366251.494,316.428
1786366251.599,317.393
1786366251.703,317.324
1786366251.808,317.212
1786366251.912,317.246
1786366252.016,317.237
1786366252.121,315.82
1786366252.225,315.861
1786366252.329,317.155
1786366252.433,317.293
1786366252.537,317.256
1786366252.642,317.268
1786366252.746,317.134
1786366252.847,317.182
1786366252.951,317.249
1786366253.056,317.257
1786366253.160,317.243
1786366253.264,318.838
1786366253.369,318.857
1786366253.472,318.892
1786366253.577,317.448
1786366253.681,317.43
1786366253.785,317.473
1786366253.890,317.644
1786366253.994,317.627
1786366254.098,317.64
1786366254.203,317.763
1786366254.307,317.744
1786366254.411,316.095
1786366254.515,316.061
1786366254.620,316.113
1786366254.724,317.758
1786366254.829,317.713
1786366254.933,317.647
1786366255.037,317.596
1786366255.142,317.642
1786366255.246,317.637
1786366255.350,317.515
1786366255.455,317.043
1786366255.559,318.404
1786366255.663,317.293
1786366255.768,317.236
1786366255.872,317.04
1786366255.976,317.1
1786366256.081,317.177
1786366256.185,317.145
1786366256.290,317.03
1786366256.394,317.011
1786366256.498,317.08
1786366256.602,317.598
1786366256.707,315.831
1786366256.807,316.888
1786366256.910,316.874
1786366257.015,316.91
1786366257.119,316.947
1786366257.223,316.828
1786366257.328,316.903
1786366257.432,317.026
1786366257.537,315.335
1786366257.641,315.151
1786366257.744,315.003
1786366257.848,316.868
1786366257.953,316.792
1786366258.057,316.619
1786366258.161,316.395
1786366258.266,316.206
1786366258.370,316.174
1786366258.475,316.183
1786366258.579,316.02
1786366258.682,317.594
1786366258.787,317.575
1786366258.891,317.457
1786366258.995,316.12
1786366259.100,316.108
1786366259.204,316.145
1786366259.308,316.087
1786366259.413,316.102
1786366259.517,316.085
1786366259.622,315.899
1786366259.725,316.14
1786366259.830,313.659
1786366259.934,313.642
1786366260.039,313.703
1786366260.143,315.134
1786366260.247,314.497
1786366260.352,314.509
1786366260.456,314.677
1786366260.560,314.909
1786366260.665,314.998
1786366260.769,315.073
1786366260.871,314.795
1786366260.975,316.08
1786366261.080,316.143
1786366261.184,316.368
1786366261.288,313.655
1786366261.393,314.251
1786366261.494,314.263
1786366261.598,314.041
1786366261.703,313.861
1786366261.807,313.809
1786366261.911,313.703
1786366262.016,313.758
1786366262.120,314.92
1786366262.224,315.019
1786366262.329,314.839
1786366262.433,317.571
1786366262.534,315.589
1786366262.638,315.618
1786366262.742,315.725
1786366262.845,315.687
1786366262.949,315.626
1786366263.050,315.741
1786366263.154,315.723
1786366263.258,314.491
1786366263.363,314.381
1786366263.466,314.385
1786366263.566,314.385
1786366263.667,314.448
1786366263.767,316.495
1786366263.868,316.721
1786366263.968,316.755
1786366264.069,316.743
1786366264.169,316.775
1786366264.270,316.812
1786366264.370,316.815
1786366264.471,316.67
1786366264.571,316.709
1786366264.672,316.751
1786366264.772,316.684
1786366264.873,316.732
1786366264.973,316.57
1786366265.078,316.582
1786366265.182,316.802
1786366265.286,316.832
1786366265.391,316.865
1786366265.492,316.949
1786366265.596,316.697
1786366265.700,316.73
1786366265.805,316.747
1786366265.909,316.775
1786366266.013,316.757
1786366266.117,316.718
1786366266.222,315.864
1786366266.326,315.693
1786366266.430,315.647
1786366266.533,315.615
1786366266.638,315.506
1786366266.742,317.253
1786366266.846,315.692
1786366266.951,315.798
1786366267.051,315.846
1786366267.155,315.929
1786366267.260,316.087
1786366267.364,317.024
1786366267.468,317.177
1786366267.573,317.329
1786366267.673,317.357
1786366267.778,317.629
1786366267.882,315.731
1786366267.986,317.377
1786366268.090,317.368
1786366268.195,317.535
1786366268.299,317.635
1786366268.403,317.551
1786366268.505,317.503
1786366268.610,317.391
1786366268.710,317.301
1786366268.811,317.268
1786366268.913,315.422
1786366269.016,317.279
1786366269.118,317.212
1786366269.221,317.1
1786366269.324,316.966
1786366269.426,316.892
1786366269.529,316.971
1786366269.632,316.977
1786366269.733,317.222
1786366269.835,317.334
1786366269.938,317.357
1786366270.039,319.057
1786366270.141,319.067
1786366270.244,319.005
1786366270.347,319.203
1786366270.451,319.226
1786366270.554,319.19
1786366270.657,319.013
1786366270.758,319.099
1786366270.861,316.816
1786366270.964,316.785
1786366271.068,314.896
1786366271.171,314.936
1786366271.272,315.037
1786366271.373,315.037
1786366271.473,313.996
1786366271.573,313.118
1786366271.676,313.065
1786366271.780,311.792
1786366271.884,311.829
1786366271.988,311.766
1786366272.092,313.826
1786366272.196,313.805
1786366272.300,315.667
1786366271.135,315.611
1786366271.239,315.531
1786366271.343,314.848
1786366271.447,315.616
1786366271.548,315.614
1786366271.651,316.945
1786366271.756,317.046
1786366271.860,317.111
1786366271.964,317.308
1786366272.068,317.425
1786366272.172,317.434
1786366272.277,317.451
1786366272.381,317.557
1786366272.485,319.385
1786366272.589,319.451
1786366272.694,319.539
1786366272.798,319.437
1786366272.902,319.42
1786366273.006,318.846
1786366273.110,317.84
1786366273.215,317.71
1786366273.319,317.708
1786366273.423,317.723
1786366273.527,317.714
1786366273.631,317.721
1786366273.736,317.861
1786366273.840,317.857
1786366273.944,317.892
1786366274.048,316.294
1786366274.152,316.907
1786366274.256,317.752
1786366274.361,316.957
1786366274.463,316.894
1786366274.566,316.869
1786366274.669,316.753
1786366274.772,316.653
1786366274.876,316.344
1786366274.979,316.46
1786366275.082,316.421
1786366275.185,318.017
1786366275.289,317.899
1786366275.393,316.682
1786366275.496,317.401
1786366275.598,317.436
1786366275.702,317.445
1786366275.806,317.423
1786366275.910,317.364
1786366276.011,317.443
1786366276.115,314.791
1786366276.219,314.772
1786366276.323,314.755
1786366276.424,314.696
1786366276.525,315.853
1786366276.625,316.06
1786366276.725,316.134
1786366276.827,316.062
1786366276.931,316.144
1786366277.035,316.186
1786366277.139,314.957
1786366277.241,316.999
1786366277.345,317.071
1786366277.446,317.03
1786366277.547,317.029
1786366277.647,317.017
1786366277.748,316.803
1786366277.848,316.817
1786366277.949,315.225
1786366278.050,315.254
1786366278.154,315.232
1786366278.258,316.568
1786366278.362,316.956
1786366278.466,316.887
1786366278.570,316.881
1786366278.675,316.903
1786366278.779,316.836
1786366278.883,316.821
1786366278.987,315.42
1786366279.091,317.04
1786366279.193,316.952
1786366279.295,316.965
1786366279.397,316.723
1786366279.499,316.756
1786366279.601,316.771
1786366279.702,316.925
1786366279.804,315.472
1786366279.906,315.614
1786366280.008,315.714
1786366280.109,317.251
1786366280.210,317.274
1786366280.312,317.278
1786366280.413,317.274
1786366280.515,316.31
1786366280.616,315.125
1786366280.718,315.122
1786366280.819,315.002
1786366280.921,316.517
1786366281.022,316.517
1786366281.123,316.415
1786366281.225,316.583
1786366281.325,316.377
1786366281.426,316.358
1786366281.527,316.295
1786366281.628,316.322
1786366281.729,317.417
1786366281.829,318.653
1786366281.930,317.267
1786366282.030,317.241
1786366282.131,317.19
1786366282.233,317.12
1786366282.333,316.942
1786366282.436,316.911
1786366282.540,316.856
1786366282.644,317.022
1786366282.749,315.182
1786366282.850,315.116
1786366282.954,315.045
1786366283.059,316.522
1786366283.163,316.661
1786366283.264,316.745
1786366283.366,315.245
1786366283.467,315.21
1786366283.567,315.343
1786366283.668,315.642
1786366283.769,315.564
1786366283.870,317.443
1786366283.970,317.413
1786366284.071,316.109
1786366284.172,316.162
1786366284.272,315.406
1786366284.372,315.365
1786366284.476,316.967
1786366284.580,317.132
1786366284.684,317.044
1786366284.789,316.895
1786366284.889,316.887
1786366284.994,317.026
1786366285.098,317.248
1786366285.203,317.04
1786366285.307,316.883
1786366285.411,317.554
1786366285.516,317.694
1786366285.620,317.751
1786366285.724,316.469
1786366285.829,316.412
1786366285.930,316.266
1786366286.034,316.283
1786366286.139,316.176
1786366286.241,316.078
1786366286.343,317.888
1786366286.444,318.008
1786366286.546,316.206
1786366286.648,316.127
1786366286.750,316.127
1786366286.852,316.39
1786366286.953,317.625
1786366287.055,317.759
1786366287.157,317.843
1786366287.259,317.905
1786366287.361,317.954
1786366287.461,318.0
1786366287.562,317.657
1786366287.666,317.691
1786366287.766,318.091
1786366287.867,318.167
1786366287.967,317.847
1786366288.068,317.792
1786366288.168,317.787
1786366288.268,317.842
1786366288.369,317.85
1786366288.470,317.836
1786366288.574,316.319
1786366288.679,316.334
1786366288.783,316.305
1786366288.888,317.779
1786366288.992,317.674
1786366289.096,317.776
1786366289.197,318.069
1786366289.297,318.092
1786366289.398,318.061
1786366289.498,318.043
1786366289.599,317.904
1786366289.699,317.881
1786366289.800,317.866
1786366289.900,317.864
1786366290.000,317.807
1786366290.101,317.861
1786366290.202,317.814
1786366290.302,317.606
1786366290.403,317.593
1786366290.504,317.635
1786366290.604,317.635
1786366290.705,317.586
1786366290.806,317.671
1786366290.906,319.133
1786366291.007,316.885
1786366291.108,316.718
1786366291.208,316.685
1786366291.309,316.645
1786366291.410,316.734
1786366291.511,316.555
1786366291.612,316.368
1786366291.712,316.228
1786366291.813,316.052
1786366291.914,314.436
1786366292.014,314.345
1786366292.114,316.594
1786366292.215,316.623
1786366292.316,316.535
1786366292.416,316.468
1786366292.517,316.398
1786366292.618,316.43
1786366292.719,316.314
1786366292.820,316.291
1786366292.921,316.41
1786366293.022,316.84
1786366293.123,316.578
1786366293.223,316.625
1786366293.324,316.628
1786366293.425,316.679
1786366293.525,316.659
1786366293.626,316.659
1786366293.727,316.584
1786366293.828,316.656
1786366293.929,316.637
1786366294.030,316.695
1786366294.131,314.892
1786366294.232,316.413
1786366294.332,316.016
1786366294.433,315.877
1786366294.534,315.904
1786366294.634,315.869
1786366294.735,315.914
1786366294.835,315.849
1786366294.936,314.278
1786366295.037,314.411
1786366295.138,314.394
1786366295.242,316.382
1786366295.346,315.931
1786366295.451,316.572
1786366295.551,316.611
1786366295.655,316.54
1786366295.756,316.469
1786366295.856,316.318
1786366295.958,316.275
1786366296.059,317.752
1786366296.160,316.737
1786366296.261,315.09
1786366296.362,314.845
1786366296.463,314.953
1786366296.564,314.959
1786366296.665,315.013
1786366296.766,315.049
1786366296.866,315.149
1786366296.967,315.298
1786366297.067,315.386
1786366297.168,315.47
1786366297.268,315.47
1786366297.369,316.666
1786366297.469,318.365
1786366297.572,316.89
1786366297.676,317.01
1786366297.778,317.07
1786366297.879,317.082
1786366297.980,317.085
1786366298.080,317.059
1786366298.180,316.963
1786366298.282,316.947
1786366298.386,316.865
1786366298.490,316.76
1786366298.595,316.78
1786366298.699,318.415
1786366298.803,318.205
1786366298.908,318.25
1786366299.009,318.198
1786366299.109,318.189
1786366299.212,315.97
1786366299.312,316.022
1786366299.413,316.007
1786366299.514,316.031
1786366299.615,315.941
1786366299.715,315.895
1786366299.816,315.82
1786366299.917,315.757
1786366300.017,315.651
1786366300.118,315.697
1786366300.218,315.685
1786366300.318,318.0
1786366300.419,316.495
1786366300.519,316.566
1786366300.620,316.615
1786366300.720,316.637
1786366300.820,316.751
1786366300.921,316.757
1786366301.021,316.885
1786366301.122,316.885
1786366301.222,316.92
1786366301.323,317.076
1786366301.423,316.41
1786366301.524,315.944
1786366301.624,317.527
1786366301.724,317.545
1786366301.825,317.575
1786366301.925,317.751
1786366302.025,316.399
1786366302.126,316.395
1786366302.226,316.354
1786366302.327,316.384
1786366302.427,316.321
1786366302.528,317.021
1786366302.628,317.627
1786366302.728,317.716
1786366302.829,316.378
1786366302.929,316.378
1786366303.030,316.22
1786366303.130,317.709
1786366303.231,317.809
1786366302.057,317.85
1786366302.157,317.889
1786366302.262,317.847
1786366302.362,317.94
1786366302.463,317.723
1786366302.563,317.655
1786366302.664,318.964
1786366302.764,318.959
1786366302.864,318.959
1786366302.965,319.08
1786366303.065,318.34
1786366303.166,318.254
1786366303.266,318.249
1786366303.366,318.292
1786366303.467,316.807
1786366303.567,316.704
1786366303.668,316.713
1786366303.768,316.639
1786366303.872,316.666
1786366303.976,316.642
1786366304.079,316.627
1786366304.183,317.135
1786366304.287,317.184
1786366304.390,315.777
1786366304.494,315.723
1786366304.597,317.164
1786366304.701,317.092
1786366304.805,317.058
1786366304.908,317.09
1786366305.012,317.071
1786366305.113,316.968
1786366305.214,316.877
1786366305.314,316.958
1786366305.415,315.656
1786366305.515,315.6
1786366305.616,315.391
1786366305.717,315.294
1786366305.817,315.378
1786366305.917,315.487
1786366306.018,315.417
1786366306.118,315.475
1786366306.219,315.611
1786366306.319,313.838
1786366306.420,313.776
1786366306.520,314.976
1786366306.621,316.399
1786366306.721,316.621
1786366306.822,316.778
1786366306.922,316.728
1786366307.022,316.821
1786366307.123,316.902
1786366307.223,315.369
1786366307.324,315.354
1786366307.424,317.089
1786366307.524,317.258
1786366307.625,317.258
1786366307.725,317.206
1786366307.826,317.049
1786366307.926,316.959
1786366308.027,316.807
1786366308.127,315.501
1786366308.231,315.319
1786366308.331,315.174
1786366308.432,316.53
1786366308.535,316.403
1786366308.639,316.385
1786366308.739,316.097
1786366308.840,316.091
1786366308.940,314.545
1786366309.041,314.661
1786366309.141,314.682
1786366309.241,316.101
1786366309.342,315.916
1786366309.443,315.878
1786366309.543,315.88
1786366309.643,315.823
1786366309.744,315.873
1786366309.844,315.292
1786366309.945,314.542
1786366310.045,316.19
1786366310.146,316.071
1786366310.246,315.994
1786366310.347,315.803
1786366310.447,315.994
1786366310.547,314.917
1786366310.648,314.874
1786366310.748,314.977
1786366310.849,314.546
1786366310.949,314.238
1786366311.050,315.001
1786366311.150,314.964
1786366311.251,314.989
1786366311.351,315.023
1786366311.452,315.149
1786366311.552,315.031
1786366311.653,315.031
1786366311.753,316.16
1786366311.858,316.222
1786366311.963,316.117
1786366312.068,315.035
1786366312.172,315.918
1786366312.273,315.906
1786366312.373,315.882
1786366312.474,315.804
1786366312.574,315.881
1786366312.675,315.83
1786366312.775,315.931
1786366312.876,316.215
1786366312.976,316.272
1786366313.076,315.623
1786366313.177,317.154
1786366313.277,317.167
1786366313.378,314.977
1786366313.478,315.056
1786366313.579,315.106
1786366313.679,315.153
1786366313.779,315.331
1786366313.880,315.236
1786366313.980,315.006
1786366314.081,314.94
1786366314.181,315.626
1786366314.282,315.561
1786366314.382,315.551
1786366314.483,317.757
1786366314.583,317.757
1786366314.684,317.704
1786366314.784,317.86
1786366314.885,317.828
1786366314.985,317.622
1786366315.086,317.666
1786366315.186,317.665
1786366315.287,317.67
1786366315.387,316.211
1786366315.488,316.222
1786366315.589,316.186
1786366315.689,316.194
1786366315.789,315.272
1786366315.890,315.046
1786366315.990,315.021
1786366316.091,313.913
1786366316.191,313.904
1786366316.292,313.947
1786366316.392,314.029
1786366316.493,315.586
1786366316.593,315.584
1786366316.693,315.678
1786366316.794,315.67
1786366316.894,316.717
1786366316.997,316.923
1786366317.099,317.073
1786366317.199,317.073
1786366317.300,318.318
1786366317.400,318.579
1786366317.501,316.828
1786366317.601,316.822
1786366317.702,316.82
1786366317.802,316.955
1786366317.903,316.957
1786366318.003,317.081
1786366318.104,317.12
1786366318.204,317.0
1786366318.305,316.927
1786366318.405,316.882
1786366318.506,316.696
1786366318.606,317.035
1786366318.707,317.139
1786366318.807,317.177
1786366318.908,316.945
1786366319.008,316.923
1786366319.109,316.809
1786366319.209,316.82
1786366319.310,315.71
1786366319.410,315.706
1786366319.511,315.753
1786366319.612,315.805
1786366319.717,317.306
1786366319.822,317.306
1786366319.926,317.529
1786366320.031,317.72
1786366320.136,317.163
1786366320.236,317.163
1786366320.337,317.162
1786366320.437,317.179
1786366320.537,318.308
1786366320.638,318.255
1786366320.738,318.277
1786366320.839,318.276
1786366320.940,318.348
1786366321.041,317.136
1786366321.141,316.944
1786366321.241,315.601
1786366321.342,316.279
1786366321.442,316.474
1786366321.543,316.324
1786366321.643,316.229
1786366321.743,316.325
1786366321.844,316.323
1786366321.945,316.32
1786366322.045,316.195
1786366322.150,317.517
1786366322.254,317.468
1786366322.359,318.868
1786366322.463,318.794
1786366322.568,317.006
1786366322.668,317.019
1786366322.769,317.051
1786366322.870,317.024
1786366322.970,316.305
1786366323.071,316.433
1786366323.171,316.434
1786366323.271,316.173
1786366323.372,313.79
1786366323.472,313.794
1786366323.573,313.794
1786366323.674,313.272
1786366323.774,315.009
1786366323.875,315.115
1786366323.975,315.326
1786366324.075,315.307
1786366324.176,316.066
1786366324.277,315.887
1786366324.378,315.869
1786366324.479,316.073
1786366324.580,318.554
1786366324.681,318.562
1786366324.781,317.503
1786366324.882,317.323
1786366324.982,317.202
1786366325.083,316.923
1786366325.184,317.155
1786366325.284,316.881
1786366325.385,316.562
1786366325.486,316.262
1786366325.586,313.532
1786366325.686,313.005
1786366325.787,312.58
1786366325.887,314.249
1786366325.988,314.3
1786366326.088,314.168
1786366326.188,313.251
1786366326.289,313.251
1786366326.389,312.686
1786366326.490,310.761
1786366326.590,311.13
1786366326.691,311.264
1786366326.791,313.724
1786366326.891,314.325
1786366326.992,314.562
1786366327.092,314.232
1786366327.193,314.024
1786366327.294,311.685
1786366327.394,312.602
1786366327.495,312.768
1786366327.595,314.589
1786366327.696,314.641
1786366327.797,314.733
1786366327.897,314.883
1786366327.998,314.641
1786366328.098,312.74
1786366328.199,312.947
1786366328.299,312.94
1786366328.399,315.465
1786366328.499,315.629
1786366328.600,312.941
1786366328.700,313.04
1786366328.801,312.695
1786366328.901,312.592
1786366329.002,311.849
1786366329.102,311.919
1786366329.202,311.919
1786366329.303,313.797
1786366329.403,313.702
1786366329.504,312.153
1786366329.604,312.235
1786366329.705,312.237
1786366329.805,315.124
1786366329.906,315.226
1786366330.006,315.537
1786366330.107,315.862
1786366330.207,316.468
1786366330.308,316.338
1786366330.408,316.382
1786366330.509,314.679
1786366330.609,316.657
1786366330.710,316.611
1786366330.810,316.619
1786366330.910,316.576
1786366331.011,316.638
1786366331.111,316.515
1786366331.212,316.27
1786366331.312,316.303
1786366331.413,315.567
1786366331.515,313.256
1786366331.616,315.075
1786366331.716,314.968
1786366331.816,315.002
1786366331.917,315.065
1786366332.017,315.005
1786366332.118,314.958
1786366332.218,314.982
1786366332.319,314.982
1786366332.419,315.19
1786366332.520,315.522
1786366332.620,316.363
1786366332.721,318.719
1786366332.821,318.69
1786366332.922,316.94
1786366333.022,316.158
1786366333.123,316.065
1786366333.223,316.091
1786366333.324,316.17
1786366333.426,316.219
1786366333.529,316.142
1786366333.629,316.078
1786366333.730,316.094
1786366333.830,316.11
1786366333.931,316.1
1786366334.031,315.659
1786366334.132,316.399
1786366334.232,316.458
1786366333.061,316.533
1786366333.162,316.551
1786366333.262,316.641
1786366333.363,316.587
1786366333.463,316.46
1786366333.563,316.546
1786366333.664,316.705
1786366333.765,316.912
1786366333.866,319.127
1786366333.967,317.444
1786366334.071,317.506
1786366334.171,317.736
1786366334.272,317.645
1786366334.372,317.645
1786366334.472,317.632
1786366334.573,317.556
1786366334.673,317.483
1786366334.774,317.453
1786366334.874,317.324
1786366334.975,317.162
1786366335.075,317.078
1786366335.176,318.787
1786366335.276,318.355
1786366335.377,315.68
1786366335.477,315.723
1786366335.577,315.748
1786366335.678,315.792
1786366335.778,315.903
1786366335.879,315.921
1786366335.979,315.938
1786366336.080,316.027
1786366336.180,316.125
1786366336.280,316.13
1786366336.381,316.501
1786366336.481,318.925
1786366336.582,317.642
1786366336.682,317.553
1786366336.783,317.669
1786366336.884,317.603
1786366336.984,317.503
1786366337.085,317.812
1786366337.185,317.84
1786366337.286,317.795
1786366337.386,317.795
1786366337.487,315.797
1786366337.587,315.859
1786366337.688,315.94
1786366337.788,317.296
1786366337.889,317.344
1786366337.990,317.274
1786366338.090,317.356
1786366338.191,317.463
1786366338.291,317.226
1786366338.392,317.166
1786366338.493,317.175
1786366338.593,317.855
1786366338.694,317.786
1786366338.795,317.664
1786366338.895,317.616
1786366338.996,317.687
1786366339.097,317.724
1786366339.197,317.851
1786366339.298,317.827
1786366339.399,317.808
1786366339.499,317.786
1786366339.600,317.824
1786366339.701,319.158
1786366339.802,319.164
1786366339.903,316.961
1786366340.004,316.939
1786366340.105,316.784
1786366340.209,316.698
1786366340.309,316.534
1786366340.410,316.504
1786366340.510,316.504
1786366340.612,315.371
1786366340.715,315.391
1786366340.819,313.97
1786366340.924,313.829
1786366341.024,313.819
1786366341.129,316.089
1786366341.233,316.182
1786366341.337,316.236
1786366341.441,316.154
1786366341.546,315.956
1786366341.650,315.826
1786366341.754,316.373
1786366341.858,316.257
1786366341.963,317.57
1786366342.067,316.194
1786366342.171,316.318
1786366342.276,316.192
1786366342.380,316.07
1786366342.484,316.018
1786366342.586,316.098
1786366342.688,316.155
1786366342.790,316.208
1786366342.892,316.709
1786366342.994,316.725
1786366343.097,316.766
1786366343.199,318.085
1786366343.301,316.255
1786366343.403,316.285
1786366343.505,316.345
1786366343.607,316.243
1786366343.709,316.222
1786366343.811,316.246
1786366343.914,316.05
1786366344.016,315.978
1786366344.118,314.621
1786366344.221,314.489
1786366344.323,314.544
1786366344.425,316.14
1786366344.525,316.109
1786366344.626,316.018
1786366344.727,316.135
1786366344.828,316.166
1786366344.928,316.095
1786366345.029,314.505
1786366345.129,314.535
1786366345.230,315.892
1786366345.331,315.975
1786366345.432,316.031
1786366345.532,316.036
1786366345.633,316.165
1786366345.734,315.159
1786366345.835,315.099
1786366345.935,315.105
1786366346.036,315.181
1786366346.137,316.984
1786366346.238,315.765
1786366346.340,315.846
1786366346.442,315.79
1786366346.544,315.798
1786366346.647,315.798
1786366346.747,315.85
1786366346.848,315.772
1786366346.948,316.81
1786366347.048,315.478
1786366347.149,315.545
1786366347.249,315.537
1786366347.350,315.59
1786366347.450,316.949
1786366347.551,316.956
1786366347.651,317.009
1786366347.752,317.033
1786366347.856,317.081
1786366347.961,317.106
1786366348.062,317.152
1786366348.162,318.593
1786366348.263,318.579
1786366348.363,318.825
1786366348.464,318.806
1786366348.564,317.119
1786366348.665,317.182
1786366348.765,317.399
1786366348.866,317.393
1786366348.966,317.391
1786366349.067,317.395
1786366349.167,317.331
1786366349.268,317.274
1786366349.368,317.139
1786366349.469,316.866
1786366349.569,315.114
1786366349.670,316.668
1786366349.770,316.513
1786366349.871,316.513
1786366349.971,316.282
1786366350.072,316.259
1786366350.172,316.439
1786366350.273,316.441
1786366350.373,316.651
1786366350.474,316.781
1786366350.575,316.972
1786366350.675,317.058
1786366350.775,317.164
1786366350.876,317.502
1786366350.977,317.578
1786366351.077,317.679
1786366351.178,317.769
1786366351.278,317.679
1786366351.379,317.812
1786366351.479,317.715
1786366351.580,317.748
1786366351.680,317.701
1786366351.781,316.06
1786366351.884,317.768
1786366351.988,317.584
1786366352.092,317.714
1786366352.196,317.732
1786366352.300,317.568
1786366352.404,317.508
1786366352.509,317.589
1786366352.613,315.806
1786366352.717,315.722
1786366352.822,315.78
1786366352.926,317.455
1786366353.026,317.577
1786366353.130,317.568
1786366353.232,317.492
1786366353.333,317.381
1786366353.434,317.536
1786366353.535,317.568
1786366353.637,317.365
1786366353.738,317.047
1786366353.839,317.046
1786366353.939,316.985
1786366354.040,316.975
1786366354.141,316.839
1786366354.241,316.779
1786366354.341,316.779
1786366354.443,316.646
1786366354.547,316.921
1786366354.652,316.913
1786366354.753,315.438
1786366354.854,315.358
1786366354.954,317.482
1786366355.055,317.589
1786366355.156,317.592
1786366355.256,317.607
1786366355.356,317.609
1786366355.458,317.69
1786366355.562,317.822
1786366355.667,317.627
1786366355.771,317.595
1786366355.875,319.091
1786366355.979,317.506
1786366356.084,317.438
1786366356.188,317.403
1786366356.290,317.472
1786366356.392,317.495
1786366356.493,317.438
1786366356.595,317.43
1786366356.697,317.412
1786366356.799,317.396
1786366356.901,317.349
1786366357.001,316.274
1786366357.103,316.149
1786366357.204,316.145
1786366357.305,316.04
1786366357.407,315.956
1786366357.508,315.884
1786366357.610,315.952
1786366357.712,315.986
1786366357.814,315.977
1786366357.915,315.998
1786366358.017,316.114
1786366358.118,317.318
1786366358.220,319.154
1786366358.321,319.204
1786366358.423,319.216
1786366358.524,319.219
1786366358.625,319.249
1786366358.726,319.067
1786366358.827,317.374
1786366358.929,317.334
1786366359.030,317.186
1786366359.131,316.955
1786366359.232,316.955
1786366359.333,316.706
1786366359.434,316.613
1786366359.536,316.643
1786366359.637,316.574
1786366359.738,316.583
1786366359.839,316.499
1786366359.940,314.9
1786366360.041,316.823
1786366360.142,316.827
1786366360.243,316.909
1786366360.345,316.971
1786366360.446,317.062
1786366360.547,317.069
1786366360.648,316.882
1786366360.749,315.553
1786366360.851,315.393
1786366360.952,315.295
1786366361.054,316.967
1786366361.155,316.549
1786366361.256,316.506
1786366361.358,316.594
1786366361.459,316.59
1786366361.560,315.156
1786366361.661,315.095
1786366361.762,314.687
1786366361.863,316.06
1786366361.964,316.146
1786366362.065,316.316
1786366362.166,315.435
1786366362.266,315.464
1786366362.366,315.523
1786366362.468,315.395
1786366362.573,315.479
1786366362.677,316.861
1786366362.781,316.82
1786366362.886,317.387
1786366362.990,317.436
1786366363.094,317.548
1786366363.199,317.606
1786366363.303,316.626
1786366363.407,316.656
1786366363.512,316.658
1786366363.616,316.671
1786366363.720,316.69
1786366363.825,316.634
1786366363.929,316.715
1786366364.033,316.64
1786366364.138,316.234
1786366364.242,315.197
1786366364.346,315.073
1786366364.451,316.944
1786366364.555,316.923
1786366364.659,316.916
1786366364.762,317.065
1786366364.866,316.992
1786366364.969,315.419
1786366365.070,315.579
1786366365.174,315.652
1786366364.021,315.982
1786366364.122,316.919
1786366364.227,316.961
1786366364.331,316.888
1786366364.433,314.744
1786366364.537,314.657
1786366364.641,314.505
1786366364.745,314.475
1786366364.850,316.012
1786366364.954,316.061
1786366365.058,315.928
1786366365.163,314.363
1786366365.267,314.267
1786366365.371,314.437
1786366365.475,314.508
1786366365.578,316.627
1786366365.683,316.672
1786366365.787,316.638
1786366365.891,316.656
1786366365.996,316.663
1786366366.100,315.555
1786366366.204,315.58
1786366366.309,315.387
1786366366.413,315.505
1786366366.517,315.518
1786366366.621,315.46
1786366366.725,315.567
1786366366.830,315.653
1786366366.934,315.791
1786366367.038,315.851
1786366367.143,314.771
1786366367.247,315.749
1786366367.351,315.827
1786366367.455,317.689
1786366367.560,317.799
1786366367.664,317.688
1786366367.765,317.799
1786366367.869,317.745
1786366367.974,316.403
1786366368.075,316.337
1786366368.177,316.437
1786366368.279,316.437
1786366368.380,317.612
1786366368.482,317.643
1786366368.583,317.702
1786366368.685,317.748
1786366368.786,317.728
1786366368.888,317.891
1786366368.989,317.884
1786366369.091,317.993
1786366369.192,317.684
1786366369.293,317.826
1786366369.394,317.945
1786366369.494,318.089
1786366369.594,318.109
1786366369.695,318.041
1786366369.795,317.91
1786366369.896,316.114
1786366369.996,316.35
1786366370.097,316.344
1786366370.197,316.134
1786366370.298,317.779
1786366370.398,317.576
1786366370.499,316.576
1786366370.603,316.368
1786366370.704,316.492
1786366370.804,314.066
1786366370.905,314.086
1786366371.005,315.799
1786366371.105,315.407
1786366371.206,315.424
1786366371.306,314.291
1786366371.407,314.27
1786366371.507,314.336
1786366371.608,314.336
1786366371.708,315.259
1786366371.809,315.504
1786366371.909,315.339
1786366372.010,317.81
1786366372.110,316.479
1786366372.211,316.533
1786366372.311,316.684
1786366372.412,316.789
1786366372.512,318.065
1786366372.612,318.084
1786366372.713,318.124
1786366372.813,316.78
1786366372.914,316.639
1786366373.014,316.677
1786366373.115,316.718
1786366373.215,318.106
1786366373.316,318.134
1786366373.416,317.859
1786366373.517,317.776
1786366373.617,317.767
1786366373.718,317.788
1786366373.818,317.772
1786366373.919,317.306
1786366374.019,317.252
1786366374.120,317.178
1786366374.220,317.126
1786366374.321,317.049
1786366374.421,316.941
1786366374.522,316.941
1786366374.622,316.52
1786366374.722,315.544
1786366374.823,315.48
1786366374.923,315.42
1786366375.024,315.378
1786366375.124,317.027
1786366375.225,317.214
1786366375.325,317.157
1786366375.426,316.945
1786366375.526,316.916
1786366375.627,316.897
1786366375.727,317.053
1786366375.828,316.596
1786366375.928,316.602
1786366376.029,316.541
1786366376.129,316.46
1786366376.230,316.442
1786366376.330,316.185
1786366376.431,316.162
1786366376.531,315.261
1786366376.632,313.854
1786366376.732,313.739
1786366376.833,313.736
1786366376.933,315.231
1786366377.033,315.289
1786366377.134,315.337
1786366377.235,315.416
1786366377.335,315.358
1786366377.436,315.358
1786366377.536,315.425
1786366377.637,315.534
1786366377.737,316.625
1786366377.838,317.994
1786366377.939,318.108
1786366378.040,316.215
1786366378.140,316.219
1786366378.241,315.998
1786366378.342,315.945
1786366378.443,315.85
1786366378.543,315.909
1786366378.644,315.806
1786366378.744,315.903
1786366378.845,314.075
1786366378.945,314.15
1786366379.046,314.374
1786366379.146,316.308
1786366379.247,316.395
1786366379.348,316.592
1786366379.448,316.605
1786366379.549,316.648
1786366379.649,316.605
1786366379.750,316.618
1786366379.850,314.762
1786366379.951,316.558
1786366380.056,315.809
1786366380.160,315.722
1786366380.260,315.682
1786366380.361,315.613
1786366380.461,314.752
1786366380.562,314.748
1786366380.662,314.748
1786366380.763,314.761
1786366380.863,314.755
1786366380.964,314.892
1786366381.064,316.655
1786366381.165,316.631
1786366381.269,315.577
1786366381.374,315.536
1786366381.478,315.521
1786366381.582,315.501
1786366381.687,316.194
1786366381.787,315.175
1786366381.888,315.13
1786366381.988,315.068
1786366382.089,315.112
1786366382.189,314.93
1786366382.290,314.798
1786366382.390,316.441
1786366382.491,316.224
1786366382.591,314.842
1786366382.692,314.511
1786366382.792,314.516
1786366382.893,315.463
1786366382.993,315.435
1786366383.094,315.467
1786366383.195,315.183
1786366383.295,315.154
1786366383.395,315.172
1786366383.496,314.116
1786366383.596,314.146
1786366383.697,315.518
1786366383.797,315.91
1786366383.898,316.227
1786366383.998,316.216
1786366384.098,316.328
1786366384.199,316.328
1786366384.299,314.981
1786366384.400,315.234
1786366384.501,315.611
1786366384.601,315.709
1786366384.701,316.918
1786366384.802,316.967
1786366384.902,316.877
1786366385.003,316.792
1786366385.103,316.541
1786366385.204,316.582
1786366385.304,316.48
1786366385.404,317.914
1786366385.505,317.837
1786366385.605,317.824
1786366385.706,315.358
1786366385.806,315.476
1786366385.907,315.582
1786366386.007,315.797
1786366386.108,313.75
1786366386.208,313.809
1786366386.309,313.861
1786366386.409,312.328
1786366386.509,311.723
1786366386.610,311.756
1786366386.710,311.531
1786366386.811,313.88
1786366386.911,312.555
1786366387.012,312.436
1786366387.112,312.457
1786366387.213,312.457
1786366387.313,312.469
1786366387.414,312.276
1786366387.514,312.211
1786366387.615,313.864
1786366387.715,314.52
1786366387.816,314.406
1786366387.916,314.303
1786366388.017,313.679
1786366388.117,314.537
1786366388.217,314.602
1786366388.318,314.574
1786366388.419,316.757
1786366388.519,317.017
1786366388.619,317.131
1786366388.720,317.179
1786366388.820,317.176
1786366388.921,317.398
1786366389.021,317.529
1786366389.122,318.389
1786366389.222,318.806
1786366389.323,318.878
1786366389.423,318.843
1786366389.523,317.55
1786366389.624,317.485
1786366389.724,317.514
1786366389.825,317.432
1786366389.925,317.483
1786366390.026,317.414
1786366390.126,317.471
1786366390.227,317.471
1786366390.327,317.442
1786366390.428,317.473
1786366390.528,316.835
1786366390.628,316.912
1786366390.729,318.209
1786366390.830,318.222
1786366390.930,316.275
1786366391.031,316.273
1786366391.131,316.12
1786366391.233,316.058
1786366391.334,315.998
1786366391.435,315.998
1786366391.536,315.889
1786366391.636,316.5
1786366391.737,316.408
1786366391.838,316.326
1786366391.938,316.394
1786366392.039,318.444
1786366392.140,317.177
1786366392.241,315.979
1786366392.342,315.595
1786366392.442,315.581
1786366392.543,315.42
1786366392.644,315.204
1786366392.744,315.036
1786366392.845,314.874
1786366392.946,314.829
1786366393.047,314.654
1786366393.147,314.435
1786366393.247,315.618
1786366393.348,315.226
1786366393.448,315.226
1786366393.549,315.518
1786366393.649,315.344
1786366393.750,315.342
1786366393.851,315.521
1786366393.952,315.444
1786366394.053,315.536
1786366394.154,315.507
1786366394.254,315.716
1786366394.355,315.599
1786366394.456,315.57
1786366394.556,315.583
1786366394.657,315.452
1786366394.758,315.597
1786366394.859,315.536
1786366394.959,315.508
1786366395.060,315.628
1786366395.161,315.697
1786366395.262,315.652
1786366395.363,315.377
1786366395.464,315.681
1786366395.564,315.734
1786366395.665,317.242
1786366395.765,315.904
1786366395.866,315.819
1786366395.967,315.91
1786366396.067,315.853
1786366396.168,315.718
1786366395.010,315.677
1786366395.111,315.745
1786366395.212,315.885
1786366395.313,315.885
1786366395.413,315.746
1786366395.514,315.916
1786366395.616,315.931
1786366395.716,315.542
1786366395.817,315.643
1786366395.918,315.719
1786366396.019,315.75
1786366396.119,315.45
1786366396.220,315.424
1786366396.321,315.486
1786366396.421,315.505
1786366396.522,314.05
1786366396.623,313.885
1786366396.724,313.993
1786366396.825,316.092
1786366396.926,315.995
1786366397.026,315.902
1786366397.127,315.876
1786366397.228,316.28
1786366397.329,316.28
1786366397.430,316.178
1786366397.531,316.093
1786366397.631,317.462
1786366397.732,315.549
1786366397.833,315.559
1786366397.934,315.256
1786366398.035,315.526
1786366398.135,315.503
1786366398.236,315.504
1786366398.336,315.527
1786366398.436,315.527
1786366398.537,315.483
1786366398.637,315.605
1786366398.738,315.649
1786366398.841,315.702
1786366398.943,317.565
1786366399.045,317.455
1786366399.148,317.776
1786366399.251,316.718
1786366399.354,316.783
1786366399.457,316.853
1786366399.560,315.104
1786366399.663,315.121
1786366399.763,315.024
1786366399.864,314.921
1786366399.964,314.879
1786366400.065,314.987
1786366400.165,315.113
1786366400.266,315.091
1786366400.366,316.002
1786366400.467,315.928
1786366400.567,315.951
1786366400.668,316.029
1786366400.768,316.397
1786366400.868,316.358
1786366400.969,316.465
1786366401.070,316.378
1786366401.170,316.339
1786366401.270,315.644
1786366401.371,315.471
1786366401.471,315.353
1786366401.572,315.48
1786366401.672,315.488
1786366401.773,317.483
1786366401.873,317.483
1786366401.974,317.163
1786366402.074,315.873
1786366402.175,315.902
1786366402.275,316.049
1786366402.375,316.272
1786366402.476,316.949
1786366402.576,316.966
1786366402.677,317.001
1786366402.782,316.956
1786366402.886,316.93
1786366402.991,315.39
1786366403.094,315.441
1786366403.196,316.778
1786366403.301,316.715
1786366403.405,316.702
1786366403.510,316.489
1786366403.614,316.515
1786366403.718,316.51
1786366403.823,316.59
1786366403.927,315.18
1786366404.032,314.999
1786366404.135,316.341
1786366404.240,316.407
1786366404.344,316.552
1786366404.449,316.618
1786366404.553,316.605
1786366404.658,316.814
1786366404.762,316.828
1786366404.866,316.861
1786366404.971,316.829
1786366405.075,316.668
1786366405.176,316.963
1786366405.276,316.92
1786366405.377,316.707
1786366405.477,316.537
1786366405.578,316.475
1786366405.678,316.424
1786366405.779,316.213
1786366405.879,314.292
1786366405.980,314.235
1786366406.080,314.241
1786366406.181,315.823
1786366406.281,315.758
1786366406.382,315.827
1786366406.482,314.97
1786366406.585,313.649
1786366406.688,313.816
1786366406.791,313.762
1786366406.893,313.767
1786366406.996,315.616
1786366407.100,315.586
1786366407.203,315.547
1786366407.303,315.526
1786366407.403,315.486
1786366407.504,315.455
1786366407.605,315.455
1786366407.705,316.346
1786366407.806,317.781
1786366407.907,317.821
1786366408.007,315.42
1786366408.107,315.577
1786366408.208,315.553
1786366408.308,315.565
1786366408.409,315.628
1786366408.509,315.63
1786366408.610,315.675
1786366408.710,315.541
1786366408.810,315.652
1786366408.911,315.684
1786366409.011,315.463
1786366409.112,318.004
1786366409.212,317.426
1786366409.313,317.393
1786366409.413,317.371
1786366409.514,317.3
1786366409.615,317.336
1786366409.716,317.385
1786366409.816,317.558
1786366409.916,317.676
1786366410.017,315.892
1786366410.117,315.966
1786366410.218,315.965
1786366410.318,316.453
1786366410.419,316.574
1786366410.520,316.675
1786366410.621,316.675
1786366410.721,316.968
1786366410.823,317.125
1786366410.924,317.102
1786366411.024,317.143
1786366411.125,317.087
1786366411.226,318.929
1786366411.326,318.984
1786366411.426,317.511
1786366411.527,317.486
1786366411.628,317.405
1786366411.729,316.241
1786366411.831,316.034
1786366411.932,315.947
1786366412.033,315.955
1786366412.135,313.777
1786366412.235,313.754
1786366412.336,313.574
1786366412.436,313.554
1786366412.537,314.922
1786366412.637,314.788
1786366412.738,314.656
1786366412.839,315.629
1786366412.940,315.451
1786366413.041,314.565
1786366413.142,313.638
1786366413.242,315.566
1786366413.343,315.467
1786366413.444,315.375
1786366413.545,315.261
1786366413.646,315.366
1786366413.747,315.486
1786366413.847,315.486
1786366413.948,315.596
1786366414.049,315.584
1786366414.149,314.118
1786366414.250,314.767
1786366414.351,315.51
1786366414.452,315.547
1786366414.553,315.424
1786366414.654,315.484
1786366414.755,315.479
1786366414.856,315.414
1786366414.956,313.402
1786366415.057,313.339
1786366415.158,313.405
1786366415.259,314.972
1786366415.360,315.127
1786366415.460,315.26
1786366415.561,315.213
1786366415.662,315.317
1786366415.763,315.356
1786366415.864,315.465
1786366415.965,315.491
1786366416.066,316.565
1786366416.166,316.065
1786366416.267,316.117
1786366416.367,315.98
1786366416.468,315.909
1786366416.569,315.832
1786366416.672,316.081
1786366416.776,316.097
1786366416.881,316.105
1786366416.985,314.78
1786366417.089,314.79
1786366417.194,315.671
1786366417.298,316.396
1786366417.402,316.377
1786366417.506,314.94
1786366417.610,314.969
1786366417.714,315.111
1786366417.818,314.837
1786366417.922,314.821
1786366418.026,314.86
1786366418.129,316.027
1786366418.229,315.961
1786366418.334,315.98
1786366418.434,315.742
1786366418.535,315.702
1786366418.635,315.993
1786366418.736,315.993
1786366418.836,315.946
1786366418.936,315.778
1786366419.037,315.906
1786366419.137,316.151
1786366419.238,315.426
1786366419.338,315.491
1786366419.439,315.485
1786366419.539,315.43
1786366419.640,315.532
1786366419.741,313.692
1786366419.842,314.863
1786366419.942,314.967
1786366420.043,314.939
1786366420.143,314.931
1786366420.243,314.874
1786366420.344,315.56
1786366420.444,315.531
1786366420.545,315.53
1786366420.646,315.569
1786366420.746,315.557
1786366420.847,317.374
1786366420.947,315.679
1786366421.047,315.724
1786366421.148,315.887
1786366421.248,315.829
1786366421.349,315.747
1786366421.449,315.844
1786366421.550,316.093
1786366421.650,316.093
1786366421.751,316.155
1786366421.851,316.32
1786366421.956,316.441
1786366422.056,316.568
1786366422.157,318.444
1786366422.257,315.616
1786366422.358,315.669
1786366422.458,315.837
1786366422.559,315.889
1786366422.659,315.929
1786366422.760,315.856
1786366422.860,315.974
1786366422.960,315.82
1786366423.061,315.884
1786366423.161,315.91
1786366423.262,315.771
1786366423.362,318.483
1786366423.463,318.366
1786366423.563,315.736
1786366423.664,315.645
1786366423.764,315.49
1786366423.865,315.344
1786366423.965,315.235
1786366424.066,315.254
1786366424.166,315.228
1786366424.267,315.075
1786366424.367,315.173
1786366424.467,315.268
1786366424.568,315.299
1786366424.668,315.299
1786366424.769,315.752
1786366424.869,315.773
1786366424.970,315.695
1786366425.070,315.733
1786366425.171,315.785
1786366425.271,315.766
1786366425.376,315.661
1786366425.476,315.75
1786366425.576,315.81
1786366425.677,315.888
1786366425.778,315.979
1786366425.878,318.075
1786366425.978,318.055
1786366426.079,316.88
1786366426.179,317.117
1786366426.280,317.135
1786366426.380,317.209
1786366426.481,317.182
1786366426.581,317.173
1786366426.682,317.184
1786366426.782,317.143
1786366426.883,317.135
1786366426.983,317.226
1786366427.085,317.214
1786366427.188,318.542
1786366426.014,318.355
1786366426.118,317.228
1786366426.222,317.189
1786366426.327,317.255
1786366426.429,316.22
1786366426.534,315.979
1786366426.638,315.944
1786366426.742,315.917
1786366426.847,315.89
1786366426.950,316.002
1786366427.051,316.063
1786366427.156,316.117
1786366427.260,317.134
1786366427.362,316.014
1786366427.463,315.942
1786366427.564,317.076
1786366427.665,317.363
1786366427.766,317.358
1786366427.867,317.358
1786366427.967,316.853
1786366428.068,316.768
1786366428.168,316.782
1786366428.269,315.255
1786366428.373,315.236
1786366428.477,315.292
1786366428.581,316.383
1786366428.685,316.363
1786366428.790,316.26
1786366428.891,316.102
1786366428.991,315.958
1786366429.092,316.297
1786366429.193,314.886
1786366429.293,314.713
1786366429.393,316.097
1786366429.497,316.009
1786366429.597,315.992
1786366429.698,316.112
1786366429.798,316.213
1786366429.898,316.196
1786366429.999,316.118
1786366430.099,316.17
1786366430.199,316.106
1786366430.300,317.508
1786366430.400,315.967
1786366430.500,315.981
1786366430.600,315.993
1786366430.701,315.942
1786366430.801,315.735
1786366430.901,315.652
1786366431.001,315.596
1786366431.102,315.8
1786366431.202,315.758
1786366431.302,315.405
1786366431.402,315.405
1786366431.503,315.441
1786366431.603,316.929
1786366431.703,315.304
1786366431.804,315.313
1786366431.904,315.341
1786366432.004,315.382
1786366432.105,315.311
1786366432.205,315.442
1786366432.306,315.445
1786366432.406,315.523
1786366432.506,315.976
1786366432.607,313.984
1786366432.707,314.459
1786366432.808,316.118
1786366432.908,315.981
1786366433.008,315.948
1786366433.109,316.035
1786366433.209,316.148
1786366433.310,316.1
1786366433.410,315.964
1786366433.510,316.037
1786366433.611,316.185
1786366433.711,318.156
1786366433.811,317.802
1786366433.912,315.736
1786366434.012,315.792
1786366434.112,315.853
1786366434.213,315.853
1786366434.313,315.808
1786366434.413,315.701
1786366434.514,315.588
1786366434.614,315.579
1786366434.715,315.473
1786366434.815,314.073
1786366434.916,313.954
1786366435.016,313.841
1786366435.116,315.933
1786366435.217,316.118
1786366435.317,316.027
1786366435.418,315.982
1786366435.518,314.284
1786366435.619,314.913
1786366435.719,314.887
1786366435.820,314.827
1786366435.920,316.077
1786366436.021,316.129
1786366436.121,316.206
1786366436.222,316.145
1786366436.322,316.068
1786366436.422,316.37
1786366436.523,315.211
1786366436.623,316.968
1786366436.724,316.363
1786366436.824,316.346
1786366436.925,315.06
1786366437.025,315.064
1786366437.125,315.064
1786366437.226,315.063
1786366437.327,315.136
1786366437.427,315.214
1786366437.527,315.224
1786366437.628,315.212
1786366437.729,316.411
1786366437.833,316.314
1786366437.933,316.423
1786366438.034,316.51
1786366438.134,317.975
1786366438.235,318.034
1786366438.335,318.129
1786366438.435,318.111
1786366438.536,315.834
1786366438.636,316.109
1786366438.737,315.998
1786366438.837,316.038
1786366438.938,316.346
1786366439.038,316.285
1786366439.138,316.304
1786366439.239,316.214
1786366439.339,316.232
1786366439.440,314.806
1786366439.540,314.628
1786366439.641,316.745
1786366439.741,316.415
1786366439.842,316.35
1786366439.942,316.375
1786366440.043,315.438
1786366440.143,315.438
1786366440.243,315.691
1786366440.344,315.7
1786366440.444,314.244
1786366440.545,314.249
1786366440.645,315.862
1786366440.746,316.087
1786366440.846,316.256
1786366440.947,316.289
1786366441.047,316.272
1786366441.148,316.221
1786366441.248,317.088
1786366441.349,316.947
1786366441.449,316.964
1786366441.550,317.772
1786366441.650,316.996
1786366441.750,315.494
1786366441.851,315.593
1786366441.951,315.582
1786366442.052,315.626
1786366442.152,315.684
1786366442.253,315.807
1786366442.353,315.787
1786366442.454,315.8
1786366442.554,315.827
1786366442.655,316.554
1786366442.755,317.321
1786366442.856,318.693
1786366442.957,318.658
1786366443.058,317.194
1786366443.158,317.194
1786366443.258,317.15
1786366443.359,317.132
1786366443.459,317.105
1786366443.560,317.167
1786366443.660,316.606
1786366443.761,316.72
1786366443.861,316.74
1786366443.962,315.452
1786366444.062,314.673
1786366444.163,314.58
1786366444.263,316.157
1786366444.364,316.137
1786366444.464,316.203
1786366444.565,316.239
1786366444.665,316.086
1786366444.766,316.666
1786366444.866,316.619
1786366444.966,316.64
1786366445.067,318.058
1786366445.167,318.783
1786366445.268,318.918
1786366445.372,318.871
1786366445.476,318.979
1786366445.577,319.039
1786366445.677,319.091
1786366445.778,319.195
1786366445.878,319.022
1786366445.978,319.053
1786366446.079,318.977
1786366446.179,318.881
1786366446.280,318.881
1786366446.380,318.905
1786366446.481,318.789
1786366446.582,318.762
1786366446.682,318.65
1786366446.782,318.568
1786366446.883,318.491
1786366446.983,317.528
1786366447.084,317.465
1786366447.184,317.281
1786366447.284,317.376
1786366447.385,317.406
1786366447.486,317.299
1786366447.586,317.526
1786366447.686,317.536
1786366447.787,317.603
1786366447.887,317.599
1786366447.988,316.736
1786366448.088,317.541
1786366448.190,317.796
1786366448.293,318.01
1786366448.395,317.934
1786366448.498,317.833
1786366448.601,317.892
1786366448.701,317.682
1786366448.804,317.59
1786366448.906,317.531
1786366449.009,317.367
1786366449.112,316.709
1786366449.212,316.767
1786366449.315,316.679
1786366449.418,316.464
1786366449.521,316.592
1786366449.624,316.583
1786366449.727,316.641
1786366449.830,316.544
1786366449.931,316.665
1786366450.031,316.707
1786366450.132,316.707
1786366450.232,316.806
1786366450.333,318.186
1786366450.433,318.139
1786366450.534,316.339
1786366450.634,316.368
1786366450.735,316.212
1786366450.836,316.208
1786366450.937,316.321
1786366451.037,316.293
1786366451.142,316.228
1786366451.246,316.196
1786366451.350,316.123
1786366451.455,316.222
1786366451.559,314.897
1786366451.660,316.858
1786366451.764,316.973
1786366451.868,316.984
1786366451.969,317.005
1786366452.069,316.875
1786366452.169,317.077
1786366452.270,316.195
1786366452.371,316.165
1786366452.471,316.28
1786366452.571,316.218
1786366452.672,316.187
1786366452.772,316.029
1786366452.873,315.89
1786366452.973,315.89
1786366453.074,315.873
1786366453.174,315.851
1786366453.275,315.689
1786366453.375,316.713
1786366453.476,315.167
1786366453.576,315.134
1786366453.677,315.125
1786366453.777,316.691
1786366453.878,316.691
1786366453.978,316.681
1786366454.078,316.657
1786366454.179,316.654
1786366454.279,316.623
1786366454.380,316.633
1786366454.481,316.546
1786366454.581,316.383
1786366454.681,317.912
1786366454.782,318.033
1786366454.882,318.324
1786366454.983,318.079
1786366455.083,318.199
1786366455.184,318.41
1786366455.284,318.44
1786366455.385,318.458
1786366455.485,317.013
1786366455.586,317.032
1786366455.686,317.013
1786366455.786,316.938
1786366455.887,316.706
1786366455.988,316.372
1786366456.088,316.454
1786366456.188,316.343
1786366456.289,314.904
1786366456.389,314.89
1786366456.490,315.02
1786366456.590,316.588
1786366456.691,316.667
1786366456.791,317.002
1786366456.892,317.002
1786366456.992,317.24
1786366457.093,317.331
1786366457.193,317.464
1786366457.294,317.594
1786366457.395,317.652
1786366457.496,317.66
1786366457.596,317.715
1786366457.696,317.787
1786366457.797,317.732
1786366457.897,317.777
1786366457.998,315.228
1786366458.098,315.072
1786366458.198,315.167
1786366457.039,315.161
1786366457.139,315.081
1786366457.240,314.934
1786366457.340,316.255
1786366457.441,316.255
1786366457.541,316.126
1786366457.642,316.044
1786366457.742,316.239
1786366457.843,317.128
1786366457.943,317.224
1786366458.044,317.248
1786366458.144,317.299
1786366458.245,317.385
1786366458.345,317.503
1786366458.446,317.485
1786366458.546,317.485
1786366458.646,317.4
1786366458.747,317.459
1786366458.847,317.522
1786366458.948,317.258
1786366459.048,318.748
1786366459.149,318.753
1786366459.249,317.209
1786366459.350,317.137
1786366459.450,317.034
1786366459.551,317.007
1786366459.651,317.047
1786366459.752,317.061
1786366459.852,317.036
1786366459.953,317.222
1786366460.053,317.358
1786366460.154,317.36
1786366460.254,317.254
1786366460.355,318.73
1786366460.459,318.704
1786366460.563,318.792
1786366460.668,318.853
1786366460.772,318.812
1786366460.877,318.875
1786366460.980,318.908
1786366461.085,317.386
1786366461.189,317.309
1786366461.293,317.272
1786366461.398,316.842
1786366461.502,316.841
1786366461.602,316.943
1786366461.703,316.867
1786366461.803,316.848
1786366461.904,316.872
1786366462.004,316.828
1786366462.105,316.676
1786366462.205,317.984
1786366462.306,317.996
1786366462.406,317.904
1786366462.507,318.461
1786366462.608,316.091
1786366462.708,315.936
1786366462.809,315.936
1786366462.909,315.844
1786366463.010,315.787
1786366463.111,315.764
1786366463.215,315.756
1786366463.319,315.856
1786366463.424,315.824
1786366463.524,315.758
1786366463.625,314.347
1786366463.726,314.284
1786366463.826,316.547
1786366463.927,316.586
1786366464.029,316.647
1786366464.133,316.882
1786366464.238,316.745
1786366464.342,316.619
1786366464.446,316.609
1786366464.551,316.583
1786366464.655,315.138
1786366464.759,316.538
1786366464.864,316.448
1786366464.968,316.485
1786366465.073,316.497
1786366465.177,316.458
1786366465.277,316.246
1786366465.377,316.455
1786366465.478,316.667
1786366465.578,316.886
1786366465.679,316.983
1786366465.779,316.379
1786366465.880,316.433
1786366465.980,316.429
1786366466.081,316.408
1786366466.183,316.52
1786366466.285,316.511
1786366466.387,316.582
1786366466.489,316.454
1786366466.591,314.066
1786366466.693,313.274
1786366466.795,313.215
1786366466.898,315.249
1786366467.000,315.228
1786366467.102,315.289
1786366467.204,315.375
1786366467.306,315.25
1786366467.408,315.274
1786366467.510,315.438
1786366467.611,314.006
1786366467.713,316.291
1786366467.815,316.875
1786366467.916,316.974
1786366468.018,317.102
1786366468.121,317.064
1786366468.223,317.015
1786366468.324,317.015
1786366468.427,316.957
1786366468.529,316.921
1786366468.630,316.89
1786366468.732,316.613
1786366468.834,318.087
1786366468.936,318.059
1786366469.038,316.675
1786366469.140,316.546
1786366469.242,316.478
1786366469.343,316.594
1786366469.445,316.773
1786366469.547,316.814
1786366469.649,316.882
1786366469.753,316.954
1786366469.857,317.01
1786366469.962,316.972
1786366470.066,317.051
1786366470.170,318.509
1786366470.274,318.634
1786366470.376,318.64
1786366470.476,318.764
1786366470.580,317.084
1786366470.684,317.131
1786366470.788,317.19
1786366470.892,317.409
1786366470.997,317.459
1786366471.101,317.649
1786366471.205,317.726
1786366471.310,317.703
1786366471.411,317.702
1786366471.516,316.129
1786366471.617,316.001
1786366471.721,317.586
1786366471.825,316.316
1786366471.928,316.181
1786366472.031,316.115
1786366472.133,316.175
1786366472.238,316.095
1786366472.342,316.053
1786366472.444,316.04
1786366472.548,316.058
1786366472.651,316.09
1786366472.755,316.128
1786366472.859,316.205
1786366472.964,317.493
1786366473.068,317.625
1786366473.171,317.524
1786366473.275,317.431
1786366473.380,317.467
1786366473.484,316.811
1786366473.588,316.228
1786366473.692,316.13
1786366473.796,317.708
1786366473.900,317.71
1786366474.005,317.673
1786366474.109,317.693
1786366474.213,317.57
1786366474.317,316.123
1786366474.421,316.034
1786366474.526,315.984
1786366474.630,316.629
1786366474.734,317.091
1786366474.838,317.099
1786366474.943,317.055
1786366475.047,316.96
1786366475.151,316.98
1786366475.252,316.998
1786366475.352,317.036
1786366475.452,318.421
1786366475.555,317.062
1786366475.658,317.095
1786366475.758,317.151
1786366475.859,317.253
1786366475.959,317.319
1786366476.060,317.286
1786366476.162,317.273
1786366476.263,317.275
1786366476.363,317.299
1786366476.464,317.417
1786366476.564,316.18
1786366476.665,317.001
1786366476.765,317.186
1786366476.866,317.242
1786366476.966,316.085
1786366477.067,316.099
1786366477.167,316.099
1786366477.268,316.295
1786366477.369,316.295
1786366477.473,316.151
1786366477.573,316.246
1786366477.674,316.377
1786366477.774,317.72
1786366477.875,318.482
1786366477.975,318.361
1786366478.075,318.334
1786366478.176,319.571
1786366478.276,319.549
1786366478.376,318.125
1786366478.477,318.171
1786366478.577,318.36
1786366478.678,318.253
1786366478.778,318.106
1786366478.878,318.141
1786366478.979,318.024
1786366479.079,317.933
1786366479.180,317.905
1786366479.280,317.903
1786366479.381,316.45
1786366479.481,317.764
1786366479.581,317.714
1786366479.682,317.656
1786366479.783,317.669
1786366479.883,317.586
1786366479.984,317.438
1786366480.084,317.483
1786366480.185,317.483
1786366480.289,317.372
1786366480.390,317.103
1786366480.490,316.941
1786366480.590,318.382
1786366480.692,318.334
1786366480.796,318.563
1786366480.901,318.467
1786366481.005,318.325
1786366481.109,318.23
1786366481.214,316.525
1786366481.318,316.636
1786366481.422,316.601
1786366481.526,316.826
1786366481.628,316.761
1786366481.732,316.622
1786366481.836,316.574
1786366481.940,316.24
1786366482.045,316.39
1786366482.147,314.629
1786366482.249,314.3
1786366482.351,316.004
1786366482.454,315.761
1786366482.556,315.789
1786366482.658,315.572
1786366482.761,315.679
1786366482.863,314.534
1786366482.964,314.248
1786366483.064,314.28
1786366483.165,313.954
1786366483.265,315.632
1786366483.365,315.998
1786366483.466,315.945
1786366483.566,316.164
1786366483.667,316.119
1786366483.768,316.197
1786366483.868,316.191
1786366483.969,317.295
1786366484.069,317.619
1786366484.169,317.612
1786366484.270,317.749
1786366484.370,317.876
1786366484.471,317.937
1786366484.572,318.165
1786366484.672,318.117
1786366484.772,318.1
1786366484.873,318.061
1786366484.974,317.975
1786366485.077,318.05
1786366485.180,318.028
1786366485.283,318.028
1786366485.386,318.065
1786366485.490,318.046
1786366485.593,318.138
1786366485.697,318.032
1786366485.800,317.832
1786366485.901,317.691
1786366486.002,316.261
1786366486.102,316.311
1786366486.202,316.367
1786366486.303,316.276
1786366486.404,316.271
1786366486.505,316.231
1786366486.606,316.229
1786366486.706,314.237
1786366486.807,314.3
1786366486.907,314.302
1786366487.008,314.322
1786366487.108,315.966
1786366487.209,316.017
1786366487.309,315.976
1786366487.410,314.954
1786366487.510,314.963
1786366487.611,315.054
1786366487.711,315.449
1786366487.812,317.298
1786366487.912,317.34
1786366488.013,317.397
1786366488.113,317.459
1786366488.214,317.41
1786366488.318,315.622
1786366488.423,315.841
1786366488.527,317.058
1786366488.628,317.144
1786366488.732,317.207
1786366488.833,317.006
1786366488.937,317.185
1786366489.042,317.144
1786366489.146,315.797
1786366487.989,315.802
1786366488.094,315.897
1786366488.194,317.75
1786366488.295,317.772
1786366488.395,317.965
1786366488.496,317.965
1786366488.596,317.937
1786366488.696,318.008
1786366488.797,317.899
1786366488.898,317.836
1786366488.998,317.965
1786366489.098,319.448
1786366489.199,319.48
1786366489.300,319.489
1786366489.400,319.564
1786366489.501,317.796
1786366489.601,317.666
1786366489.702,317.708
1786366489.802,317.629
1786366489.903,317.74
1786366490.003,317.487
1786366490.104,317.426
1786366490.204,317.511
1786366490.305,317.446
1786366490.405,317.311
1786366490.506,315.254
1786366490.606,316.874
1786366490.706,316.78
1786366490.807,316.64
1786366490.908,316.502
1786366491.012,316.312
1786366491.112,316.545
1786366491.216,314.975
1786366491.320,314.787
1786366491.424,314.813
1786366491.529,314.738
1786366491.633,316.745
1786366491.733,316.792
1786366491.834,316.936
1786366491.934,317.115
1786366492.035,317.154
1786366492.135,317.154
1786366492.236,317.275
1786366492.337,317.342
1786366492.437,317.361
1786366492.538,316.543
1786366492.638,316.428
1786366492.739,316.387
1786366492.839,316.362
1786366492.940,316.279
1786366493.040,316.18
1786366493.141,315.981
1786366493.241,316.196
1786366493.341,316.252
1786366493.442,316.144
1786366493.542,315.696
1786366493.643,316.603
1786366493.743,316.687
1786366493.844,316.659
1786366493.944,316.619
1786366494.045,316.67
1786366494.146,316.659
1786366494.247,316.766
1786366494.347,316.636
1786366494.447,315.392
1786366494.548,315.396
1786366494.648,317.439
1786366494.748,317.329
1786366494.849,317.287
1786366494.949,317.494
1786366495.049,317.494
1786366495.150,317.467
1786366495.250,317.736
1786366495.351,317.747
1786366495.451,317.125
1786366495.551,317.051
1786366495.652,318.187
1786366495.752,318.175
1786366495.853,318.129
1786366495.953,316.697
1786366496.054,316.573
1786366496.154,316.462
1786366496.255,316.374
1786366496.356,316.018
1786366496.457,316.108
1786366496.558,316.653
1786366496.659,316.614
1786366496.760,316.623
1786366496.861,316.573
1786366496.962,316.479
1786366497.063,317.776
1786366497.164,316.604
1786366497.264,316.567
1786366497.365,316.571
1786366497.466,316.56
1786366497.566,316.326
1786366497.667,315.448
1786366497.768,315.428
1786366497.869,315.354
1786366497.970,315.381
1786366498.070,314.211
1786366498.171,314.211
1786366498.272,314.277
1786366498.373,315.508
1786366498.473,315.598
1786366498.574,315.714
1786366498.675,315.761
1786366498.775,316.109
1786366498.876,317.019
1786366498.977,317.114
1786366499.077,317.146
1786366499.178,314.89
1786366499.280,316.067
1786366499.381,316.053
1786366499.481,316.005
1786366499.582,315.755
1786366499.682,315.595
1786366499.783,315.741
1786366499.884,315.402
1786366499.985,314.654
1786366500.086,314.543
1786366500.186,313.041
1786366500.287,315.177
1786366500.388,315.149
1786366500.489,315.039
1786366500.590,315.036
1786366500.691,315.229
1786366500.792,315.483
1786366500.892,315.261
1786366500.993,315.256
1786366501.093,314.125
1786366501.194,314.233
1786366501.294,315.819
1786366501.394,315.819
1786366501.495,315.928
1786366501.595,314.401
1786366501.696,314.049
1786366501.797,314.052
1786366501.897,314.093
1786366501.998,314.07
1786366502.098,314.204
1786366502.199,314.298
1786366502.299,316.443
1786366502.400,316.411
1786366502.500,316.415
1786366502.601,316.432
1786366502.701,318.067
1786366502.802,318.552
1786366502.902,317.789
1786366503.003,317.776
1786366503.103,315.948
1786366503.203,315.882
1786366503.304,316.015
1786366503.404,315.668
1786366503.505,315.64
1786366503.605,315.564
1786366503.706,315.481
1786366503.806,315.423
1786366503.906,313.206
1786366504.007,314.051
1786366504.108,313.964
1786366504.208,315.645
1786366504.308,315.645
1786366504.409,315.789
1786366504.510,315.628
1786366504.610,315.695
1786366504.710,315.745
1786366504.811,315.843
1786366504.911,315.91
1786366505.012,314.364
1786366505.116,316.641
1786366505.221,316.744
1786366505.325,316.856
1786366505.428,316.224
1786366505.533,316.098
1786366505.637,316.434
1786366505.742,316.566
1786366505.846,316.603
1786366505.947,315.115
1786366506.047,315.391
1786366506.148,317.082
1786366506.248,317.083
1786366506.349,317.078
1786366506.449,317.139
1786366506.550,317.889
1786366506.650,317.949
1786366506.751,317.63
1786366506.852,317.563
1786366506.952,317.492
1786366507.053,316.619
1786366507.153,316.578
1786366507.254,316.578
1786366507.354,316.832
1786366507.454,316.916
1786366507.555,316.926
1786366507.655,316.854
1786366507.756,316.865
1786366507.856,316.882
1786366507.957,316.793
1786366508.057,316.793
1786366508.158,316.357
1786366508.258,316.315
1786366508.360,316.167
1786366508.461,315.925
1786366508.562,315.877
1786366508.662,315.822
1786366508.763,315.847
1786366508.864,315.925
1786366508.965,314.142
1786366509.066,314.504
1786366509.166,314.571
1786366509.267,315.043
1786366509.368,317.453
1786366509.469,317.468
1786366509.569,317.704
1786366509.671,317.44
1786366509.772,317.39
1786366509.872,317.241
1786366509.973,315.078
1786366510.073,316.957
1786366510.174,316.566
1786366510.275,316.727
1786366510.376,317.019
1786366510.476,316.967
1786366510.577,316.946
1786366510.677,316.788
1786366510.778,316.775
1786366510.878,316.733
1786366510.979,314.653
1786366511.079,316.705
1786366511.182,316.57
1786366511.284,316.465
1786366511.387,316.465
1786366511.489,316.27
1786366511.589,316.068
1786366511.690,316.128
1786366511.790,316.091
1786366511.891,316.16
1786366511.991,316.161
1786366512.092,316.273
1786366512.192,318.477
1786366512.293,317.168
1786366512.393,317.092
1786366512.494,317.107
1786366512.594,317.053
1786366512.695,316.922
1786366512.795,316.851
1786366512.896,316.864
1786366512.996,316.853
1786366513.097,317.016
1786366513.197,315.455
1786366513.297,314.433
1786366513.398,315.53
1786366513.499,315.493
1786366513.599,315.51
1786366513.700,315.53
1786366513.800,315.603
1786366513.900,315.592
1786366514.001,315.441
1786366514.101,315.554
1786366514.202,312.887
1786366514.302,314.318
1786366514.403,314.318
1786366514.503,315.251
1786366514.604,315.457
1786366514.704,315.481
1786366514.805,315.473
1786366514.905,315.417
1786366515.006,315.366
1786366515.109,315.241
1786366515.210,315.436
1786366515.312,312.729
1786366515.415,315.259
1786366515.518,314.502
1786366515.618,314.423
1786366515.719,314.32
1786366515.819,314.29
1786366515.920,314.372
1786366516.020,314.64
1786366516.122,314.578
1786366516.223,312.864
1786366516.323,312.815
1786366516.424,315.452
1786366516.524,315.396
1786366516.627,316.086
1786366516.728,316.25
1786366516.828,316.339
1786366516.929,316.373
1786366517.029,316.37
1786366517.130,316.292
1786366517.230,316.595
1786366517.331,318.465
1786366517.431,318.489
1786366517.532,317.115
1786366517.632,317.224
1786366517.732,317.224
1786366517.833,317.348
1786366517.933,317.363
1786366518.034,317.436
1786366518.134,317.587
1786366518.235,317.616
1786366518.335,317.63
1786366518.436,316.888
1786366518.536,315.449
1786366518.637,315.5
1786366518.737,316.945
1786366518.838,317.06
1786366518.938,316.981
1786366519.039,316.955
1786366519.139,316.948
1786366519.240,316.866
1786366519.340,316.823
1786366519.441,316.712
1786366519.541,317.218
1786366519.641,318.649
1786366519.742,318.824
1786366519.842,318.633
1786366519.943,318.365
1786366520.043,318.41
1786366520.144,318.4
1786366518.982,316.449
1786366519.082,316.437
1786366519.183,316.466
1786366519.283,316.534
1786366519.384,316.534
1786366519.484,316.567
1786366519.585,316.622
1786366519.685,316.461
1786366519.786,316.601
1786366519.886,314.915
1786366519.988,315.038
1786366520.088,315.176
1786366520.189,317.079
1786366520.289,316.999
1786366520.390,316.97
1786366520.490,316.899
1786366520.590,315.156
1786366520.691,315.062
1786366520.792,314.902
1786366520.892,314.817
1786366520.994,316.704
1786366521.094,316.451
1786366521.195,316.32
1786366521.295,316.426
1786366521.395,316.86
1786366521.496,316.878
1786366521.596,316.876
1786366521.697,318.691
1786366521.797,318.716
1786366521.898,318.801
1786366521.998,318.772
1786366522.099,318.774
1786366522.199,317.428
1786366522.299,317.413
1786366522.400,316.301
1786366522.500,316.301
1786366522.601,316.175
1786366522.701,316.275
1786366522.802,316.373
1786366522.902,316.288
1786366523.003,316.403
1786366523.103,314.902
1786366523.204,314.947
1786366523.304,314.819
1786366523.405,316.174
1786366523.505,316.148
1786366523.606,317.161
1786366523.706,316.919
1786366523.807,316.956
1786366523.907,316.53
1786366524.008,315.743
1786366524.108,315.628
1786366524.209,316.478
1786366524.309,316.705
1786366524.410,316.789
1786366524.510,316.9
1786366524.610,316.82
1786366524.711,316.852
1786366524.811,316.921
1786366524.912,316.799
1786366525.012,316.255
1786366525.113,316.499
1786366525.213,316.5
1786366525.314,317.048
1786366525.417,316.85
1786366525.517,316.796
1786366525.618,316.745
1786366525.718,316.745
1786366525.819,317.007
1786366525.919,316.979
1786366526.020,316.884
1786366526.120,316.906
1786366526.221,317.636
1786366526.321,318.375
1786366526.422,318.394
1786366526.522,318.489
1786366526.623,317.152
1786366526.723,317.231
1786366526.824,317.428
1786366526.924,317.274
1786366527.025,317.35
1786366527.125,317.448
1786366527.226,317.476
1786366527.326,317.751
1786366527.426,317.722
1786366527.527,317.865
1786366527.627,316.861
1786366527.728,318.224
1786366527.828,318.258
1786366527.929,318.199
1786366528.029,318.225
1786366528.130,318.217
1786366528.230,318.444
1786366528.330,318.368
1786366528.431,318.176
1786366528.531,318.15
1786366528.631,316.544
1786366528.732,316.544
1786366528.832,317.465
1786366528.933,317.449
1786366529.034,317.336
1786366529.134,317.298
1786366529.234,317.301
1786366529.335,317.311
1786366529.435,317.078
1786366529.536,315.771
1786366529.636,315.69
1786366529.736,315.663
1786366529.837,317.089
1786366529.937,317.083
1786366530.038,317.056
1786366530.138,317.176
1786366530.239,317.136
1786366530.339,316.897
1786366530.440,316.66
1786366530.540,316.607
1786366530.641,318.072
1786366530.741,317.113
1786366530.842,316.658
1786366530.942,316.655
1786366531.043,316.731
1786366531.143,316.771
1786366531.243,316.594
1786366531.344,316.58
1786366531.444,316.811
1786366531.545,316.94
1786366531.645,316.94
1786366531.746,315.443
1786366531.846,315.295
1786366531.947,316.239
1786366532.047,316.679
1786366532.149,316.648
1786366532.250,316.642
1786366532.351,316.66
1786366532.452,316.779
1786366532.552,316.727
1786366532.653,316.708
1786366532.754,316.838
1786366532.855,318.56
1786366532.955,317.564
1786366533.055,317.596
1786366533.156,317.585
1786366533.257,317.691
1786366533.357,317.758
1786366533.458,317.719
1786366533.558,317.768
1786366533.659,317.726
1786366533.759,317.566
1786366533.860,317.419
1786366533.960,317.129
1786366534.060,316.411
1786366534.161,315.648
1786366534.262,315.682
1786366534.363,315.571
1786366534.463,315.66
1786366534.564,315.697
1786366534.664,315.697
1786366534.765,315.701
1786366534.865,315.739
1786366534.965,315.866
1786366535.066,315.958
1786366535.167,316.0
1786366535.267,317.703
1786366535.368,316.993
1786366535.468,317.029
1786366535.568,317.236
1786366535.670,317.095
1786366535.770,316.983
1786366535.870,316.781
1786366535.971,317.056
1786366536.071,316.982
1786366536.171,316.905
1786366536.272,315.188
1786366536.373,315.122
1786366536.473,316.513
1786366536.573,316.415
1786366536.674,316.264
1786366536.774,316.225
1786366536.875,316.326
1786366536.975,316.454
1786366537.076,316.296
1786366537.177,316.433
1786366537.278,314.82
1786366537.379,316.702
1786366537.480,316.811
1786366537.580,317.089
1786366537.681,317.089
1786366537.782,317.215
1786366537.882,317.211
1786366537.983,317.271
1786366538.083,317.27
1786366538.184,316.137
1786366538.285,316.034
1786366538.386,316.056
1786366538.487,317.621
1786366538.588,315.739
1786366538.689,315.921
1786366538.790,315.756
1786366538.890,315.765
1786366538.991,315.628
1786366539.091,315.576
1786366539.195,315.631
1786366539.299,316.706
1786366539.404,316.819
1786366539.508,316.726
1786366539.613,315.287
1786366539.713,317.081
1786366539.813,316.923
1786366539.916,316.83
1786366540.020,316.852
1786366540.122,317.062
1786366540.225,317.016
1786366540.330,316.885
1786366540.434,316.731
1786366540.535,316.668
1786366540.636,316.543
1786366540.736,318.117
1786366540.837,318.161
1786366540.937,318.174
1786366541.039,318.392
1786366541.141,318.365
1786366541.246,318.359
1786366541.351,316.302
1786366541.452,316.145
1786366541.554,316.189
1786366541.656,316.142
1786366541.756,316.36
1786366541.858,316.353
1786366541.960,316.209
1786366542.062,315.985
1786366542.163,314.27
1786366542.265,314.316
1786366542.367,314.22
1786366542.469,314.22
1786366542.571,316.281
1786366542.672,316.66
1786366542.774,316.881
1786366542.876,316.94
1786366542.977,316.868
1786366543.079,316.807
1786366543.180,316.868
1786366543.281,317.0
1786366543.383,317.54
1786366543.484,317.509
1786366543.585,317.555
1786366543.686,315.794
1786366543.787,315.537
1786366543.888,315.375
1786366543.989,315.338
1786366544.090,315.218
1786366544.191,314.442
1786366544.291,314.477
1786366544.392,314.66
1786366544.492,315.697
1786366544.592,315.634
1786366544.693,315.645
1786366544.794,317.437
1786366544.895,317.396
1786366544.996,317.453
1786366545.097,317.468
1786366545.198,315.346
1786366545.299,316.124
1786366545.400,316.131
1786366545.502,315.988
1786366545.603,315.962
1786366545.703,315.978
1786366545.803,316.207
1786366545.904,316.19
1786366546.004,316.19
1786366546.105,316.396
1786366546.205,316.406
1786366546.306,316.416
1786366546.406,318.729
1786366546.507,318.844
1786366546.611,318.833
1786366546.715,318.959
1786366546.816,317.325
1786366546.918,317.339
1786366547.019,317.12
1786366547.120,317.143
1786366547.225,317.098
1786366547.329,317.305
1786366547.433,317.318
1786366547.538,317.245
1786366547.642,317.205
1786366547.746,317.157
1786366547.847,315.685
1786366547.949,317.334
1786366548.050,317.284
1786366548.152,317.228
1786366548.255,317.116
1786366548.357,317.024
1786366548.459,316.827
1786366548.561,315.907
1786366548.663,315.875
1786366548.765,314.273
1786366548.866,314.351
1786366548.967,315.663
1786366549.069,315.619
1786366549.171,315.697
1786366549.273,315.676
1786366549.375,315.716
1786366549.476,315.831
1786366549.578,316.141
1786366549.680,316.996
1786366549.782,315.135
1786366549.884,316.741
1786366549.985,316.727
1786366550.085,316.878
1786366550.187,316.873
1786366550.289,316.77
1786366550.391,316.776
1786366550.493,316.816
1786366550.595,316.738
1786366550.697,316.309
1786366550.797,316.343
1786366550.899,318.321
1786366551.000,316.753
1786366551.101,316.753
1786366549.953,316.716
1786366550.057,316.672
1786366550.161,316.777
1786366550.265,316.846
1786366550.366,316.916
1786366550.469,317.011
1786366550.573,317.06
1786366550.677,317.273
1786366550.778,317.299
1786366550.880,317.249
1786366550.984,317.019
1786366551.088,316.962
1786366551.193,316.86
1786366551.294,316.766
1786366551.396,316.717
1786366551.497,316.932
1786366551.598,316.863
1786366551.700,316.834
1786366551.800,316.797
1786366551.901,315.593
1786366552.002,315.515
1786366552.103,317.31
1786366552.204,317.408
1786366552.305,317.471
1786366552.406,317.514
1786366552.507,316.698
1786366552.607,316.513
1786366552.708,316.624
1786366552.808,316.654
1786366552.909,314.267
1786366553.009,315.448
1786366553.110,315.446
1786366553.210,315.433
1786366553.311,315.379
1786366553.411,315.373
1786366553.511,315.344
1786366553.613,316.393
1786366553.715,316.343
1786366553.816,314.799
1786366553.916,314.828
1786366554.017,317.181
1786366554.119,317.09
1786366554.222,317.087
1786366554.324,317.029
1786366554.426,316.978
1786366554.529,316.875
1786366554.632,316.944
1786366554.734,316.853
1786366554.835,316.882
1786366554.936,318.527
1786366555.036,318.583
1786366555.137,318.583
1786366555.237,318.624
1786366555.338,318.759
1786366555.438,317.276
1786366555.542,317.478
1786366555.645,317.472
1786366555.745,317.545
1786366555.845,317.61
1786366555.946,317.549
1786366556.046,317.624
1786366556.147,317.472
1786366556.247,317.392
1786366556.348,316.781
1786366556.448,316.222
1786366556.552,317.815
1786366556.655,317.763
1786366556.758,317.66
1786366556.862,317.647
1786366556.962,317.583
1786366557.063,317.812
1786366557.163,316.194
1786366557.267,316.088
1786366557.370,316.097
1786366557.474,316.733
1786366557.574,317.212
1786366557.675,316.034
1786366557.775,315.952
1786366557.876,316.173
1786366557.977,316.241
1786366558.078,316.032
1786366558.179,314.333
1786366558.280,315.921
1786366558.381,316.026
1786366558.482,316.113
1786366558.582,316.076
1786366558.683,316.073
1786366558.783,317.459
1786366558.884,316.002
1786366558.984,316.007
1786366559.085,315.933
1786366559.185,316.165
1786366559.285,317.84
1786366559.386,317.79
1786366559.489,317.703
1786366559.593,317.574
1786366559.695,315.954
1786366559.796,315.317
1786366559.897,315.053
1786366559.997,316.616
1786366560.098,316.578
1786366560.198,316.652
1786366560.298,316.699
1786366560.399,316.699
1786366560.502,316.512
1786366560.606,316.806
1786366560.707,316.806
1786366560.811,316.755
1786366560.914,318.28
1786366561.019,319.112
1786366561.123,319.092
1786366561.228,319.051
1786366561.332,319.111
1786366561.437,317.667
1786366561.541,317.599
1786366561.646,317.485
1786366561.751,317.496
1786366561.851,317.331
1786366561.955,317.301
1786366562.060,317.457
1786366562.165,317.369
1786366562.269,315.874
1786366562.374,315.733
1786366562.479,315.631
1786366562.584,316.989
1786366562.688,317.142
1786366562.791,317.242
1786366562.892,316.61
1786366562.996,316.606
1786366563.101,316.744
1786366563.205,316.649
1786366563.310,316.604
1786366563.415,318.019
1786366563.520,318.136
1786366563.624,318.232
1786366563.729,316.53
1786366563.834,316.369
1786366563.934,316.498
1786366564.039,317.03
1786366564.143,317.154
1786366564.248,316.942
1786366564.353,316.892
1786366564.458,316.919
1786366564.562,316.973
1786366564.667,316.827
1786366564.772,314.155
1786366564.875,315.891
1786366564.975,315.73
1786366565.080,315.744
1786366565.185,315.596
1786366565.289,315.416
1786366565.391,315.539
1786366565.496,315.491
1786366565.600,315.39
1786366565.705,315.323
1786366565.810,315.298
1786366565.914,317.793
1786366566.015,317.736
1786366566.119,317.943
1786366566.224,316.079
1786366566.329,316.325
1786366566.433,316.343
1786366566.538,316.39
1786366566.643,316.349
1786366566.747,316.433
1786366566.852,316.389
1786366566.955,316.462
1786366567.056,316.58
1786366567.160,316.543
1786366567.265,316.281
1786366567.370,317.932
1786366567.475,317.969
1786366567.579,317.939
1786366567.684,317.859
1786366567.789,316.465
1786366567.893,316.403
1786366567.998,316.477
1786366568.099,316.403
1786366568.203,315.245
1786366568.308,315.218
1786366568.413,315.429
1786366568.518,315.325
1786366568.622,315.044
1786366568.727,314.997
1786366568.831,313.405
1786366568.936,315.034
1786366569.039,314.967
1786366569.140,314.889
1786366569.244,314.908
1786366569.349,316.005
1786366569.453,316.048
1786366569.558,315.852
1786366569.662,313.816
1786366569.763,314.126
1786366569.867,314.202
1786366569.969,315.924
1786366570.073,315.765
1786366570.174,315.756
1786366570.277,315.788
1786366570.381,315.813
1786366570.486,314.363
1786366570.590,314.374
1786366570.695,314.465
1786366570.799,316.613
1786366570.904,316.371
1786366571.008,316.361
1786366571.111,314.925
1786366571.212,314.877
1786366571.316,314.918
1786366571.420,314.999
1786366571.525,315.035
1786366571.629,316.534
1786366571.734,316.725
1786366571.838,316.762
1786366571.943,316.744
1786366572.047,316.747
1786366572.152,315.405
1786366572.252,316.809
1786366572.356,317.036
1786366572.461,317.228
1786366572.565,317.309
1786366572.670,317.39
1786366572.774,317.417
1786366572.879,317.303
1786366572.983,316.705
1786366573.088,316.568
1786366573.191,316.649
1786366573.291,318.16
1786366573.396,317.057
1786366573.500,315.381
1786366573.605,313.346
1786366573.709,313.25
1786366573.813,313.137
1786366573.917,313.05
1786366574.022,312.308
1786366574.127,312.925
1786366574.231,313.282
1786366574.331,313.211
1786366574.435,312.999
1786366574.540,314.032
1786366574.644,315.463
1786366574.745,317.275
1786366574.848,317.43
1786366574.953,316.029
1786366575.053,316.025
1786366575.158,316.657
1786366575.260,316.519
1786366575.365,316.34
1786366575.469,316.438
1786366575.574,316.643
1786366575.677,316.894
1786366575.781,316.956
1786366575.886,317.048
1786366575.991,316.967
1786366576.095,316.353
1786366576.200,316.427
1786366576.304,316.542
1786366576.405,316.536
1786366576.509,316.574
1786366576.614,316.509
1786366576.718,316.48
1786366576.823,316.133
1786366576.927,316.202
1786366577.031,316.432
1786366577.135,316.361
1786366577.239,318.418
1786366577.341,318.315
1786366577.445,315.949
1786366577.549,316.094
1786366577.653,316.093
1786366577.757,316.152
1786366577.861,316.125
1786366577.965,316.294
1786366578.069,316.247
1786366578.173,316.061
1786366578.277,316.054
1786366578.382,316.27
1786366578.485,316.323
1786366578.589,317.464
1786366578.693,317.512
1786366578.797,317.402
1786366578.901,317.443
1786366579.005,317.391
1786366579.109,317.477
1786366579.213,317.53
1786366579.318,315.252
1786366579.420,315.337
1786366579.524,315.186
1786366579.628,315.189
1786366579.732,316.521
1786366579.836,316.508
1786366579.940,316.669
1786366580.045,316.705
1786366580.147,316.653
1786366580.251,316.629
1786366580.356,316.589
1786366580.460,317.521
1786366580.564,317.469
1786366580.668,317.549
1786366580.772,317.552
1786366580.876,317.486
1786366580.980,317.63
1786366581.084,317.486
1786366581.189,317.329
1786366581.293,317.338
1786366581.397,317.138
1786366581.499,317.078
1786366581.603,317.019
1786366581.707,316.967
1786366581.811,316.802
1786366581.915,316.792
1786366582.020,316.717
1786366582.120,316.556
1786366580.999,316.632
1786366581.101,316.775
1786366581.205,316.851
1786366581.309,315.289
1786366581.413,315.381
1786366581.517,316.937
1786366581.621,316.995
1786366581.725,316.285
1786366581.829,316.303
1786366581.933,316.277
1786366582.038,316.235
1786366582.142,316.183
1786366582.246,316.286
1786366582.348,316.29
1786366582.452,315.895
1786366582.556,314.711
1786366582.660,314.477
1786366582.764,314.377
1786366582.868,315.123
1786366582.972,315.176
1786366583.076,315.332
1786366583.181,315.416
1786366583.285,313.188
1786366583.389,312.879
1786366583.493,312.788
1786366583.597,314.748
1786366583.701,315.869
1786366583.805,315.87
1786366583.909,315.872
1786366584.011,314.185
1786366584.115,314.164
1786366584.219,314.053
1786366584.323,314.049
1786366584.425,316.263
1786366584.529,316.223
1786366584.630,316.458
1786366584.730,316.534
1786366584.831,316.57
1786366584.931,316.663
1786366585.032,316.706
1786366585.132,316.809
1786366585.233,316.701
1786366585.336,316.579
1786366585.440,316.469
1786366585.541,316.527
1786366585.643,316.604
1786366585.747,316.353
1786366585.851,316.288
1786366585.952,314.581
1786366586.052,314.76
1786366586.153,314.793
1786366586.253,316.354
1786366586.354,316.533
1786366586.454,316.661
1786366586.555,316.63
1786366586.655,316.63
1786366586.756,316.544
1786366586.856,316.494
1786366586.956,316.525
1786366587.057,316.54
1786366587.158,318.214
1786366587.258,318.023
1786366587.359,318.197
1786366587.459,318.138
1786366587.560,317.989
1786366587.660,317.939
1786366587.761,315.301
1786366587.861,315.449
1786366587.962,315.593
1786366588.062,315.614
1786366588.162,315.693
1786366588.263,315.719
1786366588.367,315.936
1786366588.472,315.828
1786366588.576,316.008
1786366588.679,316.105
1786366588.783,316.149
1786366588.884,317.142
1786366588.989,317.417
1786366589.090,317.377
1786366589.194,317.491
1786366589.297,317.495
1786366589.401,317.464
1786366589.505,317.287
1786366589.610,317.07
1786366589.712,317.134
1786366589.817,317.222
1786366589.920,317.444
1786366590.024,317.436
1786366590.126,316.942
1786366590.231,317.131
1786366590.335,316.97
1786366590.439,317.006
1786366590.544,317.125
1786366590.645,317.155
1786366590.748,317.415
1786366590.852,317.332
1786366590.956,317.341
1786366591.061,317.231
1786366591.164,317.116
1786366591.268,317.223
1786366591.372,317.055
1786366591.477,317.195
1786366591.581,317.302
1786366591.684,316.929
1786366591.788,316.773
1786366591.889,316.727
1786366591.993,316.756
1786366592.095,314.603
1786366592.199,314.361
1786366592.299,316.239
1786366592.400,316.303
1786366592.500,316.143
1786366592.601,316.196
1786366592.701,316.225
1786366592.802,316.579
1786366592.902,315.514
1786366593.003,315.423
1786366593.103,315.378
1786366593.204,315.378
1786366593.304,317.384
1786366593.405,317.573
1786366593.505,315.73
1786366593.605,315.661
1786366593.706,315.7
1786366593.806,315.674
1786366593.907,315.658
1786366594.011,315.754
1786366594.112,316.88
1786366594.212,316.936
1786366594.313,316.825
1786366594.414,315.205
1786366594.514,315.237
1786366594.614,317.066
1786366594.715,317.163
1786366594.815,317.233
1786366594.916,317.215
1786366595.016,317.028
1786366595.117,316.88
1786366595.217,316.925
1786366595.317,315.52
1786366595.418,315.599
1786366595.518,317.348
1786366595.619,317.353
1786366595.719,317.418
1786366595.819,317.558
1786366595.920,317.625
1786366596.020,317.656
1786366596.121,317.721
1786366596.221,317.721
1786366596.322,317.781
1786366596.422,317.684
1786366596.523,317.922
1786366596.623,317.962
1786366596.724,317.94
1786366596.824,317.853
1786366596.924,317.823
1786366597.025,317.679
1786366597.126,317.626
1786366597.226,317.569
1786366597.326,317.787
1786366597.427,317.905
1786366597.527,318.103
1786366597.628,319.339
1786366597.728,319.277
1786366597.829,318.064
1786366597.929,318.009
1786366598.030,317.977
1786366598.130,316.879
1786366598.231,316.918
1786366598.331,316.917
1786366598.432,316.837
1786366598.532,316.637
1786366598.633,316.489
1786366598.733,316.346
1786366598.834,316.281
1786366598.934,317.415
1786366599.034,317.339
1786366599.135,315.755
1786366599.236,315.755
1786366599.336,316.757
1786366599.436,316.699
1786366599.537,316.646
1786366599.637,316.437
1786366599.738,316.547
1786366599.842,316.697
1786366599.947,316.782
1786366600.051,316.83
1786366600.155,315.369
1786366600.259,315.612
1786366600.359,317.17
1786366600.460,317.191
1786366600.560,317.14
1786366600.661,317.121
1786366600.761,317.006
1786366600.861,316.914
1786366600.962,316.702
1786366601.062,316.606
1786366601.163,316.724
1786366601.267,316.364
1786366601.371,316.077
1786366601.475,316.197
1786366601.578,316.193
1786366601.682,315.844
1786366601.787,315.832
1786366601.888,315.915
1786366601.992,314.338
1786366602.093,314.38
1786366602.193,314.421
1786366602.293,314.263
1786366602.394,316.08
1786366602.494,316.274
1786366602.595,316.102
1786366602.695,316.288
1786366602.796,315.173
1786366602.896,315.187
1786366602.996,315.198
1786366603.097,316.943
1786366603.197,316.979
1786366603.298,315.778
1786366603.398,315.722
1786366603.499,315.698
1786366603.599,315.698
1786366603.700,315.588
1786366603.800,315.827
1786366603.901,315.574
1786366604.001,315.215
1786366604.102,315.203
1786366604.207,315.209
1786366604.311,315.099
1786366604.415,315.062
1786366604.515,316.315
1786366604.619,316.376
1786366604.724,316.406
1786366604.824,316.493
1786366604.924,316.293
1786366605.025,316.309
1786366605.126,318.048
1786366605.226,317.011
1786366605.327,317.075
1786366605.427,316.972
1786366605.528,316.945
1786366605.628,317.129
1786366605.729,317.084
1786366605.829,315.272
1786366605.930,315.225
1786366606.030,315.266
1786366606.131,315.574
1786366606.231,315.749
1786366606.332,316.841
1786366606.432,316.659
1786366606.532,316.783
1786366606.633,316.734
1786366606.733,315.201
1786366606.834,315.177
1786366606.934,316.953
1786366607.035,316.935
1786366607.135,316.941
1786366607.236,316.613
1786366607.336,316.613
1786366607.437,316.626
1786366607.537,316.831
1786366607.638,315.63
1786366607.738,315.697
1786366607.839,315.988
1786366607.939,317.438
1786366608.040,317.687
1786366608.140,317.944
1786366608.241,318.052
1786366608.341,318.128
1786366608.442,318.376
1786366608.542,315.384
1786366608.643,315.21
1786366608.743,316.633
1786366608.844,316.544
1786366608.944,316.393
1786366609.049,316.376
1786366609.153,316.373
1786366609.253,316.16
1786366609.354,316.271
1786366609.454,316.316
1786366609.555,316.087
1786366609.655,319.128
1786366609.756,317.932
1786366609.856,317.969
1786366609.957,317.997
1786366610.057,318.027
1786366610.158,317.977
1786366610.258,317.857
1786366610.359,317.773
1786366610.459,317.609
1786366610.560,317.464
1786366610.661,317.464
1786366610.761,317.792
1786366610.862,317.722
1786366610.962,319.004
1786366611.062,318.95
1786366611.163,317.769
1786366611.264,317.76
1786366611.364,317.809
1786366611.464,317.842
1786366611.565,317.906
1786366611.665,317.928
1786366611.770,317.319
1786366611.874,317.192
1786366611.979,317.298
1786366612.083,317.381
1786366612.185,317.561
1786366612.289,316.358
1786366612.393,316.381
1786366612.497,316.299
1786366612.602,316.248
1786366612.706,316.367
1786366612.810,316.335
1786366612.915,317.018
1786366613.019,316.838
1786366613.119,316.783
1786366611.996,316.539
1786366612.097,316.402
1786366612.201,318.808
1786366612.305,318.995
1786366612.409,319.104
1786366612.513,318.044
1786366612.618,316.609
1786366612.722,316.812
1786366612.827,316.826
1786366612.931,316.962
1786366613.035,317.018
1786366613.140,317.167
1786366613.243,317.099
1786366613.348,317.012
1786366613.452,316.621
1786366613.556,316.682
1786366613.661,317.792
1786366613.765,319.119
1786366613.870,318.958
1786366613.974,317.357
1786366614.079,317.272
1786366614.181,317.135
1786366614.286,317.076
1786366614.390,317.039
1786366614.494,316.951
1786366614.599,316.961
1786366614.703,316.581
1786366614.807,316.521
1786366614.912,316.604
1786366615.016,314.955
1786366615.120,316.367
1786366615.225,316.479
1786366615.329,316.503
1786366615.433,316.391
1786366615.537,316.438
1786366615.642,316.408
1786366615.746,315.184
1786366615.850,315.489
1786366615.955,315.478
1786366616.059,315.328
1786366616.164,316.914
1786366616.268,317.066
1786366616.371,316.976
1786366616.476,316.94
1786366616.580,317.215
1786366616.684,317.107
1786366616.789,317.211
1786366616.893,318.559
1786366616.998,318.457
1786366617.098,318.526
1786366617.198,318.604
1786366617.299,318.586
1786366617.399,318.486
1786366617.500,318.764
1786366617.601,316.978
1786366617.701,316.215
1786366617.802,315.991
1786366617.902,316.019
1786366618.003,316.019
1786366618.107,316.026
1786366618.211,315.936
1786366618.312,315.941
1786366618.412,314.025
1786366618.513,314.255
1786366618.613,313.947
1786366618.714,315.935
1786366618.814,316.45
1786366618.915,316.721
1786366619.015,316.653
1786366619.116,316.642
1786366619.216,316.642
1786366619.317,316.619
1786366619.417,316.664
1786366619.517,316.678
1786366619.618,318.663
1786366619.718,318.643
1786366619.819,318.718
1786366619.920,318.539
1786366620.020,318.567
1786366620.121,318.578
1786366620.221,318.579
1786366620.322,318.563
1786366620.422,318.502
1786366620.522,315.534
1786366620.623,315.602
1786366620.723,315.519
1786366620.824,315.294
1786366620.924,315.239
1786366621.026,315.224
1786366621.128,315.231
1786366621.230,315.229
1786366621.331,315.248
1786366621.433,315.325
1786366621.534,313.995
1786366621.636,316.929
1786366621.736,316.835
1786366621.837,317.101
1786366621.938,317.228
1786366622.039,317.32
1786366622.140,317.359
1786366622.241,317.46
1786366622.342,315.986
1786366622.443,315.986
1786366622.543,316.086
1786366622.644,316.056
1786366622.744,317.536
1786366622.844,317.626
1786366622.947,316.573
1786366623.052,316.531
1786366623.156,316.538
1786366623.261,316.575
1786366623.363,314.813
1786366623.468,314.853
1786366623.572,316.487
1786366623.676,316.572
1786366623.781,316.658
1786366623.884,316.578
1786366623.989,316.578
1786366624.093,317.443
1786366624.197,317.353
1786366624.302,317.175
1786366624.402,317.118
1786366624.504,318.907
1786366624.605,318.738
1786366624.705,318.507
1786366624.806,318.472
1786366624.906,318.287
1786366625.007,318.329
1786366625.108,318.326
1786366625.208,318.525
1786366625.309,318.576
1786366625.410,318.617
1786366625.511,318.419
1786366625.611,316.415
1786366625.712,316.404
1786366625.813,316.557
1786366625.914,316.496
1786366626.015,316.592
1786366626.116,316.536
1786366626.217,316.541
1786366626.317,316.403
1786366626.418,316.345
1786366626.519,316.468
1786366626.620,315.3
1786366626.721,317.235
1786366626.821,317.326
1786366626.922,317.294
1786366627.023,317.237
1786366627.124,317.237
1786366627.225,317.393
1786366627.326,317.334
1786366627.426,317.241
1786366627.527,317.316
1786366627.627,317.185
1786366627.728,317.083
1786366627.829,318.375
1786366627.929,318.383
1786366628.030,318.291
1786366628.131,316.817
1786366628.232,315.744
1786366628.334,315.768
1786366628.436,315.957
1786366628.540,315.915
1786366628.644,315.946
1786366628.748,315.919
1786366628.852,314.573
1786366628.955,314.427
1786366629.059,314.274
1786366629.163,314.292
1786366629.264,315.644
1786366629.368,316.662
1786366629.470,316.459
1786366629.574,316.357
1786366629.679,316.465
1786366629.780,316.472
1786366629.884,316.746
1786366629.986,318.187
1786366630.090,316.656
1786366630.194,316.74
1786366630.298,316.818
1786366630.402,317.019
1786366630.505,316.273
1786366630.609,316.209
1786366630.713,316.093
1786366630.817,316.019
1786366630.919,315.967
1786366631.022,315.855
1786366631.123,315.666
