t,gpu0_w
1786361186.903,255.856
1786361187.005,236.727
1786361187.105,217.207
1786361187.208,196.891
1786361187.312,178.26
1786361187.412,157.609
1786361187.512,138.139
1786361187.613,119.06
1786361187.713,98.302
1786361187.814,91.842
1786361187.914,91.681
1786361188.014,91.379
1786361188.115,91.43
1786361188.215,91.351
1786361188.315,91.344
1786361188.416,91.246
1786361188.517,91.217
1786361188.619,88.754
1786361188.723,86.035
1786361188.827,82.233
1786361188.927,78.253
1786361189.031,74.271
1786361189.133,70.274
1786361189.237,66.307
1786361189.341,62.358
1786361189.445,58.356
1786361189.549,54.448
1786361189.653,50.507
1786361189.757,48.982
1786361189.861,47.688
1786361189.965,47.499
1786361190.065,47.476
1786361190.168,47.472
1786361190.272,47.421
1786361190.376,47.397
1786361190.480,47.388
1786361190.584,47.383
1786361190.688,49.029
1786361190.792,52.3
1786361190.896,71.715
1786361190.999,92.068
1786361191.102,115.839
1786361191.206,139.974
1786361191.310,164.171
1786361191.414,188.46
1786361191.518,212.738
1786361191.622,236.975
1786361191.726,261.29
1786361191.830,280.621
1786361191.934,301.772
1786361192.038,306.676
1786361192.142,310.607
1786361192.246,311.188
1786361192.350,311.285
1786361192.454,311.356
1786361192.558,311.333
1786361192.662,311.328
1786361192.766,311.436
1786361192.870,311.539
1786361192.971,312.986
1786361193.075,313.028
1786361193.179,313.291
1786361193.283,313.326
1786361193.387,313.212
1786361193.491,313.321
1786361193.595,313.376
1786361193.699,313.433
1786361193.803,313.503
1786361193.904,312.023
1786361194.005,311.843
1786361194.109,313.686
1786361194.213,313.467
1786361194.317,313.175
1786361194.421,313.276
1786361194.525,313.395
1786361194.629,313.382
1786361194.729,311.519
1786361194.833,311.937
1786361194.937,311.973
1786361195.038,313.393
1786361195.142,313.451
1786361195.246,313.562
1786361195.349,313.587
1786361195.453,313.646
1786361195.557,313.583
1786361195.659,312.166
1786361195.763,312.201
1786361195.867,314.038
1786361195.970,313.688
1786361196.074,313.751
1786361196.178,313.961
1786361196.282,314.069
1786361196.386,314.057
1786361196.490,314.173
1786361196.594,314.219
1786361196.694,312.921
1786361196.798,314.402
1786361196.901,314.418
1786361197.005,313.462
1786361197.109,313.511
1786361197.213,313.589
1786361197.317,313.479
1786361197.421,313.416
1786361197.525,313.398
1786361197.629,313.464
1786361197.733,313.528
1786361197.834,314.937
1786361197.938,314.943
1786361198.042,314.965
1786361198.144,314.628
1786361198.248,314.531
1786361198.351,314.375
1786361198.454,314.333
1786361198.558,314.631
1786361198.662,314.6
1786361198.766,314.584
1786361198.866,314.484
1786361198.970,314.367
1786361199.071,312.778
1786361199.175,312.104
1786361199.279,313.54
1786361199.382,313.612
1786361199.486,313.643
1786361199.588,313.73
1786361199.692,313.655
1786361199.795,313.761
1786361199.899,313.792
1786361200.002,312.459
1786361200.104,312.703
1786361200.207,314.272
1786361200.311,314.953
1786361200.414,314.931
1786361200.518,314.965
1786361200.622,314.941
1786361200.726,314.916
1786361200.830,314.787
1786361200.934,314.832
1786361201.037,314.933
1786361201.141,316.487
1786361201.245,316.341
1786361201.349,316.389
1786361201.453,316.388
1786361201.556,316.277
1786361201.659,314.717
1786361201.762,314.721
1786361201.866,314.786
1786361201.970,314.688
1786361202.074,314.576
1786361202.178,313.381
1786361202.279,313.047
1786361202.381,311.633
1786361202.484,311.574
1786361202.588,311.59
1786361202.692,311.7
1786361202.796,313.128
1786361202.901,313.065
1786361203.005,312.909
1786361203.109,313.025
1786361203.209,311.856
1786361203.313,312.81
1786361203.417,313.031
1786361203.521,314.365
1786361203.625,314.351
1786361203.729,314.524
1786361203.833,314.492
1786361203.937,314.558
1786361204.041,314.607
1786361204.144,314.88
1786361204.245,312.701
1786361204.349,314.028
1786361204.453,314.231
1786361204.557,314.235
1786361204.661,314.241
1786361204.761,312.856
1786361204.865,312.706
1786361204.969,312.75
1786361205.073,312.818
1786361205.178,312.954
1786361205.282,312.84
1786361205.386,315.214
1786361205.486,313.547
1786361205.589,313.532
1786361205.693,313.584
1786361205.797,313.793
1786361205.901,315.383
1786361206.005,315.333
1786361206.109,315.427
1786361206.213,315.534
1786361206.317,315.495
1786361206.418,313.814
1786361206.522,313.638
1786361206.626,315.256
1786361206.730,315.215
1786361206.834,315.153
1786361206.938,314.992
1786361207.042,314.828
1786361207.146,314.924
1786361207.246,314.892
1786361207.349,312.497
1786361207.453,312.641
1786361207.557,314.342
1786361207.661,314.423
1786361207.765,314.473
1786361207.869,314.52
1786361207.973,314.596
1786361208.077,314.615
1786361208.182,314.648
1786361208.286,314.643
1786361208.390,314.707
1786361208.491,315.676
1786361208.595,315.564
1786361208.699,315.542
1786361208.803,315.588
1786361208.905,315.581
1786361209.009,315.599
1786361209.109,314.981
1786361209.210,314.981
1786361209.314,314.989
1786361209.415,315.171
1786361208.388,315.296
1786361208.489,315.174
1786361208.593,316.469
1786361208.693,316.415
1786361208.797,314.829
1786361208.901,314.654
1786361209.005,314.494
1786361209.109,314.307
1786361209.213,314.926
1786361209.316,314.882
1786361209.417,314.57
1786361209.519,312.899
1786361209.623,312.99
1786361209.727,312.986
1786361209.831,313.006
1786361209.935,314.567
1786361210.039,314.64
1786361210.139,314.759
1786361210.243,313.559
1786361210.347,313.418
1786361210.451,313.375
1786361210.554,313.451
1786361210.658,314.906
1786361210.762,314.693
1786361210.862,314.692
1786361210.964,313.315
1786361211.067,313.236
1786361211.171,313.111
1786361211.275,313.246
1786361211.379,314.458
1786361211.482,313.417
1786361211.586,313.382
1786361211.686,313.347
1786361211.787,313.319
1786361211.889,312.006
1786361211.993,311.969
1786361212.097,313.285
1786361212.201,313.416
1786361212.302,313.706
1786361212.404,313.572
1786361212.507,311.651
1786361212.611,312.77
1786361212.714,312.886
1786361212.818,312.897
1786361212.922,313.034
1786361213.026,314.548
1786361213.126,314.709
1786361213.230,314.842
1786361213.334,314.836
1786361213.437,314.654
1786361213.539,313.018
1786361213.643,315.018
1786361213.746,315.054
1786361213.850,315.106
1786361213.954,315.139
1786361214.057,315.328
1786361214.161,315.249
1786361214.265,315.187
1786361214.365,313.432
1786361214.469,313.83
1786361214.572,313.73
1786361214.676,315.283
1786361214.779,315.288
1786361214.883,315.2
1786361214.987,315.144
1786361215.090,315.129
1786361215.191,314.925
1786361215.293,313.565
1786361215.397,313.511
1786361215.500,315.277
1786361215.604,314.85
1786361215.708,314.964
1786361215.811,315.067
1786361215.912,313.33
1786361216.016,313.39
1786361216.120,313.454
1786361216.223,313.764
1786361216.327,313.69
1786361216.431,315.134
1786361216.534,315.149
1786361216.638,314.071
1786361216.742,314.09
1786361216.845,314.111
1786361216.949,314.326
1786361217.052,316.126
1786361217.156,316.185
1786361217.260,316.215
1786361217.364,316.03
1786361217.465,314.462
1786361217.569,314.841
1786361217.673,314.939
1786361217.774,315.982
1786361217.878,315.988
1786361217.978,316.013
1786361218.081,315.116
1786361218.183,315.17
1786361218.286,315.425
1786361218.390,315.507
1786361218.494,315.542
1786361218.599,317.331
1786361218.703,317.049
1786361218.805,315.566
1786361218.909,315.56
1786361219.014,315.562
1786361219.118,315.574
1786361219.223,316.227
1786361219.327,316.32
1786361219.432,316.105
1786361219.536,315.966
1786361219.641,315.952
1786361219.745,315.881
1786361219.850,315.77
1786361219.954,317.336
1786361220.059,317.318
1786361220.159,317.287
1786361220.263,314.572
1786361220.367,313.92
1786361220.472,313.601
1786361220.577,313.465
1786361220.681,313.384
1786361220.785,313.375
1786361220.889,313.414
1786361220.989,313.497
1786361221.094,311.889
1786361221.198,311.801
1786361221.303,311.729
1786361221.407,314.527
1786361221.512,315.121
1786361221.616,315.263
1786361221.720,315.294
1786361221.825,314.078
1786361221.929,313.975
1786361222.034,314.066
1786361222.135,312.304
1786361222.240,313.934
1786361222.344,313.895
1786361222.449,314.144
1786361222.553,313.907
1786361222.658,313.944
1786361222.762,313.834
1786361222.867,313.735
1786361222.969,313.711
1786361223.073,313.758
1786361223.178,313.464
1786361223.282,315.104
1786361223.386,314.858
1786361223.491,314.999
1786361223.595,314.823
1786361223.696,314.892
1786361223.800,313.764
1786361223.905,313.896
1786361224.009,314.061
1786361224.113,315.4
1786361224.218,315.371
1786361224.322,315.584
1786361224.427,315.646
1786361224.527,315.725
1786361224.630,313.605
1786361224.734,313.652
1786361224.839,313.69
1786361224.943,314.877
1786361225.048,314.898
1786361225.152,314.879
1786361225.256,314.856
1786361225.361,314.942
1786361225.465,314.841
1786361225.570,314.877
1786361225.675,315.096
1786361225.779,317.286
1786361225.881,315.554
1786361225.985,315.492
1786361226.090,315.633
1786361226.194,315.49
1786361226.299,315.447
1786361226.403,315.444
1786361226.507,315.379
1786361226.608,315.301
1786361226.709,313.457
1786361226.813,311.192
1786361226.917,311.352
1786361227.021,311.865
1786361227.126,311.791
1786361227.230,311.567
1786361227.332,311.208
1786361227.433,311.187
1786361227.536,309.331
1786361227.641,309.254
1786361227.741,309.296
1786361227.845,311.062
1786361227.949,313.074
1786361228.052,312.1
1786361228.156,313.149
1786361228.260,313.41
1786361228.363,313.327
1786361228.467,313.706
1786361228.571,313.644
1786361228.671,314.136
1786361228.775,314.083
1786361228.880,314.009
1786361228.984,313.925
1786361229.087,313.828
1786361229.191,314.547
1786361229.295,314.601
1786361229.399,314.4
1786361229.503,314.736
1786361229.607,314.736
1786361229.711,314.708
1786361229.812,314.115
1786361229.916,314.307
1786361230.020,314.355
1786361230.124,314.339
1786361230.229,314.469
1786361230.332,314.448
1786361230.437,314.443
1786361230.537,313.002
1786361230.641,312.792
1786361230.745,312.825
1786361230.849,312.948
1786361230.954,314.975
1786361231.058,314.925
1786361231.162,314.88
1786361231.266,315.16
1786361231.366,313.677
1786361231.470,313.614
1786361231.574,313.697
1786361231.678,315.402
1786361231.780,315.401
1786361231.884,315.438
1786361231.988,315.426
1786361232.092,315.32
1786361232.196,314.206
1786361232.297,312.861
1786361232.401,312.578
1786361232.505,314.065
1786361232.609,314.093
1786361232.714,314.109
1786361232.818,314.009
1786361232.922,313.894
1786361233.026,313.884
1786361233.130,313.802
1786361233.233,311.812
1786361233.337,312.901
1786361233.437,314.326
1786361233.541,314.375
1786361233.646,314.314
1786361233.750,314.316
1786361233.852,314.284
1786361233.956,314.14
1786361234.060,314.335
1786361234.165,314.494
1786361234.265,312.937
1786361234.369,314.851
1786361234.473,314.898
1786361234.577,315.045
1786361234.680,315.042
1786361234.784,315.188
1786361234.887,315.277
1786361234.991,315.326
1786361235.094,315.453
1786361235.198,315.412
1786361235.299,312.903
1786361235.403,314.554
1786361235.506,314.814
1786361235.610,314.919
1786361235.713,314.862
1786361235.817,315.126
1786361235.921,315.202
1786361236.024,315.164
1786361236.128,315.246
1786361236.228,313.746
1786361236.332,314.023
1786361236.435,316.444
1786361236.539,316.382
1786361236.642,316.35
1786361236.746,316.255
1786361236.849,316.143
1786361236.953,315.953
1786361237.056,315.895
1786361237.160,315.976
1786361237.263,315.955
1786361237.367,316.329
1786361237.470,315.776
1786361237.574,315.689
1786361237.677,315.783
1786361237.779,315.693
1786361237.882,315.662
1786361237.983,315.16
1786361238.086,315.204
1786361238.187,315.104
1786361238.290,313.455
1786361238.394,313.347
1786361238.494,314.416
1786361238.598,314.708
1786361238.701,314.789
1786361238.805,314.788
1786361238.908,314.785
1786361239.011,314.734
1786361239.115,315.31
1786361239.218,313.476
1786361239.321,313.571
1786361239.425,315.178
1786361239.528,315.22
1786361239.631,315.331
1786361239.735,315.269
1786361239.838,315.254
1786361239.942,315.203
1786361240.045,315.153
1786361240.147,313.107
1786361240.251,312.991
1786361240.354,314.837
1786361240.458,314.704
1786361240.559,314.761
1786361239.504,314.751
1786361239.606,314.652
1786361239.709,314.838
1786361239.810,313.191
1786361239.913,313.356
1786361240.017,313.394
1786361240.120,315.631
1786361240.223,315.782
1786361240.327,315.692
1786361240.430,315.72
1786361240.534,315.733
1786361240.635,313.332
1786361240.738,313.329
1786361240.842,313.259
1786361240.945,314.981
1786361241.049,314.864
1786361241.150,314.873
1786361241.253,314.868
1786361241.354,312.728
1786361241.456,311.852
1786361241.559,311.867
1786361241.663,311.822
1786361241.766,314.258
1786361241.870,314.335
1786361241.973,314.268
1786361242.077,314.281
1786361242.180,314.139
1786361242.281,313.768
1786361242.384,312.59
1786361242.488,314.585
1786361242.592,315.515
1786361242.695,315.554
1786361242.799,315.746
1786361242.900,315.747
1786361243.000,315.67
1786361243.101,315.703
1786361243.202,315.703
1786361243.302,315.567
1786361243.402,315.748
1786361243.503,316.151
1786361243.603,316.524
1786361243.703,315.935
1786361243.803,315.875
1786361243.904,315.772
1786361244.004,315.621
1786361244.105,315.577
1786361244.206,315.606
1786361244.306,315.7
1786361244.407,314.256
1786361244.507,314.228
1786361244.608,314.29
1786361244.708,314.964
1786361244.809,315.602
1786361244.913,315.591
1786361245.017,315.538
1786361245.120,313.017
1786361245.224,313.024
1786361245.327,312.905
1786361245.431,312.764
1786361245.535,314.233
1786361245.639,314.328
1786361245.743,314.203
1786361245.844,314.23
1786361245.945,312.155
1786361246.047,312.074
1786361246.148,312.148
1786361246.249,314.476
1786361246.351,314.496
1786361246.452,314.402
1786361246.554,314.376
1786361246.655,314.157
1786361246.757,314.022
1786361246.859,314.04
1786361246.960,312.152
1786361247.062,314.281
1786361247.163,314.491
1786361247.265,314.486
1786361247.367,314.57
1786361247.469,314.575
1786361247.571,314.812
1786361247.673,314.895
1786361247.775,313.82
1786361247.877,313.823
1786361247.979,313.905
1786361248.081,315.785
1786361248.184,315.993
1786361248.286,315.948
1786361248.389,316.088
1786361248.491,316.211
1786361248.594,314.469
1786361248.696,314.398
1786361248.799,314.391
1786361248.901,315.718
1786361249.003,315.688
1786361249.105,315.636
1786361249.208,315.652
1786361249.310,315.383
1786361249.412,315.383
1786361249.514,315.392
1786361249.617,315.32
1786361249.719,315.36
1786361249.822,317.092
1786361249.924,317.034
1786361250.027,316.962
1786361250.130,316.934
1786361250.232,315.24
1786361250.335,315.163
1786361250.438,315.119
1786361250.541,315.049
1786361250.644,315.001
1786361250.747,315.006
1786361250.850,314.874
1786361250.953,312.484
1786361251.054,312.641
1786361251.154,312.647
1786361251.255,312.925
1786361251.355,314.692
1786361251.456,314.784
1786361251.559,314.828
1786361251.663,314.927
1786361251.763,313.662
1786361251.864,312.788
1786361251.964,312.758
1786361252.068,315.035
1786361252.171,314.782
1786361252.275,314.735
1786361252.379,314.483
1786361252.483,314.698
1786361252.587,314.759
1786361252.691,314.769
1786361252.794,314.822
1786361252.897,314.306
1786361253.000,315.238
1786361253.104,315.456
1786361253.208,315.6
1786361253.312,315.797
1786361253.416,315.785
1786361253.520,315.713
1786361253.620,314.072
1786361253.724,314.147
1786361253.827,314.093
1786361253.931,314.024
1786361254.035,315.848
1786361254.139,315.844
1786361254.243,315.738
1786361254.347,315.817
1786361254.447,315.725
1786361254.550,314.438
1786361254.654,314.561
1786361254.757,315.992
1786361254.861,315.969
1786361254.965,316.178
1786361255.069,316.517
1786361255.173,316.572
1786361255.273,316.499
1786361255.375,314.995
1786361255.479,315.035
1786361255.581,315.208
1786361255.684,316.632
1786361255.788,316.605
1786361255.892,316.572
1786361255.996,316.579
1786361256.100,316.512
1786361256.200,314.865
1786361256.304,314.805
1786361256.408,314.878
1786361256.512,316.309
1786361256.612,316.281
1786361256.716,316.197
1786361256.816,316.237
1786361256.918,313.896
1786361257.022,313.043
1786361257.126,312.899
1786361257.230,312.887
1786361257.331,314.224
1786361257.434,314.19
1786361257.538,314.138
1786361257.638,313.382
1786361257.742,312.896
1786361257.842,312.812
1786361257.946,312.753
1786361258.050,315.16
1786361258.154,316.041
1786361258.258,316.082
1786361258.362,316.146
1786361258.466,316.232
1786361258.569,316.33
1786361258.673,316.343
1786361258.777,317.13
1786361258.881,317.572
1786361258.985,317.651
1786361259.088,317.617
1786361259.192,317.57
1786361259.294,315.852
1786361259.398,315.832
1786361259.501,315.748
1786361259.605,315.631
1786361259.709,315.54
1786361259.813,315.524
1786361259.913,315.73
1786361260.016,313.516
1786361260.120,313.667
1786361260.224,313.617
1786361260.328,313.57
1786361260.432,315.286
1786361260.533,315.223
1786361260.635,312.939
1786361260.738,312.85
1786361260.842,312.867
1786361260.946,312.904
1786361261.050,312.614
1786361261.154,314.91
1786361261.257,314.626
1786361261.361,314.622
1786361261.465,314.612
1786361261.569,314.51
1786361261.670,312.217
1786361261.774,314.416
1786361261.878,314.578
1786361261.982,314.529
1786361262.085,314.404
1786361262.189,313.335
1786361262.293,313.132
1786361262.397,313.206
1786361262.501,313.289
1786361262.604,313.303
1786361262.706,313.335
1786361262.808,314.246
1786361262.912,314.171
1786361263.015,314.116
1786361263.119,314.141
1786361263.223,314.388
1786361263.327,315.374
1786361263.431,315.451
1786361263.534,315.349
1786361263.638,315.22
1786361263.739,313.974
1786361263.843,314.031
1786361263.946,315.458
1786361264.050,315.556
1786361264.154,315.64
1786361264.258,315.73
1786361264.362,315.566
1786361264.466,315.73
1786361264.570,315.686
1786361264.674,316.004
1786361264.777,316.03
1786361264.881,317.238
1786361264.985,317.169
1786361265.089,317.176
1786361265.193,317.158
1786361265.296,317.055
1786361265.400,316.854
1786361265.502,314.932
1786361265.606,314.864
1786361265.709,314.845
1786361265.813,314.654
1786361265.917,314.931
1786361266.021,314.893
1786361266.125,314.941
1786361266.228,314.952
1786361266.332,314.994
1786361266.437,312.975
1786361266.540,313.041
1786361266.642,314.931
1786361266.746,314.982
1786361266.846,314.513
1786361266.949,314.44
1786361267.050,314.235
1786361267.154,312.628
1786361267.257,312.63
1786361267.358,311.526
1786361267.461,311.489
1786361267.565,313.544
1786361267.669,313.52
1786361267.771,313.661
1786361267.875,313.76
1786361267.977,312.856
1786361268.080,312.97
1786361268.184,312.919
1786361268.288,314.734
1786361268.392,314.681
1786361268.496,315.814
1786361268.599,315.742
1786361268.703,315.656
1786361268.807,315.743
1786361268.911,315.73
1786361269.012,313.503
1786361269.116,314.871
1786361269.220,314.826
1786361269.324,314.816
1786361269.428,314.609
1786361269.531,314.841
1786361269.635,314.821
1786361269.739,314.92
1786361269.843,314.982
1786361269.947,314.912
1786361270.051,314.792
1786361270.155,316.875
1786361270.258,316.999
1786361270.362,317.062
1786361270.463,315.602
1786361270.564,315.652
1786361270.668,315.342
1786361270.772,315.24
1786361270.876,315.225
1786361270.979,315.384
1786361271.083,315.454
1786361271.185,315.515
1786361271.286,313.641
1786361271.389,313.548
1786361271.493,313.568
1786361271.596,314.971
1786361271.700,314.988
1786361270.706,315.085
1786361270.809,315.217
1786361270.913,315.246
1786361271.016,313.561
1786361271.120,313.599
1786361271.224,313.534
1786361271.327,315.441
1786361271.431,314.335
1786361271.535,314.305
1786361271.639,314.456
1786361271.740,314.512
1786361271.844,314.593
1786361271.944,314.538
1786361272.046,313.238
1786361272.150,314.912
1786361272.254,314.899
1786361272.358,315.047
1786361272.461,315.108
1786361272.565,316.319
1786361272.669,316.332
1786361272.773,316.279
1786361272.873,314.277
1786361272.977,314.23
1786361273.081,314.329
1786361273.185,315.703
1786361273.289,315.599
1786361273.392,315.727
1786361273.496,315.604
1786361273.600,315.675
1786361273.704,315.655
1786361273.805,314.265
1786361273.909,314.269
1786361274.013,316.355
1786361274.116,316.386
1786361274.220,316.415
1786361274.324,316.369
1786361274.428,316.453
1786361274.532,316.31
1786361274.633,315.06
1786361274.737,315.031
1786361274.841,315.141
1786361274.945,316.531
1786361275.049,316.663
1786361275.152,316.511
1786361275.256,316.552
1786361275.357,316.619
1786361275.459,314.966
1786361275.561,314.955
1786361275.665,315.046
1786361275.767,315.78
1786361275.867,315.862
1786361275.970,315.712
1786361276.074,315.617
1786361276.178,315.506
1786361276.282,315.485
1786361276.386,315.399
1786361276.489,315.234
1786361276.593,315.847
1786361276.697,315.679
1786361276.798,314.066
1786361276.902,314.723
1786361277.006,314.493
1786361277.110,314.416
1786361277.213,314.305
1786361277.317,314.257
1786361277.421,314.266
1786361277.522,313.383
1786361277.625,312.559
1786361277.729,313.434
1786361277.833,313.417
1786361277.937,314.726
1786361278.040,314.627
1786361278.144,314.682
1786361278.248,314.633
1786361278.352,314.732
1786361278.456,314.735
1786361278.559,314.686
1786361278.660,313.892
1786361278.764,314.723
1786361278.868,314.689
1786361278.972,314.792
1786361279.076,314.909
1786361279.179,314.947
1786361279.283,315.119
1786361279.387,315.173
1786361279.491,315.233
1786361279.595,315.316
1786361279.699,315.395
1786361279.803,317.124
1786361279.903,315.299
1786361280.007,315.394
1786361280.111,315.378
1786361280.215,315.5
1786361280.319,314.97
1786361280.423,314.718
1786361280.527,314.798
1786361280.628,313.453
1786361280.732,313.549
1786361280.836,313.549
1786361280.940,313.632
1786361281.044,315.526
1786361281.148,315.573
1786361281.252,315.629
1786361281.355,315.644
1786361281.456,314.752
1786361281.559,314.845
1786361281.662,314.813
1786361281.766,315.315
1786361281.868,315.212
1786361281.972,315.252
1786361282.076,315.195
1786361282.180,315.185
1786361282.284,315.192
1786361282.387,315.143
1786361282.491,315.132
1786361282.593,315.247
1786361282.697,315.314
1786361282.801,315.358
1786361282.905,316.308
1786361283.008,316.33
1786361283.112,316.49
1786361283.214,315.079
1786361283.315,314.981
1786361283.417,315.015
1786361283.521,315.226
1786361283.625,315.242
1786361283.729,316.577
1786361283.829,316.559
1786361283.931,316.618
1786361284.034,315.183
1786361284.137,315.157
1786361284.241,314.991
1786361284.345,316.302
1786361284.449,316.305
1786361284.553,314.281
1786361284.657,314.012
1786361284.760,313.974
1786361284.862,313.956
1786361284.963,313.956
1786361285.067,312.343
1786361285.171,311.646
1786361285.275,313.22
1786361285.378,313.245
1786361285.482,313.452
1786361285.585,313.452
1786361285.687,313.811
1786361285.790,313.488
1786361285.891,313.102
1786361285.994,313.098
1786361286.098,313.047
1786361286.201,314.719
1786361286.305,315.289
1786361286.408,314.549
1786361286.512,313.679
1786361286.616,313.575
1786361286.719,313.509
1786361286.820,313.243
1786361286.921,315.555
1786361287.025,315.006
1786361287.129,314.946
1786361287.232,314.984
1786361287.336,314.902
1786361287.439,314.725
1786361287.539,315.281
1786361287.643,314.38
1786361287.747,314.491
1786361287.848,314.474
1786361287.951,314.481
1786361288.055,314.56
1786361288.158,315.622
1786361288.262,315.669
1786361288.366,315.816
1786361288.468,316.0
1786361288.572,314.004
1786361288.676,313.867
1786361288.779,315.325
1786361288.880,315.326
1786361288.983,315.318
1786361289.087,315.293
1786361289.191,315.202
1786361289.292,315.052
1786361289.395,313.65
1786361289.499,313.287
1786361289.603,313.096
1786361289.706,315.299
1786361289.807,315.543
1786361289.911,315.731
1786361290.014,315.782
1786361290.118,315.748
1786361290.221,314.3
1786361290.325,314.4
1786361290.429,314.457
1786361290.533,315.886
1786361290.637,315.911
1786361290.740,315.952
1786361290.844,315.851
1786361290.947,315.738
1786361291.050,315.694
1786361291.154,315.688
1786361291.257,313.531
1786361291.357,314.965
1786361291.461,314.925
1786361291.565,315.001
1786361291.669,315.044
1786361291.769,315.244
1786361291.871,315.252
1786361291.973,315.65
1786361292.074,315.742
1786361292.178,314.497
1786361292.282,314.498
1786361292.383,315.99
1786361292.487,315.299
1786361292.591,315.329
1786361292.695,315.315
1786361292.798,315.313
1786361292.899,315.281
1786361293.002,315.266
1786361293.106,315.128
1786361293.208,313.259
1786361293.311,314.465
1786361293.415,314.34
1786361293.519,314.909
1786361293.623,315.836
1786361293.727,315.59
1786361293.827,315.541
1786361293.929,315.425
1786361294.032,315.439
1786361294.136,315.304
1786361294.240,315.097
1786361294.342,314.597
1786361294.445,314.494
1786361294.549,314.51
1786361294.653,314.54
1786361294.757,314.46
1786361294.859,314.486
1786361294.962,314.433
1786361295.065,314.507
1786361295.169,314.492
1786361295.273,314.617
1786361295.374,314.636
1786361295.476,315.328
1786361295.578,315.364
1786361295.682,315.296
1786361295.786,314.614
1786361295.887,314.602
1786361295.989,314.849
1786361296.093,314.877
1786361296.197,314.856
1786361296.299,313.348
1786361296.399,313.234
1786361296.503,313.208
1786361296.607,314.752
1786361296.711,314.75
1786361296.811,314.786
1786361296.912,315.398
1786361297.016,315.15
1786361297.117,315.052
1786361297.217,313.316
1786361297.321,312.466
1786361297.425,313.958
1786361297.529,314.013
1786361297.633,314.135
1786361297.737,314.292
1786361297.837,314.38
1786361297.939,314.415
1786361298.043,314.524
1786361298.146,314.711
1786361298.247,313.018
1786361298.350,314.962
1786361298.454,315.776
1786361298.558,315.963
1786361298.661,315.928
1786361298.765,315.87
1786361298.867,315.879
1786361298.967,315.93
1786361299.069,314.62
1786361299.173,314.625
1786361299.276,314.467
1786361299.377,316.071
1786361299.478,315.848
1786361299.582,315.961
1786361299.685,315.787
1786361299.786,315.925
1786361299.887,314.653
1786361299.991,314.633
1786361300.092,314.665
1786361300.196,316.089
1786361300.300,316.25
1786361300.401,316.355
1786361300.505,316.426
1786361300.609,316.489
1786361300.711,315.197
1786361300.815,315.173
1786361300.919,315.094
1786361301.022,316.319
1786361301.126,316.351
1786361301.230,316.36
1786361301.334,316.283
1786361301.437,316.215
1786361301.539,314.63
1786361301.643,314.598
1786361301.747,314.673
1786361301.847,315.97
1786361301.949,315.952
1786361302.053,315.915
1786361302.153,314.307
1786361302.257,314.166
1786361302.358,314.125
1786361302.462,313.231
1786361302.565,313.153
1786361302.669,314.747
1786361302.770,314.747
1786361301.762,314.808
1786361301.863,314.799
1786361301.967,314.776
1786361302.071,314.868
1786361302.172,315.001
1786361302.272,315.232
1786361302.376,315.269
1786361302.480,315.313
1786361302.584,316.169
1786361302.686,316.387
1786361302.788,316.304
1786361302.892,316.296
1786361302.996,316.259
1786361303.097,316.113
1786361303.199,314.808
1786361303.302,314.682
1786361303.406,316.042
1786361303.510,316.015
1786361303.614,315.896
1786361303.714,315.933
1786361303.815,315.717
1786361303.919,315.755
1786361304.023,315.954
1786361304.125,314.552
1786361304.229,314.719
1786361304.332,316.136
1786361304.433,316.199
1786361304.537,316.507
1786361304.638,316.651
1786361304.739,315.942
1786361304.840,314.441
1786361304.944,314.392
1786361305.048,314.359
1786361305.149,314.083
1786361305.252,315.464
1786361305.356,315.347
1786361305.460,315.143
1786361305.564,315.18
1786361305.665,313.707
1786361305.767,313.654
1786361305.870,314.43
1786361305.974,315.98
1786361306.074,316.165
1786361306.178,316.168
1786361306.279,316.247
1786361306.382,316.306
1786361306.486,316.385
1786361306.590,315.236
1786361306.694,315.392
1786361306.796,316.6
1786361306.897,316.558
1786361307.000,314.524
1786361307.104,314.484
1786361307.208,314.324
1786361307.312,314.424
1786361307.415,314.488
1786361307.519,314.495
1786361307.623,314.486
1786361307.724,315.702
1786361307.825,315.769
1786361307.928,315.863
1786361308.032,315.848
1786361308.136,317.837
1786361308.240,317.833
1786361308.344,317.88
1786361308.447,317.865
1786361308.549,316.354
1786361308.653,316.324
1786361308.754,316.306
1786361308.855,316.237
1786361308.959,315.923
1786361309.063,315.889
1786361309.167,316.109
1786361309.271,316.296
1786361309.374,314.85
1786361309.477,314.908
1786361309.579,314.905
1786361309.683,316.588
1786361309.786,316.628
1786361309.889,316.677
1786361309.990,316.725
1786361310.094,316.711
1786361310.198,316.675
1786361310.300,316.588
1786361310.401,314.355
1786361310.504,315.709
1786361310.608,315.681
1786361310.709,315.637
1786361310.813,315.318
1786361310.916,315.387
1786361311.019,313.782
1786361311.120,313.758
1786361311.223,313.812
1786361311.327,314.016
1786361311.431,313.924
1786361311.535,316.067
1786361311.639,316.097
1786361311.739,316.02
1786361311.843,314.946
1786361311.947,315.155
1786361312.050,313.403
1786361312.154,314.964
1786361312.258,315.132
1786361312.362,315.046
1786361312.466,314.809
1786361312.569,314.808
1786361312.673,314.785
1786361312.777,314.802
1786361312.879,313.337
1786361312.982,314.426
1786361313.086,314.296
1786361313.190,315.957
1786361313.294,315.967
1786361313.398,315.798
1786361313.502,315.936
1786361313.605,316.037
1786361313.706,316.033
1786361313.810,315.929
1786361313.912,313.877
1786361314.016,315.372
1786361314.120,315.244
1786361314.224,315.234
1786361314.327,315.123
1786361314.427,315.049
1786361314.531,315.057
1786361314.632,314.495
1786361314.733,314.334
1786361314.834,312.684
1786361314.936,313.249
1786361315.040,315.278
1786361315.141,315.201
1786361315.245,315.303
1786361315.349,315.305
1786361315.452,315.334
1786361315.556,315.374
1786361315.660,315.372
1786361315.762,314.443
1786361315.863,314.533
1786361315.967,316.223
1786361316.071,315.729
1786361316.175,315.738
1786361316.279,316.023
1786361316.383,316.041
1786361316.487,316.09
1786361316.590,316.18
1786361316.691,314.094
1786361316.793,314.131
1786361316.896,315.616
1786361317.000,314.55
1786361317.104,314.777
1786361317.208,314.744
1786361317.311,314.787
1786361317.415,314.607
1786361317.516,313.385
1786361317.620,313.327
1786361317.721,313.197
1786361317.821,315.213
1786361317.925,315.078
1786361318.028,314.984
1786361318.132,316.029
1786361318.236,315.756
1786361318.339,315.812
1786361318.443,316.067
1786361318.547,315.967
1786361318.651,317.207
1786361318.751,317.115
1786361318.852,315.279
1786361318.956,315.417
1786361319.059,315.58
1786361319.163,315.591
1786361319.267,315.623
1786361319.371,315.73
1786361319.475,315.733
1786361319.579,315.493
1786361319.683,315.504
1786361319.783,313.889
1786361319.886,313.991
1786361319.990,315.95
1786361320.093,315.784
1786361320.197,315.584
1786361320.301,315.639
1786361320.405,315.8
1786361320.509,315.696
1786361320.610,315.696
1786361320.710,315.646
1786361320.811,315.667
1786361320.913,313.818
1786361321.017,315.411
1786361321.121,315.361
1786361321.223,315.34
1786361321.326,315.394
1786361321.428,315.53
1786361321.532,315.528
1786361321.633,315.161
1786361321.733,313.744
1786361321.833,313.709
1786361321.937,313.503
1786361322.041,315.282
1786361322.144,315.392
1786361322.248,314.405
1786361322.352,314.45
1786361322.452,314.509
1786361322.556,312.811
1786361322.660,312.829
1786361322.760,313.015
1786361322.862,314.435
1786361322.963,313.281
1786361323.067,313.478
1786361323.171,313.584
1786361323.275,313.429
1786361323.378,314.478
1786361323.482,314.383
1786361323.586,314.438
1786361323.690,316.143
1786361323.793,316.281
1786361323.895,314.415
1786361323.998,314.294
1786361324.102,315.556
1786361324.206,315.565
1786361324.310,315.867
1786361324.413,315.901
1786361324.517,315.886
1786361324.618,315.953
1786361324.719,315.201
1786361324.822,315.096
1786361324.926,314.98
1786361325.030,316.809
1786361325.134,315.654
1786361325.238,315.627
1786361325.342,315.629
1786361325.446,315.249
1786361325.549,315.441
1786361325.653,315.487
1786361325.757,315.4
1786361325.861,316.065
1786361325.965,316.19
1786361326.069,316.149
1786361326.172,316.196
1786361326.276,317.456
1786361326.380,317.414
1786361326.481,317.417
1786361326.585,316.038
1786361326.689,315.771
1786361326.792,315.708
1786361326.896,315.852
1786361327.000,315.871
1786361327.103,316.027
1786361327.207,315.996
1786361327.311,315.982
1786361327.415,314.882
1786361327.519,314.839
1786361327.621,312.452
1786361327.721,313.788
1786361327.825,313.797
1786361327.928,313.824
1786361328.032,313.797
1786361328.135,313.69
1786361328.239,313.472
1786361328.343,313.408
1786361328.446,313.483
1786361328.548,312.502
1786361328.652,312.516
1786361328.753,314.825
1786361328.854,314.977
1786361328.957,315.047
1786361329.061,315.086
1786361329.164,315.009
1786361329.265,313.306
1786361329.369,313.745
1786361329.473,313.806
1786361329.577,313.787
1786361329.681,315.962
1786361329.783,316.089
1786361329.885,316.098
1786361329.986,316.005
1786361330.089,314.102
1786361330.192,313.986
1786361330.293,313.948
1786361330.397,315.669
1786361330.501,315.327
1786361330.605,315.388
1786361330.706,315.459
1786361330.807,315.382
1786361330.908,315.308
1786361331.012,313.468
1786361331.116,313.547
1786361331.219,315.345
1786361331.323,315.45
1786361331.427,315.513
1786361331.531,315.544
1786361331.635,315.531
1786361331.739,315.5
1786361331.843,315.629
1786361331.946,315.701
1786361332.050,315.801
1786361332.154,317.661
1786361332.257,317.662
1786361332.361,317.756
1786361332.465,317.751
1786361332.569,316.75
1786361332.672,314.801
1786361332.776,314.727
1786361332.880,314.785
1786361332.983,314.536
1786361333.087,314.419
1786361333.191,314.317
1786361333.295,314.241
1786361333.399,314.178
1786361333.503,314.171
1786361333.606,314.122
1786361333.709,313.804
1786361333.812,315.793
1786361333.912,315.749
1786361332.903,315.669
1786361333.004,315.658
1786361333.108,315.663
1786361333.211,315.835
1786361333.313,315.94
1786361333.414,314.41
1786361333.515,314.575
1786361333.615,313.929
1786361333.716,315.263
1786361333.816,315.25
1786361333.917,315.242
1786361334.020,315.209
1786361334.122,313.619
1786361334.225,313.634
1786361334.325,313.459
1786361334.428,313.423
1786361334.532,315.004
1786361334.633,314.903
1786361334.737,315.499
1786361334.840,315.378
1786361334.944,315.366
1786361335.048,315.44
1786361335.150,314.001
1786361335.254,315.562
1786361335.358,315.607
1786361335.462,315.564
1786361335.565,315.628
1786361335.665,315.598
1786361335.766,315.515
1786361335.867,313.986
1786361335.971,314.027
1786361336.075,314.013
1786361336.179,313.962
1786361336.282,315.543
1786361336.386,315.686
1786361336.490,315.726
1786361336.593,314.615
1786361336.696,314.516
1786361336.797,312.358
1786361336.900,312.434
1786361337.004,313.949
1786361337.108,313.987
1786361337.210,314.108
1786361337.314,314.145
1786361337.418,313.966
1786361337.522,313.79
1786361337.622,313.826
1786361337.725,314.912
1786361337.825,313.026
1786361337.929,315.1
1786361338.033,315.06
1786361338.137,315.19
1786361338.241,315.177
1786361338.344,315.036
1786361338.448,314.959
1786361338.552,315.251
1786361338.654,315.399
1786361338.755,315.254
1786361338.858,315.315
1786361338.962,317.195
1786361339.066,317.287
1786361339.168,317.287
1786361339.271,317.198
1786361339.375,317.191
1786361339.478,316.664
1786361339.579,315.53
1786361339.679,315.54
1786361339.781,315.335
1786361339.884,315.257
1786361339.988,315.259
1786361340.092,315.261
1786361340.196,315.497
1786361340.299,313.282
1786361340.403,313.517
1786361340.507,313.369
1786361340.607,313.901
1786361340.711,315.134
1786361340.812,315.183
1786361340.916,315.127
1786361341.019,315.197
1786361341.123,315.297
1786361341.226,315.335
1786361341.330,315.126
1786361341.434,317.4
1786361341.538,317.381
1786361341.639,317.648
1786361341.741,315.863
1786361341.844,314.645
1786361341.948,314.63
1786361342.052,314.72
1786361342.156,314.665
1786361342.260,314.704
1786361342.363,312.829
1786361342.467,312.818
1786361342.570,310.932
1786361342.672,310.784
1786361342.773,310.587
1786361342.877,312.285
1786361342.981,312.636
1786361343.085,312.522
1786361343.189,312.364
1786361343.292,312.304
1786361343.395,312.149
1786361343.496,314.201
1786361343.598,314.086
1786361343.700,314.092
1786361343.801,314.009
1786361343.905,313.943
1786361344.009,313.97
1786361344.112,314.797
1786361344.216,314.96
1786361344.319,314.967
1786361344.423,314.968
1786361344.524,313.253
1786361344.625,313.023
1786361344.729,313.097
1786361344.831,314.759
1786361344.935,314.899
1786361345.039,315.02
1786361345.140,315.094
1786361345.243,313.02
1786361345.346,312.844
1786361345.450,313.108
1786361345.554,313.191
1786361345.655,314.899
1786361345.756,314.861
1786361345.859,314.854
1786361345.960,314.96
1786361346.061,313.086
1786361346.163,312.996
1786361346.265,312.932
1786361346.367,314.97
1786361346.469,315.083
1786361346.570,314.779
1786361346.672,314.755
1786361346.773,314.794
1786361346.875,313.531
1786361346.976,312.752
1786361347.078,312.954
1786361347.180,314.695
1786361347.281,314.648
1786361347.383,314.743
1786361347.484,314.774
1786361347.586,313.45
1786361347.686,313.559
1786361347.787,313.504
1786361347.889,313.547
1786361347.990,314.678
1786361348.092,315.497
1786361348.193,315.316
1786361348.295,315.543
1786361348.396,314.096
1786361348.497,313.983
1786361348.599,313.876
1786361348.700,315.274
1786361348.801,315.173
1786361348.903,315.186
1786361349.004,315.186
1786361349.105,315.134
1786361349.207,315.288
1786361349.308,315.227
1786361349.409,315.219
1786361349.511,315.044
1786361349.611,316.687
1786361349.712,315.287
1786361349.814,315.29
1786361349.915,315.153
1786361350.016,315.407
1786361350.117,315.432
1786361350.218,315.44
1786361350.319,313.585
1786361350.420,313.78
1786361350.521,313.747
1786361350.622,313.634
1786361350.722,313.506
1786361350.823,314.899
1786361350.924,315.007
1786361351.024,315.084
1786361351.125,315.05
1786361351.226,315.037
1786361351.326,315.309
1786361351.426,317.125
1786361351.527,316.972
1786361351.628,315.455
1786361351.730,315.46
1786361351.832,315.427
1786361351.936,315.556
1786361352.040,315.605
1786361352.143,314.545
1786361352.247,314.615
1786361352.351,314.675
1786361352.455,314.565
1786361352.559,314.583
1786361352.661,314.605
1786361352.763,314.165
1786361352.866,314.353
1786361352.970,314.512
1786361353.073,314.555
1786361353.175,314.46
1786361353.279,315.535
1786361353.381,315.327
1786361353.485,315.601
1786361353.588,314.727
1786361353.688,314.866
1786361353.789,314.965
1786361353.890,315.723
1786361353.992,315.542
1786361354.094,315.305
1786361354.196,315.139
1786361354.298,315.249
1786361354.400,315.287
1786361354.502,315.376
1786361354.603,315.05
1786361354.705,315.994
1786361354.806,314.269
1786361354.908,314.356
1786361355.010,315.545
1786361355.112,315.545
1786361355.214,315.828
1786361355.316,315.929
1786361355.418,316.005
1786361355.519,315.926
1786361355.619,314.708
1786361355.721,314.667
1786361355.822,314.723
1786361355.925,314.476
1786361356.027,316.114
1786361356.129,316.008
1786361356.231,315.967
1786361356.333,315.853
1786361356.434,315.905
1786361356.537,314.308
1786361356.637,314.349
1786361356.739,315.673
1786361356.841,315.803
1786361356.944,315.894
1786361357.046,315.967
1786361357.146,316.024
1786361357.248,316.155
1786361357.350,316.352
1786361357.450,315.036
1786361357.553,313.686
1786361357.654,315.215
1786361357.756,315.242
1786361357.859,315.15
1786361357.961,315.156
1786361358.064,315.031
1786361358.164,313.051
1786361358.267,313.235
1786361358.370,313.095
1786361358.472,313.139
1786361358.575,314.424
1786361358.677,315.734
1786361358.777,315.814
1786361358.880,315.847
1786361358.982,314.362
1786361359.085,314.186
1786361359.187,314.199
1786361359.290,316.248
1786361359.394,316.091
1786361359.497,316.134
1786361359.598,316.131
1786361359.698,316.175
1786361359.799,314.612
1786361359.903,314.605
1786361360.007,314.617
1786361360.110,316.131
1786361360.214,316.238
1786361360.318,316.244
1786361360.421,316.345
1786361360.525,316.405
1786361360.625,316.353
1786361360.726,316.336
1786361360.826,314.928
1786361360.929,316.581
1786361361.033,316.632
1786361361.136,316.565
1786361361.240,316.541
1786361361.344,316.563
1786361361.448,316.527
1786361361.552,316.425
1786361361.656,316.308
1786361361.760,315.022
1786361361.863,314.849
1786361361.967,316.157
1786361362.071,316.172
1786361362.173,316.249
1786361362.275,316.15
1786361362.376,316.114
1786361362.478,316.053
1786361362.579,313.626
1786361362.681,313.497
1786361362.783,313.497
1786361362.884,314.635
1786361362.986,314.901
1786361363.087,315.034
1786361363.188,315.014
1786361363.290,315.014
1786361363.391,314.839
1786361363.492,314.948
1786361363.594,314.836
1786361363.695,314.842
1786361363.796,317.24
1786361363.897,317.136
1786361363.997,315.942
1786361364.099,316.046
1786361364.200,315.969
1786361364.301,315.875
1786361364.402,316.009
1786361364.502,316.019
1786361364.603,316.01
1786361364.703,315.988
1786361364.804,315.959
1786361364.905,314.402
1786361365.005,314.661
1786361365.106,315.91
1786361364.096,315.876
1786361364.199,315.762
1786361364.303,315.832
1786361364.407,315.624
1786361364.507,315.677
1786361364.608,314.364
1786361364.709,314.5
1786361364.813,314.586
1786361364.917,316.213
1786361365.020,316.295
1786361365.124,316.229
1786361365.225,316.287
1786361365.326,316.396
1786361365.427,316.384
1786361365.528,316.401
1786361365.629,316.456
1786361365.730,317.798
1786361365.831,317.842
1786361365.932,317.757
1786361366.033,318.039
1786361366.133,317.939
1786361366.234,317.938
1786361366.334,317.973
1786361366.435,317.961
1786361366.535,317.93
1786361366.635,316.291
1786361366.736,316.291
1786361366.839,316.274
1786361366.943,316.224
1786361367.047,316.148
1786361367.151,315.877
1786361367.252,315.877
1786361367.352,315.835
1786361367.453,316.046
1786361367.554,315.962
1786361367.654,315.834
1786361367.755,314.081
1786361367.855,315.873
1786361367.956,315.803
1786361368.057,315.821
1786361368.160,315.824
1786361368.264,315.85
1786361368.365,315.886
1786361368.466,314.037
1786361368.570,313.728
1786361368.673,313.828
1786361368.775,313.953
1786361368.879,315.811
1786361368.979,315.756
1786361369.083,315.898
1786361369.187,315.937
1786361369.288,316.02
1786361369.391,314.412
1786361369.495,314.657
1786361369.596,316.451
1786361369.697,316.572
1786361369.798,316.568
1786361369.899,316.586
1786361370.000,316.416
1786361370.102,316.33
1786361370.203,316.229
1786361370.304,316.298
1786361370.405,316.359
1786361370.505,316.303
1786361370.606,315.996
1786361370.707,315.936
1786361370.808,316.224
1786361370.909,316.111
1786361371.009,315.928
1786361371.110,315.983
1786361371.211,316.017
1786361371.311,316.062
1786361371.411,315.92
1786361371.512,313.643
1786361371.612,315.405
1786361371.712,315.416
1786361371.816,314.456
1786361371.919,314.255
1786361372.023,314.469
1786361372.127,314.642
1786361372.228,314.552
1786361372.328,314.605
1786361372.429,314.605
1786361372.529,314.566
1786361372.630,312.873
1786361372.731,315.142
1786361372.831,315.095
1786361372.932,315.232
1786361373.032,316.297
1786361373.133,316.345
1786361373.233,316.279
1786361373.337,316.222
1786361373.441,316.387
1786361373.542,316.43
1786361373.644,314.804
1786361373.746,316.483
1786361373.848,316.409
1786361373.952,316.364
1786361374.056,316.381
1786361374.157,316.445
1786361374.258,316.373
1786361374.359,316.249
1786361374.460,316.344
1786361374.560,315.058
1786361374.661,314.972
1786361374.762,316.598
1786361374.863,316.699
1786361374.964,317.011
1786361375.064,317.195
1786361375.165,317.113
1786361375.265,317.187
1786361375.366,317.163
1786361375.468,317.29
1786361375.569,314.623
1786361375.673,315.956
1786361375.776,315.891
1786361375.879,315.961
1786361375.983,316.039
1786361376.085,315.787
1786361376.189,315.789
1786361376.293,315.71
1786361376.394,315.651
1786361376.497,314.011
1786361376.597,313.999
1786361376.698,316.669
1786361376.802,316.69
1786361376.905,316.804
1786361377.009,315.507
1786361377.112,315.515
1786361377.214,315.664
1786361377.316,315.449
1786361377.418,315.448
1786361377.518,315.402
1786361377.620,315.389
1786361377.721,315.306
1786361377.822,315.052
1786361377.924,314.825
1786361378.025,314.715
1786361378.127,315.847
1786361378.228,315.875
1786361378.330,315.875
1786361378.431,315.804
1786361378.532,315.754
1786361378.633,315.808
1786361378.734,315.831
1786361378.835,317.464
1786361378.936,315.4
1786361379.038,315.584
1786361379.139,315.696
1786361379.240,315.787
1786361379.340,315.891
1786361379.442,314.172
1786361379.543,314.027
1786361379.644,314.087
1786361379.745,313.983
1786361379.846,314.06
1786361379.947,314.155
1786361380.050,316.235
1786361380.154,316.26
1786361380.258,316.162
1786361380.362,316.055
1786361380.466,315.977
1786361380.567,315.092
1786361380.670,315.014
1786361380.774,315.018
1786361380.878,314.992
1786361380.982,314.967
1786361381.086,314.835
1786361381.186,314.877
1786361381.288,313.068
1786361381.392,313.232
1786361381.496,313.314
1786361381.599,313.497
1786361381.703,315.948
1786361381.807,316.039
1786361381.911,316.142
1786361382.015,316.25
1786361382.115,316.123
1786361382.217,313.737
1786361382.321,313.71
1786361382.422,315.717
1786361382.526,314.943
1786361382.627,314.967
1786361382.730,314.936
1786361382.833,314.98
1786361382.934,315.008
1786361383.038,313.656
1786361383.139,313.733
1786361383.239,313.822
1786361383.343,316.301
1786361383.447,316.294
1786361383.551,316.03
1786361383.655,316.88
1786361383.756,315.308
1786361383.860,315.247
1786361383.964,315.237
1786361384.067,315.289
1786361384.171,316.553
1786361384.275,316.442
1786361384.379,316.372
1786361384.483,316.326
1786361384.587,316.392
1786361384.690,316.394
1786361384.794,316.267
1786361384.895,316.38
1786361384.998,316.433
1786361385.102,316.428
1786361385.206,316.359
1786361385.306,316.352
1786361385.406,316.507
1786361385.507,316.559
1786361385.607,316.523
1786361385.711,316.533
1786361385.812,316.607
1786361385.915,314.982
1786361386.019,316.519
1786361386.123,316.561
1786361386.225,316.578
1786361386.329,316.593
1786361386.432,316.595
1786361386.536,316.347
1786361386.637,314.683
1786361386.740,314.616
1786361386.843,314.626
1786361386.947,314.489
1786361387.051,316.057
1786361387.155,316.048
1786361387.258,315.975
1786361387.362,314.799
1786361387.466,314.86
1786361387.570,314.86
1786361387.671,314.058
1786361387.774,314.967
1786361387.878,314.935
1786361387.981,314.949
1786361388.085,314.91
1786361388.189,315.034
1786361388.293,315.062
1786361388.393,315.158
1786361388.496,313.648
1786361388.600,313.771
1786361388.703,313.773
1786361388.807,314.738
1786361388.911,315.396
1786361389.015,315.51
1786361389.118,315.356
1786361389.219,315.534
1786361389.323,315.304
1786361389.427,315.131
1786361389.531,314.962
1786361389.634,317.805
1786361389.738,317.569
1786361389.839,317.596
1786361389.939,317.501
1786361390.040,316.043
1786361390.140,315.982
1786361390.241,315.952
1786361390.341,315.898
1786361390.441,315.898
1786361390.542,316.018
1786361390.642,316.193
1786361390.743,316.304
1786361390.846,316.164
1786361390.948,315.539
1786361391.052,314.805
1786361391.152,314.848
1786361391.252,316.405
1786361391.353,316.48
1786361391.453,316.669
1786361391.554,316.877
1786361391.654,316.989
1786361391.755,316.8
1786361391.855,316.713
1786361391.956,316.694
1786361392.057,317.129
1786361392.157,318.033
1786361392.257,318.063
1786361392.358,316.566
1786361392.458,315.688
1786361392.559,315.145
1786361392.661,315.014
1786361392.762,314.944
1786361392.866,314.964
1786361392.970,315.036
1786361393.073,315.003
1786361393.175,312.901
1786361393.276,312.963
1786361393.377,313.049
1786361393.477,314.605
1786361393.578,315.629
1786361393.678,316.155
1786361393.779,316.331
1786361393.879,316.359
1786361393.980,314.745
1786361394.080,314.803
1786361394.181,314.988
1786361394.285,317.142
1786361394.389,317.168
1786361394.493,317.003
1786361394.594,316.956
1786361394.694,316.864
1786361394.795,316.826
1786361394.895,316.826
1786361394.996,316.603
1786361395.096,316.607
1786361395.196,318.394
1786361395.297,316.655
1786361395.400,316.694
1786361395.504,316.664
1786361395.606,316.775
1786361395.707,316.771
1786361395.807,316.744
1786361395.907,316.756
1786361396.010,316.747
1786361396.110,316.655
1786361396.211,315.003
1786361395.203,314.828
1786361395.305,316.433
1786361395.406,316.189
1786361395.508,316.184
1786361395.609,316.055
1786361395.712,316.124
1786361395.815,316.138
1786361395.919,316.261
1786361396.023,316.288
1786361396.127,316.269
1786361396.229,316.33
1786361396.333,316.452
1786361396.434,316.451
1786361396.538,316.46
1786361396.638,315.377
1786361396.742,315.297
1786361396.845,315.276
1786361396.949,315.385
1786361397.053,315.149
1786361397.157,315.058
1786361397.261,315.006
1786361397.361,314.716
1786361397.463,314.423
1786361397.565,314.298
1786361397.666,314.143
1786361397.770,315.03
1786361397.874,314.955
1786361397.978,314.959
1786361398.081,314.768
1786361398.185,314.898
1786361398.289,314.986
1786361398.389,315.177
1786361398.491,315.083
1786361398.595,315.297
1786361398.698,315.462
1786361398.802,315.712
1786361398.904,315.979
1786361399.007,316.179
1786361399.110,316.27
1786361399.214,316.421
1786361399.318,316.414
1786361399.418,316.564
1786361399.519,316.642
1786361399.619,318.614
1786361399.720,318.596
1786361399.823,317.194
1786361399.927,317.075
1786361400.030,316.972
1786361400.133,314.246
1786361400.237,314.141
1786361400.341,313.984
1786361400.441,313.837
1786361400.543,313.633
1786361400.643,313.585
1786361400.744,311.292
1786361400.847,311.539
1786361400.951,312.976
1786361401.054,313.263
1786361401.156,313.35
1786361401.260,316.069
1786361401.363,315.467
1786361401.464,315.597
1786361401.566,315.759
1786361401.666,315.022
1786361401.770,313.294
1786361401.871,315.724
1786361401.972,315.698
1786361402.074,315.706
1786361402.175,315.553
1786361402.276,315.538
1786361402.377,315.538
1786361402.479,315.477
1786361402.580,316.173
1786361402.681,316.025
1786361402.782,315.975
1786361402.883,315.128
1786361402.985,317.151
1786361403.086,317.039
1786361403.187,316.991
1786361403.288,316.968
1786361403.389,316.937
1786361403.490,317.144
1786361403.592,317.138
1786361403.693,314.64
1786361403.794,314.924
1786361403.895,314.893
1786361403.996,316.284
1786361404.096,316.368
1786361404.197,316.437
1786361404.298,316.38
1786361404.398,314.293
1786361404.499,314.234
1786361404.599,314.062
1786361404.699,314.179
1786361404.803,316.639
1786361404.907,316.465
1786361405.011,316.479
1786361405.114,316.362
1786361405.218,316.351
1786361405.322,316.271
1786361405.423,314.557
1786361405.523,316.743
1786361405.624,316.938
1786361405.725,316.908
1786361405.826,316.964
1786361405.926,316.958
1786361406.027,316.979
1786361406.127,316.983
1786361406.228,316.988
1786361406.328,316.914
1786361406.429,317.002
1786361406.531,318.609
1786361406.632,318.719
1786361406.736,318.483
1786361406.840,318.492
1786361406.940,317.081
1786361407.044,317.158
1786361407.148,317.158
1786361407.251,317.263
1786361407.352,317.557
1786361407.457,314.732
1786361407.559,314.831
1786361407.660,314.832
1786361407.764,314.558
1786361407.868,314.575
1786361407.972,314.54
1786361408.076,315.867
1786361408.179,315.801
1786361408.283,315.715
1786361408.387,315.602
1786361408.488,315.407
1786361408.589,315.407
1786361408.691,318.284
1786361408.795,318.102
1786361408.899,318.107
1786361409.002,318.106
1786361409.106,318.144
1786361409.207,318.187
1786361409.311,316.393
1786361409.415,316.452
1786361409.518,316.55
1786361409.621,316.606
1786361409.725,316.446
1786361409.828,316.357
1786361409.932,316.316
1786361410.036,316.446
1786361410.140,316.644
1786361410.244,316.716
1786361410.347,316.724
1786361410.448,318.497
1786361410.552,316.932
1786361410.652,317.158
1786361410.756,317.026
1786361410.860,317.022
1786361410.961,317.035
1786361411.065,317.123
1786361411.168,317.066
1786361411.271,316.894
1786361411.372,316.136
1786361411.474,314.447
1786361411.575,314.298
1786361411.676,315.862
1786361411.777,315.673
1786361411.878,315.64
1786361411.979,315.596
1786361412.079,315.491
1786361412.180,314.256
1786361412.280,314.3
1786361412.381,314.475
1786361412.481,313.714
1786361412.582,315.297
1786361412.683,315.388
1786361412.786,315.443
1786361412.890,315.278
1786361412.994,315.275
1786361413.098,315.404
1786361413.202,315.418
1786361413.303,316.579
1786361413.405,315.217
1786361413.508,315.06
1786361413.611,316.445
1786361413.714,316.44
1786361413.817,316.429
1786361413.921,316.326
1786361414.025,316.547
1786361414.129,316.68
1786361414.230,316.626
1786361414.334,316.586
1786361414.435,316.537
1786361414.536,315.908
1786361414.637,315.746
1786361414.740,315.744
1786361414.844,315.823
1786361414.945,315.913
1786361415.049,315.857
1786361415.153,315.637
1786361415.254,315.217
1786361415.357,313.812
1786361415.457,313.86
1786361415.558,313.837
1786361415.659,315.757
1786361415.763,315.935
1786361415.867,316.193
1786361415.971,316.13
1786361416.074,316.033
1786361416.178,316.005
1786361416.282,316.021
1786361416.386,316.39
1786361416.488,317.815
1786361416.591,317.854
1786361416.693,316.08
1786361416.797,315.976
1786361416.900,316.007
1786361417.004,315.815
1786361417.108,315.823
1786361417.212,315.89
1786361417.316,315.02
1786361417.416,313.434
1786361417.519,313.719
1786361417.621,313.676
1786361417.724,313.585
1786361417.827,315.401
1786361417.931,315.435
1786361418.035,315.395
1786361418.139,315.357
1786361418.243,315.312
1786361418.347,315.21
1786361418.447,314.682
1786361418.551,316.278
1786361418.652,315.97
1786361418.755,316.06
1786361418.857,316.363
1786361418.959,316.439
1786361419.062,316.437
1786361419.166,316.422
1786361419.270,316.381
1786361419.374,316.305
1786361419.475,316.291
1786361419.576,317.181
1786361419.677,316.362
1786361419.779,316.334
1786361419.882,316.34
1786361419.985,316.04
1786361420.087,315.929
1786361420.190,316.196
1786361420.293,316.269
1786361420.396,316.236
1786361420.499,316.477
1786361420.602,316.579
1786361420.705,316.579
1786361420.808,317.115
1786361420.908,317.971
1786361421.012,318.007
1786361421.112,317.976
1786361421.215,318.08
1786361421.317,318.149
1786361421.421,317.501
1786361421.523,317.354
1786361421.624,317.401
1786361421.726,314.794
1786361421.827,314.64
1786361421.931,314.531
1786361422.035,314.382
1786361422.139,314.352
1786361422.243,314.31
1786361422.347,314.31
1786361422.447,314.56
1786361422.551,311.524
1786361422.655,311.595
1786361422.759,311.736
1786361422.862,314.171
1786361422.963,314.299
1786361423.064,312.834
1786361423.168,313.031
1786361423.272,313.097
1786361423.376,313.14
1786361423.477,313.174
1786361423.579,313.148
1786361423.680,316.533
1786361423.784,316.558
1786361423.885,314.832
1786361423.987,315.065
1786361424.089,315.068
1786361424.191,316.743
1786361424.293,316.71
1786361424.395,316.737
1786361424.497,316.779
1786361424.598,316.742
1786361424.699,314.844
1786361424.802,314.964
1786361424.903,314.944
1786361425.006,316.603
1786361425.108,316.479
1786361425.210,316.471
1786361425.313,316.346
1786361425.415,316.323
1786361425.517,316.504
1786361425.618,316.304
1786361425.720,314.282
1786361425.822,315.935
1786361425.925,315.931
1786361426.027,315.938
1786361426.130,315.848
1786361426.233,315.838
1786361426.336,315.832
1786361426.439,315.83
1786361426.541,315.883
1786361426.644,315.665
1786361426.748,315.872
1786361426.851,317.856
1786361426.952,317.822
1786361427.055,315.841
1786361427.158,315.769
1786361427.262,315.836
1786361427.362,315.765
1786361426.352,315.753
1786361426.452,315.722
1786361426.553,315.0
1786361426.657,314.811
1786361426.761,314.719
1786361426.864,314.938
1786361426.968,314.893
1786361427.070,314.794
1786361427.174,314.756
1786361427.278,314.97
1786361427.380,314.961
1786361427.481,314.897
1786361427.581,314.958
1786361427.682,315.656
1786361427.782,314.453
1786361427.883,314.547
1786361427.983,314.336
1786361428.085,314.375
1786361428.188,316.393
1786361428.292,316.51
1786361428.393,316.51
1786361428.493,316.197
1786361428.593,316.081
1786361428.694,316.166
1786361428.794,314.567
1786361428.897,314.491
1786361429.001,315.932
1786361429.105,315.857
1786361429.209,315.801
1786361429.313,315.77
1786361429.416,315.709
1786361429.517,315.64
1786361429.619,315.673
1786361429.721,313.306
1786361429.822,313.137
1786361429.926,314.659
1786361430.027,314.643
1786361430.131,314.677
1786361430.232,314.589
1786361430.333,313.888
1786361430.437,313.924
1786361430.537,313.956
1786361430.638,313.993
1786361430.740,314.026
1786361430.841,314.627
1786361430.943,314.824
1786361431.044,315.013
1786361431.146,315.108
1786361431.247,314.9
1786361431.347,314.987
1786361431.449,315.697
1786361431.550,315.607
1786361431.651,314.623
1786361431.752,313.022
1786361431.853,312.867
1786361431.955,314.779
1786361432.056,314.688
1786361432.157,314.504
1786361432.258,314.457
1786361432.359,314.563
1786361432.460,313.097
1786361432.561,313.073
1786361432.662,313.147
1786361432.763,314.137
1786361432.864,315.706
1786361432.965,315.916
1786361433.066,315.904
1786361433.166,315.99
1786361433.266,316.042
1786361433.367,314.139
1786361433.467,314.139
1786361433.568,314.051
1786361433.668,315.445
1786361433.769,315.377
1786361433.870,315.524
1786361433.974,315.43
1786361434.076,313.585
1786361434.180,313.852
1786361434.284,313.748
1786361434.386,313.607
1786361434.486,313.578
1786361434.587,315.457
1786361434.688,315.402
1786361434.789,315.425
1786361434.890,314.164
1786361434.990,313.965
1786361435.091,313.986
1786361435.191,315.794
1786361435.292,315.49
1786361435.392,315.589
1786361435.496,315.858
1786361435.598,315.926
1786361435.702,316.067
1786361435.803,314.538
1786361435.907,314.81
1786361436.011,316.222
1786361436.115,316.269
1786361436.219,316.399
1786361436.320,316.487
1786361436.421,316.534
1786361436.522,316.581
1786361436.623,316.435
1786361436.724,316.395
1786361436.825,316.324
1786361436.926,315.066
1786361437.027,315.223
1786361437.128,315.171
1786361437.228,315.173
1786361437.329,315.159
1786361437.430,315.133
1786361437.530,315.017
1786361437.630,314.943
1786361437.731,314.876
1786361437.831,313.055
1786361437.933,312.918
1786361438.037,315.775
1786361438.141,315.323
1786361438.242,315.465
1786361438.343,315.449
1786361438.443,315.495
1786361438.544,315.495
1786361438.644,313.85
1786361438.744,314.109
1786361438.848,314.047
1786361438.952,313.997
1786361439.056,315.842
1786361439.160,315.968
1786361439.264,316.073
1786361439.364,316.208
1786361439.465,316.172
1786361439.566,316.218
1786361439.666,316.2
1786361439.766,317.417
1786361439.867,315.819
1786361439.967,315.913
1786361440.068,315.982
1786361440.169,315.969
1786361440.271,315.291
1786361440.372,315.238
1786361440.473,315.292
1786361440.574,315.397
1786361440.678,315.404
1786361440.778,315.353
1786361440.881,313.49
1786361440.985,315.088
1786361441.089,315.096
1786361441.193,315.089
1786361441.294,315.144
1786361441.396,315.782
1786361441.500,315.728
1786361441.601,315.593
1786361441.705,315.677
1786361441.806,315.658
1786361441.907,315.689
1786361442.008,315.857
1786361442.109,314.676
1786361442.211,314.702
1786361442.312,314.61
1786361442.413,314.541
1786361442.514,314.502
1786361442.615,314.475
1786361442.716,314.414
1786361442.818,314.418
1786361442.919,314.425
1786361443.019,314.302
1786361443.120,316.191
1786361443.221,317.276
1786361443.322,317.223
1786361443.423,317.37
1786361443.523,317.474
1786361443.624,317.51
1786361443.724,317.51
1786361443.825,316.281
1786361443.925,316.437
1786361444.026,316.234
1786361444.128,316.249
1786361444.232,316.362
1786361444.336,316.352
1786361444.439,316.66
1786361444.542,316.619
1786361444.644,316.558
1786361444.748,316.385
1786361444.849,316.373
1786361444.952,315.376
1786361445.056,315.185
1786361445.160,315.166
1786361445.264,315.16
1786361445.365,315.154
1786361445.469,315.187
1786361445.572,315.169
1786361445.676,315.226
1786361445.780,315.279
1786361445.884,315.308
1786361445.988,315.319
1786361446.091,317.63
1786361446.195,316.402
1786361446.295,316.391
1786361446.397,316.391
1786361446.499,316.352
1786361446.600,316.344
1786361446.702,316.179
1786361446.803,316.228
1786361446.905,314.841
1786361447.008,314.995
1786361447.110,315.049
1786361447.213,315.119
1786361447.315,316.624
1786361447.418,316.605
1786361447.521,316.635
1786361447.622,316.708
1786361447.725,316.789
1786361447.828,316.875
1786361447.931,316.803
1786361448.034,318.174
1786361448.137,318.172
1786361448.240,318.373
1786361448.341,318.372
1786361448.444,315.615
1786361448.548,315.676
1786361448.650,315.596
1786361448.754,315.65
1786361448.856,315.67
1786361448.960,315.604
1786361449.063,315.627
1786361449.167,315.804
1786361449.271,315.821
1786361449.372,315.633
1786361449.472,315.623
1786361449.575,316.865
1786361449.678,316.833
1786361449.782,316.942
1786361449.885,316.855
1786361449.989,316.728
1786361450.092,316.7
1786361450.193,316.71
1786361450.297,315.919
1786361450.399,315.929
1786361450.500,315.814
1786361450.601,315.805
1786361450.705,317.143
1786361450.807,314.917
1786361450.911,314.837
1786361451.014,314.836
1786361451.118,314.875
1786361451.222,314.941
1786361451.325,314.992
1786361451.428,315.833
1786361451.531,314.173
1786361451.632,314.298
1786361451.737,314.384
1786361451.841,314.557
1786361451.945,316.77
1786361452.048,316.842
1786361452.153,316.869
1786361452.257,316.858
1786361452.357,316.771
1786361452.458,315.072
1786361452.561,314.812
1786361452.664,316.387
1786361452.768,316.335
1786361452.872,316.139
1786361452.976,315.938
1786361453.080,315.957
1786361453.184,315.908
1786361453.288,316.081
1786361453.390,316.066
1786361453.494,316.097
1786361453.595,316.511
1786361453.697,315.1
1786361453.801,315.122
1786361453.904,315.058
1786361454.008,315.088
1786361454.111,315.178
1786361454.216,315.265
1786361454.320,315.54
1786361454.423,315.426
1786361454.525,315.441
1786361454.626,315.429
1786361454.727,316.634
1786361454.829,316.215
1786361454.933,316.168
1786361455.037,316.189
1786361455.140,316.151
1786361455.245,316.14
1786361455.346,316.079
1786361455.450,315.791
1786361455.550,315.049
1786361455.652,314.306
1786361455.757,314.251
1786361455.861,314.333
1786361455.965,316.198
1786361456.069,316.345
1786361456.172,316.394
1786361456.273,316.581
1786361456.374,316.652
1786361456.476,314.38
1786361456.580,314.325
1786361456.684,314.825
1786361456.788,315.891
1786361456.892,315.963
1786361456.996,315.844
1786361457.100,315.841
1786361457.204,315.728
1786361457.308,315.977
1786361457.409,314.213
1786361457.512,314.07
1786361457.613,314.07
1786361457.717,316.394
1786361457.817,316.781
1786361457.922,316.731
1786361458.026,316.665
1786361458.130,316.713
1786361458.233,316.764
1786361458.337,316.731
1786361458.441,316.808
1786361458.543,316.596
1786361457.509,316.065
1786361457.613,316.19
1786361457.714,315.12
1786361457.818,314.884
1786361457.919,314.83
1786361458.023,314.792
1786361458.127,314.735
1786361458.228,314.827
1786361458.332,312.608
1786361458.432,312.656
1786361458.533,312.617
1786361458.634,314.823
1786361458.734,314.98
1786361458.835,315.973
1786361458.936,316.063
1786361459.037,316.093
1786361459.138,315.512
1786361459.238,315.507
1786361459.339,315.475
1786361459.440,317.762
1786361459.541,317.837
1786361459.642,315.447
1786361459.742,315.446
1786361459.843,315.268
1786361459.944,315.289
1786361460.044,314.443
1786361460.145,314.487
1786361460.246,315.121
1786361460.346,315.216
1786361460.447,315.164
1786361460.547,315.205
1786361460.648,313.388
1786361460.748,315.699
1786361460.849,315.566
1786361460.950,315.686
1786361461.050,315.582
1786361461.151,316.11
1786361461.252,315.902
1786361461.353,315.773
1786361461.454,315.773
1786361461.554,314.174
1786361461.655,314.09
1786361461.756,313.861
1786361461.857,315.426
1786361461.957,315.449
1786361462.058,315.524
1786361462.159,315.303
1786361462.260,315.285
1786361462.361,313.943
1786361462.462,314.053
1786361462.563,313.975
1786361462.665,315.413
1786361462.766,315.307
1786361462.867,314.399
1786361462.968,314.26
1786361463.069,314.152
1786361463.171,314.007
1786361463.272,314.08
1786361463.373,314.134
1786361463.474,313.46
1786361463.576,313.548
1786361463.677,313.815
1786361463.778,313.941
1786361463.880,314.151
1786361463.981,315.136
1786361464.082,315.228
1786361464.184,315.224
1786361464.285,315.317
1786361464.387,315.211
1786361464.488,315.127
1786361464.589,315.451
1786361464.690,315.376
1786361464.794,315.18
1786361464.894,315.033
1786361464.998,314.931
1786361465.102,314.975
1786361465.206,315.016
1786361465.309,315.156
1786361465.413,315.114
1786361465.517,315.124
1786361465.621,315.196
1786361465.725,316.955
1786361465.829,316.831
1786361465.932,316.903
1786361466.036,316.946
1786361466.139,315.551
1786361466.242,315.535
1786361466.343,315.425
1786361466.443,315.608
1786361466.544,315.602
1786361466.645,315.603
1786361466.745,315.606
1786361466.846,315.666
1786361466.947,315.76
1786361467.048,315.737
1786361467.149,315.727
1786361467.250,315.727
1786361467.350,317.136
1786361467.451,315.066
1786361467.552,315.036
1786361467.652,314.703
1786361467.753,314.908
1786361467.854,314.802
1786361467.954,314.727
1786361468.055,313.537
1786361468.155,313.416
1786361468.256,313.297
1786361468.357,313.389
1786361468.458,313.49
1786361468.559,315.552
1786361468.660,315.707
1786361468.761,313.816
1786361468.861,313.658
1786361468.962,313.715
1786361469.063,313.83
1786361469.163,314.257
1786361469.264,314.44
1786361469.365,314.616
1786361469.466,313.204
1786361469.569,313.245
1786361469.670,313.231
1786361469.773,313.237
1786361469.877,315.322
1786361469.981,315.617
1786361470.085,315.729
1786361470.186,315.75
1786361470.290,316.625
1786361470.395,316.614
1786361470.499,316.698
1786361470.604,318.057
1786361470.705,315.563
1786361470.809,315.539
1786361470.910,315.45
1786361471.011,315.346
1786361471.111,315.229
1786361471.211,315.512
1786361471.312,315.512
1786361471.416,315.509
1786361471.520,315.676
1786361471.621,315.676
1786361471.722,313.561
1786361471.822,313.497
1786361471.925,315.977
1786361472.029,316.1
1786361472.133,316.122
1786361472.238,316.272
1786361472.342,316.171
1786361472.443,315.973
1786361472.547,314.195
1786361472.652,314.069
1786361472.756,313.9
1786361472.857,315.953
1786361472.958,315.418
1786361473.059,315.293
1786361473.160,315.231
1786361473.262,315.033
1786361473.362,314.008
1786361473.462,312.047
1786361473.563,311.036
1786361473.664,312.831
1786361473.764,312.922
1786361473.865,313.092
1786361473.966,313.038
1786361474.067,313.68
1786361474.168,313.847
1786361474.268,313.896
1786361474.369,314.231
1786361474.469,315.187
1786361474.570,317.185
1786361474.671,318.113
1786361474.772,316.571
1786361474.873,316.398
1786361474.974,316.274
1786361475.075,316.273
1786361475.175,316.27
1786361475.276,316.144
1786361475.377,316.357
1786361475.478,316.384
1786361475.583,316.451
1786361475.687,316.455
1786361475.791,316.573
1786361475.896,318.147
1786361476.000,318.367
1786361476.104,318.427
1786361476.209,318.456
1786361476.313,318.033
1786361476.420,315.214
1786361476.525,315.174
1786361476.629,315.17
1786361476.733,315.054
1786361476.838,315.111
1786361476.942,315.071
1786361477.046,315.088
1786361477.150,315.001
1786361477.255,314.893
1786361477.359,314.934
1786361477.463,315.446
1786361477.567,318.311
1786361477.672,318.228
1786361477.773,316.697
1786361477.878,316.696
1786361477.982,316.678
1786361478.085,316.707
1786361478.189,316.81
1786361478.293,316.832
1786361478.397,316.943
1786361478.498,314.465
1786361478.603,314.157
1786361478.707,314.129
1786361478.812,314.0
1786361478.916,315.34
1786361479.020,315.33
1786361479.124,315.185
1786361479.225,315.018
1786361479.328,314.757
1786361479.430,313.107
1786361479.533,313.017
1786361479.637,315.334
1786361479.742,315.484
1786361479.846,315.419
1786361479.950,315.308
1786361480.055,315.382
1786361480.159,315.327
1786361480.263,315.353
1786361480.365,313.94
1786361480.469,313.907
1786361480.572,315.418
1786361480.677,315.41
1786361480.781,315.461
1786361480.885,315.388
1786361480.990,315.321
1786361481.094,315.329
1786361481.197,313.461
1786361481.301,313.41
1786361481.406,313.314
1786361481.510,314.756
1786361481.613,314.895
1786361481.718,314.921
1786361481.822,314.873
1786361481.926,314.807
1786361482.028,313.052
1786361482.133,312.978
1786361482.234,312.978
1786361482.338,312.893
1786361482.443,314.946
1786361482.547,314.974
1786361482.650,315.044
1786361482.755,315.025
1786361482.859,314.984
1786361482.961,315.044
1786361483.065,313.503
1786361483.167,313.659
1786361483.268,315.565
1786361483.372,315.783
1786361483.475,315.96
1786361483.579,315.789
1786361483.681,315.975
1786361483.785,315.075
1786361483.889,315.105
1786361483.992,313.956
1786361484.095,313.694
1786361484.199,315.316
1786361484.303,315.22
1786361484.406,315.126
1786361484.508,315.191
1786361484.612,315.278
1786361484.714,315.341
1786361484.815,315.52
1786361484.919,314.659
1786361485.023,314.607
1786361485.126,315.744
1786361485.230,316.039
1786361485.334,316.055
1786361485.437,316.119
1786361485.538,316.177
1786361485.639,316.07
1786361485.739,315.991
1786361485.840,315.927
1786361485.941,315.67
1786361486.041,317.473
1786361486.142,317.511
1786361486.242,315.844
1786361486.343,315.752
1786361486.443,315.669
1786361486.544,315.61
1786361486.645,315.681
1786361486.745,315.758
1786361486.846,315.768
1786361486.947,315.78
1786361487.048,315.738
1786361487.149,314.439
1786361487.249,314.443
1786361487.350,316.078
1786361487.451,316.173
1786361487.552,316.235
1786361487.652,316.273
1786361487.753,316.108
1786361487.854,316.036
1786361487.954,316.193
1786361488.055,316.077
1786361488.156,314.553
1786361488.256,315.926
1786361488.357,316.258
1786361488.458,316.344
1786361488.558,316.145
1786361488.659,316.126
1786361488.760,316.206
1786361488.861,313.218
1786361488.964,313.238
1786361489.068,312.489
1786361489.172,312.612
1786361489.275,314.395
1786361489.379,314.461
1786361489.480,314.211
1786361489.583,314.169
1786361488.514,314.415
1786361488.618,314.551
1786361488.719,312.64
1786361488.822,315.812
1786361488.926,315.758
1786361489.030,316.405
1786361489.133,316.419
1786361489.237,316.258
1786361489.340,316.232
1786361489.444,315.992
1786361489.544,313.584
1786361489.648,313.407
1786361489.749,313.308
1786361489.853,315.193
1786361489.956,315.317
1786361490.060,315.392
1786361490.163,315.378
1786361490.267,315.433
1786361490.368,315.433
1786361490.472,313.267
1786361490.576,313.523
1786361490.679,316.033
1786361490.780,316.033
1786361490.884,316.187
1786361490.987,316.239
1786361491.091,316.23
1786361491.192,316.133
1786361491.296,313.913
1786361491.400,313.822
1786361491.503,313.782
1786361491.607,315.907
1786361491.711,315.893
1786361491.812,315.817
1786361491.915,315.945
1786361492.019,314.214
1786361492.123,314.259
1786361492.227,314.128
1786361492.330,314.188
1786361492.434,316.418
1786361492.538,316.508
1786361492.642,316.552
1786361492.746,316.578
1786361492.846,316.611
1786361492.950,315.377
1786361493.052,315.39
1786361493.156,315.153
1786361493.260,315.058
1786361493.363,315.196
1786361493.467,315.011
1786361493.570,315.077
1786361493.674,315.261
1786361493.778,315.293
1786361493.882,315.309
1786361493.982,315.271
1786361494.083,314.965
1786361494.183,314.875
1786361494.284,316.774
1786361494.384,316.772
1786361494.484,316.747
1786361494.585,316.818
1786361494.686,316.807
1786361494.786,316.517
1786361494.886,316.473
1786361494.987,315.024
1786361495.087,314.93
1786361495.188,316.49
1786361495.288,316.31
1786361495.388,316.303
1786361495.489,316.366
1786361495.589,316.395
1786361495.690,314.442
1786361495.790,314.329
1786361495.891,314.355
1786361495.991,314.484
1786361496.092,315.779
1786361496.192,315.884
1786361496.293,315.796
1786361496.393,315.712
1786361496.493,313.768
1786361496.594,313.613
1786361496.694,313.574
1786361496.795,315.391
1786361496.895,315.381
1786361496.996,315.395
1786361497.096,315.358
1786361497.196,315.358
1786361497.297,313.746
1786361497.397,313.708
1786361497.498,313.855
1786361497.598,313.834
1786361497.699,315.67
1786361497.799,315.663
1786361497.899,315.634
1786361498.000,314.929
1786361498.100,314.02
1786361498.200,314.019
1786361498.301,313.889
1786361498.401,315.525
1786361498.503,315.449
1786361498.606,315.407
1786361498.708,315.641
1786361498.808,315.933
1786361498.909,309.496
1786361499.009,309.577
1786361499.109,310.343
1786361499.210,311.25
1786361499.310,311.239
1786361499.411,311.157
1786361499.511,311.137
1786361499.612,311.276
1786361499.712,311.27
1786361499.813,311.17
1786361499.917,311.203
1786361500.020,317.686
1786361500.124,315.78
1786361500.225,315.667
1786361500.325,315.828
1786361500.426,315.998
1786361500.526,316.128
1786361500.626,316.176
1786361500.727,316.113
1786361500.827,316.042
1786361500.927,316.055
1786361501.028,316.055
1786361501.128,315.878
1786361501.229,314.644
1786361501.329,316.551
1786361501.429,316.693
1786361501.530,316.633
1786361501.630,316.541
1786361501.732,316.518
1786361501.832,316.788
1786361501.933,316.888
1786361502.033,317.016
1786361502.134,315.516
1786361502.235,315.513
1786361502.335,317.01
1786361502.436,317.049
1786361502.536,317.117
1786361502.637,317.172
1786361502.737,317.161
1786361502.838,317.192
1786361502.938,316.996
1786361503.038,316.935
1786361503.139,316.993
1786361503.239,318.094
1786361503.340,318.143
1786361503.440,317.899
1786361503.540,316.453
1786361503.641,316.402
1786361503.741,316.075
1786361503.842,315.954
1786361503.942,315.959
1786361504.043,315.935
1786361504.143,314.19
1786361504.244,314.04
1786361504.344,314.561
1786361504.445,314.561
1786361504.545,314.606
1786361504.645,314.701
1786361504.746,316.133
1786361504.846,316.118
1786361504.947,316.422
1786361505.047,316.769
1786361505.148,316.788
1786361505.248,316.913
1786361505.348,318.693
1786361505.449,318.738
1786361505.549,318.575
1786361505.650,318.589
1786361505.750,318.601
1786361505.851,318.643
1786361505.951,316.598
1786361506.051,316.585
1786361506.152,316.414
1786361506.252,316.586
1786361506.353,316.52
1786361506.453,316.506
1786361506.554,316.558
1786361506.654,316.662
1786361506.755,316.695
1786361506.855,316.697
1786361506.956,314.385
1786361507.056,316.386
1786361507.156,316.432
1786361507.257,316.341
1786361507.357,316.23
1786361507.457,316.398
1786361507.558,316.432
1786361507.658,316.377
1786361507.759,314.871
1786361507.859,314.871
1786361507.960,314.124
1786361508.060,313.986
1786361508.161,316.287
1786361508.261,316.381
1786361508.362,316.423
1786361508.462,315.376
1786361508.562,315.29
1786361508.663,315.097
1786361508.763,315.084
1786361508.864,315.096
1786361508.964,314.88
1786361509.065,315.546
1786361509.165,315.574
1786361509.265,315.549
1786361509.366,315.483
1786361509.467,315.378
1786361509.568,316.466
1786361509.668,316.386
1786361509.769,315.036
1786361509.870,315.013
1786361509.970,315.048
1786361510.071,316.82
1786361510.172,316.775
1786361510.273,316.77
1786361510.374,316.925
1786361510.474,317.002
1786361510.575,315.344
1786361510.676,315.387
1786361510.777,315.524
1786361510.877,316.761
1786361510.978,316.634
1786361511.078,316.509
1786361511.179,316.451
1786361511.279,316.451
1786361511.380,316.473
1786361511.480,316.479
1786361511.581,316.257
1786361511.681,314.421
1786361511.781,316.011
1786361511.882,315.97
1786361511.983,315.846
1786361512.083,316.159
1786361512.184,316.356
1786361512.284,316.488
1786361512.384,316.406
1786361512.485,316.388
1786361512.586,316.406
1786361512.686,314.609
1786361512.787,316.374
1786361512.887,316.456
1786361512.987,316.296
1786361513.088,316.316
1786361513.192,316.186
1786361513.295,316.013
1786361513.399,315.969
1786361513.503,315.996
1786361513.606,314.447
1786361513.710,313.282
1786361513.814,315.038
1786361513.918,315.042
1786361514.020,315.03
1786361514.121,315.358
1786361514.222,315.267
1786361514.322,315.145
1786361514.423,315.265
1786361514.523,315.226
1786361514.623,315.265
1786361514.724,316.804
1786361514.824,317.998
1786361514.925,318.119
1786361515.025,316.671
1786361515.126,316.632
1786361515.226,316.464
1786361515.326,316.488
1786361515.427,316.72
1786361515.527,316.606
1786361515.628,316.606
1786361515.728,316.67
1786361515.828,316.632
1786361515.929,316.563
1786361516.029,316.534
1786361516.130,316.514
1786361516.230,318.058
1786361516.331,318.199
1786361516.431,318.09
1786361516.531,316.361
1786361516.632,316.095
1786361516.732,316.15
1786361516.833,316.106
1786361516.934,316.354
1786361517.034,316.374
1786361517.134,316.407
1786361517.235,316.386
1786361517.335,314.975
1786361517.436,314.843
1786361517.536,314.934
1786361517.636,316.669
1786361517.737,316.814
1786361517.837,316.849
1786361517.938,316.218
1786361518.038,316.141
1786361518.138,316.262
1786361518.239,316.26
1786361518.339,316.305
1786361518.440,317.658
1786361518.540,316.521
1786361518.641,316.382
1786361518.741,315.41
1786361518.841,315.33
1786361518.942,315.33
1786361519.042,315.458
1786361519.143,316.19
1786361519.243,316.118
1786361519.344,313.72
1786361519.444,313.669
1786361519.545,313.613
1786361519.645,313.533
1786361519.746,314.648
1786361519.846,314.777
1786361519.946,313.748
1786361520.047,313.636
1786361520.147,313.422
1786361520.248,313.26
1786361520.348,313.176
1786361520.448,315.54
1786361520.549,315.476
1786361520.649,315.314
1786361520.750,315.312
1786361519.745,315.257
1786361519.845,313.776
1786361519.946,315.772
1786361520.046,315.162
1786361520.146,315.268
1786361520.247,315.396
1786361520.347,315.514
1786361520.448,315.693
1786361520.548,315.759
1786361520.649,316.036
1786361520.749,316.131
1786361520.849,316.108
1786361520.950,316.03
1786361521.050,316.137
1786361521.151,316.738
1786361521.251,316.738
1786361521.351,316.833
1786361521.452,316.855
1786361521.552,316.804
1786361521.653,316.425
1786361521.753,316.458
1786361521.854,316.23
1786361521.954,316.301
1786361522.055,316.464
1786361522.155,316.028
1786361522.255,315.907
1786361522.356,315.974
1786361522.456,316.014
1786361522.557,315.948
1786361522.661,315.897
1786361522.761,316.024
1786361522.861,314.928
1786361522.962,313.574
1786361523.066,313.44
1786361523.170,313.467
1786361523.274,315.283
1786361523.377,315.391
1786361523.481,315.504
1786361523.585,315.347
1786361523.689,315.272
1786361523.792,313.555
1786361523.896,313.551
1786361524.000,314.546
1786361524.104,315.972
1786361524.208,315.935
1786361524.312,316.069
1786361524.415,316.288
1786361524.519,316.187
1786361524.623,316.109
1786361524.727,314.16
1786361524.827,314.305
1786361524.928,316.027
1786361525.028,315.956
1786361525.129,315.989
1786361525.229,315.958
1786361525.330,316.028
1786361525.430,315.832
1786361525.531,314.189
1786361525.631,314.182
1786361525.731,314.13
1786361525.832,316.041
1786361525.932,315.845
1786361526.033,315.7
1786361526.133,314.963
1786361526.236,314.494
1786361526.338,314.554
1786361526.438,314.552
1786361526.538,314.521
1786361526.639,316.089
1786361526.739,316.089
1786361526.840,316.236
1786361526.940,315.76
1786361527.041,315.815
1786361527.141,315.855
1786361527.242,315.918
1786361527.342,315.237
1786361527.443,315.804
1786361527.543,315.837
1786361527.644,315.881
1786361527.744,315.956
1786361527.844,316.033
1786361527.945,316.04
1786361528.045,314.205
1786361528.146,313.224
1786361528.246,313.554
1786361528.347,313.698
1786361528.447,315.407
1786361528.548,315.467
1786361528.648,315.472
1786361528.748,315.373
1786361528.849,315.246
1786361528.949,313.782
1786361529.050,313.682
1786361529.150,315.916
1786361529.251,316.763
1786361529.351,316.487
1786361529.452,316.32
1786361529.552,316.201
1786361529.653,314.308
1786361529.753,314.461
1786361529.854,314.593
1786361529.954,314.917
1786361530.054,314.917
1786361530.155,316.352
1786361530.255,316.359
1786361530.356,316.426
1786361530.456,316.583
1786361530.557,316.53
1786361530.657,316.613
1786361530.758,314.45
1786361530.862,314.266
1786361530.966,314.082
1786361531.070,313.926
1786361531.174,313.579
1786361531.276,313.488
1786361531.380,312.919
1786361531.483,312.923
1786361531.587,312.841
1786361531.691,312.913
1786361531.795,312.999
1786361531.895,315.135
1786361531.999,315.599
1786361532.102,315.588
1786361532.203,315.565
1786361532.303,315.667
1786361532.404,315.786
1786361532.504,316.492
1786361532.608,316.616
1786361532.708,316.657
1786361532.809,316.665
1786361532.909,316.595
1786361533.010,316.716
1786361533.110,318.219
1786361533.211,318.256
1786361533.311,315.517
1786361533.412,315.454
1786361533.512,315.429
1786361533.613,315.458
1786361533.713,315.308
1786361533.814,315.297
1786361533.917,315.251
1786361534.017,313.45
1786361534.118,313.288
1786361534.218,313.287
1786361534.318,313.241
1786361534.419,316.023
1786361534.519,316.012
1786361534.620,316.049
1786361534.720,315.965
1786361534.821,316.317
1786361534.921,316.317
1786361535.021,316.39
1786361535.122,316.364
1786361535.222,318.207
1786361535.323,318.143
1786361535.423,318.129
1786361535.524,318.12
1786361535.624,318.179
1786361535.725,318.203
1786361535.825,318.219
1786361535.925,318.393
1786361536.026,316.437
1786361536.126,316.373
1786361536.226,316.532
1786361536.327,316.662
1786361536.427,316.712
1786361536.528,316.713
1786361536.628,316.694
1786361536.728,315.115
1786361536.829,314.41
1786361536.929,314.325
1786361537.030,314.123
1786361537.130,315.842
1786361537.230,315.866
1786361537.331,316.011
1786361537.431,315.668
1786361537.532,313.958
1786361537.632,314.196
1786361537.732,314.298
1786361537.833,315.973
1786361537.933,316.725
1786361538.034,316.919
1786361538.134,316.96
1786361538.235,316.96
1786361538.335,317.0
1786361538.435,315.546
1786361538.536,314.109
1786361538.636,314.407
1786361538.737,316.229
1786361538.837,316.105
1786361538.938,316.204
1786361539.038,316.228
1786361539.138,316.136
1786361539.239,315.961
1786361539.339,314.446
1786361539.440,314.459
1786361539.540,315.81
1786361539.641,316.925
1786361539.741,316.855
1786361539.842,316.756
1786361539.942,316.657
1786361540.043,314.752
1786361540.144,314.712
1786361540.244,314.839
1786361540.345,314.901
1786361540.445,316.472
1786361540.546,316.514
1786361540.647,316.757
1786361540.747,316.988
1786361540.848,317.053
1786361540.948,317.154
1786361541.049,315.449
1786361541.149,317.255
1786361541.249,317.514
1786361541.350,317.404
1786361541.451,317.49
1786361541.552,317.439
1786361541.653,317.439
1786361541.753,317.186
1786361541.854,317.079
1786361541.955,316.975
1786361542.056,316.912
1786361542.156,315.452
1786361542.257,317.26
1786361542.358,317.194
1786361542.458,316.897
1786361542.559,316.846
1786361542.659,316.758
1786361542.760,316.782
1786361542.861,317.016
1786361542.962,317.07
1786361543.063,315.112
1786361543.163,315.093
1786361543.264,316.554
1786361543.365,316.757
1786361543.465,316.797
1786361543.566,316.784
1786361543.667,315.671
1786361543.767,315.608
1786361543.868,315.581
1786361543.968,315.592
1786361544.069,315.788
1786361544.169,316.355
1786361544.270,316.335
1786361544.370,316.288
1786361544.470,316.004
1786361544.571,316.19
1786361544.673,316.362
1786361544.775,317.513
1786361544.876,315.96
1786361544.977,316.049
1786361545.077,315.982
1786361545.177,315.724
1786361545.278,315.724
1786361545.380,317.109
1786361545.482,317.169
1786361545.584,317.162
1786361545.686,315.496
1786361545.788,315.368
1786361545.890,315.237
1786361545.992,315.393
1786361546.094,316.952
1786361546.196,316.842
1786361546.299,316.707
1786361546.401,316.584
1786361546.503,316.736
1786361546.605,315.079
1786361546.705,314.898
1786361546.806,316.662
1786361546.907,315.863
1786361547.008,315.765
1786361547.108,315.642
1786361547.209,315.624
1786361547.310,315.562
1786361547.410,315.596
1786361547.511,314.218
1786361547.611,313.958
1786361547.712,315.451
1786361547.813,315.558
1786361547.914,315.632
1786361548.015,316.315
1786361548.116,316.141
1786361548.216,316.119
1786361548.316,313.719
1786361548.417,313.68
1786361548.517,313.644
1786361548.617,315.024
1786361548.718,315.029
1786361548.819,314.183
1786361548.919,313.974
1786361549.019,313.744
1786361549.120,313.778
1786361549.220,313.824
1786361549.321,313.819
1786361549.421,313.819
1786361549.521,316.113
1786361549.622,316.083
1786361549.722,314.482
1786361549.823,314.414
1786361549.923,314.43
1786361550.023,315.28
1786361550.124,315.453
1786361550.224,315.418
1786361550.325,315.254
1786361550.425,315.193
1786361550.526,315.188
1786361550.626,315.228
1786361550.727,315.191
1786361550.828,316.809
1786361550.928,316.846
1786361551.029,316.927
1786361551.129,316.954
1786361551.230,314.844
1786361551.330,314.822
1786361551.431,314.923
1786361551.532,315.07
1786361551.633,315.111
1786361551.733,315.139
1786361551.834,315.196
1786361550.818,313.832
1786361550.919,313.83
1786361551.020,313.716
1786361551.120,313.68
1786361551.221,315.737
1786361551.322,315.683
1786361551.422,315.649
1786361551.523,315.753
1786361551.624,315.625
1786361551.724,315.624
1786361551.825,315.624
1786361551.926,314.158
1786361552.026,315.52
1786361552.127,315.55
1786361552.227,315.585
1786361552.328,315.615
1786361552.428,315.702
1786361552.529,315.737
1786361552.629,315.8
1786361552.730,315.737
1786361552.830,315.953
1786361552.931,314.986
1786361553.031,314.767
1786361553.132,314.771
1786361553.233,314.774
1786361553.334,314.734
1786361553.434,314.705
1786361553.535,314.664
1786361553.636,314.719
1786361553.736,312.233
1786361553.837,312.22
1786361553.938,312.258
1786361554.039,313.033
1786361554.139,314.864
1786361554.240,314.986
1786361554.340,315.056
1786361554.441,314.995
1786361554.541,313.374
1786361554.642,313.461
1786361554.742,313.543
1786361554.843,316.124
1786361554.943,315.986
1786361555.043,315.865
1786361555.144,316.149
1786361555.244,316.039
1786361555.344,316.039
1786361555.446,314.204
1786361555.546,314.194
1786361555.647,314.34
1786361555.747,315.395
1786361555.849,315.392
1786361555.950,315.404
1786361556.050,315.074
1786361556.150,314.026
1786361556.251,313.956
1786361556.351,313.799
1786361556.452,313.738
1786361556.552,315.587
1786361556.653,315.609
1786361556.753,315.495
1786361556.854,316.193
1786361556.954,316.235
1786361557.054,314.009
1786361557.155,314.124
1786361557.255,315.276
1786361557.356,315.419
1786361557.456,315.527
1786361557.556,315.647
1786361557.657,315.581
1786361557.757,314.059
1786361557.857,314.156
1786361557.958,314.143
1786361558.059,313.055
1786361558.160,315.168
1786361558.261,315.407
1786361558.361,315.533
1786361558.462,315.528
1786361558.563,315.476
1786361558.664,315.47
1786361558.764,315.47
1786361558.865,315.548
1786361558.965,317.126
1786361559.065,317.172
1786361559.165,317.185
1786361559.266,318.314
1786361559.366,318.532
1786361559.467,316.838
1786361559.568,316.69
1786361559.668,316.678
1786361559.769,316.879
1786361559.869,316.869
1786361559.969,316.791
1786361560.069,316.788
1786361560.170,315.416
1786361560.270,315.394
1786361560.370,315.307
1786361560.471,315.174
1786361560.571,316.857
1786361560.671,316.99
1786361560.772,316.953
1786361560.872,316.79
1786361560.972,316.788
1786361561.073,316.699
1786361561.173,316.661
1786361561.273,316.299
1786361561.374,316.311
1786361561.474,316.435
1786361561.574,316.588
1786361561.675,316.604
1786361561.775,316.643
1786361561.876,314.636
1786361561.976,314.791
1786361562.077,314.791
1786361562.177,314.829
1786361562.277,315.093
1786361562.378,315.334
1786361562.478,316.99
1786361562.579,316.983
1786361562.679,316.855
1786361562.779,316.652
1786361562.880,316.486
1786361562.980,316.374
1786361563.081,318.423
1786361563.181,318.313
1786361563.281,315.71
1786361563.382,315.53
1786361563.482,315.198
1786361563.583,315.247
1786361563.683,315.159
1786361563.784,315.045
1786361563.884,315.046
1786361563.984,315.132
1786361564.085,314.946
1786361564.185,313.508
1786361564.286,313.539
1786361564.386,316.147
1786361564.487,316.113
1786361564.587,316.231
1786361564.687,316.44
1786361564.788,316.509
1786361564.888,316.657
1786361564.989,314.666
1786361565.089,314.643
1786361565.190,314.913
1786361565.290,316.278
1786361565.390,316.278
1786361565.491,316.318
1786361565.591,316.223
1786361565.691,316.126
1786361565.792,315.324
1786361565.892,313.438
1786361565.993,313.321
1786361566.093,313.195
1786361566.194,315.122
1786361566.294,315.249
1786361566.398,315.014
1786361566.502,314.951
1786361566.602,314.817
1786361566.703,314.784
1786361566.803,314.797
1786361566.903,313.8
1786361567.004,315.375
1786361567.104,315.463
1786361567.205,315.478
1786361567.305,315.554
1786361567.405,315.374
1786361567.506,315.689
1786361567.606,315.737
1786361567.707,315.836
1786361567.807,314.083
1786361567.908,314.567
1786361568.008,316.294
1786361568.109,316.369
1786361568.209,316.387
1786361568.309,316.529
1786361568.410,315.505
1786361568.510,315.599
1786361568.611,315.684
1786361568.711,315.715
1786361568.811,315.634
1786361568.912,315.634
1786361569.012,317.381
1786361569.113,314.531
1786361569.213,314.369
1786361569.313,314.323
1786361569.414,314.275
1786361569.514,314.13
1786361569.615,315.181
1786361569.715,315.102
1786361569.815,314.918
1786361569.916,315.01
1786361570.016,315.051
1786361570.117,313.562
1786361570.217,316.174
1786361570.318,316.317
1786361570.418,316.314
1786361570.519,316.27
1786361570.619,316.344
1786361570.719,316.379
1786361570.820,316.39
1786361570.920,316.305
1786361571.021,316.197
1786361571.122,316.23
1786361571.222,317.858
1786361571.323,317.635
1786361571.423,317.711
1786361571.523,316.309
1786361571.624,316.45
1786361571.724,316.487
1786361571.825,316.466
1786361571.925,316.589
1786361572.026,316.644
1786361572.126,316.679
1786361572.226,316.679
1786361572.327,316.649
1786361572.427,316.618
1786361572.528,316.801
1786361572.628,316.814
1786361572.729,316.554
1786361572.829,316.626
1786361572.930,316.506
1786361573.030,316.49
1786361573.131,316.498
1786361573.231,316.541
1786361573.331,316.662
1786361573.432,316.964
1786361573.532,316.831
1786361573.633,315.493
1786361573.733,313.918
1786361573.834,315.761
1786361573.934,315.674
1786361574.034,315.81
1786361574.135,315.842
1786361574.235,315.744
1786361574.336,315.768
1786361574.436,315.687
1786361574.537,315.607
1786361574.637,315.741
1786361574.738,317.017
1786361574.839,318.663
1786361574.939,316.89
1786361575.040,316.755
1786361575.140,316.709
1786361575.240,316.716
1786361575.341,316.786
1786361575.441,316.705
1786361575.542,316.705
1786361575.642,316.731
1786361575.743,315.875
1786361575.843,315.953
1786361575.944,315.894
1786361576.045,315.771
1786361576.145,317.491
1786361576.246,317.646
1786361576.346,316.096
1786361576.447,315.903
1786361576.548,315.835
1786361576.649,315.835
1786361576.750,315.837
1786361576.850,316.55
1786361576.951,316.494
1786361577.051,316.536
1786361577.152,315.241
1786361577.252,315.159
1786361577.356,315.038
1786361577.460,316.595
1786361577.564,316.798
1786361577.668,316.91
1786361577.771,316.947
1786361577.872,316.922
1786361577.972,315.544
1786361578.073,315.566
1786361578.173,315.643
1786361578.274,316.969
1786361578.374,317.041
1786361578.475,317.353
1786361578.575,317.39
1786361578.676,317.466
1786361578.776,317.394
1786361578.877,316.049
1786361578.978,316.001
1786361579.079,317.355
1786361579.179,315.6
1786361579.280,315.523
1786361579.381,315.476
1786361579.482,315.433
1786361579.582,315.236
1786361579.683,315.236
1786361579.783,315.164
1786361579.884,315.192
1786361579.984,315.082
1786361580.085,314.444
1786361580.186,314.409
1786361580.286,314.254
1786361580.387,315.966
1786361580.487,315.888
1786361580.588,315.84
1786361580.688,315.811
1786361580.790,315.674
1786361580.890,312.864
1786361580.991,312.648
1786361581.091,311.914
1786361581.192,313.891
1786361581.293,313.896
1786361581.393,313.929
1786361581.494,313.868
1786361581.595,313.76
1786361581.696,313.802
1786361581.796,311.914
1786361581.897,311.885
1786361581.998,314.659
1786361582.099,314.745
1786361582.200,315.44
1786361582.300,315.245
1786361582.401,315.277
1786361582.501,315.572
1786361582.601,315.518
1786361582.702,313.863
1786361582.802,314.027
1786361582.902,315.915
1786361583.003,315.819
1786361581.982,315.792
1786361582.082,315.792
1786361582.182,315.736
1786361582.283,315.66
1786361582.383,315.871
1786361582.484,315.905
1786361582.584,315.71
1786361582.684,313.901
1786361582.785,315.85
1786361582.885,315.824
1786361582.986,315.272
1786361583.086,315.505
1786361583.187,315.605
1786361583.287,315.574
1786361583.388,315.673
1786361583.488,315.533
1786361583.589,315.431
1786361583.689,315.5
1786361583.790,317.305
1786361583.890,315.239
1786361583.991,315.063
1786361584.091,315.719
1786361584.191,315.682
1786361584.292,315.625
1786361584.392,315.726
1786361584.493,315.795
1786361584.594,312.905
1786361584.698,312.875
1786361584.802,312.63
1786361584.905,312.669
1786361585.005,314.529
1786361585.106,314.771
1786361585.206,314.622
1786361585.307,314.592
1786361585.407,314.585
1786361585.507,314.444
1786361585.608,314.445
1786361585.709,317.434
1786361585.809,317.434
1786361585.910,317.495
1786361586.010,316.131
1786361586.110,316.051
1786361586.211,316.005
1786361586.311,315.679
1786361586.412,315.658
1786361586.512,315.808
1786361586.613,315.791
1786361586.713,315.785
1786361586.814,315.775
1786361586.914,315.808
1786361587.015,314.507
1786361587.115,315.996
1786361587.216,316.056
1786361587.316,316.165
1786361587.416,316.211
1786361587.517,316.198
1786361587.617,316.037
1786361587.718,316.193
1786361587.818,314.825
1786361587.919,314.875
1786361588.020,314.847
1786361588.120,315.166
1786361588.221,315.282
1786361588.321,315.368
1786361588.422,313.528
1786361588.522,313.576
1786361588.623,313.768
1786361588.723,313.679
1786361588.823,313.469
1786361588.924,312.796
1786361589.025,312.227
1786361589.125,312.227
1786361589.225,312.428
1786361589.326,313.427
1786361589.426,313.382
1786361589.527,313.424
1786361589.627,315.389
1786361589.727,315.505
1786361589.828,315.537
1786361589.928,315.806
1786361590.029,314.541
1786361590.129,316.788
1786361590.229,317.335
1786361590.330,317.153
1786361590.430,317.179
1786361590.531,317.189
1786361590.631,317.182
1786361590.731,317.164
1786361590.832,315.724
1786361590.936,315.667
1786361591.036,315.547
1786361591.137,317.047
1786361591.237,317.211
1786361591.337,317.256
1786361591.438,317.33
1786361591.539,317.435
1786361591.639,315.463
1786361591.739,315.833
1786361591.840,315.745
1786361591.944,317.162
1786361592.044,317.081
1786361592.145,317.171
1786361592.245,317.038
1786361592.346,316.877
1786361592.446,316.785
1786361592.546,316.747
1786361592.647,316.747
1786361592.747,316.583
1786361592.848,318.422
1786361592.948,318.182
1786361593.049,315.776
1786361593.149,315.92
1786361593.250,315.959
1786361593.350,315.849
1786361593.451,315.948
1786361593.552,314.259
1786361593.652,313.726
1786361593.753,313.695
1786361593.853,313.818
1786361593.953,313.945
1786361594.054,313.805
1786361594.154,316.219
1786361594.255,316.093
1786361594.355,316.084
1786361594.456,316.315
1786361594.556,316.397
1786361594.657,317.235
1786361594.757,315.372
1786361594.858,315.321
1786361594.958,315.266
1786361595.058,315.225
1786361595.159,315.206
1786361595.259,315.242
1786361595.359,315.208
1786361595.460,315.187
1786361595.560,313.256
1786361595.661,313.016
1786361595.761,313.83
1786361595.862,316.209
1786361595.963,316.275
1786361596.064,316.275
1786361596.164,316.202
1786361596.264,316.329
1786361596.365,316.194
1786361596.466,316.121
1786361596.567,315.975
1786361596.668,314.065
1786361596.768,315.675
1786361596.869,315.675
1786361596.969,315.53
1786361597.070,315.446
1786361597.170,315.312
1786361597.271,315.228
1786361597.371,315.256
1786361597.472,315.269
1786361597.573,315.213
1786361597.673,315.322
1786361597.774,317.25
1786361597.875,317.214
1786361597.976,317.338
1786361598.076,315.989
1786361598.177,316.145
1786361598.277,316.186
1786361598.378,316.292
1786361598.479,316.102
1786361598.580,316.1
1786361598.680,316.228
1786361598.781,313.436
1786361598.881,313.437
1786361598.982,313.493
1786361599.082,313.379
1786361599.183,314.679
1786361599.283,314.531
1786361599.384,314.564
1786361599.484,312.46
1786361599.585,312.46
1786361599.686,312.374
1786361599.787,312.384
1786361599.888,312.23
1786361599.988,314.901
1786361600.089,315.061
1786361600.189,315.142
1786361600.290,315.01
1786361600.390,315.068
1786361600.490,315.23
1786361600.591,312.576
1786361600.692,314.653
1786361600.792,314.689
1786361600.892,314.686
1786361600.993,314.74
1786361601.093,314.835
1786361601.194,314.732
1786361601.295,314.67
1786361601.396,313.131
1786361601.497,313.259
1786361601.598,313.391
1786361601.698,315.953
1786361601.799,315.987
1786361601.900,316.006
1786361602.000,316.05
1786361602.101,316.099
1786361602.202,315.077
1786361602.303,314.417
1786361602.403,314.455
1786361602.504,316.17
1786361602.605,316.115
1786361602.706,315.845
1786361602.807,315.939
1786361602.908,315.985
1786361603.008,316.083
1786361603.109,316.054
1786361603.210,316.054
1786361603.311,315.978
1786361603.415,317.026
1786361603.516,317.586
1786361603.616,316.203
1786361603.717,316.213
1786361603.817,316.146
1786361603.921,316.243
1786361604.025,315.802
1786361604.129,315.775
1786361604.233,315.999
1786361604.336,316.068
1786361604.439,314.177
1786361604.540,314.146
1786361604.640,313.453
1786361604.741,314.919
1786361604.841,314.848
1786361604.942,314.961
1786361605.042,314.99
1786361605.143,315.504
1786361605.243,315.712
1786361605.343,315.63
1786361605.444,313.549
1786361605.544,315.394
1786361605.645,315.505
1786361605.745,316.319
1786361605.846,316.414
1786361605.946,316.498
1786361606.046,316.435
1786361606.147,314.805
1786361606.247,314.895
1786361606.349,314.707
1786361606.453,314.529
1786361606.554,316.663
1786361606.655,316.824
1786361606.756,316.731
1786361606.856,316.589
1786361606.957,315.718
1786361607.058,314.79
1786361607.159,314.93
1786361607.259,316.647
1786361607.360,316.56
1786361607.460,316.669
1786361607.561,316.674
1786361607.661,316.674
1786361607.762,314.922
1786361607.863,314.764
1786361607.963,314.667
1786361608.064,314.745
1786361608.165,315.404
1786361608.267,316.397
1786361608.367,315.095
1786361608.468,315.097
1786361608.568,314.879
1786361608.669,314.812
1786361608.770,314.978
1786361608.870,316.795
1786361608.970,317.01
1786361609.071,317.269
1786361609.171,314.436
1786361609.272,314.499
1786361609.372,314.455
1786361609.473,315.769
1786361609.573,315.8
1786361609.674,316.014
1786361609.774,315.982
1786361609.874,316.016
1786361609.975,315.845
1786361610.076,313.773
1786361610.177,313.639
1786361610.278,316.531
1786361610.379,316.43
1786361610.480,316.433
1786361610.580,316.299
1786361610.681,316.191
1786361610.781,316.248
1786361610.882,316.318
1786361610.983,316.188
1786361611.084,316.318
1786361611.184,316.318
1786361611.285,318.446
1786361611.385,318.693
1786361611.485,316.411
1786361611.586,316.828
1786361611.686,316.778
1786361611.787,316.863
1786361611.888,316.821
1786361611.989,316.762
1786361612.089,316.663
1786361612.190,315.233
1786361612.290,315.194
1786361612.391,315.008
1786361612.491,314.747
1786361612.592,316.924
1786361612.692,316.713
1786361612.793,316.8
1786361612.893,315.107
1786361612.993,315.139
1786361613.094,315.138
1786361613.194,315.201
1786361613.295,316.641
1786361613.395,316.647
1786361613.496,316.992
1786361613.596,317.013
1786361613.696,317.114
1786361613.797,317.015
1786361613.898,315.026
1786361613.998,316.753
1786361614.099,316.759
1786361613.080,316.781
1786361613.180,315.226
1786361613.280,315.108
1786361613.381,315.032
1786361613.481,315.032
1786361613.581,314.01
1786361613.682,313.922
1786361613.782,312.427
1786361613.883,312.306
1786361613.983,314.181
1786361614.084,314.045
1786361614.184,313.93
1786361614.285,313.815
1786361614.385,315.278
1786361614.486,315.283
1786361614.587,313.423
1786361614.687,314.014
1786361614.788,314.087
1786361614.888,315.435
1786361614.989,315.697
1786361615.089,315.78
1786361615.189,315.72
1786361615.290,315.768
1786361615.390,315.828
1786361615.491,315.881
1786361615.594,313.932
1786361615.697,315.722
1786361615.800,315.734
1786361615.904,315.625
1786361616.008,315.61
1786361616.108,315.398
1786361616.208,315.329
1786361616.309,313.68
1786361616.409,313.653
1786361616.510,313.641
1786361616.610,313.888
1786361616.711,315.782
1786361616.811,315.844
1786361616.911,315.864
1786361617.012,316.002
1786361617.112,315.964
1786361617.213,316.028
1786361617.313,316.028
1786361617.413,316.026
1786361617.514,317.74
1786361617.614,317.94
1786361617.715,317.895
1786361617.815,317.546
1786361617.916,317.531
1786361618.016,317.619
1786361618.117,317.71
1786361618.217,317.71
1786361618.317,317.877
1786361618.418,317.859
1786361618.518,317.84
1786361618.619,317.963
1786361618.719,315.283
1786361618.820,315.327
1786361618.920,315.349
1786361619.021,315.41
1786361619.121,315.395
1786361619.221,315.408
1786361619.322,315.356
1786361619.422,315.236
1786361619.526,315.276
1786361619.630,315.43
1786361619.732,313.784
1786361619.836,316.309
1786361619.940,316.463
1786361620.044,316.585
1786361620.148,316.602
1786361620.252,316.545
1786361620.356,316.511
1786361620.459,316.502
1786361620.563,316.541
1786361620.667,316.5
1786361620.771,316.342
1786361620.875,317.897
1786361620.976,316.518
1786361621.079,316.339
1786361621.183,316.182
1786361621.287,316.219
1786361621.391,316.533
1786361621.495,316.571
1786361621.599,316.642
1786361621.703,316.771
1786361621.806,316.889
1786361621.910,316.994
1786361622.014,317.151
1786361622.115,317.141
1786361622.218,317.104
1786361622.322,317.209
1786361622.426,317.14
1786361622.530,316.889
1786361622.634,316.922
1786361622.734,317.014
1786361622.838,316.829
1786361622.942,316.895
1786361623.046,316.815
1786361623.150,316.606
1786361623.253,318.077
1786361623.354,316.671
1786361623.456,316.495
1786361623.560,316.576
1786361623.664,316.563
1786361623.764,316.533
1786361623.865,315.243
1786361623.965,315.584
1786361624.065,315.513
1786361624.166,315.608
1786361624.266,314.194
1786361624.367,314.233
1786361624.467,315.785
1786361624.568,315.977
1786361624.668,316.043
1786361624.769,316.043
1786361624.869,316.003
1786361624.969,315.853
1786361625.070,316.877
1786361625.170,316.636
1786361625.270,316.462
1786361625.371,316.418
1786361625.471,315.707
1786361625.572,315.521
1786361625.676,315.453
1786361625.780,315.461
1786361625.883,315.421
1786361625.987,315.633
1786361626.091,315.79
1786361626.195,316.023
1786361626.299,316.054
1786361626.399,314.357
1786361626.499,314.508
1786361626.601,316.876
1786361626.704,317.132
1786361626.807,317.173
1786361626.911,317.303
1786361627.014,317.41
1786361627.117,315.839
1786361627.219,315.872
1786361627.322,315.887
1786361627.423,316.013
1786361627.524,317.925
1786361627.624,317.881
1786361627.725,317.69
1786361627.828,317.657
1786361627.931,317.652
1786361628.032,315.645
1786361628.132,315.545
1786361628.233,316.869
1786361628.335,316.911
1786361628.439,316.874
1786361628.539,316.824
1786361628.643,316.987
1786361628.744,316.898
1786361628.847,316.952
1786361628.951,316.806
1786361629.055,315.477
1786361629.159,317.472
1786361629.262,317.517
1786361629.363,316.198
1786361629.467,316.21
1786361629.567,316.133
1786361629.671,316.089
1786361629.772,315.912
1786361629.876,316.211
1786361629.978,316.116
1786361630.081,316.097
1786361630.182,317.309
1786361630.286,315.645
1786361630.390,315.509
1786361630.494,316.813
1786361630.598,316.7
1786361630.702,316.747
1786361630.804,316.661
1786361630.907,316.579
1786361631.007,316.209
1786361631.109,316.26
1786361631.211,316.422
1786361631.313,316.475
1786361631.416,318.005
1786361631.519,318.037
1786361631.622,318.07
1786361631.723,316.258
1786361631.825,316.025
1786361631.928,316.039
1786361632.032,315.939
1786361632.135,315.997
1786361632.237,315.944
1786361632.341,316.016
1786361632.444,315.887
1786361632.545,313.803
1786361632.648,313.598
1786361632.749,313.726
1786361632.850,315.564
1786361632.950,315.564
1786361633.051,315.582
1786361633.151,315.504
1786361633.252,315.43
1786361633.352,315.2
1786361633.453,312.649
1786361633.555,312.002
1786361633.656,312.087
1786361633.756,314.099
1786361633.857,314.091
1786361633.957,313.966
1786361634.058,313.91
1786361634.158,314.006
1786361634.259,313.093
1786361634.359,313.15
1786361634.460,311.403
1786361634.560,313.918
1786361634.661,314.271
1786361634.761,314.321
1786361634.862,314.403
1786361634.962,314.542
1786361635.062,313.224
1786361635.163,313.289
1786361635.263,313.317
1786361635.364,314.292
1786361635.464,314.396
1786361635.565,316.331
1786361635.665,316.621
1786361635.766,316.663
1786361635.866,315.161
1786361635.966,315.083
1786361636.067,315.391
1786361636.167,316.717
1786361636.267,316.635
1786361636.368,316.635
1786361636.468,316.703
1786361636.569,316.671
1786361636.669,314.855
1786361636.770,314.893
1786361636.870,314.657
1786361636.970,314.696
1786361637.071,316.238
1786361637.171,316.296
1786361637.271,315.487
1786361637.372,314.82
1786361637.472,314.909
1786361637.573,314.823
1786361637.673,314.913
1786361637.773,316.732
1786361637.874,316.792
1786361637.976,317.03
1786361638.077,317.049
1786361638.177,317.048
1786361638.278,314.882
1786361638.378,315.405
1786361638.478,316.127
1786361638.579,316.1
1786361638.679,316.276
1786361638.780,316.325
1786361638.880,316.43
1786361638.980,316.451
1786361639.081,316.273
1786361639.181,316.288
1786361639.281,316.369
1786361639.382,317.247
1786361639.482,317.177
1786361639.583,315.342
1786361639.683,315.342
1786361639.783,315.283
1786361639.884,315.105
1786361639.984,314.988
1786361640.084,314.685
1786361640.185,314.539
1786361640.288,314.672
1786361640.389,314.641
1786361640.490,312.799
1786361640.590,314.297
1786361640.691,314.42
1786361640.791,316.264
1786361640.892,316.324
1786361640.992,316.39
1786361641.093,316.414
1786361641.193,316.619
1786361641.294,316.716
1786361641.394,316.57
1786361641.495,316.719
1786361641.595,316.878
1786361641.696,316.676
1786361641.796,316.632
1786361641.897,316.732
1786361641.998,316.773
1786361642.098,316.822
1786361642.199,314.69
1786361642.299,314.606
1786361642.400,314.529
1786361642.500,314.474
1786361642.601,314.293
1786361642.701,315.868
1786361642.802,315.914
1786361642.902,314.685
1786361643.002,314.529
1786361643.103,314.418
1786361643.203,314.418
1786361643.307,314.293
1786361643.411,316.513
1786361643.512,316.42
1786361643.612,316.416
1786361643.712,316.399
1786361643.813,314.798
1786361643.913,314.839
1786361644.014,314.743
1786361644.114,315.922
1786361644.214,315.86
1786361644.315,315.864
1786361644.415,315.884
1786361644.516,315.731
1786361644.616,314.898
1786361644.717,314.82
1786361644.817,314.749
1786361644.918,316.324
1786361645.018,316.156
1786361645.118,314.849
1786361645.219,314.946
1786361644.200,314.986
1786361644.300,314.976
1786361644.401,314.964
1786361644.501,314.93
1786361644.602,316.09
1786361644.702,316.106
1786361644.803,314.395
1786361644.903,314.394
1786361645.003,314.49
1786361645.104,315.902
1786361645.204,315.856
1786361645.305,315.849
1786361645.405,315.995
1786361645.506,316.081
1786361645.606,316.081
1786361645.707,315.031
1786361645.807,314.923
1786361645.908,315.048
1786361646.008,316.926
1786361646.108,317.107
1786361646.209,317.365
1786361646.309,315.156
1786361646.410,315.236
1786361646.510,314.029
1786361646.611,313.983
1786361646.711,314.02
1786361646.811,315.311
1786361646.912,314.751
1786361647.012,314.92
1786361647.113,315.094
1786361647.213,313.213
1786361647.314,313.22
1786361647.414,315.523
1786361647.514,315.565
1786361647.615,316.964
1786361647.715,316.907
1786361647.815,316.733
1786361647.916,316.736
1786361648.016,314.876
1786361648.117,314.737
1786361648.217,314.656
1786361648.318,316.556
1786361648.418,316.464
1786361648.518,316.312
1786361648.619,314.632
1786361648.719,313.388
1786361648.820,313.352
1786361648.920,313.352
1786361649.020,313.592
1786361649.121,313.613
1786361649.221,316.01
1786361649.322,316.06
1786361649.422,315.893
1786361649.522,315.846
1786361649.623,315.859
1786361649.723,315.909
1786361649.824,316.34
1786361649.924,317.566
1786361650.024,317.696
1786361650.125,317.773
1786361650.226,317.672
1786361650.326,317.719
1786361650.426,317.747
1786361650.527,317.884
1786361650.627,317.876
1786361650.728,317.776
1786361650.828,316.242
1786361650.929,317.643
1786361651.029,317.319
1786361651.130,317.244
1786361651.230,317.12
1786361651.330,317.154
1786361651.431,317.113
1786361651.531,317.017
1786361651.632,316.997
1786361651.732,317.0
1786361651.832,317.03
1786361651.933,318.586
1786361652.033,316.984
1786361652.134,317.285
1786361652.234,317.351
1786361652.335,317.351
1786361652.435,316.748
1786361652.536,316.7
1786361652.637,316.821
1786361652.738,316.72
1786361652.838,316.593
1786361652.939,315.249
1786361653.039,315.23
1786361653.140,315.254
1786361653.240,316.714
1786361653.341,316.743
1786361653.441,316.645
1786361653.541,317.289
1786361653.642,317.405
1786361653.744,316.069
1786361653.845,316.236
1786361653.946,315.133
1786361654.047,316.605
1786361654.147,316.634
1786361654.248,316.671
1786361654.348,316.641
1786361654.448,316.556
1786361654.549,316.658
1786361654.649,316.573
1786361654.750,316.544
1786361654.850,316.469
1786361654.953,316.458
1786361655.053,317.769
1786361655.154,317.681
1786361655.254,317.717
1786361655.354,317.636
1786361655.455,317.417
1786361655.555,316.005
1786361655.656,315.883
1786361655.756,315.806
1786361655.857,315.806
1786361655.957,315.749
1786361656.058,317.25
1786361656.158,317.174
1786361656.259,316.996
1786361656.359,316.93
1786361656.460,316.938
1786361656.560,316.866
1786361656.661,316.975
1786361656.761,318.393
1786361656.861,318.482
1786361656.962,316.794
1786361657.062,316.764
1786361657.163,316.638
1786361657.263,316.669
1786361657.364,316.724
1786361657.465,316.695
1786361657.566,316.774
1786361657.666,316.823
1786361657.767,316.962
1786361657.867,316.849
1786361657.967,316.861
1786361658.068,318.679
1786361658.168,316.666
1786361658.269,316.475
1786361658.369,316.47
1786361658.470,316.347
1786361658.570,316.338
1786361658.671,316.134
1786361658.771,316.057
1786361658.871,315.905
1786361658.972,316.053
1786361659.072,314.851
1786361659.173,314.851
1786361659.273,314.924
1786361659.374,315.579
1786361659.474,315.622
1786361659.575,315.657
1786361659.675,315.77
1786361659.776,315.855
1786361659.876,316.008
1786361659.977,316.163
1786361660.077,316.227
1786361660.177,316.173
1786361660.278,317.455
1786361660.380,317.634
1786361660.481,319.022
1786361660.582,319.128
1786361660.682,317.55
1786361660.782,317.676
1786361660.883,317.769
1786361660.983,317.674
1786361661.084,317.554
1786361661.184,317.456
1786361661.285,317.326
1786361661.385,317.276
1786361661.486,314.59
1786361661.586,314.511
1786361661.687,314.445
1786361661.787,316.014
1786361661.888,315.931
1786361661.988,315.811
1786361662.089,315.667
1786361662.189,314.532
1786361662.290,314.636
1786361662.393,314.171
1786361662.493,314.238
1786361662.594,316.666
1786361662.694,316.666
1786361662.795,316.72
1786361662.895,316.688
1786361662.996,316.624
1786361663.096,315.213
1786361663.197,315.044
1786361663.297,315.187
1786361663.397,316.37
1786361663.498,316.457
1786361663.598,317.064
1786361663.699,316.971
1786361663.799,316.938
1786361663.900,315.19
1786361664.003,315.141
1786361664.103,315.121
1786361664.204,316.506
1786361664.304,315.581
1786361664.404,315.588
1786361664.505,315.567
1786361664.606,315.454
1786361664.706,313.41
1786361664.807,313.443
1786361664.907,313.46
1786361665.007,315.244
1786361665.108,315.341
1786361665.208,315.542
1786361665.309,315.517
1786361665.410,316.577
1786361665.510,316.536
1786361665.611,316.648
1786361665.711,315.401
1786361665.812,317.425
1786361665.912,317.454
1786361666.013,317.467
1786361666.113,317.467
1786361666.213,317.43
1786361666.314,317.349
1786361666.414,317.136
1786361666.515,317.106
1786361666.615,317.136
1786361666.716,317.134
1786361666.816,317.031
1786361666.917,316.514
1786361667.018,316.423
1786361667.118,316.373
1786361667.219,316.256
1786361667.319,316.182
1786361667.420,316.374
1786361667.520,316.34
1786361667.621,316.383
1786361667.721,316.369
1786361667.822,314.9
1786361667.922,314.883
1786361668.023,316.681
1786361668.123,316.836
1786361668.223,316.769
1786361668.324,316.761
1786361668.424,316.8
1786361668.525,316.674
1786361668.626,316.935
1786361668.726,317.005
1786361668.827,316.929
1786361668.927,318.454
1786361669.028,318.5
1786361669.128,318.491
1786361669.229,318.486
1786361669.329,316.65
1786361669.430,315.492
1786361669.530,315.492
1786361669.630,315.48
1786361669.731,315.453
1786361669.831,315.396
1786361669.932,315.294
1786361670.032,315.282
1786361670.132,313.406
1786361670.233,313.448
1786361670.334,313.497
1786361670.434,313.441
1786361670.535,315.344
1786361670.635,316.522
1786361670.735,316.584
1786361670.836,316.592
1786361670.936,316.479
1786361671.037,316.408
1786361671.137,316.42
1786361671.237,318.391
1786361671.338,316.112
1786361671.441,315.975
1786361671.541,315.87
1786361671.642,315.754
1786361671.742,315.725
1786361671.843,315.665
1786361671.943,314.491
1786361672.043,313.771
1786361672.144,313.782
1786361672.244,313.725
1786361672.345,312.663
1786361672.445,314.8
1786361672.546,314.891
1786361672.646,314.935
1786361672.747,314.978
1786361672.847,315.001
1786361672.947,315.001
1786361673.048,314.845
1786361673.148,314.614
1786361673.249,315.17
1786361673.349,315.105
1786361673.450,315.107
1786361673.550,315.937
1786361673.651,315.879
1786361673.751,315.774
1786361673.851,315.945
1786361673.952,315.893
1786361674.052,315.873
1786361674.153,315.992
1786361674.253,317.353
1786361674.354,315.698
1786361674.454,315.772
1786361674.554,315.899
1786361674.655,314.727
1786361674.755,314.981
1786361674.856,315.346
1786361674.956,315.202
1786361675.056,315.262
1786361675.157,313.547
1786361675.257,313.701
1786361675.358,313.865
1786361675.458,315.74
1786361675.559,315.785
1786361675.659,315.814
1786361675.760,317.078
1786361675.860,316.981
1786361675.961,315.215
1786361676.061,315.27
1786361676.161,315.27
1786361676.262,315.389
1786361676.362,317.209
1786361675.341,317.195
1786361675.441,317.119
1786361675.542,317.045
1786361675.642,317.172
1786361675.743,317.349
1786361675.843,317.295
1786361675.943,315.444
1786361676.044,316.962
1786361676.144,317.158
1786361676.245,317.126
1786361676.345,316.918
1786361676.446,316.825
1786361676.546,316.883
1786361676.646,316.989
1786361676.747,316.943
1786361676.847,316.555
1786361676.948,316.548
1786361677.048,318.397
1786361677.149,318.44
1786361677.249,316.198
1786361677.349,316.261
1786361677.450,316.428
1786361677.550,316.635
1786361677.651,316.64
1786361677.752,316.637
1786361677.852,316.649
1786361677.952,316.81
1786361678.053,316.831
1786361678.153,315.154
1786361678.254,315.053
1786361678.354,317.126
1786361678.455,317.126
1786361678.555,316.974
1786361678.656,317.087
1786361678.756,315.661
1786361678.856,315.585
1786361678.957,315.583
1786361679.057,315.726
1786361679.158,315.773
1786361679.258,315.862
1786361679.358,315.742
1786361679.459,315.829
1786361679.559,315.779
1786361679.660,315.795
1786361679.760,315.732
1786361679.861,316.986
1786361679.961,316.972
1786361680.061,316.897
1786361680.162,316.642
1786361680.263,316.662
1786361680.363,316.626
1786361680.464,318.393
1786361680.564,318.635
1786361680.664,317.054
1786361680.765,317.045
1786361680.865,317.068
1786361680.966,317.162
1786361681.066,317.238
1786361681.167,317.286
1786361681.267,316.633
1786361681.369,316.55
1786361681.471,316.537
1786361681.571,316.543
1786361681.672,314.633
1786361681.772,316.252
1786361681.872,316.252
1786361681.973,316.241
1786361682.073,316.025
1786361682.174,315.814
1786361682.274,315.663
1786361682.375,315.635
1786361682.475,314.349
1786361682.576,314.209
1786361682.676,314.056
1786361682.776,314.162
1786361682.877,315.675
1786361682.977,315.528
1786361683.078,313.579
1786361683.178,313.638
1786361683.279,313.655
1786361683.379,313.561
1786361683.480,313.474
1786361683.580,315.457
1786361683.680,315.467
1786361683.781,315.585
1786361683.882,314.526
1786361683.984,312.737
1786361684.087,312.749
1786361684.190,314.691
1786361684.290,314.786
1786361684.390,314.903
1786361684.491,314.989
1786361684.591,314.049
1786361684.692,313.272
1786361684.792,313.324
1786361684.896,313.283
1786361684.996,314.165
1786361685.097,316.034
1786361685.197,316.126
1786361685.298,316.289
1786361685.398,316.308
1786361685.499,316.308
1786361685.599,314.248
1786361685.700,314.413
1786361685.801,314.879
1786361685.905,315.982
1786361686.006,315.995
1786361686.110,316.004
1786361686.214,316.061
1786361686.315,316.02
1786361686.415,315.92
1786361686.518,314.401
1786361686.621,314.377
1786361686.725,316.333
1786361686.830,316.188
1786361686.934,316.482
1786361687.034,316.466
1786361687.136,316.523
1786361687.238,316.564
1786361687.341,314.23
1786361687.445,314.271
1786361687.546,314.322
1786361687.650,315.624
1786361687.751,315.568
1786361687.852,315.564
1786361687.957,315.567
1786361688.058,315.351
1786361688.162,315.395
1786361688.266,315.585
1786361688.369,313.753
1786361688.472,315.947
1786361688.573,315.884
1786361688.677,315.935
1786361688.780,316.086
1786361688.884,316.076
1786361688.988,316.033
1786361689.090,314.896
1786361689.192,314.869
1786361689.295,314.86
1786361689.397,314.846
1786361689.499,314.361
1786361689.601,314.455
1786361689.703,314.418
1786361689.804,314.312
1786361689.908,314.19
1786361690.012,314.173
1786361690.116,314.138
1786361690.219,315.219
1786361690.323,313.617
1786361690.427,313.572
1786361690.529,313.319
1786361690.633,315.524
1786361690.737,315.654
1786361690.841,315.954
1786361690.945,315.931
1786361691.048,314.565
1786361691.152,314.634
1786361691.255,314.274
1786361691.357,314.401
1786361691.460,316.104
1786361691.560,316.163
1786361691.662,316.205
1786361691.762,316.321
1786361691.863,316.25
1786361691.963,316.023
1786361692.064,316.2
1786361692.164,317.618
1786361692.264,317.846
1786361692.365,316.526
1786361692.466,316.628
1786361692.567,316.666
1786361692.668,316.914
1786361692.772,316.972
1786361692.876,317.002
1786361692.980,317.035
1786361693.082,315.396
1786361693.186,315.644
1786361693.290,315.751
1786361693.394,315.566
1786361693.495,317.356
1786361693.595,317.17
1786361693.695,317.115
1786361693.796,317.115
1786361693.896,316.867
1786361693.997,315.34
1786361694.097,315.338
1786361694.198,315.389
1786361694.298,315.83
1786361694.399,315.752
1786361694.499,315.688
1786361694.600,315.696
1786361694.700,315.616
1786361694.800,315.74
1786361694.901,313.997
1786361695.002,313.938
1786361695.102,315.445
1786361695.203,315.422
1786361695.303,315.361
1786361695.404,316.56
1786361695.505,316.36
1786361695.606,316.275
1786361695.706,316.211
1786361695.807,315.064
1786361695.908,314.971
1786361696.008,316.701
1786361696.109,316.732
1786361696.210,316.818
1786361696.310,316.935
1786361696.411,316.865
1786361696.512,317.063
1786361696.613,317.022
1786361696.713,317.067
1786361696.814,317.214
1786361696.915,318.626
1786361697.015,317.001
1786361697.116,317.001
1786361697.216,317.119
1786361697.317,317.16
1786361697.418,317.151
1786361697.518,317.084
1786361697.619,317.135
1786361697.719,316.987
1786361697.819,317.011
1786361697.920,317.065
1786361698.020,316.895
1786361698.121,316.824
1786361698.221,316.876
1786361698.321,316.788
1786361698.422,316.747
1786361698.522,316.649
1786361698.623,316.541
1786361698.724,316.461
1786361698.824,316.355
1786361698.925,314.914
1786361699.025,314.867
1786361699.126,314.922
1786361699.226,314.866
1786361699.327,316.391
1786361699.427,315.422
1786361699.528,315.399
1786361699.628,315.359
1786361699.729,315.311
1786361699.829,315.2
1786361699.930,315.187
1786361700.030,316.526
1786361700.130,316.447
1786361700.231,316.447
1786361700.331,316.308
1786361700.432,316.224
1786361700.533,316.154
1786361700.633,317.046
1786361700.734,317.013
1786361700.834,315.153
1786361700.935,314.54
1786361701.036,314.505
1786361701.137,314.497
1786361701.237,314.55
1786361701.338,314.017
1786361701.438,314.102
1786361701.539,314.093
1786361701.639,312.872
1786361701.740,312.604
1786361701.840,312.597
1786361701.941,314.51
1786361702.041,315.129
1786361702.142,315.3
1786361702.242,315.363
1786361702.342,315.341
1786361702.443,314.149
1786361702.543,314.225
1786361702.644,314.259
1786361702.744,315.51
1786361702.844,315.963
1786361702.945,316.019
1786361703.046,315.799
1786361703.146,314.004
1786361703.247,314.064
1786361703.347,314.205
1786361703.447,314.056
1786361703.548,315.783
1786361703.652,315.711
1786361703.756,315.705
1786361703.858,315.705
1786361703.958,315.736
1786361704.058,314.253
1786361704.159,314.226
1786361704.263,314.483
1786361704.364,316.251
1786361704.464,316.233
1786361704.564,316.072
1786361704.665,313.918
1786361704.766,313.807
1786361704.866,313.762
1786361704.967,313.857
1786361705.067,313.858
1786361705.168,313.778
1786361705.268,313.712
1786361705.368,311.907
1786361705.469,311.864
1786361705.569,311.895
1786361705.670,311.847
1786361705.770,313.6
1786361705.871,313.658
1786361705.972,313.661
1786361706.072,313.643
1786361706.172,312.409
1786361706.273,313.79
1786361706.374,313.794
1786361706.474,315.466
1786361706.574,315.556
1786361706.675,315.467
1786361706.775,315.499
1786361706.876,315.99
1786361706.976,316.051
1786361707.077,316.285
1786361707.177,316.22
1786361707.278,317.421
1786361707.378,317.421
1786361707.479,315.418
1786361706.431,315.622
1786361706.531,315.745
1786361706.632,315.791
1786361706.732,315.776
1786361706.833,314.461
1786361706.933,314.456
1786361707.033,314.501
1786361707.134,314.32
1786361707.235,314.347
1786361707.335,314.467
1786361707.436,316.601
1786361707.536,316.56
1786361707.636,316.549
1786361707.737,316.523
1786361707.838,315.138
1786361707.938,316.51
1786361708.039,316.704
1786361708.140,316.769
1786361708.240,316.88
1786361708.341,316.91
1786361708.441,316.979
1786361708.542,316.847
1786361708.642,315.643
1786361708.743,315.677
1786361708.843,313.751
1786361708.944,314.978
1786361709.045,314.972
1786361709.145,314.954
1786361709.245,314.971
1786361709.346,314.911
1786361709.446,315.132
1786361709.547,315.162
1786361709.647,315.246
1786361709.748,315.246
1786361709.848,316.299
1786361709.949,314.41
1786361710.049,316.342
1786361710.149,315.95
1786361710.250,315.83
1786361710.350,315.786
1786361710.451,315.726
1786361710.552,315.803
1786361710.652,315.54
1786361710.754,313.35
1786361710.855,313.307
1786361710.956,313.477
1786361711.057,315.337
1786361711.159,315.428
1786361711.259,315.894
1786361711.360,316.063
1786361711.460,316.082
1786361711.561,314.428
1786361711.661,314.535
1786361711.762,314.564
1786361711.863,316.604
1786361711.963,316.736
1786361712.064,316.495
1786361712.164,316.443
1786361712.265,316.378
1786361712.365,314.753
1786361712.466,314.706
1786361712.566,314.715
1786361712.666,316.333
1786361712.767,316.098
1786361712.867,316.097
1786361712.968,316.178
1786361713.068,316.059
1786361713.169,314.238
1786361713.269,314.256
1786361713.370,314.213
1786361713.471,316.0
1786361713.571,316.0
1786361713.672,316.036
1786361713.772,315.934
1786361713.872,315.821
1786361713.973,315.763
1786361714.073,315.707
1786361714.173,312.811
1786361714.274,312.902
1786361714.374,314.859
1786361714.475,314.874
1786361714.575,314.88
1786361714.676,314.831
1786361714.776,314.821
1786361714.877,314.811
1786361714.977,314.894
1786361715.078,314.075
1786361715.178,313.384
1786361715.278,316.122
1786361715.379,316.029
1786361715.479,316.083
1786361715.580,315.965
1786361715.680,315.936
1786361715.780,316.087
1786361715.881,314.086
1786361715.981,314.14
1786361716.082,314.335
1786361716.182,315.162
1786361716.283,315.788
1786361716.387,315.755
1786361716.492,315.713
1786361716.596,315.57
1786361716.701,314.56
1786361716.801,314.121
1786361716.902,313.928
1786361717.003,315.952
1786361717.103,315.965
1786361717.203,315.705
1786361717.304,315.661
1786361717.404,315.661
1786361717.505,313.724
1786361717.605,313.671
1786361717.706,313.612
1786361717.806,313.704
1786361717.907,314.955
1786361718.008,315.342
1786361718.108,315.226
1786361718.208,315.13
1786361718.309,315.081
1786361718.410,313.541
1786361718.510,313.611
1786361718.611,315.48
1786361718.711,315.563
1786361718.812,315.489
1786361718.912,315.43
1786361719.013,315.187
1786361719.113,313.703
1786361719.214,313.902
1786361719.314,313.15
1786361719.415,313.272
1786361719.515,314.948
1786361719.616,315.077
1786361719.716,313.608
1786361719.816,313.819
1786361719.917,314.061
1786361720.017,314.205
1786361720.118,314.205
1786361720.218,313.653
1786361720.319,315.301
1786361720.419,315.35
1786361720.520,316.399
1786361720.620,314.52
1786361720.721,314.498
1786361720.822,314.404
1786361720.922,316.211
1786361721.023,316.127
1786361721.123,316.056
1786361721.224,315.929
1786361721.324,315.407
1786361721.424,315.422
1786361721.525,315.344
1786361721.626,315.182
1786361721.726,316.992
1786361721.827,317.074
1786361721.927,317.042
1786361722.027,316.816
1786361722.128,316.801
1786361722.229,316.697
1786361722.329,316.968
1786361722.430,318.18
1786361722.530,316.58
1786361722.631,316.571
1786361722.731,316.751
1786361722.831,316.666
1786361722.932,316.666
1786361723.032,316.601
1786361723.133,316.757
1786361723.233,316.767
1786361723.333,316.791
1786361723.434,316.938
1786361723.534,315.33
1786361723.635,315.268
1786361723.735,316.785
1786361723.836,316.766
1786361723.936,316.513
1786361724.037,316.642
1786361724.137,316.864
1786361724.239,316.821
1786361724.343,315.463
1786361724.444,315.525
1786361724.544,314.551
1786361724.645,316.058
1786361724.746,316.23
1786361724.846,316.4
1786361724.946,316.553
1786361725.049,314.935
1786361725.153,314.99
1786361725.253,314.929
1786361725.354,314.931
1786361725.454,316.336
1786361725.555,316.338
1786361725.655,317.376
1786361725.756,317.41
1786361725.856,317.607
1786361725.957,317.593
1786361726.057,315.604
1786361726.158,317.314
1786361726.258,317.318
1786361726.359,317.318
1786361726.460,317.31
1786361726.560,317.622
1786361726.661,317.708
1786361726.761,317.721
1786361726.862,317.681
1786361726.962,317.642
1786361727.062,317.409
1786361727.163,317.391
1786361727.263,319.379
1786361727.364,319.415
1786361727.464,319.352
1786361727.565,317.717
1786361727.666,317.343
1786361727.767,317.109
1786361727.868,317.052
1786361727.970,317.053
1786361728.070,317.069
1786361728.171,317.18
1786361728.271,315.356
1786361728.372,315.286
1786361728.472,315.274
1786361728.572,315.239
1786361728.673,316.741
1786361728.773,316.98
1786361728.874,317.173
1786361728.974,317.079
1786361729.074,316.968
1786361729.175,316.941
1786361729.275,316.816
1786361729.375,318.597
1786361729.476,316.689
1786361729.577,316.568
1786361729.681,315.462
1786361729.785,315.4
1786361729.889,315.254
1786361729.993,315.446
1786361730.093,315.446
1786361730.194,314.8
1786361730.294,314.869
1786361730.395,312.32
1786361730.495,312.227
1786361730.595,312.244
1786361730.696,314.182
1786361730.796,314.314
1786361730.897,315.538
1786361730.997,315.617
1786361731.098,315.635
1786361731.198,315.472
1786361731.299,316.402
1786361731.399,316.422
1786361731.500,319.025
1786361731.601,319.114
1786361731.701,319.127
1786361731.801,317.72
1786361731.902,317.702
1786361732.002,317.633
1786361732.103,317.619
1786361732.204,317.577
1786361732.305,317.534
1786361732.405,317.398
1786361732.505,317.396
1786361732.606,317.324
1786361732.707,315.568
1786361732.807,315.507
1786361732.908,316.964
1786361733.008,316.936
1786361733.109,316.945
1786361733.209,316.936
1786361733.310,316.848
1786361733.410,316.848
1786361733.511,316.849
1786361733.611,315.194
1786361733.711,315.05
1786361733.812,314.955
1786361733.912,316.796
1786361734.013,316.779
1786361734.113,316.639
1786361734.214,316.536
1786361734.314,314.915
1786361734.415,314.934
1786361734.515,314.929
1786361734.616,314.863
1786361734.716,316.341
1786361734.816,316.366
1786361734.917,315.478
1786361735.017,313.223
1786361735.118,313.335
1786361735.218,313.378
1786361735.319,313.455
1786361735.419,315.002
1786361735.519,314.969
1786361735.620,315.019
1786361735.721,315.027
1786361735.821,315.098
1786361735.921,313.602
1786361736.022,314.541
1786361736.122,316.678
1786361736.223,316.612
1786361736.324,316.55
1786361736.424,316.637
1786361736.525,316.526
1786361736.625,316.523
1786361736.725,316.523
1786361736.826,314.477
1786361736.926,314.683
1786361737.027,314.675
1786361737.127,316.211
1786361737.228,316.252
1786361737.328,316.054
1786361737.428,315.95
1786361737.529,315.956
1786361737.629,315.781
1786361737.729,315.881
1786361737.830,315.915
1786361737.930,315.623
1786361738.031,315.569
1786361738.132,315.592
1786361738.233,315.577
1786361738.333,315.55
1786361738.434,315.71
1786361738.534,315.729
1786361738.634,315.702
1786361737.574,313.834
1786361737.675,313.774
1786361737.775,313.704
1786361737.875,315.979
1786361737.978,315.905
1786361738.079,315.938
1786361738.180,315.945
1786361738.281,315.951
1786361738.382,315.955
1786361738.482,313.526
1786361738.583,313.586
1786361738.683,315.549
1786361738.784,315.659
1786361738.887,314.579
1786361738.987,314.803
1786361739.087,314.803
1786361739.188,314.622
1786361739.288,312.939
1786361739.389,313.005
1786361739.489,313.207
1786361739.590,313.166
1786361739.690,315.643
1786361739.791,315.863
1786361739.891,315.864
1786361739.991,315.823
1786361740.092,316.901
1786361740.193,316.726
1786361740.294,314.875
1786361740.396,316.499
1786361740.498,316.475
1786361740.600,316.304
1786361740.702,316.311
1786361740.804,316.453
1786361740.905,316.386
1786361741.005,316.427
1786361741.107,314.764
1786361741.209,314.851
1786361741.310,314.843
1786361741.412,316.884
1786361741.513,317.006
1786361741.614,314.719
1786361741.714,314.684
1786361741.815,314.736
1786361741.915,314.59
1786361742.016,314.499
1786361742.116,314.435
1786361742.218,314.367
1786361742.319,314.424
1786361742.421,314.449
1786361742.524,314.445
1786361742.624,314.412
1786361742.725,316.794
1786361742.825,316.757
1786361742.926,315.143
1786361743.026,315.185
1786361743.126,315.248
1786361743.227,315.333
1786361743.327,317.15
1786361743.428,317.057
1786361743.528,315.012
1786361743.628,314.897
1786361743.728,314.852
1786361743.829,314.82
1786361743.929,315.014
1786361744.029,316.631
1786361744.130,315.407
1786361744.230,315.34
1786361744.330,315.27
1786361744.431,315.267
1786361744.531,313.176
1786361744.631,315.245
1786361744.732,315.313
1786361744.832,315.221
1786361744.932,315.217
1786361745.033,315.217
1786361745.133,315.056
1786361745.234,315.21
1786361745.334,316.453
1786361745.434,316.409
1786361745.535,313.961
1786361745.635,314.157
1786361745.736,316.223
1786361745.836,316.197
1786361745.936,316.164
1786361746.037,316.264
1786361746.137,316.194
1786361746.237,316.26
1786361746.338,316.167
1786361746.438,315.058
1786361746.539,314.94
1786361746.639,317.392
1786361746.739,317.145
1786361746.840,317.233
1786361746.940,317.287
1786361747.041,317.273
1786361747.141,317.256
1786361747.241,317.278
1786361747.342,317.413
1786361747.442,317.415
1786361747.543,318.459
1786361747.643,318.523
1786361747.744,318.527
1786361747.844,318.553
1786361747.944,318.523
1786361748.045,316.887
1786361748.145,316.973
1786361748.247,316.993
1786361748.347,317.007
1786361748.448,316.772
1786361748.548,316.606
1786361748.648,316.606
1786361748.749,316.487
1786361748.849,316.541
1786361748.950,314.507
1786361749.051,314.492
1786361749.151,314.462
1786361749.252,316.306
1786361749.352,315.548
1786361749.452,315.463
1786361749.553,315.409
1786361749.653,315.392
1786361749.754,313.006
1786361749.855,313.064
1786361749.955,313.043
1786361750.056,314.931
1786361750.156,314.826
1786361750.257,314.919
1786361750.358,314.522
1786361750.458,314.522
1786361750.559,315.085
1786361750.659,315.073
1786361750.760,314.948
1786361750.860,314.911
1786361750.961,317.307
1786361751.061,317.227
1786361751.162,315.369
1786361751.263,315.354
1786361751.363,315.258
1786361751.464,314.902
1786361751.564,314.848
1786361751.665,314.973
1786361751.765,314.946
1786361751.865,315.032
1786361751.966,314.95
1786361752.068,313.612
1786361752.169,313.702
1786361752.269,313.702
1786361752.370,315.373
1786361752.470,315.386
1786361752.570,315.413
1786361752.671,315.556
1786361752.771,315.661
1786361752.871,315.631
1786361752.972,315.625
1786361753.072,315.783
1786361753.173,315.73
1786361753.273,317.056
1786361753.374,316.919
1786361753.475,317.063
1786361753.576,317.057
1786361753.676,317.011
1786361753.777,315.562
1786361753.878,315.551
1786361753.978,315.566
1786361754.078,315.634
1786361754.179,315.499
1786361754.279,315.67
1786361754.380,315.75
1786361754.480,315.892
1786361754.581,314.576
1786361754.681,314.588
1786361754.781,313.039
1786361754.882,314.419
1786361754.982,314.392
1786361755.083,314.392
1786361755.183,314.374
1786361755.284,314.266
1786361755.384,312.22
1786361755.485,312.237
1786361755.585,312.192
1786361755.686,312.357
1786361755.786,313.631
1786361755.887,313.596
1786361755.987,315.221
1786361756.087,315.252
1786361756.188,315.278
1786361756.289,313.888
1786361756.393,313.989
1786361756.497,315.979
1786361756.597,315.886
1786361756.697,315.903
1786361756.798,315.714
1786361756.898,315.811
1786361756.999,315.965
1786361757.099,314.565
1786361757.200,314.682
1786361757.300,314.847
1786361757.401,316.259
1786361757.501,316.195
1786361757.602,316.206
1786361757.702,316.217
1786361757.803,316.167
1786361757.906,316.127
1786361758.010,316.081
1786361758.114,315.947
1786361758.218,317.481
1786361758.321,317.708
1786361758.423,317.693
1786361758.524,317.836
1786361758.628,316.044
1786361758.732,316.141
1786361758.835,316.26
1786361758.936,315.565
1786361759.036,315.529
1786361759.137,315.558
1786361759.237,315.668
1786361759.338,313.997
1786361759.438,313.618
1786361759.539,313.618
1786361759.639,313.479
1786361759.740,313.339
1786361759.840,314.015
1786361759.940,314.026
1786361760.041,312.412
1786361760.141,313.176
1786361760.242,313.293
1786361760.342,313.175
1786361760.443,313.188
1786361760.543,314.812
1786361760.644,314.926
1786361760.744,314.976
1786361760.845,312.867
1786361760.945,313.819
1786361761.045,313.854
1786361761.146,315.724
1786361761.246,315.713
1786361761.346,315.734
1786361761.447,315.81
1786361761.547,315.926
1786361761.648,315.93
1786361761.748,315.986
1786361761.848,314.49
1786361761.949,316.713
1786361762.049,316.858
1786361762.150,316.794
1786361762.250,316.517
1786361762.350,316.6
1786361762.451,316.598
1786361762.551,316.698
1786361762.652,316.6
1786361762.752,316.846
1786361762.852,316.846
1786361762.953,314.061
1786361763.053,314.798
1786361763.154,314.683
1786361763.254,314.8
1786361763.355,314.869
1786361763.455,314.897
1786361763.555,314.23
1786361763.656,314.273
1786361763.756,314.245
1786361763.857,314.308
1786361763.957,314.203
1786361764.058,315.385
1786361764.158,316.23
1786361764.258,316.309
1786361764.359,316.365
1786361764.459,316.354
1786361764.559,316.383
1786361764.660,317.029
1786361764.760,317.038
1786361764.861,316.997
1786361764.961,314.074
1786361765.061,314.167
1786361765.162,315.907
1786361765.262,315.96
1786361765.363,315.894
1786361765.463,315.831
1786361765.563,315.771
1786361765.664,314.249
1786361765.764,314.133
1786361765.865,314.103
1786361765.965,314.169
1786361766.066,317.117
1786361766.166,316.916
1786361766.267,316.898
1786361766.367,316.874
1786361766.468,316.979
1786361766.568,317.104
1786361766.668,317.104
1786361766.769,317.277
1786361766.869,317.335
1786361766.969,317.314
1786361767.070,317.225
1786361767.173,317.137
1786361767.273,316.987
1786361767.374,317.088
1786361767.474,316.896
1786361767.575,316.631
1786361767.675,316.349
1786361767.775,316.17
1786361767.876,315.92
1786361767.976,315.104
1786361768.077,315.136
1786361768.177,315.112
1786361768.277,315.076
1786361768.378,315.094
1786361768.478,315.138
1786361768.578,315.234
1786361768.679,315.335
1786361768.779,315.499
1786361768.880,315.62
1786361768.980,315.583
1786361769.080,316.428
1786361769.181,316.399
1786361769.281,316.333
1786361769.381,316.36
1786361769.482,316.346
1786361769.582,316.11
1786361769.682,316.29
1786361768.646,316.253
1786361768.746,316.212
1786361768.847,314.624
1786361768.947,313.627
1786361769.047,315.058
1786361769.148,315.092
1786361769.248,315.168
1786361769.349,315.115
1786361769.449,315.236
1786361769.550,313.618
1786361769.653,313.316
1786361769.754,313.398
1786361769.857,313.593
1786361769.959,315.072
1786361770.062,316.159
1786361770.162,316.159
1786361770.264,316.085
1786361770.366,316.124
1786361770.467,316.197
1786361770.568,316.385
1786361770.670,314.345
1786361770.772,315.929
1786361770.875,316.163
1786361770.977,316.189
1786361771.080,316.112
1786361771.180,316.388
1786361771.281,316.437
1786361771.381,316.453
1786361771.481,316.441
1786361771.582,315.049
1786361771.682,314.943
1786361771.783,316.956
1786361771.883,317.015
1786361771.983,316.831
1786361772.083,316.838
1786361772.184,316.837
1786361772.284,316.589
1786361772.384,316.578
1786361772.485,316.658
1786361772.585,314.788
1786361772.685,316.091
1786361772.786,316.11
1786361772.886,316.114
1786361772.986,316.324
1786361773.087,316.457
1786361773.187,316.477
1786361773.287,316.399
1786361773.388,316.428
1786361773.488,316.43
1786361773.588,314.666
1786361773.689,316.555
1786361773.789,316.548
1786361773.890,316.518
1786361773.990,316.378
1786361774.090,315.31
1786361774.191,315.31
1786361774.291,315.148
1786361774.391,315.143
1786361774.492,315.07
1786361774.592,315.143
1786361774.692,313.478
1786361774.793,315.211
1786361774.893,315.415
1786361774.993,315.632
1786361775.094,315.663
1786361775.194,315.813
1786361775.295,316.824
1786361775.395,316.966
1786361775.496,316.874
1786361775.596,317.114
1786361775.697,317.119
1786361775.797,318.881
1786361775.897,318.966
1786361775.998,316.759
1786361776.099,316.841
1786361776.199,316.887
1786361776.299,316.905
1786361776.400,316.885
1786361776.500,316.916
1786361776.601,317.006
1786361776.703,314.793
1786361776.803,314.703
1786361776.903,314.705
1786361777.004,314.607
1786361777.104,316.682
1786361777.204,316.534
1786361777.305,316.588
1786361777.405,316.562
1786361777.506,316.562
1786361777.606,316.582
1786361777.707,316.579
1786361777.807,316.631
1786361777.908,318.158
1786361778.009,317.957
1786361778.109,316.175
1786361778.210,316.198
1786361778.310,316.25
1786361778.411,316.281
1786361778.511,316.194
1786361778.611,316.144
1786361778.712,316.159
1786361778.812,315.212
1786361778.912,314.37
1786361779.013,315.034
1786361779.113,315.248
1786361779.214,317.026
1786361779.314,315.926
1786361779.414,315.855
1786361779.515,315.831
1786361779.615,315.979
1786361779.715,316.064
1786361779.816,314.207
1786361779.916,315.147
1786361780.016,316.046
1786361780.117,315.968
1786361780.217,316.005
1786361780.317,316.044
1786361780.418,317.087
1786361780.518,317.082
1786361780.619,317.04
1786361780.719,315.892
1786361780.820,315.892
1786361780.920,315.322
1786361781.021,317.099
1786361781.121,317.038
1786361781.222,316.993
1786361781.322,317.016
1786361781.423,317.023
1786361781.523,316.895
1786361781.623,317.1
1786361781.724,317.232
1786361781.824,315.475
1786361781.925,316.384
1786361782.025,316.885
1786361782.125,316.828
1786361782.226,317.008
1786361782.326,316.927
1786361782.427,316.916
1786361782.528,316.912
1786361782.628,316.969
1786361782.728,316.801
1786361782.829,316.693
1786361782.929,318.503
1786361783.029,316.767
1786361783.130,316.808
1786361783.230,316.834
1786361783.331,316.635
1786361783.431,316.666
1786361783.531,316.649
1786361783.632,316.514
1786361783.732,316.626
1786361783.832,316.565
1786361783.934,313.992
1786361784.035,314.014
1786361784.135,314.014
1786361784.236,315.816
1786361784.336,315.666
1786361784.437,315.708
1786361784.538,314.426
1786361784.638,314.571
1786361784.739,312.851
1786361784.839,312.99
1786361784.940,312.906
1786361785.040,312.951
1786361785.143,315.5
1786361785.244,315.483
1786361785.344,315.539
1786361785.444,313.83
1786361785.547,313.685
1786361785.651,314.867
1786361785.752,314.666
1786361785.852,316.374
1786361785.953,316.321
1786361786.053,316.113
1786361786.154,316.207
1786361786.255,314.303
1786361786.355,314.068
1786361786.455,314.022
1786361786.556,315.906
1786361786.657,316.096
1786361786.758,316.117
1786361786.859,316.071
1786361786.960,315.989
1786361787.061,314.256
1786361787.161,314.464
1786361787.262,314.423
1786361787.363,316.246
1786361787.463,316.411
1786361787.564,316.435
1786361787.664,316.296
1786361787.765,315.768
1786361787.865,314.26
1786361787.966,314.26
1786361788.066,314.282
1786361788.166,314.401
1786361788.267,316.28
1786361788.367,316.125
1786361788.468,316.09
1786361788.569,316.051
1786361788.670,316.051
1786361788.771,316.01
1786361788.872,316.002
1786361788.972,316.402
1786361789.073,317.914
1786361789.173,318.224
1786361789.273,318.134
1786361789.374,317.987
1786361789.474,316.203
1786361789.575,316.157
1786361789.676,316.278
1786361789.776,316.214
1786361789.876,316.218
1786361789.977,316.247
1786361790.077,316.254
1786361790.178,316.28
1786361790.278,316.054
1786361790.379,316.037
1786361790.479,313.671
1786361790.580,315.552
1786361790.680,315.575
1786361790.780,315.76
1786361790.881,316.01
1786361790.982,316.158
1786361791.082,316.235
1786361791.182,316.422
1786361791.285,316.537
1786361791.388,316.693
1786361791.492,316.909
1786361791.595,317.552
1786361791.698,317.515
1786361791.799,317.515
1786361791.902,317.564
1786361792.006,317.468
1786361792.110,317.285
1786361792.214,317.292
1786361792.318,317.341
1786361792.422,317.366
1786361792.525,315.991
1786361792.629,315.922
1786361792.733,317.709
1786361792.834,317.709
1786361792.935,317.879
1786361793.035,318.182
1786361793.136,318.106
1786361793.237,318.195
1786361793.338,316.491
1786361793.438,316.545
1786361793.539,316.497
1786361793.639,317.96
1786361793.739,317.942
1786361793.840,318.005
1786361793.940,318.102
1786361794.040,318.125
1786361794.141,317.795
1786361794.241,317.826
1786361794.341,317.787
1786361794.442,319.197
1786361794.542,317.383
1786361794.642,317.452
1786361794.743,317.448
1786361794.843,317.421
1786361794.944,317.316
1786361795.044,317.359
1786361795.145,317.281
1786361795.245,317.409
1786361795.346,317.43
1786361795.446,315.848
1786361795.547,316.133
1786361795.647,316.833
1786361795.748,316.705
1786361795.848,316.687
1786361795.949,316.742
1786361796.049,316.749
1786361796.150,316.749
1786361796.250,316.646
1786361796.351,316.937
1786361796.452,315.418
1786361796.552,315.43
1786361796.653,317.128
1786361796.753,317.171
1786361796.854,318.42
1786361796.954,318.505
1786361797.055,318.544
1786361797.156,318.578
1786361797.257,318.641
1786361797.358,318.687
1786361797.459,317.026
1786361797.560,318.241
1786361797.661,318.283
1786361797.761,318.241
1786361797.862,317.483
1786361797.962,317.341
1786361798.063,317.28
1786361798.163,317.288
1786361798.264,317.491
1786361798.364,317.421
1786361798.464,317.42
1786361798.565,316.69
1786361798.665,316.967
1786361798.766,316.937
1786361798.866,316.902
1786361798.967,317.725
1786361799.067,317.63
1786361799.168,317.726
1786361799.268,317.7
1786361799.369,315.573
1786361799.470,315.648
1786361799.570,315.608
1786361799.671,315.608
1786361799.771,317.755
1786361799.872,317.798
1786361799.972,317.775
1786361800.073,318.024
1786361800.173,317.949
1786361800.273,316.174
1786361800.374,316.103
1786361800.478,316.111
1786361800.582,317.991
1786361800.682,318.024
1786361800.783,317.903
1786361799.780,316.833
1786361799.881,316.492
1786361799.981,313.852
1786361800.082,313.437
1786361800.183,313.299
1786361800.283,315.117
1786361800.384,315.21
1786361800.485,315.127
1786361800.585,315.027
1786361800.686,312.979
1786361800.786,313.187
1786361800.887,314.266
1786361800.988,314.441
1786361801.088,316.963
1786361801.189,316.866
1786361801.290,316.869
1786361801.390,316.84
1786361801.491,314.859
1786361801.591,314.848
1786361801.691,314.92
1786361801.793,316.883
1786361801.894,316.942
1786361801.995,316.915
1786361802.096,316.932
1786361802.198,316.975
1786361802.299,316.975
1786361802.400,315.689
1786361802.501,315.759
1786361802.602,315.747
1786361802.703,317.538
1786361802.804,317.504
1786361802.904,317.482
1786361803.005,317.307
1786361803.105,317.165
1786361803.206,317.156
1786361803.307,317.347
1786361803.408,317.461
1786361803.508,318.942
1786361803.609,318.946
1786361803.709,317.022
1786361803.810,317.148
1786361803.910,317.183
1786361804.011,317.093
1786361804.111,317.209
1786361804.212,317.156
1786361804.313,317.102
1786361804.414,316.979
1786361804.515,316.918
1786361804.616,317.189
1786361804.716,317.152
1786361804.817,316.571
1786361804.917,315.523
1786361805.018,315.538
1786361805.118,315.583
1786361805.219,315.641
1786361805.319,315.672
1786361805.420,315.778
1786361805.520,315.99
1786361805.621,316.091
1786361805.722,313.855
1786361805.822,313.867
1786361805.923,313.867
1786361806.023,316.444
1786361806.124,317.458
1786361806.225,317.499
1786361806.326,317.513
1786361806.427,317.394
1786361806.528,317.319
1786361806.628,317.217
1786361806.729,315.573
1786361806.830,315.564
1786361806.930,317.543
1786361807.032,317.553
1786361807.132,317.52
1786361807.233,317.652
1786361807.333,317.528
1786361807.434,317.593
1786361807.535,317.694
1786361807.636,317.767
1786361807.737,317.715
1786361807.838,319.1
1786361807.938,319.047
1786361808.039,319.111
1786361808.140,319.387
1786361808.240,319.493
1786361808.342,319.389
1786361808.444,319.413
1786361808.545,319.342
1786361808.646,319.46
1786361808.748,319.403
1786361808.849,319.595
1786361808.951,319.767
1786361809.052,319.845
1786361809.153,319.89
1786361809.254,319.7
1786361809.355,319.712
1786361809.457,319.725
1786361809.558,319.859
1786361809.658,320.021
1786361809.760,319.815
1786361809.861,319.815
1786361809.962,319.989
1786361810.062,319.941
1786361810.164,319.495
1786361810.264,319.131
1786361810.365,319.054
1786361810.466,319.013
1786361810.567,318.935
1786361810.667,316.524
1786361810.768,316.441
1786361810.868,316.371
1786361810.968,316.512
1786361811.071,316.394
1786361811.172,316.321
1786361811.273,316.616
1786361811.374,316.949
1786361811.475,314.96
1786361811.576,314.923
1786361811.676,314.918
1786361811.777,317.275
1786361811.877,317.365
1786361811.978,317.552
1786361812.081,317.512
1786361812.185,317.377
1786361812.287,315.004
1786361812.389,315.103
1786361812.493,315.015
1786361812.597,317.006
1786361812.701,317.109
1786361812.805,317.144
1786361812.905,317.215
1786361813.006,317.14
1786361813.108,316.982
1786361813.209,317.177
1786361813.310,317.322
1786361813.411,318.097
1786361813.512,318.012
1786361813.613,318.11
1786361813.714,318.389
1786361813.815,318.265
1786361813.916,318.228
1786361814.017,318.215
1786361814.118,318.253
1786361814.218,318.281
1786361814.319,318.165
1786361814.419,316.415
1786361814.520,316.415
1786361814.624,318.002
1786361814.728,318.046
1786361814.828,318.014
1786361814.929,317.653
1786361815.030,317.709
1786361815.131,317.603
1786361815.231,315.887
1786361815.332,314.951
1786361815.432,314.718
1786361815.532,314.731
1786361815.635,316.473
1786361815.739,316.555
1786361815.843,316.609
1786361815.944,314.973
1786361816.046,315.507
1786361816.150,315.504
1786361816.254,315.538
1786361816.355,317.206
1786361816.458,318.117
1786361816.562,318.359
1786361816.666,318.239
1786361816.770,317.492
1786361816.874,317.362
1786361816.976,315.613
1786361817.080,317.137
1786361817.184,316.7
1786361817.287,316.663
1786361817.388,316.595
1786361817.492,316.486
1786361817.596,316.461
1786361817.700,316.28
1786361817.804,314.546
1786361817.905,315.142
1786361818.005,315.119
1786361818.105,316.678
1786361818.206,316.687
1786361818.306,316.608
1786361818.407,316.529
1786361818.507,316.538
1786361818.608,316.795
1786361818.708,316.665
1786361818.809,316.697
1786361818.909,316.296
1786361819.009,316.51
1786361819.110,316.529
1786361819.210,316.548
1786361819.311,316.552
1786361819.412,316.59
1786361819.512,316.711
1786361819.612,316.722
1786361819.713,316.467
1786361819.813,316.523
1786361819.914,316.504
1786361820.014,318.639
1786361820.115,318.639
1786361820.215,318.383
1786361820.316,318.167
1786361820.416,315.975
1786361820.516,315.024
1786361820.617,314.505
1786361820.718,312.448
1786361820.818,311.754
1786361820.919,311.76
1786361821.019,311.923
1786361821.120,311.91
1786361821.221,311.781
1786361821.322,309.246
1786361821.422,309.383
1786361821.523,311.562
1786361821.623,312.459
1786361821.724,312.945
1786361821.824,314.908
1786361821.924,315.555
1786361822.024,315.592
1786361822.127,315.538
1786361822.227,315.594
1786361822.327,315.666
1786361822.428,318.293
1786361822.528,318.429
1786361822.629,317.075
1786361822.729,317.185
1786361822.830,317.215
1786361822.930,317.241
1786361823.030,317.316
1786361823.130,317.342
1786361823.231,317.269
1786361823.331,317.187
1786361823.431,317.422
1786361823.532,317.422
1786361823.632,317.469
1786361823.733,317.385
1786361823.833,316.89
1786361823.934,316.833
1786361824.035,317.008
1786361824.135,316.964
1786361824.237,316.952
1786361824.337,316.933
1786361824.438,316.974
1786361824.539,317.065
1786361824.639,316.835
1786361824.740,316.789
1786361824.842,318.485
1786361824.943,317.339
1786361825.045,317.27
1786361825.146,317.089
1786361825.247,317.065
1786361825.349,317.281
1786361825.450,317.218
1786361825.552,317.123
1786361825.653,317.079
1786361825.753,314.333
1786361825.854,314.278
1786361825.956,314.413
1786361826.057,315.632
1786361826.157,315.796
1786361826.258,315.887
1786361826.359,313.636
1786361826.460,313.411
1786361826.561,313.404
1786361826.661,312.975
1786361826.762,313.047
1786361826.862,315.899
1786361826.963,315.983
1786361827.063,314.696
1786361827.166,314.203
1786361827.270,314.231
1786361827.371,314.211
1786361827.475,316.533
1786361827.579,316.734
1786361827.683,316.922
1786361827.785,315.643
1786361827.889,315.581
1786361827.993,315.633
1786361828.093,315.76
1786361828.193,315.76
1786361828.294,317.219
1786361828.395,317.736
1786361828.495,317.55
1786361828.595,317.554
1786361828.696,317.524
1786361828.796,315.625
1786361828.897,315.543
1786361828.997,317.418
1786361829.097,317.562
1786361829.198,317.463
1786361829.298,317.431
1786361829.399,317.593
1786361829.499,317.672
1786361829.600,317.782
1786361829.700,317.722
1786361829.800,317.81
1786361829.901,319.565
1786361830.001,319.528
1786361830.102,319.419
1786361830.202,319.298
1786361830.303,319.258
1786361830.404,319.195
1786361830.504,319.081
1786361830.605,319.146
1786361830.705,319.131
1786361830.808,319.22
1786361830.912,317.899
1786361831.015,317.927
1786361831.119,317.926
1786361831.221,317.982
1786361831.324,318.228
1786361831.428,318.241
1786361831.532,318.307
1786361831.634,318.218
1786361831.735,318.108
1786361831.837,318.154
1786361831.940,318.115
1786361830.916,319.439
1786361831.020,319.47
1786361831.124,317.515
1786361831.227,317.502
1786361831.327,317.31
1786361831.428,317.352
1786361831.528,317.286
1786361831.629,317.313
1786361831.729,317.313
1786361831.831,317.268
1786361831.935,317.408
1786361832.039,317.341
1786361832.142,315.763
1786361832.245,315.651
1786361832.349,317.789
1786361832.452,317.824
1786361832.556,317.726
1786361832.659,317.712
1786361832.761,317.659
1786361832.864,317.656
1786361832.968,315.852
1786361833.072,315.564
1786361833.175,315.519
1786361833.275,316.97
1786361833.376,316.976
1786361833.476,316.669
1786361833.577,316.521
1786361833.677,316.673
1786361833.777,316.513
1786361833.880,316.429
1786361833.981,313.696
1786361834.081,315.355
1786361834.182,315.278
1786361834.282,315.322
1786361834.383,315.384
1786361834.483,315.333
1786361834.587,315.41
1786361834.689,315.373
1786361834.790,313.766
1786361834.894,313.863
1786361834.995,312.96
1786361835.099,315.465
1786361835.199,315.51
1786361835.300,315.533
1786361835.400,315.498
1786361835.502,315.377
1786361835.602,314.739
1786361835.705,314.865
1786361835.809,314.892
1786361835.913,316.319
1786361836.013,314.324
1786361836.117,315.495
1786361836.221,315.475
1786361836.324,315.418
1786361836.424,315.488
1786361836.525,315.446
1786361836.625,315.557
1786361836.726,313.995
1786361836.826,313.857
1786361836.927,313.899
1786361837.027,313.873
1786361837.127,315.812
1786361837.228,315.855
1786361837.329,315.903
1786361837.432,315.983
1786361837.536,316.052
1786361837.637,316.074
1786361837.741,316.06
1786361837.842,316.06
1786361837.945,318.282
1786361838.048,318.345
1786361838.152,318.358
1786361838.254,318.47
1786361838.358,316.525
1786361838.462,316.389
1786361838.566,316.499
1786361838.667,316.692
1786361838.769,316.665
1786361838.872,316.646
1786361838.972,316.622
1786361839.072,314.796
1786361839.173,314.643
1786361839.273,314.624
1786361839.373,314.641
1786361839.474,316.559
1786361839.574,316.53
1786361839.675,316.586
1786361839.775,316.496
1786361839.876,316.529
1786361839.976,315.202
1786361840.077,315.195
1786361840.177,316.075
1786361840.277,316.265
1786361840.378,316.285
1786361840.478,316.292
1786361840.579,316.49
1786361840.681,316.393
1786361840.785,316.481
1786361840.886,314.364
1786361840.987,314.308
1786361841.091,315.812
1786361841.195,315.845
1786361841.297,316.873
1786361841.399,316.909
1786361841.503,317.006
1786361841.606,316.954
1786361841.708,316.909
1786361841.810,315.54
1786361841.913,315.603
1786361842.014,317.512
1786361842.115,317.625
1786361842.215,317.498
1786361842.316,317.561
1786361842.416,317.521
1786361842.516,317.444
1786361842.617,317.372
1786361842.717,317.425
1786361842.817,315.663
1786361842.918,317.078
1786361843.022,316.953
1786361843.126,316.88
1786361843.229,316.79
1786361843.333,316.788
1786361843.435,316.788
1786361843.539,316.856
1786361843.643,316.694
1786361843.747,316.676
1786361843.851,316.501
1786361843.955,318.141
1786361844.059,318.089
1786361844.162,316.544
1786361844.263,316.544
1786361844.363,316.752
1786361844.464,316.812
1786361844.565,316.745
1786361844.665,316.662
1786361844.766,316.805
1786361844.867,316.865
1786361844.968,317.08
1786361845.068,317.244
1786361845.169,315.767
1786361845.270,315.842
1786361845.370,316.174
1786361845.472,316.173
1786361845.572,315.517
1786361845.673,315.627
1786361845.774,315.689
1786361845.874,315.747
1786361845.975,315.897
1786361846.076,315.847
1786361846.177,315.733
1786361846.278,317.355
1786361846.379,317.443
1786361846.480,316.644
1786361846.581,316.706
1786361846.682,317.195
1786361846.782,317.116
1786361846.883,317.073
1786361846.983,316.848
1786361847.084,316.6
1786361847.184,316.415
1786361847.285,315.155
1786361847.385,315.06
1786361847.486,314.947
1786361847.587,316.952
1786361847.687,316.858
1786361847.788,316.985
1786361847.889,316.985
1786361847.989,317.072
1786361848.089,317.068
1786361848.190,317.339
1786361848.290,317.481
1786361848.391,317.511
1786361848.492,318.779
1786361848.592,318.775
1786361848.692,317.137
1786361848.793,316.941
1786361848.893,316.993
1786361848.994,316.954
1786361849.095,316.964
1786361849.195,316.958
1786361849.296,316.775
1786361849.396,316.799
1786361849.497,315.906
1786361849.597,315.435
1786361849.697,315.451
1786361849.798,317.07
1786361849.899,317.179
1786361849.999,317.068
1786361850.100,317.15
1786361850.201,317.027
1786361850.302,317.145
1786361850.403,314.802
1786361850.504,313.597
1786361850.604,314.467
1786361850.705,314.882
1786361850.805,314.954
1786361850.906,314.975
1786361851.006,314.971
1786361851.106,315.184
1786361851.207,315.145
1786361851.307,315.145
1786361851.408,315.159
1786361851.508,312.819
1786361851.608,314.988
1786361851.709,315.984
1786361851.809,315.892
1786361851.910,315.92
1786361852.010,315.703
1786361852.111,315.68
1786361852.211,315.694
1786361852.312,315.518
1786361852.413,315.552
1786361852.513,315.592
1786361852.614,316.106
1786361852.714,316.35
1786361852.815,316.351
1786361852.915,316.468
1786361853.016,316.4
1786361853.117,316.493
1786361853.218,316.472
1786361853.318,316.381
1786361853.419,316.1
1786361853.520,314.646
1786361853.621,314.617
1786361853.722,316.161
1786361853.822,316.172
1786361853.923,316.177
1786361854.024,316.043
1786361854.125,316.032
1786361854.225,315.879
1786361854.326,315.806
1786361854.427,315.777
1786361854.527,315.936
1786361854.629,317.273
1786361854.729,317.405
1786361854.830,317.405
1786361854.931,317.496
1786361855.031,315.471
1786361855.133,315.478
1786361855.233,315.814
1786361855.334,315.862
1786361855.434,315.995
1786361855.535,316.044
1786361855.636,313.993
1786361855.737,312.793
1786361855.837,312.794
1786361855.938,312.7
1786361856.039,312.976
1786361856.140,314.895
1786361856.241,313.569
1786361856.342,313.22
1786361856.442,313.506
1786361856.543,313.529
1786361856.644,313.499
1786361856.745,315.594
1786361856.846,316.819
1786361856.947,314.497
1786361857.048,314.399
1786361857.149,314.095
1786361857.250,314.072
1786361857.351,315.518
1786361857.452,315.733
1786361857.553,315.586
1786361857.654,313.747
1786361857.755,313.823
1786361857.856,313.828
1786361857.956,314.12
1786361858.057,316.591
1786361858.158,316.688
1786361858.259,316.783
1786361858.359,316.829
1786361858.460,316.831
1786361858.561,316.685
1786361858.661,316.685
1786361858.762,316.698
1786361858.863,318.553
1786361858.963,318.556
1786361859.064,318.853
1786361859.165,318.671
1786361859.265,318.557
1786361859.366,316.329
1786361859.466,316.524
1786361859.567,316.586
1786361859.667,316.56
1786361859.768,316.627
1786361859.868,316.645
1786361859.969,316.741
1786361860.069,316.747
1786361860.169,316.591
1786361860.270,316.578
1786361860.370,316.659
1786361860.471,318.914
1786361860.571,318.871
1786361860.671,317.245
1786361860.772,317.213
1786361860.872,315.905
1786361860.972,315.862
1786361861.073,315.741
1786361861.173,315.741
1786361861.274,315.787
1786361861.376,315.904
1786361861.478,315.899
1786361861.578,314.27
1786361861.678,314.055
1786361861.779,315.501
1786361861.879,315.65
1786361861.979,317.232
1786361862.079,317.232
1786361862.180,317.012
1786361862.280,317.143
1786361862.381,317.055
1786361862.481,316.828
1786361862.582,316.647
1786361862.683,316.53
1786361862.783,317.963
1786361862.883,317.869
1786361862.984,315.986
1786361863.085,315.842
1786361862.061,315.578
1786361862.161,315.644
1786361862.265,315.812
1786361862.369,315.896
1786361862.473,315.988
1786361862.576,316.056
1786361862.680,316.141
1786361862.782,316.311
1786361862.886,316.407
1786361862.990,318.386
1786361863.094,316.963
1786361863.194,316.967
1786361863.294,317.157
1786361863.395,316.94
1786361863.495,317.026
1786361863.597,317.08
1786361863.700,317.155
1786361863.802,316.696
1786361863.906,315.828
1786361864.007,315.759
1786361864.107,315.823
1786361864.208,317.236
1786361864.309,317.212
1786361864.409,316.663
1786361864.510,316.632
1786361864.610,316.64
1786361864.711,315.13
1786361864.811,315.098
1786361864.912,314.379
1786361865.012,315.253
1786361865.112,315.347
1786361865.213,315.312
1786361865.313,315.599
1786361865.413,315.496
1786361865.514,315.496
1786361865.617,316.064
1786361865.718,316.064
1786361865.818,316.01
1786361865.919,317.492
1786361866.019,317.506
1786361866.123,318.597
1786361866.227,318.522
1786361866.329,318.439
1786361866.430,318.46
1786361866.530,318.309
1786361866.631,318.413
1786361866.732,318.335
1786361866.833,316.254
1786361866.933,316.317
1786361867.034,316.238
1786361867.138,316.016
1786361867.242,316.044
1786361867.344,316.073
1786361867.448,316.035
1786361867.549,315.941
1786361867.657,313.184
1786361867.760,313.107
1786361867.862,313.034
1786361867.964,315.154
1786361868.065,315.054
1786361868.169,315.288
1786361868.271,315.403
1786361868.373,315.294
1786361868.474,315.325
1786361868.576,315.406
1786361868.678,313.203
1786361868.780,315.851
1786361868.882,315.94
1786361868.983,316.031
1786361869.085,315.903
1786361869.187,315.826
1786361869.288,315.903
1786361869.390,315.946
1786361869.492,316.016
1786361869.594,316.06
1786361869.696,316.062
1786361869.797,315.669
1786361869.899,315.533
1786361870.001,315.427
1786361870.103,314.333
1786361870.206,314.537
1786361870.307,314.49
1786361870.409,314.17
1786361870.512,314.042
1786361870.614,314.133
1786361870.715,314.004
1786361870.815,314.051
1786361870.916,315.131
1786361871.017,315.289
1786361871.117,315.422
1786361871.218,316.408
1786361871.318,316.305
1786361871.418,316.305
1786361871.519,316.516
1786361871.620,316.662
1786361871.723,316.769
1786361871.824,316.682
1786361871.927,316.724
1786361872.030,314.872
1786361872.133,316.43
1786361872.236,316.424
1786361872.338,316.327
1786361872.441,316.294
1786361872.544,316.234
1786361872.647,316.146
1786361872.751,316.113
1786361872.853,316.168
1786361872.954,314.542
1786361873.056,314.516
1786361873.156,316.419
1786361873.257,316.38
1786361873.357,316.347
1786361873.458,316.427
1786361873.558,316.618
1786361873.658,316.75
1786361873.759,316.756
1786361873.859,316.666
1786361873.960,315.163
1786361874.061,316.753
1786361874.161,316.738
1786361874.261,316.643
1786361874.361,316.594
1786361874.462,315.844
1786361874.562,315.776
1786361874.663,315.729
1786361874.763,315.789
1786361874.863,313.874
1786361874.964,313.896
1786361875.064,315.366
1786361875.164,315.567
1786361875.265,314.599
1786361875.366,314.61
1786361875.469,314.755
1786361875.572,314.064
1786361875.675,313.943
1786361875.779,313.963
1786361875.880,313.88
1786361875.984,315.863
1786361876.084,315.978
1786361876.188,316.052
1786361876.288,316.14
1786361876.389,316.14
1786361876.489,317.308
1786361876.590,317.283
1786361876.690,317.245
1786361876.791,318.726
1786361876.891,318.968
1786361876.992,317.499
1786361877.092,317.465
1786361877.193,317.456
1786361877.293,317.433
1786361877.393,317.427
1786361877.494,317.284
1786361877.594,317.248
1786361877.695,317.294
1786361877.795,317.348
1786361877.896,317.042
1786361877.996,315.869
1786361878.096,317.415
1786361878.197,317.448
1786361878.297,317.402
1786361878.398,317.438
1786361878.499,317.433
1786361878.599,317.572
1786361878.700,315.678
1786361878.800,315.847
1786361878.900,315.908
1786361879.000,316.353
1786361879.101,317.459
1786361879.202,317.371
1786361879.302,317.327
1786361879.403,317.312
1786361879.503,317.381
1786361879.604,317.374
1786361879.705,317.374
1786361879.805,317.274
1786361879.906,317.883
1786361880.006,317.475
1786361880.106,317.356
1786361880.207,317.367
1786361880.307,317.427
1786361880.407,317.42
1786361880.508,316.607
1786361880.608,316.573
1786361880.709,314.378
1786361880.809,314.312
1786361880.909,314.515
1786361881.010,315.766
1786361881.111,316.026
1786361881.211,316.072
1786361881.312,315.938
1786361881.412,315.95
1786361881.512,315.964
1786361881.613,316.808
1786361881.714,316.898
1786361881.814,318.96
1786361881.914,318.98
1786361882.016,318.74
1786361882.118,318.833
1786361882.219,316.422
1786361882.321,316.5
1786361882.422,316.412
1786361882.523,316.269
1786361882.624,316.153
1786361882.725,316.11
1786361882.826,316.043
1786361882.928,315.981
1786361883.028,316.006
1786361883.129,315.911
1786361883.229,315.851
1786361883.329,315.851
1786361883.430,318.118
1786361883.530,316.331
1786361883.630,316.357
1786361883.731,316.449
1786361883.831,316.566
1786361883.932,316.554
1786361884.032,316.645
1786361884.133,316.771
1786361884.233,315.016
1786361884.334,314.874
1786361884.434,314.915
1786361884.534,314.226
1786361884.635,315.917
1786361884.735,316.003
1786361884.836,315.943
1786361884.936,315.752
1786361885.037,315.7
1786361885.137,313.393
1786361885.237,313.068
1786361885.338,314.724
1786361885.438,315.001
1786361885.539,314.959
1786361885.639,315.749
1786361885.739,314.409
1786361885.840,314.292
1786361885.940,312.274
1786361886.040,312.275
1786361886.141,312.27
1786361886.241,314.33
1786361886.342,314.481
1786361886.442,314.604
1786361886.543,314.604
1786361886.643,314.516
1786361886.744,314.443
1786361886.844,314.426
1786361886.944,314.076
1786361887.045,313.976
1786361887.146,315.98
1786361887.246,315.992
1786361887.346,316.082
1786361887.447,316.094
1786361887.547,314.312
1786361887.648,314.127
1786361887.748,313.965
1786361887.848,313.796
1786361887.949,313.78
1786361888.049,315.271
1786361888.149,315.353
1786361888.250,313.615
1786361888.351,313.517
1786361888.451,313.474
1786361888.552,313.521
1786361888.652,315.509
1786361888.752,315.608
1786361888.853,315.758
1786361888.953,314.196
1786361889.054,314.589
1786361889.154,314.704
1786361889.255,314.759
1786361889.355,316.404
1786361889.455,316.546
1786361889.556,316.504
1786361889.656,316.537
1786361889.757,316.366
1786361889.857,316.366
1786361889.958,314.625
1786361890.058,314.597
1786361890.158,316.331
1786361890.259,315.92
1786361890.359,315.857
1786361890.460,316.014
1786361890.560,315.996
1786361890.661,315.978
1786361890.761,315.94
1786361890.862,315.95
1786361890.962,315.486
1786361891.063,317.127
1786361891.163,315.421
1786361891.264,315.323
1786361891.364,315.328
1786361891.465,315.388
1786361891.565,315.243
1786361891.666,315.307
1786361891.766,315.458
1786361891.867,315.557
1786361891.967,315.577
1786361892.068,316.061
1786361892.168,316.092
1786361892.268,317.768
1786361892.369,315.543
1786361892.469,315.479
1786361892.570,315.409
1786361892.670,315.325
1786361892.771,315.381
1786361892.871,315.284
1786361892.971,315.289
1786361893.072,315.254
1786361893.173,315.34
1786361893.273,315.34
1786361893.374,312.771
1786361893.474,311.333
1786361893.575,313.677
1786361893.675,313.867
1786361893.776,314.074
1786361893.876,314.234
1786361893.977,314.498
1786361894.077,313.842
1786361894.178,313.851
1786361893.149,313.99
1786361893.250,314.061
1786361893.350,316.109
1786361893.451,317.642
1786361893.551,316.04
1786361893.652,315.859
1786361893.752,315.797
1786361893.853,315.821
1786361893.953,315.611
1786361894.053,316.278
1786361894.154,316.355
1786361894.254,316.306
1786361894.355,316.14
1786361894.455,316.787
1786361894.556,316.753
1786361894.656,318.361
1786361894.757,316.604
1786361894.857,316.474
1786361894.958,315.248
1786361895.058,315.111
1786361895.159,315.2
1786361895.259,314.94
1786361895.359,314.909
1786361895.460,314.909
1786361895.560,315.0
1786361895.661,314.879
1786361895.761,313.11
1786361895.861,313.069
1786361895.962,314.917
1786361896.063,315.028
1786361896.163,316.218
1786361896.263,316.359
1786361896.363,316.329
1786361896.464,316.511
1786361896.564,314.419
1786361896.665,314.289
1786361896.765,314.36
1786361896.866,316.046
1786361896.966,315.978
1786361897.066,316.012
1786361897.166,316.147
1786361897.267,316.205
1786361897.368,314.619
1786361897.468,314.573
1786361897.569,314.648
1786361897.669,316.786
1786361897.769,316.93
1786361897.870,317.023
1786361897.970,317.18
1786361898.074,317.311
1786361898.176,315.35
1786361898.279,315.14
1786361898.383,315.056
1786361898.487,316.685
1786361898.591,316.613
1786361898.693,316.486
1786361898.797,316.473
1786361898.897,316.447
1786361898.998,316.397
1786361899.099,316.431
1786361899.200,314.936
1786361899.301,316.91
1786361899.401,317.014
1786361899.502,317.042
1786361899.603,317.042
1786361899.704,317.038
1786361899.804,317.295
1786361899.905,317.443
1786361900.006,317.443
1786361900.106,317.509
1786361900.207,316.22
1786361900.308,316.165
1786361900.409,315.79
1786361900.510,315.736
1786361900.610,315.579
1786361900.711,315.459
1786361900.812,315.294
1786361900.913,315.083
1786361901.014,314.968
1786361901.115,314.796
1786361901.216,314.598
1786361901.317,314.467
1786361901.418,314.37
1786361901.519,316.088
1786361901.620,316.043
1786361901.721,316.111
1786361901.822,316.124
1786361901.923,316.2
1786361902.024,316.242
1786361902.126,314.743
1786361902.227,314.818
1786361902.328,314.931
1786361902.429,316.451
1786361902.530,316.5
1786361902.632,316.509
1786361902.733,316.797
1786361902.834,316.803
1786361902.935,316.936
1786361903.037,316.845
1786361903.138,316.807
1786361903.240,316.84
1786361903.341,316.212
1786361903.442,316.227
1786361903.543,316.051
1786361903.644,316.051
1786361903.745,315.98
1786361903.846,316.036
1786361903.948,315.89
1786361904.049,315.895
1786361904.150,315.865
1786361904.251,315.911
1786361904.352,314.368
1786361904.452,315.732
1786361904.554,316.43
1786361904.655,316.424
1786361904.756,316.524
1786361904.858,316.549
1786361904.959,316.548
1786361905.060,314.634
1786361905.162,314.557
1786361905.263,314.424
1786361905.365,313.563
1786361905.466,315.084
1786361905.568,315.153
1786361905.669,315.152
1786361905.771,315.073
1786361905.873,315.003
1786361905.974,314.239
1786361906.076,313.794
1786361906.178,315.562
1786361906.280,315.667
1786361906.381,315.763
1786361906.483,316.675
1786361906.585,316.658
1786361906.687,316.893
1786361906.789,315.242
1786361906.891,315.233
1786361906.993,315.318
1786361907.095,316.182
1786361907.196,316.566
1786361907.298,316.598
1786361907.400,316.587
1786361907.502,316.609
1786361907.604,316.625
1786361907.705,315.113
1786361907.808,314.941
1786361907.910,316.627
1786361908.013,316.686
1786361908.115,316.654
1786361908.217,316.633
1786361908.319,316.662
1786361908.422,316.675
1786361908.524,316.886
1786361908.627,316.974
1786361908.729,316.995
1786361908.832,317.058
1786361908.933,317.159
1786361909.036,317.207
1786361909.139,317.296
1786361909.239,317.309
1786361909.340,317.309
1786361909.440,317.408
1786361909.540,317.543
1786361909.641,317.394
1786361909.742,317.068
1786361909.842,316.168
1786361909.943,315.539
1786361910.043,317.097
1786361910.144,317.034
1786361910.244,317.046
1786361910.348,317.06
1786361910.448,317.093
1786361910.549,316.037
1786361910.649,315.994
1786361910.752,316.198
1786361910.855,314.584
1786361910.956,315.406
1786361911.059,316.132
1786361911.163,316.2
1786361911.266,316.216
1786361911.369,316.162
1786361911.470,316.144
1786361911.574,316.114
1786361911.678,316.943
1786361911.781,314.15
1786361911.885,314.034
1786361911.986,315.81
1786361912.090,315.815
1786361912.194,315.873
1786361912.297,315.696
1786361912.401,315.61
1786361912.503,315.576
1786361912.605,313.661
1786361912.707,313.682
1786361912.808,313.917
1786361912.910,316.71
1786361913.012,316.751
1786361913.114,316.745
1786361913.214,316.799
1786361913.316,315.923
1786361913.417,315.942
1786361913.519,315.227
1786361913.621,314.644
1786361913.721,316.515
1786361913.823,316.445
1786361913.925,316.304
1786361914.027,316.343
1786361914.128,316.445
1786361914.229,316.473
1786361914.331,316.672
1786361914.433,317.309
1786361914.535,315.932
1786361914.637,316.357
1786361914.737,317.223
1786361914.840,317.433
1786361914.942,317.499
1786361915.044,317.534
1786361915.146,317.514
1786361915.247,317.411
1786361915.349,317.411
1786361915.452,315.695
1786361915.554,315.751
1786361915.656,315.87
1786361915.757,316.166
1786361915.859,316.2
1786361915.962,316.247
1786361916.064,316.001
1786361916.167,315.939
1786361916.268,314.526
1786361916.370,314.421
1786361916.473,314.532
1786361916.576,316.279
1786361916.679,315.992
1786361916.779,316.08
1786361916.882,317.326
1786361916.985,317.315
1786361917.085,315.811
1786361917.189,315.845
1786361917.289,316.059
1786361917.393,317.523
1786361917.493,317.653
1786361917.596,317.642
1786361917.700,317.675
1786361917.800,317.724
1786361917.904,317.711
1786361918.005,317.612
1786361918.105,317.518
1786361918.205,318.963
1786361918.306,318.809
1786361918.407,318.718
1786361918.508,318.655
1786361918.612,316.443
1786361918.712,316.325
1786361918.813,316.074
1786361918.914,315.953
1786361919.015,315.646
1786361919.116,315.531
1786361919.220,315.448
1786361919.320,315.307
1786361919.420,315.33
1786361919.521,313.624
1786361919.623,313.584
1786361919.727,315.621
1786361919.828,315.822
1786361919.929,315.905
1786361920.030,315.866
1786361920.131,316.008
1786361920.232,316.032
1786361920.333,314.171
1786361920.434,314.062
1786361920.535,313.964
1786361920.639,315.476
1786361920.740,315.278
1786361920.841,314.469
1786361920.942,314.469
1786361921.043,312.455
1786361921.144,312.396
1786361921.245,312.142
1786361921.346,312.266
1786361921.447,312.305
1786361921.547,314.136
1786361921.648,314.307
1786361921.749,314.502
1786361921.849,314.496
1786361921.950,314.507
1786361922.051,315.286
1786361922.151,315.896
1786361922.252,315.929
1786361922.353,316.128
1786361922.454,316.027
1786361922.554,316.218
1786361922.655,316.449
1786361922.756,316.502
1786361922.856,316.547
1786361922.957,316.572
1786361923.057,316.75
1786361923.158,316.853
1786361923.258,318.104
1786361923.359,317.677
1786361923.460,317.788
1786361923.560,317.782
1786361923.660,317.649
1786361923.761,317.578
1786361923.861,317.592
1786361923.962,315.85
1786361924.062,315.883
1786361924.163,315.956
1786361924.263,316.0
1786361924.364,316.028
1786361924.464,316.028
1786361924.564,316.566
1786361924.665,316.649
1786361924.767,314.928
1786361924.870,315.051
1786361924.971,315.077
1786361925.072,315.288
1786361925.176,316.922
1786361925.280,316.958
1786361924.257,316.883
1786361924.359,316.828
1786361924.460,316.867
1786361924.564,315.154
1786361924.667,315.009
1786361924.771,316.684
1786361924.873,316.549
1786361924.976,315.561
1786361925.080,315.425
1786361925.184,315.586
1786361925.288,315.549
1786361925.390,313.936
1786361925.491,314.053
1786361925.593,314.093
1786361925.694,315.821
1786361925.795,316.031
1786361925.896,316.216
1786361925.998,316.284
1786361926.099,317.368
1786361926.201,317.304
1786361926.302,317.268
1786361926.404,315.88
1786361926.506,317.575
1786361926.607,317.636
1786361926.709,317.684
1786361926.811,317.728
1786361926.912,317.693
1786361927.014,317.689
1786361927.116,317.735
1786361927.218,315.811
1786361927.319,315.934
1786361927.419,315.882
1786361927.519,317.411
1786361927.620,317.446
1786361927.720,317.317
1786361927.821,317.408
1786361927.921,317.497
1786361928.022,317.503
1786361928.122,317.453
1786361928.222,317.432
1786361928.323,319.366
1786361928.423,319.169
1786361928.524,317.316
1786361928.624,317.28
1786361928.725,317.28
1786361928.825,317.27
1786361928.925,317.322
1786361929.026,317.165
1786361929.126,314.823
1786361929.227,314.551
1786361929.327,314.547
1786361929.428,314.523
1786361929.528,314.434
1786361929.628,314.571
1786361929.729,316.482
1786361929.829,316.519
1786361929.930,315.026
1786361930.030,315.039
1786361930.131,314.556
1786361930.234,316.843
1786361930.337,317.296
1786361930.439,317.25
1786361930.542,317.26
1786361930.644,317.371
1786361930.746,315.573
1786361930.847,315.476
1786361930.949,315.508
1786361931.051,316.913
1786361931.153,316.846
1786361931.256,317.356
1786361931.357,317.259
1786361931.459,317.069
1786361931.562,314.814
1786361931.664,314.637
1786361931.768,314.61
1786361931.869,316.43
1786361931.973,316.55
1786361932.077,316.429
1786361932.178,315.865
1786361932.282,316.125
1786361932.383,316.041
1786361932.487,314.411
1786361932.591,314.249
1786361932.694,316.63
1786361932.796,316.808
1786361932.898,316.954
1786361932.999,316.985
1786361933.101,316.944
1786361933.202,316.943
1786361933.303,317.598
1786361933.405,317.403
1786361933.506,315.484
1786361933.608,317.122
1786361933.709,317.291
1786361933.810,317.196
1786361933.912,317.298
1786361934.013,317.214
1786361934.113,317.25
1786361934.214,317.25
1786361934.316,317.27
1786361934.417,317.189
1786361934.518,317.043
1786361934.618,316.902
1786361934.719,317.327
1786361934.821,317.302
1786361934.922,317.252
1786361935.023,317.2
1786361935.123,317.133
1786361935.224,316.944
1786361935.324,316.83
1786361935.425,313.344
1786361935.526,313.308
1786361935.626,313.323
1786361935.727,313.291
1786361935.827,314.758
1786361935.928,314.985
1786361936.029,314.963
1786361936.129,314.877
1786361936.230,312.815
1786361936.330,312.966
1786361936.430,312.851
1786361936.531,316.209
1786361936.631,316.207
1786361936.731,316.218
1786361936.832,316.353
1786361936.932,316.423
1786361937.032,316.107
1786361937.133,316.012
1786361937.233,316.292
1786361937.337,315.579
1786361937.439,315.553
1786361937.542,315.601
1786361937.643,315.56
1786361937.747,315.647
1786361937.851,315.762
1786361937.953,315.765
1786361938.057,315.623
1786361938.158,314.011
1786361938.261,314.03
1786361938.365,313.813
1786361938.468,316.488
1786361938.571,316.422
1786361938.673,316.489
1786361938.777,316.603
1786361938.880,316.779
1786361938.984,314.913
1786361939.086,314.938
1786361939.188,314.938
1786361939.290,315.082
1786361939.390,316.906
1786361939.492,317.137
1786361939.593,317.207
1786361939.695,317.199
1786361939.797,317.183
1786361939.897,317.249
1786361939.999,316.055
1786361940.101,315.936
1786361940.203,317.721
1786361940.306,317.606
1786361940.406,317.578
1786361940.508,317.516
1786361940.611,315.683
1786361940.713,315.578
1786361940.816,315.615
1786361940.916,315.694
1786361941.019,315.756
1786361941.121,315.614
1786361941.224,315.627
1786361941.327,315.685
1786361941.428,315.872
1786361941.531,315.931
1786361941.634,315.931
1786361941.736,317.778
1786361941.840,317.934
1786361941.941,317.952
1786361942.044,317.921
1786361942.148,317.802
1786361942.251,318.397
1786361942.355,318.401
1786361942.457,318.416
1786361942.561,318.477
1786361942.661,316.934
1786361942.761,316.876
1786361942.862,316.677
1786361942.962,316.829
1786361943.062,316.777
1786361943.162,316.9
1786361943.263,316.947
1786361943.363,317.67
1786361943.463,317.663
1786361943.564,316.156
1786361943.664,316.096
1786361943.764,317.545
1786361943.865,317.676
1786361943.965,317.77
1786361944.065,317.591
1786361944.166,317.753
1786361944.268,317.685
1786361944.372,317.73
1786361944.476,317.787
1786361944.576,318.02
1786361944.677,318.02
1786361944.777,319.558
1786361944.877,319.534
1786361944.978,319.714
1786361945.078,319.692
1786361945.181,317.341
1786361945.285,317.38
1786361945.389,317.311
1786361945.490,317.286
1786361945.591,317.211
1786361945.692,317.226
1786361945.793,315.869
1786361945.893,315.764
1786361945.994,315.657
1786361946.094,315.548
1786361946.195,314.085
1786361946.295,316.132
1786361946.396,316.021
1786361946.496,315.928
1786361946.597,315.959
1786361946.697,315.808
1786361946.798,315.78
1786361946.898,316.876
1786361946.998,316.986
1786361947.098,315.225
1786361947.199,315.066
1786361947.299,316.587
1786361947.399,316.938
1786361947.502,316.998
1786361947.606,316.994
1786361947.709,316.949
1786361947.813,316.993
1786361947.917,314.669
1786361948.021,314.65
1786361948.125,314.598
1786361948.229,316.342
1786361948.330,316.479
1786361948.431,316.371
1786361948.533,316.337
1786361948.634,316.439
1786361948.735,316.682
1786361948.837,316.637
1786361948.938,314.739
1786361949.039,317.068
1786361949.141,317.121
1786361949.242,317.106
1786361949.343,317.312
1786361949.445,317.375
1786361949.546,317.375
1786361949.648,317.335
1786361949.749,317.302
1786361949.851,317.302
1786361949.952,315.701
1786361950.053,315.704
1786361950.154,317.732
1786361950.256,317.797
1786361950.358,317.868
1786361950.459,318.004
1786361950.561,318.02
1786361950.662,318.047
1786361950.764,318.165
1786361950.865,318.275
1786361950.967,315.189
1786361951.068,316.85
1786361951.170,314.931
1786361951.272,314.984
1786361951.373,314.946
1786361951.475,314.911
1786361951.576,315.057
1786361951.678,314.954
1786361951.779,314.868
1786361951.880,314.376
1786361951.982,312.52
1786361952.083,315.356
1786361952.184,314.325
1786361952.285,316.185
1786361952.386,316.094
1786361952.488,316.019
1786361952.589,316.138
1786361952.690,315.935
1786361952.791,315.902
1786361952.893,316.0
1786361952.994,316.379
1786361953.096,318.055
1786361953.196,318.24
1786361953.298,319.107
1786361953.399,319.237
1786361953.501,319.459
1786361953.603,319.589
1786361953.703,319.474
1786361953.805,319.456
1786361953.907,319.416
1786361954.008,319.391
1786361954.110,319.485
1786361954.211,319.486
1786361954.312,319.486
1786361954.414,319.476
1786361954.516,319.456
1786361954.617,319.56
1786361954.719,319.359
1786361954.820,319.356
1786361954.922,319.359
1786361955.024,319.463
1786361955.126,319.495
1786361955.227,319.417
1786361955.329,319.408
1786361955.431,319.427
1786361955.533,319.54
1786361955.635,319.407
1786361955.737,319.181
1786361955.839,319.213
1786361955.941,319.154
1786361956.044,319.041
1786361956.146,317.91
1786361956.248,317.889
1786361956.349,315.802
1786361956.450,315.69
1786361955.424,315.818
1786361955.528,315.641
1786361955.630,315.725
1786361955.734,315.804
1786361955.838,315.783
1786361955.942,315.752
1786361956.046,315.822
1786361956.149,316.821
1786361956.253,316.82
1786361956.357,318.865
1786361956.461,317.482
1786361956.562,317.348
1786361956.663,317.41
1786361956.765,317.407
1786361956.866,317.584
1786361956.967,317.51
1786361957.068,317.524
1786361957.169,317.496
1786361957.271,317.437
1786361957.372,317.518
1786361957.473,317.496
1786361957.574,318.817
1786361957.675,316.452
1786361957.777,316.491
1786361957.878,316.559
1786361957.979,316.404
1786361958.080,316.559
1786361958.181,316.537
1786361958.281,316.486
1786361958.382,316.435
1786361958.483,316.312
1786361958.583,316.33
1786361958.684,316.368
1786361958.784,317.204
1786361958.885,317.14
1786361958.985,317.14
1786361959.086,317.052
1786361959.186,316.957
1786361959.287,316.868
1786361959.387,316.863
1786361959.488,317.085
1786361959.589,317.352
1786361959.689,317.417
1786361959.790,317.495
1786361959.891,317.646
1786361959.992,319.192
1786361960.093,317.081
1786361960.193,317.032
1786361960.294,317.039
1786361960.395,317.115
1786361960.496,317.248
1786361960.597,317.123
1786361960.697,316.941
1786361960.798,317.042
1786361960.899,317.098
1786361961.000,317.149
1786361961.100,315.419
1786361961.201,317.562
1786361961.302,317.457
1786361961.403,317.405
1786361961.504,315.691
1786361961.604,315.643
1786361961.704,315.662
1786361961.805,315.746
1786361961.905,315.692
1786361962.006,314.22
1786361962.106,314.111
1786361962.206,315.89
1786361962.307,315.868
1786361962.407,316.178
1786361962.508,316.178
1786361962.608,316.226
1786361962.709,317.885
1786361962.809,317.773
1786361962.909,317.761
1786361963.010,317.663
1786361963.110,317.651
1786361963.211,319.136
1786361963.311,319.224
1786361963.412,316.815
1786361963.512,316.949
1786361963.613,316.761
1786361963.713,316.883
1786361963.813,317.069
1786361963.914,317.203
1786361964.015,317.207
1786361964.116,315.327
1786361964.216,315.297
1786361964.317,315.172
1786361964.417,315.082
1786361964.518,317.451
1786361964.619,317.367
1786361964.719,317.415
1786361964.820,317.452
1786361964.921,317.292
1786361965.025,317.301
1786361965.127,314.915
1786361965.230,316.735
1786361965.334,316.744
1786361965.438,316.778
1786361965.542,316.857
1786361965.643,317.043
1786361965.744,316.995
1786361965.845,317.092
1786361965.945,314.846
1786361966.046,314.85
1786361966.147,314.867
1786361966.248,316.549
1786361966.348,316.657
1786361966.449,316.593
1786361966.550,316.593
1786361966.650,316.673
1786361966.751,316.703
1786361966.852,315.17
1786361966.953,315.207
1786361967.054,315.048
1786361967.154,317.31
1786361967.258,317.462
1786361967.362,317.576
1786361967.466,318.139
1786361967.570,318.197
1786361967.674,318.349
1786361967.778,318.321
1786361967.882,318.253
1786361967.986,319.752
1786361968.090,319.647
1786361968.193,319.668
1786361968.293,317.765
1786361968.394,317.525
1786361968.495,317.317
1786361968.596,317.257
1786361968.696,317.177
1786361968.797,317.044
1786361968.898,317.215
1786361968.998,317.1
1786361969.099,316.887
1786361969.199,316.894
1786361969.300,315.281
1786361969.401,317.037
1786361969.501,316.858
1786361969.601,316.661
1786361969.702,316.81
1786361969.802,316.747
1786361969.902,316.74
1786361970.003,315.042
1786361970.103,314.951
1786361970.204,314.99
1786361970.305,314.904
1786361970.405,316.7
1786361970.505,316.769
1786361970.606,316.941
1786361970.706,317.007
1786361970.807,315.087
1786361970.907,314.978
1786361971.008,314.231
1786361971.108,314.231
1786361971.209,315.665
1786361971.309,315.815
1786361971.410,315.801
1786361971.510,314.914
1786361971.610,314.656
1786361971.711,314.531
1786361971.811,314.494
1786361971.912,312.794
1786361972.012,314.616
1786361972.113,314.709
1786361972.213,315.454
1786361972.314,315.363
1786361972.414,315.363
1786361972.515,315.573
1786361972.615,316.549
1786361972.716,316.635
1786361972.816,316.73
1786361972.916,315.465
1786361973.017,317.241
1786361973.117,317.241
1786361973.218,317.204
1786361973.318,317.146
1786361973.419,317.24
1786361973.519,317.161
1786361973.620,316.885
1786361973.720,316.859
1786361973.821,316.951
1786361973.921,317.016
1786361974.021,318.293
1786361974.122,318.25
1786361974.222,318.272
1786361974.323,318.272
1786361974.424,318.312
1786361974.524,318.307
1786361974.625,318.312
1786361974.726,318.334
1786361974.827,318.396
1786361974.928,318.566
1786361975.029,318.487
1786361975.129,316.301
1786361975.230,316.294
1786361975.330,316.45
1786361975.431,316.622
1786361975.532,316.701
1786361975.633,316.829
1786361975.734,316.809
1786361975.835,316.882
1786361975.936,316.9
1786361976.037,316.761
1786361976.137,315.008
1786361976.238,317.071
1786361976.338,317.12
1786361976.439,316.982
1786361976.540,316.929
1786361976.641,315.891
1786361976.741,315.852
1786361976.842,314.288
1786361976.943,314.511
1786361977.044,314.563
1786361977.145,314.583
1786361977.246,316.403
1786361977.350,316.487
1786361977.453,316.505
1786361977.554,316.543
1786361977.655,316.504
1786361977.755,316.922
1786361977.859,315.834
1786361977.960,317.279
1786361978.060,317.003
1786361978.161,317.014
1786361978.261,316.941
1786361978.362,316.941
1786361978.462,316.842
1786361978.562,315.322
1786361978.663,315.277
1786361978.763,315.284
1786361978.864,315.355
1786361978.968,316.039
1786361979.072,317.07
1786361979.176,317.324
1786361979.279,317.422
1786361979.380,317.448
1786361979.480,317.531
1786361979.581,317.63
1786361979.681,319.178
1786361979.782,319.284
1786361979.882,316.974
1786361979.983,316.826
1786361980.083,316.76
1786361980.184,316.773
1786361980.284,316.728
1786361980.384,316.792
1786361980.485,316.655
1786361980.585,316.519
1786361980.686,314.436
1786361980.786,314.379
1786361980.887,314.286
1786361980.987,316.54
1786361981.087,316.592
1786361981.188,316.652
1786361981.288,316.816
1786361981.389,315.487
1786361981.489,315.471
1786361981.590,315.576
1786361981.690,315.707
1786361981.790,316.741
1786361981.891,316.804
1786361981.992,316.804
1786361982.092,316.804
1786361982.192,316.958
1786361982.293,317.087
1786361982.393,317.16
1786361982.494,314.994
1786361982.595,316.23
1786361982.695,316.173
1786361982.795,316.191
1786361982.896,316.256
1786361982.996,317.213
1786361983.097,317.374
1786361983.197,317.386
1786361983.298,315.86
1786361983.398,315.783
1786361983.499,315.658
1786361983.599,317.895
1786361983.700,317.922
1786361983.800,317.932
1786361983.901,317.88
1786361984.001,317.814
1786361984.101,316.486
1786361984.202,316.214
1786361984.303,316.234
1786361984.403,317.724
1786361984.503,317.649
1786361984.604,317.761
1786361984.704,315.107
1786361984.808,315.072
1786361984.911,314.926
1786361985.015,314.926
1786361985.119,314.942
1786361985.223,316.357
1786361985.325,316.572
1786361985.425,316.63
1786361985.525,316.56
1786361985.626,316.501
1786361985.726,314.423
1786361985.827,314.423
1786361985.927,316.951
1786361986.028,316.929
1786361986.128,316.904
1786361986.228,316.895
1786361986.329,316.776
1786361986.432,316.492
1786361986.536,316.245
1786361986.640,316.068
1786361986.741,315.944
1786361986.844,314.559
1786361986.946,316.279
1786361987.050,315.408
1786361987.154,315.465
1786361987.254,315.502
1786361987.355,315.42
1786361987.455,315.347
1786361987.556,315.4
1786361986.517,315.381
1786361986.617,313.988
1786361986.718,314.056
1786361986.818,315.439
1786361986.919,315.536
1786361987.019,316.29
1786361987.120,316.185
1786361987.220,316.39
1786361987.320,314.359
1786361987.421,314.283
1786361987.521,314.328
1786361987.622,314.441
1786361987.722,315.75
1786361987.823,315.723
1786361987.923,315.711
1786361988.024,313.748
1786361988.124,313.687
1786361988.225,313.629
1786361988.325,313.432
1786361988.426,315.481
1786361988.526,315.525
1786361988.627,315.525
1786361988.727,315.427
1786361988.827,315.218
1786361988.928,315.295
1786361989.028,313.741
1786361989.129,313.666
1786361989.230,315.572
1786361989.330,315.651
1786361989.430,315.751
1786361989.531,315.677
1786361989.631,315.631
1786361989.731,313.894
1786361989.832,314.039
1786361989.932,313.289
1786361990.033,313.16
1786361990.133,314.649
1786361990.234,314.71
1786361990.334,314.728
1786361990.435,314.615
1786361990.535,313.355
1786361990.636,313.387
1786361990.736,313.38
1786361990.837,315.213
1786361990.937,315.353
1786361991.038,315.125
1786361991.138,315.312
1786361991.239,315.344
1786361991.339,313.323
1786361991.440,313.409
1786361991.540,313.346
1786361991.640,314.565
1786361991.741,314.517
1786361991.841,314.78
1786361991.942,314.78
1786361992.042,314.705
1786361992.143,314.472
1786361992.243,315.432
1786361992.343,315.277
1786361992.444,313.12
1786361992.544,315.077
1786361992.648,315.022
1786361992.751,315.133
1786361992.851,315.213
1786361992.952,315.331
1786361993.052,315.3
1786361993.153,315.374
1786361993.254,315.51
1786361993.354,313.894
1786361993.454,314.361
1786361993.555,316.487
1786361993.656,316.63
1786361993.756,316.64
1786361993.857,316.684
1786361993.957,316.551
1786361994.057,316.629
1786361994.158,316.362
1786361994.258,316.462
1786361994.359,316.52
1786361994.459,316.613
1786361994.560,316.435
1786361994.660,316.622
1786361994.761,316.846
1786361994.861,316.93
1786361994.962,316.855
1786361995.062,316.999
1786361995.163,316.831
1786361995.263,316.937
1786361995.364,316.776
1786361995.464,316.776
1786361995.568,315.23
1786361995.669,316.923
1786361995.769,316.797
1786361995.870,316.573
1786361995.970,316.396
1786361996.071,316.259
1786361996.171,316.224
1786361996.272,315.053
1786361996.372,313.145
1786361996.472,313.129
1786361996.573,313.141
1786361996.674,314.493
1786361996.774,314.401
1786361996.875,314.526
1786361996.975,314.593
1786361997.076,314.592
1786361997.176,314.508
1786361997.277,314.652
1786361997.377,315.746
1786361997.478,317.747
1786361997.579,317.795
1786361997.679,317.825
1786361997.780,317.88
1786361997.880,315.497
1786361997.981,315.257
1786361998.081,315.427
1786361998.182,315.358
1786361998.282,315.585
1786361998.383,315.571
1786361998.483,315.74
1786361998.584,315.836
1786361998.684,315.861
1786361998.784,315.861
1786361998.885,314.431
1786361998.985,314.475
1786361999.086,317.139
1786361999.186,317.187
1786361999.286,316.969
1786361999.387,317.029
1786361999.487,316.964
1786361999.588,316.921
1786361999.689,314.174
1786361999.789,313.901
1786361999.889,313.825
1786361999.990,314.661
1786362000.090,314.772
1786362000.190,314.676
1786362000.291,314.728
1786362000.391,314.809
1786362000.492,314.827
1786362000.592,314.145
1786362000.693,314.004
1786362000.793,316.547
1786362000.893,316.636
1786362000.994,314.854
1786362001.094,315.367
1786362001.195,315.199
1786362001.295,315.032
1786362001.395,314.018
1786362001.496,314.126
1786362001.597,314.013
1786362001.697,314.784
1786362001.798,314.886
1786362001.898,314.886
1786362001.998,314.962
1786362002.099,314.9
1786362002.199,316.829
1786362002.299,316.927
1786362002.400,316.983
1786362002.500,316.958
1786362002.601,317.909
1786362002.701,317.813
1786362002.802,317.79
1786362002.902,317.8
1786362003.004,317.844
1786362003.105,318.042
1786362003.207,316.404
1786362003.308,316.237
1786362003.410,316.46
1786362003.511,316.387
1786362003.613,316.442
1786362003.714,316.51
1786362003.816,316.538
1786362003.917,316.596
1786362004.018,314.607
1786362004.120,314.565
1786362004.221,314.298
1786362004.323,316.005
1786362004.425,316.029
1786362004.526,315.887
1786362004.628,315.862
1786362004.730,314.264
1786362004.832,314.154
1786362004.934,314.162
1786362005.036,314.195
1786362005.138,316.248
1786362005.240,316.362
1786362005.342,316.273
1786362005.444,314.605
1786362005.546,314.665
1786362005.649,314.629
1786362005.751,314.747
1786362005.854,316.334
1786362005.956,316.587
1786362006.059,316.662
1786362006.162,314.844
1786362006.265,314.703
1786362006.368,314.741
1786362006.471,314.741
1786362006.574,314.952
1786362006.677,315.8
1786362006.778,315.702
1786362006.881,314.157
1786362006.985,314.278
1786362007.085,314.335
1786362007.189,314.246
1786362007.292,314.192
1786362007.396,316.181
1786362007.500,316.213
1786362007.603,316.091
1786362007.707,316.041
1786362007.811,316.91
1786362007.916,316.912
1786362008.016,318.521
1786362008.120,317.033
1786362008.220,317.067
1786362008.321,317.072
1786362008.421,317.059
1786362008.522,317.104
1786362008.623,317.087
1786362008.727,317.054
1786362008.827,317.002
1786362008.932,314.327
1786362009.036,314.326
1786362009.139,314.207
1786362009.243,315.501
1786362009.345,315.404
1786362009.446,315.442
1786362009.548,315.516
1786362009.650,314.702
1786362009.750,314.67
1786362009.852,312.247
1786362009.953,311.545
1786362010.055,314.178
1786362010.156,314.171
1786362010.257,314.263
1786362010.358,314.319
1786362010.458,314.52
1786362010.558,314.437
1786362010.659,312.509
1786362010.759,313.045
1786362010.860,313.057
1786362010.960,315.712
1786362011.061,316.52
1786362011.161,316.586
1786362011.261,316.651
1786362011.362,316.698
1786362011.463,316.727
1786362011.564,316.727
1786362011.665,316.458
1786362011.765,315.016
1786362011.866,316.924
1786362011.967,315.737
1786362012.068,315.649
1786362012.169,315.536
1786362012.270,315.74
1786362012.371,315.74
1786362012.472,315.613
1786362012.573,315.614
1786362012.674,315.653
1786362012.775,314.193
1786362012.876,315.637
1786362012.977,315.684
1786362013.078,316.941
1786362013.179,317.099
1786362013.280,317.083
1786362013.380,316.958
1786362013.481,317.076
1786362013.582,317.236
1786362013.683,316.547
1786362013.784,315.765
1786362013.885,317.375
1786362013.985,317.43
1786362014.086,317.42
1786362014.187,317.486
1786362014.288,317.36
1786362014.388,317.483
1786362014.489,317.52
1786362014.589,317.43
1786362014.690,317.387
1786362014.790,316.075
1786362014.890,316.9
1786362014.992,316.987
1786362015.095,317.02
1786362015.197,317.069
1786362015.298,317.072
1786362015.400,317.072
1786362015.501,317.23
1786362015.602,317.138
1786362015.703,315.303
1786362015.805,315.269
1786362015.905,315.269
1786362016.006,317.208
1786362016.107,317.055
1786362016.207,316.984
1786362016.308,316.996
1786362016.409,316.918
1786362016.509,315.199
1786362016.610,315.142
1786362016.710,315.204
1786362016.811,316.942
1786362016.912,317.019
1786362017.012,317.113
1786362017.113,316.327
1786362017.213,316.44
1786362017.314,314.959
1786362017.415,314.923
1786362017.515,315.071
1786362017.616,316.701
1786362017.716,316.653
1786362017.817,316.731
1786362017.917,316.768
1786362018.018,316.844
1786362018.118,315.577
1786362018.219,316.525
1786362018.319,316.611
1786362018.421,318.181
1786362018.524,318.236
1786362018.624,318.111
1786362018.725,318.321
1786362017.661,318.441
1786362017.762,318.357
1786362017.862,318.441
1786362017.963,318.294
1786362018.063,318.294
1786362018.163,317.765
1786362018.264,317.539
1786362018.365,317.319
1786362018.465,317.224
1786362018.565,317.2
1786362018.666,317.03
1786362018.770,316.775
1786362018.871,315.946
1786362018.975,314.052
1786362019.077,313.92
1786362019.177,313.762
1786362019.281,315.405
1786362019.383,315.571
1786362019.486,315.657
1786362019.588,315.854
1786362019.689,315.835
1786362019.792,315.944
1786362019.894,315.967
1786362019.997,316.717
1786362020.099,317.273
1786362020.200,317.021
1786362020.303,317.236
1786362020.406,317.341
1786362020.509,317.243
1786362020.612,317.151
1786362020.712,316.89
1786362020.816,316.972
1786362020.917,316.935
1786362021.021,315.162
1786362021.124,313.961
1786362021.225,315.229
1786362021.329,315.362
1786362021.432,315.305
1786362021.536,315.351
1786362021.640,315.678
1786362021.741,315.605
1786362021.841,315.652
1786362021.942,315.528
1786362022.043,314.18
1786362022.143,315.964
1786362022.243,317.148
1786362022.344,317.152
1786362022.444,317.239
1786362022.547,317.247
1786362022.651,317.2
1786362022.751,316.982
1786362022.855,317.355
1786362022.958,315.897
1786362023.062,315.934
1786362023.165,317.421
1786362023.266,317.716
1786362023.370,317.867
1786362023.474,317.895
1786362023.578,317.974
1786362023.682,318.039
1786362023.782,318.106
1786362023.886,318.154
1786362023.990,317.945
1786362024.094,319.521
1786362024.198,319.587
1786362024.299,319.684
1786362024.403,319.718
1786362024.506,318.026
1786362024.610,318.004
1786362024.714,318.199
1786362024.815,318.286
1786362024.919,318.31
1786362025.022,318.239
1786362025.124,318.297
1786362025.225,318.285
1786362025.325,318.221
1786362025.426,316.915
1786362025.526,316.621
1786362025.626,318.252
1786362025.729,318.22
1786362025.830,318.002
1786362025.933,317.923
1786362026.036,317.818
1786362026.139,317.818
1786362026.242,317.936
1786362026.344,316.865
1786362026.447,315.247
1786362026.551,315.463
1786362026.654,316.636
1786362026.758,316.741
1786362026.860,316.75
1786362026.964,316.861
1786362027.067,316.914
1786362027.168,316.9
1786362027.268,314.675
1786362027.369,314.411
1786362027.469,315.471
1786362027.569,317.03
1786362027.672,316.909
1786362027.772,317.033
1786362027.873,317.055
1786362027.973,316.953
1786362028.073,316.975
1786362028.174,317.066
1786362028.278,317.001
1786362028.379,319.383
1786362028.480,319.559
1786362028.581,318.205
1786362028.682,318.267
1786362028.783,317.595
1786362028.883,317.612
1786362028.984,317.596
1786362029.084,317.88
1786362029.185,318.053
1786362029.285,318.007
1786362029.386,318.158
1786362029.486,318.133
1786362029.586,316.619
1786362029.687,317.974
1786362029.787,317.848
1786362029.887,318.477
1786362029.988,318.342
1786362030.089,318.285
1786362030.193,318.151
1786362030.296,317.92
1786362030.397,317.932
1786362030.497,317.911
1786362030.598,317.903
1786362030.698,319.468
1786362030.798,319.468
1786362030.899,319.679
1786362030.999,319.773
1786362031.099,318.123
1786362031.200,318.141
1786362031.300,318.253
1786362031.401,318.369
1786362031.501,317.146
1786362031.602,317.084
1786362031.702,317.09
1786362031.803,317.034
1786362031.903,315.638
1786362032.004,315.518
1786362032.105,315.508
1786362032.207,317.03
1786362032.311,317.002
1786362032.415,316.945
1786362032.519,316.783
1786362032.623,318.171
1786362032.727,318.121
1786362032.831,317.959
1786362032.931,317.915
1786362033.035,317.797
1786362033.139,317.789
1786362033.241,317.825
1786362033.345,317.863
1786362033.449,317.846
1786362033.553,317.762
1786362033.657,317.758
1786362033.760,317.567
1786362033.863,316.73
1786362033.967,315.79
1786362034.070,315.761
1786362034.174,317.219
1786362034.276,317.178
1786362034.380,317.105
1786362034.484,317.167
1786362034.588,317.176
1786362034.692,317.307
1786362034.794,315.404
1786362034.898,315.348
1786362035.002,316.206
1786362035.106,317.228
1786362035.210,317.465
1786362035.312,317.404
1786362035.416,317.337
1786362035.520,317.235
1786362035.624,317.128
1786362035.725,317.04
1786362035.829,315.058
1786362035.932,316.902
1786362036.036,316.765
1786362036.140,316.713
1786362036.244,316.665
1786362036.346,316.369
1786362036.450,316.35
1786362036.551,316.489
1786362036.654,314.388
1786362036.758,314.575
1786362036.862,314.624
1786362036.966,316.476
1786362037.070,316.376
1786362037.174,316.479
1786362037.278,316.457
1786362037.379,316.4
1786362037.483,316.307
1786362037.587,316.156
1786362037.691,315.968
1786362037.795,318.268
1786362037.899,317.958
1786362038.003,317.909
1786362038.107,317.839
1786362038.210,315.615
1786362038.314,315.566
1786362038.415,315.425
1786362038.519,315.471
1786362038.623,315.543
1786362038.727,315.675
1786362038.831,315.111
1786362038.932,314.873
1786362039.036,313.3
1786362039.137,313.34
1786362039.237,313.389
1786362039.338,315.732
1786362039.438,315.814
1786362039.539,316.006
1786362039.640,315.891
1786362039.741,314.615
1786362039.842,314.529
1786362039.942,315.103
1786362040.043,315.237
1786362040.143,317.228
1786362040.244,317.282
1786362040.345,315.564
1786362040.447,315.627
1786362040.547,315.81
1786362040.647,315.761
1786362040.748,315.901
1786362040.848,317.385
1786362040.949,317.385
1786362041.049,317.495
1786362041.150,315.951
1786362041.250,315.863
1786362041.351,315.614
1786362041.451,315.49
1786362041.552,317.234
1786362041.652,317.164
1786362041.753,317.014
1786362041.853,315.986
1786362041.954,315.995
1786362042.055,315.947
1786362042.155,315.95
1786362042.256,317.585
1786362042.357,316.319
1786362042.457,316.299
1786362042.558,316.366
1786362042.662,316.311
1786362042.766,316.244
1786362042.870,316.235
1786362042.974,317.325
1786362043.075,317.331
1786362043.179,315.972
1786362043.283,315.923
1786362043.383,315.824
1786362043.484,317.149
1786362043.584,317.384
1786362043.684,317.317
1786362043.785,315.485
1786362043.886,315.492
1786362043.986,315.475
1786362044.087,315.407
1786362044.188,315.474
1786362044.289,316.896
1786362044.389,317.042
1786362044.490,317.193
1786362044.590,317.3
1786362044.691,317.14
1786362044.791,315.372
1786362044.892,317.293
1786362044.994,317.351
1786362045.095,317.359
1786362045.195,317.359
1786362045.295,317.356
1786362045.396,317.344
1786362045.497,317.299
1786362045.597,317.394
1786362045.697,317.182
1786362045.798,315.495
1786362045.899,315.442
1786362046.000,317.508
1786362046.101,317.679
1786362046.202,317.675
1786362046.302,317.741
1786362046.402,317.91
1786362046.503,317.959
1786362046.603,317.929
1786362046.704,317.845
1786362046.804,318.12
1786362046.905,319.848
1786362047.005,318.778
1786362047.106,318.614
1786362047.206,318.478
1786362047.306,316.934
1786362047.408,316.942
1786362047.508,316.844
1786362047.608,316.695
1786362047.709,316.698
1786362047.809,316.558
1786362047.910,316.518
1786362048.011,316.52
1786362048.111,317.557
1786362048.211,317.596
1786362048.314,316.009
1786362048.415,317.524
1786362048.518,317.516
1786362048.621,317.467
1786362048.724,316.993
1786362048.824,317.023
1786362048.925,317.075
1786362049.026,317.075
1786362049.126,315.336
1786362049.227,315.188
1786362049.328,315.33
1786362049.429,315.466
1786362049.530,317.0
1786362049.630,317.102
1786362049.731,317.071
1786362048.711,317.149
1786362048.811,317.677
1786362048.911,316.016
1786362049.012,316.09
1786362049.113,317.822
1786362049.213,317.905
1786362049.314,317.796
1786362049.415,317.691
1786362049.516,317.724
1786362049.616,317.769
1786362049.717,317.797
1786362049.818,317.755
1786362049.919,317.765
1786362050.019,319.307
1786362050.120,318.014
1786362050.221,317.955
1786362050.321,318.025
1786362050.422,318.093
1786362050.523,318.087
1786362050.623,318.227
1786362050.724,318.299
1786362050.825,318.273
1786362050.925,318.296
1786362051.026,316.0
1786362051.127,315.649
1786362051.228,316.806
1786362051.328,316.764
1786362051.429,316.678
1786362051.530,316.678
1786362051.631,316.635
1786362051.732,316.5
1786362051.832,316.16
1786362051.933,316.069
1786362052.034,315.936
1786362052.134,315.837
1786362052.235,317.962
1786362052.335,318.182
1786362052.436,316.451
1786362052.537,316.213
1786362052.638,316.152
1786362052.738,316.16
1786362052.839,316.079
1786362052.940,316.199
1786362053.041,315.992
1786362053.142,314.7
1786362053.242,314.624
1786362053.342,314.67
1786362053.443,314.765
1786362053.544,316.411
1786362053.644,316.695
1786362053.745,316.653
1786362053.845,316.529
1786362053.946,314.696
1786362054.046,314.618
1786362054.147,314.662
1786362054.247,315.919
1786362054.348,315.933
1786362054.448,315.909
1786362054.549,315.927
1786362054.649,314.539
1786362054.750,314.499
1786362054.850,314.414
1786362054.950,314.326
1786362055.051,314.326
1786362055.151,316.211
1786362055.252,316.177
1786362055.352,316.339
1786362055.453,316.399
1786362055.553,316.412
1786362055.654,314.171
1786362055.754,314.321
1786362055.855,315.659
1786362055.955,315.47
1786362056.055,315.509
1786362056.156,315.577
1786362056.256,314.349
1786362056.357,313.007
1786362056.457,312.837
1786362056.558,312.801
1786362056.658,312.903
1786362056.759,315.387
1786362056.859,315.245
1786362056.959,315.367
1786362057.060,315.411
1786362057.161,315.451
1786362057.261,313.994
1786362057.361,315.149
1786362057.462,316.527
1786362057.562,316.561
1786362057.662,316.228
1786362057.763,316.159
1786362057.863,315.712
1786362057.964,314.707
1786362058.064,314.776
1786362058.164,314.889
1786362058.265,314.889
1786362058.365,314.946
1786362058.466,316.519
1786362058.566,316.779
1786362058.666,316.819
1786362058.767,315.372
1786362058.867,315.833
1786362058.967,316.148
1786362059.068,316.464
1786362059.168,317.567
1786362059.269,317.56
1786362059.369,317.534
1786362059.470,317.581
1786362059.570,317.56
1786362059.675,317.451
1786362059.778,315.687
1786362059.879,317.11
1786362059.983,317.009
1786362060.087,316.727
1786362060.189,316.668
1786362060.293,316.791
1786362060.397,316.842
1786362060.501,316.732
1786362060.605,316.744
1786362060.708,316.805
1786362060.812,316.808
1786362060.913,318.637
1786362061.014,316.882
1786362061.115,316.999
1786362061.216,317.114
1786362061.317,317.226
1786362061.417,316.582
1786362061.518,316.613
1786362061.618,316.7
1786362061.719,316.709
1786362061.820,315.27
1786362061.921,315.236
1786362062.023,315.283
1786362062.127,317.199
1786362062.228,317.309
1786362062.329,317.431
1786362062.430,317.455
1786362062.531,318.051
1786362062.631,318.094
1786362062.732,318.235
1786362062.832,318.308
1786362062.933,319.767
1786362063.033,319.847
1786362063.134,317.766
1786362063.235,317.766
1786362063.336,317.609
1786362063.436,317.599
1786362063.537,317.455
1786362063.638,317.507
1786362063.738,317.496
1786362063.839,317.422
1786362063.940,317.454
1786362064.041,316.021
1786362064.142,316.053
1786362064.242,316.064
1786362064.342,318.218
1786362064.443,318.387
1786362064.544,318.495
1786362064.645,318.515
1786362064.745,316.856
1786362064.845,316.825
1786362064.946,316.916
1786362065.047,317.044
1786362065.148,318.364
1786362065.249,318.318
1786362065.349,318.395
1786362065.450,318.297
1786362065.551,318.302
1786362065.651,318.211
1786362065.751,318.272
1786362065.852,319.985
1786362065.952,318.474
1786362066.053,318.436
1786362066.154,318.253
1786362066.255,318.347
1786362066.355,318.497
1786362066.456,318.353
1786362066.557,318.406
1786362066.658,315.673
1786362066.759,315.673
1786362066.859,315.566
1786362066.960,315.57
1786362067.060,315.609
1786362067.161,317.082
1786362067.261,315.015
1786362067.362,314.546
1786362067.463,314.537
1786362067.563,314.431
1786362067.664,313.767
1786362067.764,313.769
1786362067.865,316.497
1786362067.966,316.589
1786362068.067,316.549
1786362068.167,316.475
1786362068.268,316.61
1786362068.369,318.65
1786362068.469,317.637
1786362068.570,317.62
1786362068.671,317.615
1786362068.772,318.394
1786362068.872,318.593
1786362068.973,318.741
1786362069.073,318.678
1786362069.174,318.63
1786362069.275,316.576
1786362069.375,316.482
1786362069.477,316.573
1786362069.577,317.972
1786362069.678,317.926
1786362069.779,317.826
1786362069.880,315.947
1786362069.980,315.643
1786362070.081,315.395
1786362070.182,315.299
1786362070.282,315.267
1786362070.383,315.267
1786362070.484,317.219
1786362070.585,317.076
1786362070.685,316.89
1786362070.786,316.97
1786362070.887,315.148
1786362070.987,315.234
1786362071.088,316.929
1786362071.189,316.939
1786362071.289,316.933
1786362071.390,316.973
1786362071.491,317.139
1786362071.592,317.016
1786362071.692,317.038
1786362071.793,315.453
1786362071.893,314.362
1786362071.994,316.04
1786362072.094,315.931
1786362072.195,315.961
1786362072.295,315.93
1786362072.395,315.825
1786362072.496,315.854
1786362072.596,315.708
1786362072.697,315.686
1786362072.797,313.732
1786362072.898,315.331
1786362072.998,316.401
1786362073.098,316.446
1786362073.199,316.46
1786362073.299,316.51
1786362073.400,316.492
1786362073.500,316.653
1786362073.600,316.549
1786362073.701,316.516
1786362073.801,316.516
1786362073.902,314.681
1786362074.002,316.676
1786362074.102,316.657
1786362074.203,316.596
1786362074.303,316.765
1786362074.404,316.839
1786362074.504,316.895
1786362074.604,316.967
1786362074.705,316.957
1786362074.805,317.066
1786362074.906,314.924
1786362075.006,316.887
1786362075.108,316.832
1786362075.209,316.825
1786362075.309,316.878
1786362075.410,316.765
1786362075.510,315.365
1786362075.611,315.269
1786362075.711,315.219
1786362075.811,315.089
1786362075.912,315.042
1786362076.012,317.236
1786362076.113,315.596
1786362076.213,315.584
1786362076.314,315.614
1786362076.414,315.637
1786362076.514,315.641
1786362076.615,317.274
1786362076.715,317.264
1786362076.816,317.338
1786362076.916,317.407
1786362077.018,316.262
1786362077.120,316.215
1786362077.222,317.929
1786362077.325,318.089
1786362077.427,318.089
1786362077.530,316.242
1786362077.632,316.091
1786362077.735,315.862
1786362077.839,315.684
1786362077.939,315.717
1786362078.039,315.723
1786362078.140,315.697
1786362078.241,314.764
1786362078.341,314.828
1786362078.441,314.876
1786362078.542,314.876
1786362078.642,316.841
1786362078.743,317.079
1786362078.843,317.464
1786362078.944,317.501
1786362079.044,317.603
1786362079.145,317.643
1786362079.245,315.976
1786362079.346,318.028
1786362079.446,318.08
1786362079.546,318.043
1786362079.647,318.041
1786362079.747,317.998
1786362079.848,316.434
1786362079.948,316.194
1786362080.049,316.08
1786362080.152,315.966
1786362080.256,316.059
1786362080.359,317.697
1786362080.463,317.735
1786362080.564,317.623
1786362080.668,317.424
1786362080.768,317.365
1786362080.870,315.264
1786362079.844,316.678
1786362079.945,316.793
1786362080.045,316.825
1786362080.146,316.897
1786362080.246,316.764
1786362080.347,316.765
1786362080.447,316.751
1786362080.548,316.751
1786362080.648,316.842
1786362080.748,317.047
1786362080.849,316.961
1786362080.950,318.905
1786362081.051,317.511
1786362081.152,316.369
1786362081.252,316.302
1786362081.352,316.23
1786362081.453,316.172
1786362081.553,316.169
1786362081.654,316.137
1786362081.754,316.108
1786362081.855,316.145
1786362081.955,316.158
1786362082.056,316.218
1786362082.156,317.636
1786362082.257,316.163
1786362082.357,316.198
1786362082.458,316.181
1786362082.561,316.236
1786362082.662,316.35
1786362082.763,316.398
1786362082.863,316.341
1786362082.964,316.168
1786362083.064,316.234
1786362083.165,316.296
1786362083.265,314.776
1786362083.366,317.352
1786362083.466,317.31
1786362083.567,317.324
1786362083.667,317.346
1786362083.767,315.515
1786362083.868,315.437
1786362083.968,315.4
1786362084.069,315.4
1786362084.169,315.544
1786362084.270,315.563
1786362084.370,315.569
1786362084.471,317.01
1786362084.571,317.045
1786362084.672,317.034
1786362084.772,316.987
1786362084.872,316.878
1786362084.973,318.601
1786362085.073,317.066
1786362085.173,317.002
1786362085.274,316.925
1786362085.374,316.843
1786362085.475,316.943
1786362085.578,317.018
1786362085.682,316.965
1786362085.785,316.829
1786362085.888,316.837
1786362085.991,316.816
1786362086.091,315.015
1786362086.191,316.468
1786362086.292,315.426
1786362086.392,315.499
1786362086.493,315.215
1786362086.594,314.602
1786362086.694,314.482
1786362086.795,314.496
1786362086.895,314.594
1786362086.996,314.631
1786362087.097,313.263
1786362087.197,315.127
1786362087.298,315.177
1786362087.398,316.233
1786362087.500,316.252
1786362087.604,316.49
1786362087.708,315.263
1786362087.811,315.495
1786362087.912,315.432
1786362088.012,315.441
1786362088.113,315.411
1786362088.213,315.411
1786362088.313,316.659
1786362088.414,314.268
1786362088.514,314.386
1786362088.615,314.474
1786362088.715,314.209
1786362088.816,314.378
1786362088.916,315.989
1786362089.017,315.858
1786362089.117,315.982
1786362089.217,316.169
1786362089.318,316.056
1786362089.418,316.213
1786362089.519,318.586
1786362089.619,318.549
1786362089.719,318.53
1786362089.823,318.614
1786362089.924,316.427
1786362090.027,316.501
1786362090.131,316.5
1786362090.235,316.419
1786362090.336,316.256
1786362090.437,316.564
1786362090.538,316.547
1786362090.639,316.65
1786362090.739,316.727
1786362090.840,316.83
1786362090.941,316.875
1786362091.041,319.017
1786362091.142,319.004
1786362091.242,319.04
1786362091.342,317.505
1786362091.443,317.464
1786362091.547,317.319
1786362091.651,317.397
1786362091.752,317.434
1786362091.854,317.451
1786362091.954,317.279
1786362092.057,315.387
1786362092.161,314.589
1786362092.265,314.496
1786362092.369,314.372
1786362092.473,315.931
1786362092.577,315.954
1786362092.681,315.966
1786362092.783,315.916
1786362092.887,315.752
1786362092.988,314.327
1786362093.092,314.352
1786362093.195,316.143
1786362093.299,317.045
1786362093.403,317.037
1786362093.505,317.06
1786362093.607,317.101
1786362093.709,317.148
1786362093.811,317.063
1786362093.914,317.087
1786362094.016,317.087
1786362094.118,317.131
1786362094.221,318.375
1786362094.321,318.505
1786362094.422,316.708
1786362094.522,316.475
1786362094.623,316.618
1786362094.723,316.693
1786362094.824,316.764
1786362094.924,316.656
1786362095.025,316.667
1786362095.125,316.685
1786362095.226,316.768
1786362095.326,316.904
1786362095.427,315.364
1786362095.527,317.32
1786362095.627,317.309
1786362095.728,317.197
1786362095.828,317.251
1786362095.929,317.168
1786362096.030,317.389
1786362096.130,317.478
1786362096.230,317.638
1786362096.331,315.759
1786362096.431,315.753
1786362096.532,316.768
1786362096.632,316.728
1786362096.733,316.878
1786362096.833,316.961
1786362096.934,316.934
1786362097.034,316.872
1786362097.134,316.852
1786362097.235,316.657
1786362097.335,315.629
1786362097.436,317.356
1786362097.536,317.356
1786362097.640,314.802
1786362097.743,315.174
1786362097.843,315.206
1786362097.944,315.193
1786362098.044,315.255
1786362098.145,315.355
1786362098.245,315.528
1786362098.345,315.43
1786362098.446,315.67
1786362098.547,315.383
1786362098.647,315.506
1786362098.747,318.015
1786362098.848,318.124
1786362098.948,318.173
1786362099.049,318.322
1786362099.149,318.251
1786362099.250,318.103
1786362099.350,318.028
1786362099.451,318.134
1786362099.551,318.117
1786362099.651,317.065
1786362099.752,317.186
1786362099.853,317.255
1786362099.953,317.317
1786362100.054,317.264
1786362100.154,317.083
1786362100.254,317.218
1786362100.355,317.373
1786362100.455,317.497
1786362100.556,314.839
1786362100.656,314.756
1786362100.757,317.238
1786362100.857,317.11
1786362100.957,317.129
1786362101.058,317.129
1786362101.158,317.087
1786362101.259,317.034
1786362101.359,317.065
1786362101.460,316.942
1786362101.560,316.806
1786362101.660,316.69
1786362101.761,317.545
1786362101.861,317.568
1786362101.962,317.238
1786362102.062,317.272
1786362102.162,317.25
1786362102.263,317.275
1786362102.363,317.429
1786362102.464,317.333
1786362102.564,317.233
1786362102.665,317.026
1786362102.765,317.256
1786362102.866,318.905
1786362102.966,316.267
1786362103.070,316.155
1786362103.173,316.006
1786362103.277,316.112
1786362103.378,315.974
1786362103.478,315.834
1786362103.579,315.769
1786362103.679,315.789
1786362103.780,313.811
1786362103.880,313.696
1786362103.981,313.728
1786362104.081,316.303
1786362104.182,316.394
1786362104.282,316.316
1786362104.383,316.096
1786362104.483,316.106
1786362104.583,316.15
1786362104.684,316.15
1786362104.784,316.342
1786362104.885,316.204
1786362104.985,318.09
1786362105.085,317.996
1786362105.186,315.94
1786362105.286,315.812
1786362105.386,315.84
1786362105.487,315.84
1786362105.587,315.782
1786362105.688,315.771
1786362105.788,315.645
1786362105.889,314.131
1786362105.990,314.277
1786362106.090,314.167
1786362106.191,314.285
1786362106.291,316.337
1786362106.391,316.588
1786362106.492,316.521
1786362106.592,316.207
1786362106.693,315.008
1786362106.793,315.019
1786362106.894,315.062
1786362106.994,316.443
1786362107.094,316.388
1786362107.195,316.526
1786362107.295,316.445
1786362107.396,316.438
1786362107.496,316.342
1786362107.600,316.675
1786362107.702,315.153
1786362107.804,316.375
1786362107.908,316.344
1786362108.011,316.584
1786362108.112,315.468
1786362108.212,315.584
1786362108.312,315.611
1786362108.413,315.611
1786362108.513,315.66
1786362108.613,314.313
1786362108.714,314.231
1786362108.814,313.929
1786362108.914,315.887
1786362109.015,315.99
1786362109.115,316.1
1786362109.216,315.992
1786362109.316,317.07
1786362109.416,315.176
1786362109.516,315.106
1786362109.617,315.039
1786362109.717,316.386
1786362109.817,316.483
1786362109.918,316.513
1786362110.018,316.447
1786362110.118,316.378
1786362110.219,314.645
1786362110.319,314.491
1786362110.420,314.452
1786362110.520,316.246
1786362110.620,316.237
1786362110.721,316.42
1786362110.821,316.485
1786362110.921,316.359
1786362111.022,316.308
1786362111.122,316.396
1786362111.223,316.45
1786362111.323,318.097
1786362111.424,316.721
1786362111.524,316.79
1786362111.625,316.79
1786362111.725,316.885
1786362111.826,316.961
1786362111.926,317.004
1786362112.027,316.984
1786362111.000,317.192
1786362111.100,317.548
1786362111.201,315.915
1786362111.301,316.002
1786362111.402,316.04
1786362111.502,317.68
1786362111.602,317.74
1786362111.703,317.704
1786362111.803,317.702
1786362111.904,317.612
1786362112.004,317.61
1786362112.105,317.633
1786362112.205,316.56
1786362112.305,318.28
1786362112.406,316.463
1786362112.506,316.42
1786362112.607,316.423
1786362112.707,316.404
1786362112.807,316.345
1786362112.908,316.423
1786362113.008,316.386
1786362113.108,315.014
1786362113.208,314.828
1786362113.309,315.579
1786362113.409,315.411
1786362113.509,317.128
1786362113.610,317.251
1786362113.710,317.085
1786362113.811,317.085
1786362113.911,317.125
1786362114.012,317.312
1786362114.112,317.385
1786362114.212,317.512
1786362114.313,316.913
1786362114.413,317.016
1786362114.513,316.831
1786362114.614,316.936
1786362114.716,316.864
1786362114.819,316.776
1786362114.920,315.372
1786362115.023,315.408
1786362115.125,315.373
1786362115.228,315.292
1786362115.331,315.198
1786362115.435,316.543
1786362115.538,316.495
1786362115.642,316.75
1786362115.743,314.362
1786362115.843,314.407
1786362115.946,314.418
1786362116.049,315.725
1786362116.151,315.69
1786362116.255,315.649
1786362116.359,315.638
1786362116.459,315.632
1786362116.559,314.753
1786362116.660,314.732
1786362116.763,314.638
1786362116.863,316.911
1786362116.965,316.899
1786362117.066,316.903
1786362117.166,317.063
1786362117.267,317.181
1786362117.367,316.074
1786362117.468,316.016
1786362117.568,316.069
1786362117.668,317.611
1786362117.769,317.733
1786362117.869,317.764
1786362117.970,315.985
1786362118.070,315.96
1786362118.170,315.968
1786362118.271,315.785
1786362118.371,315.785
1786362118.471,315.611
1786362118.572,316.85
1786362118.672,316.816
1786362118.773,315.092
1786362118.874,314.94
1786362118.975,315.006
1786362119.077,315.025
1786362119.178,316.855
1786362119.279,316.845
1786362119.380,316.845
1786362119.481,316.834
1786362119.582,316.857
1786362119.683,316.544
1786362119.783,316.474
1786362119.884,318.134
1786362119.985,316.383
1786362120.085,316.113
1786362120.186,316.137
1786362120.286,316.124
1786362120.387,315.594
1786362120.487,315.592
1786362120.588,315.479
1786362120.688,313.972
1786362120.789,314.059
1786362120.890,314.097
1786362120.991,313.989
1786362121.091,315.875
1786362121.191,315.947
1786362121.292,315.862
1786362121.392,315.867
1786362121.493,314.701
1786362121.593,314.466
1786362121.694,314.542
1786362121.794,316.114
1786362121.898,316.19
1786362122.002,316.24
1786362122.105,316.256
1786362122.209,316.18
1786362122.309,314.65
1786362122.412,314.727
1786362122.514,314.727
1786362122.616,313.718
1786362122.718,315.495
1786362122.820,315.707
1786362122.922,315.978
1786362123.024,315.908
1786362123.126,315.89
1786362123.227,315.863
1786362123.329,314.078
1786362123.431,314.072
1786362123.533,315.482
1786362123.635,315.414
1786362123.737,316.435
1786362123.839,316.417
1786362123.941,316.413
1786362124.042,316.456
1786362124.146,316.59
1786362124.249,316.644
1786362124.352,316.665
1786362124.453,316.529
1786362124.554,313.576
1786362124.658,313.652
1786362124.762,313.663
1786362124.864,313.664
1786362124.967,313.66
1786362125.068,313.629
1786362125.169,312.795
1786362125.272,310.916
1786362125.375,310.911
1786362125.478,310.345
1786362125.579,312.306
1786362125.683,315.248
1786362125.786,315.336
1786362125.889,315.373
1786362125.993,315.387
1786362126.094,315.376
1786362126.198,313.744
1786362126.302,314.292
1786362126.406,316.016
1786362126.509,315.882
1786362126.610,316.491
1786362126.711,316.556
1786362126.811,316.804
1786362126.912,316.765
1786362127.012,314.646
1786362127.113,314.669
1786362127.213,314.818
1786362127.314,316.441
1786362127.414,316.44
1786362127.515,316.455
1786362127.615,316.488
1786362127.715,315.557
1786362127.816,315.676
1786362127.916,315.514
1786362128.016,315.427
1786362128.117,317.45
1786362128.217,317.423
1786362128.318,315.374
1786362128.419,315.374
1786362128.519,315.427
1786362128.619,315.591
1786362128.720,315.544
1786362128.823,315.721
1786362128.927,316.667
1786362129.028,316.589
1786362129.132,316.56
1786362129.234,316.879
1786362129.337,314.851
1786362129.441,314.834
1786362129.545,316.831
1786362129.649,316.874
1786362129.753,316.964
1786362129.853,317.133
1786362129.954,315.135
1786362130.054,315.137
1786362130.154,315.235
1786362130.258,315.434
1786362130.360,315.287
1786362130.463,317.326
1786362130.567,317.46
1786362130.671,317.403
1786362130.775,317.486
1786362130.877,317.272
1786362130.977,314.871
1786362131.078,316.702
1786362131.178,316.759
1786362131.278,316.599
1786362131.379,316.479
1786362131.479,316.517
1786362131.579,316.93
1786362131.680,314.823
1786362131.781,314.882
1786362131.881,314.969
1786362131.982,315.06
1786362132.083,317.456
1786362132.183,317.504
1786362132.284,317.509
1786362132.385,315.34
1786362132.485,315.255
1786362132.586,315.184
1786362132.687,314.832
1786362132.788,317.003
1786362132.888,316.179
1786362132.989,316.102
1786362133.089,316.173
1786362133.190,316.168
1786362133.291,314.913
1786362133.392,314.913
1786362133.492,314.908
1786362133.593,317.151
1786362133.694,317.276
1786362133.795,317.397
1786362133.895,317.412
1786362133.996,317.42
1786362134.096,316.545
1786362134.197,316.51
1786362134.298,316.445
1786362134.399,316.471
1786362134.499,317.728
1786362134.600,317.726
1786362134.701,317.681
1786362134.801,317.702
1786362134.902,317.716
1786362135.002,315.941
1786362135.103,315.816
1786362135.204,317.524
1786362135.305,317.535
1786362135.406,316.799
1786362135.507,316.886
1786362135.608,317.112
1786362135.709,317.101
1786362135.810,315.924
1786362135.910,315.932
1786362136.010,316.042
1786362136.111,317.956
1786362136.211,317.994
1786362136.312,318.061
1786362136.412,315.691
1786362136.513,316.35
1786362136.613,316.094
1786362136.714,315.986
1786362136.814,315.956
1786362136.915,317.33
1786362137.018,317.12
1786362137.119,317.12
1786362137.221,316.862
1786362137.325,316.828
1786362137.426,316.696
1786362137.530,316.564
1786362137.631,318.82
1786362137.734,318.525
1786362137.838,317.228
1786362137.939,317.146
1786362138.043,317.113
1786362138.144,316.544
1786362138.245,316.627
1786362138.347,316.64
1786362138.448,316.594
1786362138.549,316.591
1786362138.650,316.589
1786362138.751,316.653
1786362138.852,316.963
1786362138.953,318.403
1786362139.054,318.344
1786362139.155,318.374
1786362139.256,318.7
1786362139.357,318.653
1786362139.458,318.534
1786362139.558,318.461
1786362139.659,318.506
1786362139.760,318.516
1786362139.860,318.46
1786362139.961,318.502
1786362140.061,318.356
1786362140.161,318.308
1786362140.263,318.199
1786362140.367,318.218
1786362140.468,318.186
1786362140.571,318.202
1786362140.673,318.173
1786362140.774,316.096
1786362140.878,316.102
1786362140.978,316.26
1786362141.082,316.203
1786362141.184,316.096
1786362141.288,316.171
1786362141.392,316.236
1786362141.492,316.236
1786362141.596,316.2
1786362141.698,316.189
1786362141.801,316.236
1786362141.901,318.46
1786362142.001,318.44
1786362142.104,318.326
1786362142.206,318.355
1786362142.309,318.521
1786362142.410,315.961
1786362142.511,316.0
1786362142.611,316.0
1786362142.712,315.952
1786362142.812,315.998
1786362142.913,316.04
1786362143.013,316.015
1786362143.114,315.801
1786362142.088,315.995
1786362142.188,315.399
1786362142.288,315.39
1786362142.389,315.355
1786362142.489,317.927
1786362142.590,317.803
1786362142.694,317.844
1786362142.798,317.927
1786362142.901,318.034
1786362143.005,317.992
1786362143.109,318.016
1786362143.211,317.739
1786362143.313,318.185
1786362143.413,318.092
1786362143.516,317.94
1786362143.618,317.873
1786362143.721,317.981
1786362143.822,317.956
1786362143.923,315.656
1786362144.023,315.57
1786362144.124,315.548
1786362144.226,315.516
1786362144.329,314.884
1786362144.429,314.975
1786362144.532,315.081
1786362144.635,313.438
1786362144.737,313.472
1786362144.841,313.449
1786362144.942,313.407
1786362145.045,315.797
1786362145.148,315.963
1786362145.251,316.053
1786362145.355,316.18
1786362145.456,316.858
1786362145.559,316.653
1786362145.663,316.567
1786362145.763,318.478
1786362145.864,318.586
1786362145.964,318.636
1786362146.065,318.821
1786362146.167,318.777
1786362146.268,318.648
1786362146.370,318.754
1786362146.472,318.8
1786362146.573,318.887
1786362146.675,319.202
1786362146.776,319.383
1786362146.878,319.323
1786362146.980,319.338
1786362147.081,319.318
1786362147.182,319.318
1786362147.282,319.38
1786362147.383,318.041
1786362147.483,318.122
1786362147.584,315.891
1786362147.684,315.769
1786362147.785,315.705
1786362147.885,315.627
1786362147.986,315.691
1786362148.086,315.619
1786362148.186,315.557
1786362148.287,313.641
1786362148.387,313.523
1786362148.488,314.913
1786362148.588,314.791
1786362148.689,316.848
1786362148.789,316.998
1786362148.890,317.021
1786362148.990,315.732
1786362149.092,315.263
1786362149.192,315.321
1786362149.293,315.28
1786362149.393,317.075
1786362149.494,317.014
1786362149.598,316.915
1786362149.700,316.963
1786362149.801,317.12
1786362149.901,315.467
1786362150.002,315.37
1786362150.103,316.639
1786362150.204,317.104
1786362150.304,317.067
1786362150.405,317.151
1786362150.505,317.439
1786362150.605,317.624
1786362150.706,317.634
1786362150.806,317.634
1786362150.907,317.717
1786362151.007,317.728
1786362151.107,317.232
1786362151.208,317.269
1786362151.308,317.204
1786362151.409,317.082
1786362151.509,317.107
1786362151.610,317.038
1786362151.710,316.874
1786362151.811,316.748
1786362151.911,316.957
1786362152.012,315.304
1786362152.112,315.338
1786362152.212,317.353
1786362152.312,317.656
1786362152.413,317.692
1786362152.513,316.524
1786362152.614,316.553
1786362152.714,316.652
1786362152.814,316.634
1786362152.915,316.49
1786362153.015,314.411
1786362153.115,315.896
1786362153.216,315.741
1786362153.316,315.682
1786362153.417,315.674
1786362153.521,315.642
1786362153.625,316.753
1786362153.729,316.694
1786362153.829,314.355
1786362153.929,314.222
1786362154.030,314.244
1786362154.130,315.997
1786362154.231,315.578
1786362154.331,315.52
1786362154.432,315.52
1786362154.532,315.568
1786362154.633,315.339
1786362154.736,315.527
1786362154.838,313.695
1786362154.939,313.728
1786362155.039,315.874
1786362155.140,315.925
1786362155.240,315.899
1786362155.341,315.902
1786362155.441,316.423
1786362155.542,316.481
1786362155.642,316.784
1786362155.742,316.784
1786362155.843,316.643
1786362155.945,316.341
1786362156.046,316.262
1786362156.147,316.387
1786362156.249,316.505
1786362156.350,316.492
1786362156.452,316.463
1786362156.554,316.397
1786362156.655,316.37
1786362156.756,316.114
1786362156.856,316.228
1786362156.957,316.176
1786362157.057,318.316
1786362157.158,318.303
1786362157.258,318.294
1786362157.359,318.328
1786362157.459,318.416
1786362157.559,318.505
1786362157.660,317.625
1786362157.762,317.699
1786362157.862,315.846
1786362157.963,315.639
1786362158.063,315.593
1786362158.163,315.62
1786362158.264,315.62
1786362158.364,315.632
1786362158.467,315.561
1786362158.568,315.448
1786362158.670,315.436
1786362158.773,315.396
1786362158.876,316.481
1786362158.976,316.387
1786362159.077,316.314
1786362159.177,316.294
1786362159.278,316.593
1786362159.378,316.495
1786362159.479,316.57
1786362159.579,316.63
1786362159.680,316.685
1786362159.780,316.654
1786362159.881,316.575
1786362159.981,316.371
1786362160.082,316.424
1786362160.182,318.459
1786362160.283,318.473
1786362160.383,318.208
1786362160.484,315.79
1786362160.584,315.733
1786362160.685,315.665
1786362160.785,315.628
1786362160.886,315.651
1786362160.986,315.704
1786362161.086,315.728
1786362161.187,315.723
1786362161.287,315.716
1786362161.388,315.881
1786362161.488,314.166
1786362161.589,316.555
1786362161.689,316.578
1786362161.790,316.803
1786362161.890,316.803
1786362161.990,316.709
1786362162.091,316.755
1786362162.191,316.824
1786362162.291,316.87
1786362162.392,316.924
1786362162.492,315.008
1786362162.593,314.799
1786362162.693,316.408
1786362162.794,316.638
1786362162.894,315.986
1786362162.994,315.87
1786362163.096,316.01
1786362163.196,314.581
1786362163.297,314.595
1786362163.397,314.556
1786362163.498,314.522
1786362163.598,316.411
1786362163.699,316.574
1786362163.799,316.58
1786362163.900,316.358
1786362164.000,317.096
1786362164.100,317.076
1786362164.201,317.262
1786362164.301,316.527
1786362164.402,316.59
1786362164.502,316.576
1786362164.603,316.426
1786362164.703,316.446
1786362164.804,316.43
1786362164.904,316.618
1786362165.005,316.834
1786362165.105,316.642
1786362165.206,316.642
1786362165.306,316.562
1786362165.406,316.354
1786362165.507,318.75
1786362165.607,316.604
1786362165.708,316.691
1786362165.808,316.859
1786362165.908,316.868
1786362166.008,316.88
1786362166.109,316.853
1786362166.209,316.777
1786362166.310,315.085
1786362166.410,315.395
1786362166.511,315.481
1786362166.611,315.261
1786362166.711,317.317
1786362166.812,317.337
1786362166.912,317.338
1786362167.012,317.212
1786362167.113,317.217
1786362167.213,317.202
1786362167.313,317.178
1786362167.414,317.456
1786362167.514,317.14
1786362167.614,317.064
1786362167.715,317.082
1786362167.815,317.361
1786362167.916,317.277
1786362168.016,316.345
1786362168.117,316.08
1786362168.217,315.97
1786362168.318,316.08
1786362168.418,316.08
1786362168.519,314.697
1786362168.619,316.268
1786362168.720,316.249
1786362168.820,316.293
1786362168.921,316.495
1786362169.021,316.181
1786362169.121,316.17
1786362169.222,317.145
1786362169.322,317.571
1786362169.423,315.935
1786362169.523,315.896
1786362169.624,317.25
1786362169.724,317.278
1786362169.824,317.313
1786362169.925,317.265
1786362170.025,317.065
1786362170.125,317.108
1786362170.226,317.344
1786362170.326,315.294
1786362170.426,315.124
1786362170.527,316.809
1786362170.627,316.968
1786362170.727,316.813
1786362170.828,316.714
1786362170.928,316.666
1786362171.028,316.648
1786362171.129,315.079
1786362171.229,315.022
1786362171.330,314.788
1786362171.430,316.817
1786362171.530,316.777
1786362171.631,316.707
1786362171.731,316.707
1786362171.832,316.368
1786362171.932,316.708
1786362172.033,315.088
1786362172.133,315.071
1786362172.233,315.115
1786362172.334,316.772
1786362172.434,316.802
1786362172.535,316.784
1786362172.635,316.691
1786362172.736,316.633
1786362172.836,314.546
1786362172.937,314.646
1786362173.037,314.424
1786362173.138,316.102
1786362173.238,316.266
1786362173.339,315.406
1786362173.439,315.257
1786362173.540,314.944
1786362173.640,314.863
1786362173.741,314.194
1786362173.842,313.546
1786362173.942,313.636
1786362174.043,313.651
1786362174.143,313.693
1786362174.244,312.94
1786362173.219,312.783
1786362173.319,313.544
1786362173.420,313.821
1786362173.520,314.146
1786362173.621,314.377
1786362173.721,315.105
1786362173.822,315.897
1786362173.922,315.897
1786362174.023,318.055
1786362174.123,318.122
1786362174.224,315.823
1786362174.324,316.513
1786362174.426,316.534
1786362174.528,316.579
1786362174.628,316.275
1786362174.729,316.45
1786362174.829,316.327
1786362174.930,316.318
1786362175.030,316.235
1786362175.131,316.141
1786362175.231,316.141
1786362175.332,318.436
1786362175.432,318.48
1786362175.532,318.479
1786362175.633,317.067
1786362175.733,317.115
1786362175.834,316.941
1786362175.935,316.995
1786362176.035,317.133
1786362176.135,317.169
1786362176.236,317.192
1786362176.336,317.091
1786362176.437,317.047
1786362176.537,317.013
1786362176.637,315.278
1786362176.738,316.663
1786362176.839,316.657
1786362176.939,316.603
1786362177.040,316.495
1786362177.140,316.376
1786362177.241,316.33
1786362177.341,316.33
1786362177.441,315.395
1786362177.542,313.148
1786362177.642,313.21
1786362177.743,313.174
1786362177.843,314.99
1786362177.944,315.048
1786362178.044,315.06
1786362178.145,315.209
1786362178.245,315.288
1786362178.346,313.967
1786362178.446,314.059
1786362178.547,314.942
1786362178.647,317.21
1786362178.747,317.207
1786362178.848,317.282
1786362178.948,317.493
1786362179.049,317.497
1786362179.149,317.388
1786362179.250,317.284
1786362179.350,315.566
1786362179.451,316.791
1786362179.552,316.72
1786362179.653,316.841
1786362179.753,316.86
1786362179.854,316.909
1786362179.954,316.593
1786362180.054,316.368
1786362180.155,316.382
1786362180.255,316.547
1786362180.356,313.746
1786362180.456,315.502
1786362180.556,315.627
1786362180.657,315.627
1786362180.757,315.737
1786362180.858,315.706
1786362180.959,315.798
1786362181.059,315.793
1786362181.160,316.075
1786362181.261,316.17
1786362181.361,316.314
1786362181.462,316.487
1786362181.563,319.334
1786362181.664,317.174
1786362181.764,317.153
1786362181.865,317.344
1786362181.965,317.354
1786362182.066,317.315
1786362182.167,317.298
1786362182.268,315.494
1786362182.368,315.456
1786362182.469,313.438
1786362182.570,312.269
1786362182.670,312.216
1786362182.771,314.337
1786362182.872,313.611
1786362182.973,313.478
1786362183.074,313.37
1786362183.174,312.851
1786362183.275,312.931
1786362183.376,314.816
1786362183.477,314.801
1786362183.577,316.699
1786362183.678,317.598
1786362183.779,317.642
1786362183.880,316.297
1786362183.981,316.962
1786362184.082,316.835
1786362184.183,316.957
1786362184.283,316.957
1786362184.384,317.491
1786362184.485,317.44
1786362184.586,317.337
1786362184.687,315.921
1786362184.788,315.808
1786362184.889,315.828
1786362184.991,315.78
1786362185.091,317.255
1786362185.192,317.238
1786362185.293,317.275
1786362185.394,317.223
1786362185.495,315.964
1786362185.596,315.755
1786362185.697,315.841
1786362185.798,317.241
1786362185.898,317.266
1786362185.999,317.341
1786362186.100,317.41
1786362186.201,317.218
1786362186.302,317.2
1786362186.403,317.14
1786362186.504,317.144
1786362186.605,318.624
1786362186.706,318.68
1786362186.807,318.639
1786362186.908,316.366
1786362187.010,316.432
1786362187.111,316.29
1786362187.212,316.061
1786362187.313,316.048
1786362187.415,316.076
1786362187.516,316.05
1786362187.617,315.994
1786362187.719,314.85
1786362187.820,314.902
1786362187.922,313.5
1786362188.023,315.874
1786362188.125,315.843
1786362188.226,315.842
1786362188.328,316.008
1786362188.429,316.051
1786362188.531,316.051
1786362188.633,316.008
1786362188.734,315.911
1786362188.836,315.856
1786362188.938,316.661
1786362189.040,316.743
1786362189.142,318.109
1786362189.242,317.919
1786362189.343,316.08
1786362189.445,316.0
1786362189.547,315.852
1786362189.650,315.786
1786362189.752,315.908
1786362189.854,315.97
1786362189.956,316.039
1786362190.059,316.081
1786362190.161,316.053
1786362190.264,316.228
1786362190.366,316.33
1786362190.469,318.247
1786362190.571,316.228
1786362190.674,316.578
1786362190.777,316.536
1786362190.879,316.503
1786362190.982,316.525
1786362191.084,316.439
1786362191.188,315.467
1786362191.288,315.04
1786362191.389,314.874
1786362191.489,314.835
1786362191.590,314.696
1786362191.690,316.786
1786362191.792,316.531
1786362191.895,316.705
1786362191.998,314.625
1786362192.101,314.656
1786362192.205,314.738
1786362192.308,315.661
1786362192.409,316.087
1786362192.509,316.111
1786362192.609,316.112
1786362192.713,316.21
1786362192.815,316.284
1786362192.919,313.965
1786362193.023,313.986
1786362193.123,315.36
1786362193.227,315.332
1786362193.331,315.337
1786362193.435,315.415
1786362193.539,315.379
1786362193.640,315.393
1786362193.741,315.446
1786362193.842,315.556
1786362193.943,315.55
1786362194.044,317.944
1786362194.144,317.862
1786362194.245,317.039
1786362194.346,316.863
1786362194.446,316.877
1786362194.547,316.936
1786362194.647,316.965
1786362194.750,316.965
1786362194.854,316.991
1786362194.958,316.808
1786362195.061,316.834
1786362195.165,315.505
1786362195.267,315.505
1786362195.369,315.541
1786362195.470,317.121
1786362195.572,317.459
1786362195.673,317.771
1786362195.775,317.953
1786362195.876,318.002
1786362195.978,318.004
1786362196.079,318.142
1786362196.181,318.187
1786362196.282,318.279
1786362196.384,319.692
1786362196.485,318.062
1786362196.587,318.078
1786362196.689,318.033
1786362196.790,317.839
1786362196.892,317.479
1786362196.994,317.474
1786362197.096,317.703
1786362197.198,317.549
1786362197.299,315.44
1786362197.401,315.411
1786362197.503,315.356
1786362197.604,316.931
1786362197.706,316.932
1786362197.807,316.967
1786362197.909,316.855
1786362198.011,317.068
1786362198.114,315.967
1786362198.216,313.971
1786362198.318,314.13
1786362198.421,316.164
1786362198.523,316.102
1786362198.626,315.931
1786362198.728,315.966
1786362198.831,315.9
1786362198.934,315.919
1786362199.037,316.052
1786362199.140,316.031
1786362199.243,317.229
1786362199.346,319.174
1786362199.449,317.0
1786362199.553,316.975
1786362199.656,317.1
1786362199.758,317.371
1786362199.860,317.425
1786362199.961,317.509
1786362200.061,317.419
1786362200.161,315.626
1786362200.262,315.951
1786362200.362,315.859
1786362200.463,315.554
1786362200.563,317.666
1786362200.664,317.752
1786362200.764,317.713
1786362200.867,317.632
1786362200.970,315.641
1786362201.074,315.578
1786362201.176,315.637
1786362201.279,317.409
1786362201.382,317.409
1786362201.484,317.16
1786362201.587,317.211
1786362201.690,317.421
1786362201.791,316.041
1786362201.891,316.132
1786362201.992,316.24
1786362202.093,316.252
1786362202.194,318.24
1786362202.294,318.385
1786362202.395,318.276
1786362202.496,318.153
1786362202.596,318.045
1786362202.697,318.042
1786362202.798,317.987
1786362202.898,319.361
1786362202.998,317.977
1786362203.099,317.834
1786362203.199,317.113
1786362203.299,316.137
1786362203.400,316.022
1786362203.500,316.125
1786362203.600,316.17
1786362203.700,316.116
1786362203.801,314.603
1786362203.901,314.519
1786362204.004,314.434
1786362204.108,315.625
1786362204.210,315.511
1786362204.311,316.245
1786362204.413,317.114
1786362204.516,317.202
1786362204.620,316.993
1786362204.722,316.915
1786362204.823,316.887
1786362204.923,318.331
1786362205.023,316.865
1786362205.124,316.534
1786362205.225,316.46
1786362205.325,316.521
1786362205.425,316.555
1786362204.389,316.555
1786362204.489,316.597
1786362204.589,316.422
1786362204.690,316.459
1786362204.790,316.629
1786362204.891,314.744
1786362204.991,314.429
1786362205.092,315.884
1786362205.192,316.372
1786362205.293,316.498
1786362205.393,316.456
1786362205.493,316.336
1786362205.594,314.59
1786362205.694,314.489
1786362205.795,314.563
1786362205.895,314.403
1786362205.996,316.302
1786362206.096,316.59
1786362206.197,316.57
1786362206.297,316.378
1786362206.397,316.634
1786362206.498,316.687
1786362206.598,316.556
1786362206.699,316.398
1786362206.799,316.532
1786362206.900,316.526
1786362207.000,316.592
1786362207.100,316.686
1786362207.201,316.607
1786362207.301,316.151
1786362207.402,316.467
1786362207.502,316.199
1786362207.602,313.705
1786362207.703,313.705
1786362207.803,314.038
1786362207.904,315.875
1786362208.004,315.823
1786362208.104,315.92
1786362208.205,315.9
1786362208.305,315.798
1786362208.406,314.208
1786362208.506,314.734
1786362208.607,314.401
1786362208.707,314.356
1786362208.807,316.843
1786362208.908,316.618
1786362209.008,316.63
1786362209.109,316.83
1786362209.209,316.799
1786362209.310,316.739
1786362209.410,316.816
1786362209.510,318.471
1786362209.611,318.445
1786362209.711,316.891
1786362209.812,316.973
1786362209.912,316.972
1786362210.013,316.977
1786362210.113,316.993
1786362210.213,316.768
1786362210.314,316.669
1786362210.414,316.864
1786362210.515,316.826
1786362210.615,316.864
1786362210.715,316.842
1786362210.816,318.409
1786362210.916,318.409
1786362211.017,318.429
1786362211.117,316.125
1786362211.218,316.097
1786362211.318,316.116
1786362211.418,316.198
1786362211.519,316.553
1786362211.619,316.394
1786362211.720,316.416
1786362211.820,316.477
1786362211.921,316.635
1786362212.021,315.964
1786362212.121,316.032
1786362212.222,318.49
1786362212.322,318.828
1786362212.423,316.083
1786362212.523,315.137
1786362212.624,314.927
1786362212.724,315.044
1786362212.825,314.953
1786362212.925,314.865
1786362213.026,314.733
1786362213.126,313.69
1786362213.227,313.675
1786362213.327,313.65
1786362213.428,313.49
1786362213.528,316.315
1786362213.629,317.425
1786362213.729,317.517
1786362213.830,315.503
1786362213.930,315.539
1786362214.031,315.624
1786362214.131,315.749
1786362214.231,315.749
1786362214.332,317.546
1786362214.432,317.506
1786362214.533,317.395
1786362214.633,317.219
1786362214.734,317.246
1786362214.834,317.035
1786362214.934,316.995
1786362215.035,318.963
1786362215.135,318.857
1786362215.236,318.953
1786362215.336,319.004
1786362215.437,317.286
1786362215.537,317.3
1786362215.637,317.501
1786362215.738,317.434
1786362215.838,317.394
1786362215.939,317.601
1786362216.039,316.185
1786362216.140,316.277
1786362216.240,316.498
1786362216.340,316.435
1786362216.441,316.363
1786362216.541,318.179
1786362216.641,318.22
1786362216.742,318.075
1786362216.842,318.247
1786362216.942,318.228
1786362217.042,318.157
1786362217.143,317.785
1786362217.243,317.563
1786362217.343,317.563
1786362217.444,317.441
1786362217.544,317.36
1786362217.644,317.305
1786362217.744,317.326
1786362217.845,316.216
1786362217.945,316.136
1786362218.045,316.099
1786362218.146,314.429
1786362218.246,314.376
1786362218.346,316.076
1786362218.447,316.222
1786362218.547,316.229
1786362218.647,316.264
1786362218.748,316.22
1786362218.848,313.827
1786362218.949,314.968
1786362219.049,314.964
1786362219.149,315.126
1786362219.250,316.832
1786362219.350,316.74
1786362219.451,316.682
1786362219.551,316.552
1786362219.651,316.491
1786362219.752,314.296
1786362219.852,314.321
1786362219.953,316.571
1786362220.053,316.473
1786362220.154,316.525
1786362220.254,316.302
1786362220.355,316.353
1786362220.455,316.353
1786362220.555,316.422
1786362220.656,316.45
1786362220.756,316.545
1786362220.857,316.594
1786362220.957,318.728
1786362221.058,318.777
1786362221.158,318.766
1786362221.258,318.772
1786362221.359,318.924
1786362221.459,316.052
1786362221.560,316.096
1786362221.660,315.969
1786362221.761,316.005
1786362221.865,315.911
1786362221.966,315.893
1786362222.070,315.065
1786362222.173,314.986
1786362222.277,315.079
1786362222.379,315.011
1786362222.479,314.761
1786362222.582,317.619
1786362222.686,317.466
1786362222.786,317.566
1786362222.887,315.102
1786362222.987,313.94
1786362223.088,314.015
1786362223.188,314.78
1786362223.288,314.72
1786362223.389,314.566
1786362223.489,314.567
1786362223.590,314.538
1786362223.690,314.427
1786362223.791,314.343
1786362223.891,312.485
1786362223.991,314.801
1786362224.092,315.875
1786362224.192,315.77
1786362224.293,315.863
1786362224.394,315.863
1786362224.495,315.931
1786362224.596,315.904
1786362224.698,314.375
1786362224.799,314.458
1786362224.900,314.631
1786362225.001,314.705
1786362225.102,316.623
1786362225.202,316.631
1786362225.303,316.663
1786362225.404,316.729
1786362225.504,315.318
1786362225.605,315.276
1786362225.705,315.319
1786362225.808,316.856
1786362225.912,316.83
1786362226.016,316.889
1786362226.119,317.001
1786362226.223,316.906
1786362226.327,316.922
1786362226.431,316.936
1786362226.535,316.896
1786362226.639,318.256
1786362226.742,318.366
1786362226.845,316.507
1786362226.948,316.53
1786362227.051,316.553
1786362227.154,316.469
1786362227.258,316.434
1786362227.361,316.712
1786362227.465,316.94
1786362227.568,315.591
1786362227.672,315.659
1786362227.776,315.705
1786362227.880,315.864
1786362227.984,317.719
1786362228.085,317.579
1786362228.185,316.432
1786362228.285,316.375
1786362228.388,316.249
1786362228.491,314.335
1786362228.595,314.074
1786362228.699,315.562
1786362228.803,315.486
1786362228.907,315.539
1786362229.011,315.243
1786362229.115,315.242
1786362229.218,315.367
1786362229.322,316.485
1786362229.425,314.805
1786362229.527,314.851
1786362229.629,316.298
1786362229.731,316.319
1786362229.833,316.194
1786362229.935,316.235
1786362230.036,316.069
1786362230.137,314.61
1786362230.238,314.587
1786362230.339,314.564
1786362230.440,314.529
1786362230.541,316.179
1786362230.641,316.202
1786362230.742,316.611
1786362230.843,316.674
1786362230.944,316.761
1786362231.045,316.641
1786362231.146,314.411
1786362231.246,315.895
1786362231.347,315.903
1786362231.448,315.97
1786362231.549,315.97
1786362231.650,315.863
1786362231.751,315.898
1786362231.851,315.854
1786362231.952,315.897
1786362232.053,313.49
1786362232.154,313.003
1786362232.255,313.162
1786362232.356,315.485
1786362232.457,315.517
1786362232.558,315.449
1786362232.659,315.362
1786362232.760,315.623
1786362232.861,315.769
1786362232.962,315.762
1786362233.063,315.693
1786362233.164,318.133
1786362233.265,318.445
1786362233.365,315.103
1786362233.466,315.031
1786362233.566,315.066
1786362233.667,315.186
1786362233.767,315.325
1786362233.868,315.284
1786362233.968,315.292
1786362234.069,315.315
1786362234.169,315.222
1786362234.270,315.241
1786362234.370,315.434
1786362234.471,318.808
1786362234.571,318.936
1786362234.672,317.227
1786362234.773,317.275
1786362234.873,317.156
1786362234.974,317.205
1786362235.074,317.19
1786362235.175,317.19
1786362235.275,317.238
1786362235.376,317.326
1786362235.476,315.601
1786362235.577,315.66
1786362235.677,315.673
1786362235.778,315.736
1786362235.878,317.453
1786362235.979,317.656
1786362236.079,317.766
1786362236.180,317.775
1786362236.280,317.71
1786362236.380,317.701
1786362236.481,316.119
1786362235.433,317.768
1786362235.534,317.665
1786362235.634,317.676
1786362235.735,317.63
1786362235.835,317.595
1786362235.936,317.288
1786362236.036,317.284
1786362236.136,314.921
1786362236.237,314.84
1786362236.337,314.899
1786362236.438,316.377
1786362236.538,316.615
1786362236.640,316.78
1786362236.742,316.704
1786362236.845,316.515
1786362236.948,316.546
1786362237.050,316.563
1786362237.153,316.477
1786362237.254,317.309
1786362237.354,316.589
1786362237.455,316.436
1786362237.555,316.435
1786362237.655,316.435
1786362237.756,316.39
1786362237.856,316.229
1786362237.957,316.176
1786362238.057,316.239
1786362238.158,316.223
1786362238.258,316.304
1786362238.359,316.331
1786362238.459,317.799
1786362238.559,316.801
1786362238.660,316.841
1786362238.760,316.8
1786362238.860,316.608
1786362238.961,316.597
1786362239.061,316.85
1786362239.162,316.832
1786362239.262,316.752
1786362239.363,316.747
1786362239.463,316.743
1786362239.563,314.346
1786362239.664,316.026
1786362239.764,315.956
1786362239.865,315.898
1786362239.965,315.971
1786362240.065,316.151
1786362240.166,315.86
1786362240.266,314.068
1786362240.366,314.179
1786362240.467,314.007
1786362240.567,313.274
1786362240.668,315.619
1786362240.768,315.843
1786362240.868,315.299
1786362240.969,315.299
1786362241.069,315.239
1786362241.170,315.282
1786362241.270,313.062
1786362241.371,313.1
1786362241.471,314.951
1786362241.571,314.813
1786362241.672,314.973
1786362241.772,315.705
1786362241.873,315.694
1786362241.973,313.62
1786362242.074,314.194
1786362242.174,314.286
1786362242.275,314.17
1786362242.375,316.118
1786362242.476,316.333
1786362242.576,315.238
1786362242.676,315.151
1786362242.777,315.094
1786362242.878,313.635
1786362242.978,313.514
1786362243.079,315.509
1786362243.180,315.538
1786362243.281,315.55
1786362243.382,315.635
1786362243.483,316.034
1786362243.584,315.857
1786362243.685,316.878
1786362243.786,317.013
1786362243.887,317.051
1786362243.987,316.283
1786362244.087,316.367
1786362244.188,316.37
1786362244.289,316.375
1786362244.390,316.401
1786362244.490,316.333
1786362244.591,316.333
1786362244.692,316.072
1786362244.792,316.314
1786362244.892,316.408
1786362244.993,314.76
1786362245.093,314.702
1786362245.194,316.971
1786362245.294,317.182
1786362245.395,317.2
1786362245.495,317.237
1786362245.595,317.234
1786362245.696,317.424
1786362245.796,317.468
1786362245.897,315.747
1786362245.997,315.741
1786362246.098,317.465
1786362246.198,317.509
1786362246.299,317.511
1786362246.399,317.314
1786362246.500,317.394
1786362246.600,317.454
1786362246.701,317.509
1786362246.801,317.608
1786362246.902,317.539
1786362247.003,317.131
1786362247.103,317.324
1786362247.204,317.366
1786362247.305,317.307
1786362247.409,317.226
1786362247.514,317.202
1786362247.614,316.998
1786362247.716,315.772
1786362247.817,315.952
1786362247.918,313.803
1786362248.020,314.029
1786362248.124,316.03
1786362248.229,315.95
1786362248.329,316.062
1786362248.430,316.062
1786362248.530,316.187
1786362248.631,316.316
1786362248.731,316.488
1786362248.831,316.63
1786362248.932,317.935
1786362249.032,315.967
1786362249.133,317.77
1786362249.234,317.611
1786362249.334,317.399
1786362249.435,317.235
1786362249.536,317.052
1786362249.637,316.933
1786362249.738,316.919
1786362249.839,316.872
1786362249.940,316.763
1786362250.041,316.632
1786362250.141,316.887
1786362250.242,316.939
1786362250.342,316.87
1786362250.443,316.979
1786362250.544,317.134
1786362250.645,317.115
1786362250.745,317.257
1786362250.846,316.489
1786362250.947,316.455
1786362251.048,316.538
1786362251.149,316.475
1786362251.249,317.993
1786362251.350,316.289
1786362251.451,316.255
1786362251.552,316.218
1786362251.652,316.218
1786362251.753,316.042
1786362251.854,316.133
1786362251.955,316.262
1786362252.056,316.94
1786362252.156,316.88
1786362252.257,316.779
1786362252.358,314.62
1786362252.459,314.497
1786362252.560,316.142
1786362252.661,316.132
1786362252.761,316.145
1786362252.862,316.259
1786362252.963,315.996
1786362253.064,315.122
1786362253.164,315.137
1786362253.265,315.144
1786362253.366,313.59
1786362253.466,315.724
1786362253.567,315.862
1786362253.668,315.931
1786362253.769,315.949
1786362253.870,316.003
1786362253.971,315.969
1786362254.072,314.711
1786362254.172,315.386
1786362254.273,315.094
1786362254.373,314.92
1786362254.474,316.348
1786362254.575,316.315
1786362254.675,314.718
1786362254.775,314.619
1786362254.876,314.547
1786362254.976,314.547
1786362255.077,312.483
1786362255.177,312.315
1786362255.278,313.637
1786362255.378,313.506
1786362255.482,313.942
1786362255.582,313.976
1786362255.682,312.255
1786362255.783,312.072
1786362255.883,313.807
1786362255.984,313.774
1786362256.084,313.656
1786362256.185,315.582
1786362256.285,315.726
1786362256.385,315.776
1786362256.486,315.871
1786362256.586,315.657
1786362256.690,315.84
1786362256.794,316.022
1786362256.895,316.327
1786362256.995,316.081
1786362257.096,316.178
1786362257.196,316.386
1786362257.297,316.368
1786362257.397,316.575
1786362257.498,316.514
1786362257.598,314.144
1786362257.698,314.134
1786362257.799,313.866
1786362257.900,315.437
1786362258.000,315.352
1786362258.101,315.24
1786362258.201,314.274
1786362258.301,314.23
1786362258.402,314.252
1786362258.503,313.952
1786362258.603,313.952
1786362258.705,314.006
1786362258.807,316.337
1786362258.909,314.162
1786362259.011,314.33
1786362259.111,314.372
1786362259.212,314.387
1786362259.312,314.374
1786362259.413,315.38
1786362259.515,315.612
1786362259.615,313.773
1786362259.717,313.834
1786362259.817,313.849
1786362259.918,313.999
1786362260.018,316.231
1786362260.119,316.289
1786362260.219,316.321
1786362260.320,316.289
1786362260.420,316.46
1786362260.521,314.311
1786362260.621,314.089
1786362260.721,316.068
1786362260.822,315.992
1786362260.922,315.923
1786362261.023,315.972
1786362261.123,316.038
1786362261.223,316.014
1786362261.324,316.016
1786362261.424,315.99
1786362261.525,315.973
1786362261.625,318.083
1786362261.725,318.135
1786362261.826,318.085
1786362261.926,318.358
1786362262.027,318.469
1786362262.127,318.469
1786362262.228,318.375
1786362262.328,318.365
1786362262.429,318.4
1786362262.529,318.515
1786362262.630,318.599
1786362262.731,316.173
1786362262.831,316.128
1786362262.932,316.161
1786362263.032,316.176
1786362263.133,315.983
1786362263.234,316.208
1786362263.335,316.305
1786362263.436,315.044
1786362263.537,314.921
1786362263.638,313.315
1786362263.738,313.194
1786362263.839,315.648
1786362263.940,315.632
1786362264.041,315.401
1786362264.142,315.331
1786362264.242,315.504
1786362264.343,315.25
1786362264.443,313.174
1786362264.544,314.269
1786362264.645,314.419
1786362264.746,316.102
1786362264.847,316.163
1786362264.947,316.152
1786362265.048,316.285
1786362265.148,316.339
1786362265.249,316.447
1786362265.349,316.268
1786362265.450,314.132
1786362265.550,314.132
1786362265.651,315.946
1786362265.751,316.112
1786362265.851,316.057
1786362265.952,315.893
1786362266.052,315.962
1786362266.152,315.981
1786362266.253,315.896
1786362266.353,315.948
1786362266.453,313.92
1786362266.554,313.764
1786362266.654,315.916
1786362266.754,316.084
1786362266.855,316.086
1786362266.958,316.053
1786362267.062,315.958
1786362267.166,316.023
1786362267.270,314.191
1786362267.374,314.403
1786362267.478,314.479
1786362267.579,316.535
1786362266.524,316.656
1786362266.626,316.743
1786362266.730,316.654
1786362266.834,316.611
1786362266.934,314.732
1786362267.035,314.85
1786362267.135,314.793
1786362267.236,316.603
1786362267.336,316.451
1786362267.437,315.439
1786362267.537,315.411
1786362267.638,313.539
1786362267.738,313.646
1786362267.838,313.59
1786362267.939,313.611
1786362268.039,315.498
1786362268.140,315.434
1786362268.244,315.445
1786362268.346,315.39
1786362268.446,315.305
1786362268.548,316.338
1786362268.650,316.224
1786362268.752,318.284
1786362268.853,318.284
1786362268.954,316.626
1786362269.055,316.736
1786362269.155,316.678
1786362269.256,316.907
1786362269.357,316.963
1786362269.457,316.87
1786362269.557,316.876
1786362269.658,316.94
1786362269.758,316.126
1786362269.859,316.061
1786362269.959,315.915
1786362270.060,317.509
1786362270.160,317.501
1786362270.261,317.538
1786362270.361,317.316
1786362270.462,314.914
1786362270.562,314.996
1786362270.663,315.051
1786362270.763,314.972
1786362270.864,315.675
1786362270.964,315.777
1786362271.064,315.727
1786362271.165,315.479
1786362271.265,315.366
1786362271.366,315.503
1786362271.466,315.407
1786362271.567,317.708
1786362271.668,317.776
1786362271.769,317.789
1786362271.869,317.894
1786362271.970,316.448
1786362272.071,316.418
1786362272.172,316.418
1786362272.273,316.327
1786362272.374,316.481
1786362272.475,316.507
1786362272.576,316.367
1786362272.676,315.414
1786362272.777,315.473
1786362272.878,315.245
1786362272.978,315.024
1786362273.079,314.88
1786362273.179,314.175
1786362273.280,314.054
1786362273.380,314.104
1786362273.481,313.98
1786362273.581,313.893
1786362273.682,313.983
1786362273.782,315.014
1786362273.883,313.28
1786362273.983,313.39
1786362274.083,313.654
1786362274.184,313.712
1786362274.284,315.819
1786362274.385,315.927
1786362274.485,315.891
1786362274.586,315.802
1786362274.686,315.886
1786362274.787,315.734
1786362274.887,314.45
1786362274.987,316.088
1786362275.088,316.013
1786362275.188,315.827
1786362275.289,315.813
1786362275.389,316.018
1786362275.489,316.018
1786362275.590,315.984
1786362275.690,315.962
1786362275.790,316.003
1786362275.891,315.985
1786362275.991,315.902
1786362276.092,317.121
1786362276.192,315.457
1786362276.293,315.459
1786362276.394,315.501
1786362276.495,315.562
1786362276.596,315.41
1786362276.697,315.521
1786362276.798,315.665
1786362276.899,315.966
1786362277.000,316.008
1786362277.101,316.023
1786362277.203,316.072
1786362277.304,317.84
1786362277.404,317.86
1786362277.505,317.834
1786362277.606,317.773
1786362277.707,315.963
1786362277.809,314.693
1786362277.910,314.643
1786362278.011,314.605
1786362278.113,314.514
1786362278.214,314.597
1786362278.316,314.592
1786362278.416,314.555
1786362278.517,314.623
1786362278.619,314.701
1786362278.719,314.755
1786362278.820,314.646
1786362278.920,315.85
1786362279.020,315.844
1786362279.121,315.681
1786362279.221,315.681
1786362279.322,315.795
1786362279.422,315.876
1786362279.523,316.105
1786362279.623,316.258
1786362279.723,316.21
1786362279.824,316.05
1786362279.924,316.046
1786362280.025,317.987
1786362280.125,318.087
1786362280.226,318.046
1786362280.326,318.074
1786362280.426,318.058
1786362280.527,318.182
1786362280.627,317.947
1786362280.728,317.74
1786362280.828,315.75
1786362280.928,316.178
1786362281.029,316.163
1786362281.129,316.2
1786362281.230,316.071
1786362281.330,316.183
1786362281.431,316.176
1786362281.531,316.175
1786362281.632,315.897
1786362281.732,315.917
1786362281.832,314.555
1786362281.933,316.614
1786362282.033,316.168
1786362282.134,316.2
1786362282.234,316.14
1786362282.335,316.374
1786362282.435,316.374
1786362282.535,316.283
1786362282.636,316.391
1786362282.736,316.519
1786362282.837,316.608
1786362282.937,316.63
1786362283.038,316.915
1786362283.138,314.911
1786362283.239,315.171
1786362283.339,315.1
1786362283.439,315.311
1786362283.540,315.179
1786362283.640,315.254
1786362283.741,315.182
1786362283.841,315.026
1786362283.942,315.038
1786362284.042,315.092
1786362284.143,314.841
1786362284.243,316.837
1786362284.344,316.783
1786362284.444,316.783
1786362284.544,316.754
1786362284.645,316.735
1786362284.745,316.752
1786362284.846,316.666
1786362284.946,316.661
1786362285.047,315.152
1786362285.147,315.059
1786362285.249,316.477
1786362285.349,316.455
1786362285.450,316.555
1786362285.550,316.477
1786362285.651,316.35
1786362285.751,316.219
1786362285.852,316.219
1786362285.952,316.081
1786362286.052,315.991
1786362286.153,316.034
1786362286.253,317.491
1786362286.353,315.968
1786362286.454,315.987
1786362286.554,315.813
1786362286.655,315.536
1786362286.755,315.617
1786362286.856,315.817
1786362286.956,315.968
1786362287.057,316.038
1786362287.157,314.423
1786362287.258,314.694
1786362287.358,314.792
1786362287.459,316.287
1786362287.559,316.325
1786362287.660,316.518
1786362287.760,316.631
1786362287.860,316.689
1786362287.961,316.492
1786362288.061,314.1
1786362288.162,313.982
1786362288.262,315.762
1786362288.363,315.425
1786362288.464,315.356
1786362288.565,315.514
1786362288.667,315.532
1786362288.769,313.16
1786362288.869,313.152
1786362288.970,313.173
1786362289.070,313.1
1786362289.172,315.412
1786362289.274,315.455
1786362289.376,315.455
1786362289.477,315.38
1786362289.579,313.4
1786362289.682,313.399
1786362289.784,312.594
1786362289.886,312.591
1786362289.989,314.998
1786362290.089,315.055
1786362290.189,315.045
1786362290.290,314.974
1786362290.390,314.925
1786362290.491,314.814
1786362290.591,314.81
1786362290.692,316.866
1786362290.793,316.895
1786362290.893,315.572
1786362290.993,315.451
1786362291.094,315.332
1786362291.194,315.169
1786362291.295,315.264
1786362291.395,315.254
1786362291.496,315.249
1786362291.596,315.315
1786362291.696,313.747
1786362291.797,313.773
1786362291.897,313.864
1786362291.998,315.862
1786362292.098,315.95
1786362292.198,316.014
1786362292.299,315.579
1786362292.399,314.626
1786362292.500,314.797
1786362292.600,314.842
1786362292.701,314.974
1786362292.801,316.582
1786362292.902,316.771
1786362293.002,316.771
1786362293.103,316.693
1786362293.203,314.976
1786362293.303,315.027
1786362293.404,315.048
1786362293.505,315.842
1786362293.605,316.773
1786362293.705,316.826
1786362293.806,316.985
1786362293.906,317.045
1786362294.007,314.372
1786362294.107,314.171
1786362294.208,314.15
1786362294.308,315.888
1786362294.409,315.844
1786362294.509,315.896
1786362294.609,315.933
1786362294.710,314.424
1786362294.810,314.379
1786362294.911,314.345
1786362295.011,314.587
1786362295.112,317.282
1786362295.212,317.307
1786362295.313,317.324
1786362295.413,317.408
1786362295.514,317.457
1786362295.614,317.451
1786362295.715,315.16
1786362295.815,316.499
1786362295.916,316.436
1786362296.016,316.461
1786362296.116,316.212
1786362296.217,316.372
1786362296.317,316.372
1786362296.418,316.303
1786362296.518,316.298
1786362296.619,316.253
1786362296.719,316.143
1786362296.819,316.119
1786362296.920,318.127
1786362297.020,318.38
1786362297.121,318.222
1786362297.221,316.703
1786362297.322,316.79
1786362297.425,316.666
1786362297.528,316.649
1786362297.632,316.624
1786362297.732,316.713
1786362297.832,316.78
1786362297.933,316.847
1786362298.034,316.858
1786362298.134,316.615
1786362298.235,316.717
1786362298.335,318.114
1786362298.435,317.991
1786362298.536,318.048
1786362298.637,318.407
1786362298.737,318.522
1786362297.696,318.492
1786362297.800,318.404
1786362297.904,318.211
1786362298.008,317.14
1786362298.111,317.326
1786362298.215,317.476
1786362298.317,315.799
1786362298.421,315.971
1786362298.525,315.856
1786362298.629,315.441
1786362298.733,315.374
1786362298.836,315.425
1786362298.938,315.549
1786362299.041,315.68
1786362299.145,316.316
1786362299.248,315.293
1786362299.351,315.38
1786362299.455,317.254
1786362299.559,317.004
1786362299.659,317.071
1786362299.760,317.423
1786362299.860,317.451
1786362299.962,315.794
1786362300.066,315.797
1786362300.170,315.363
1786362300.274,315.915
1786362300.377,316.839
1786362300.481,316.755
1786362300.584,316.726
1786362300.688,316.896
1786362300.792,317.009
1786362300.896,316.924
1786362301.000,316.858
1786362301.104,317.117
1786362301.208,317.125
1786362301.310,317.571
1786362301.411,317.515
1786362301.513,317.829
1786362301.615,317.903
1786362301.717,317.883
1786362301.819,316.143
1786362301.921,315.867
1786362302.023,315.939
1786362302.125,316.198
1786362302.227,317.539
1786362302.329,317.601
1786362302.431,317.69
1786362302.533,317.69
1786362302.635,317.722
1786362302.736,317.438
1786362302.838,317.276
1786362302.940,315.795
1786362303.042,317.476
1786362303.144,317.641
1786362303.246,316.425
1786362303.348,316.487
1786362303.449,316.45
1786362303.551,316.346
1786362303.653,316.232
1786362303.755,314.222
1786362303.857,314.372
1786362303.958,314.403
1786362304.060,315.737
1786362304.162,315.763
1786362304.264,315.658
1786362304.366,316.619
1786362304.467,316.281
1786362304.568,314.796
1786362304.670,314.829
1786362304.772,314.814
1786362304.874,316.677
1786362304.976,316.509
1786362305.078,316.446
1786362305.180,316.648
1786362305.282,316.51
1786362305.385,316.532
1786362305.487,316.582
1786362305.589,316.546
1786362305.689,316.765
1786362305.790,316.603
1786362305.893,316.639
1786362305.995,316.721
1786362306.095,316.716
1786362306.196,316.745
1786362306.296,316.05
1786362306.397,315.239
1786362306.497,315.276
1786362306.598,315.275
1786362306.698,315.348
1786362306.798,316.671
1786362306.899,316.972
1786362306.999,316.937
1786362307.101,316.945
1786362307.201,316.884
1786362307.301,315.204
1786362307.403,315.746
1786362307.505,315.746
1786362307.607,316.673
1786362307.708,316.684
1786362307.810,316.702
1786362307.912,316.788
1786362308.014,316.803
1786362308.116,316.69
1786362308.216,316.746
1786362308.317,316.758
1786362308.419,314.562
1786362308.520,316.095
1786362308.622,315.487
1786362308.723,315.497
1786362308.825,315.562
1786362308.926,315.579
1786362309.028,315.632
1786362309.130,313.985
1786362309.231,314.074
1786362309.333,314.054
1786362309.435,314.23
1786362309.536,316.538
1786362309.638,316.801
1786362309.739,317.409
1786362309.841,317.47
1786362309.943,317.455
1786362310.044,317.444
1786362310.146,317.33
1786362310.247,317.419
1786362310.349,317.329
1786362310.450,317.298
1786362310.552,317.069
1786362310.653,317.003
1786362310.755,316.98
1786362310.856,316.922
1786362310.956,316.794
1786362311.057,314.925
1786362311.157,314.941
1786362311.258,314.853
1786362311.358,316.337
1786362311.459,316.286
1786362311.559,316.294
1786362311.660,316.393
1786362311.761,314.43
1786362311.862,314.347
1786362311.962,314.385
1786362312.063,314.385
1786362312.163,314.373
1786362312.264,316.18
1786362312.365,316.023
1786362312.465,314.759
1786362312.566,314.703
1786362312.666,314.64
1786362312.767,312.974
1786362312.868,312.838
1786362312.968,314.761
1786362313.069,314.701
1786362313.169,314.725
1786362313.270,314.849
1786362313.371,314.149
1786362313.471,314.231
1786362313.572,313.676
1786362313.672,313.099
1786362313.773,313.143
1786362313.874,314.844
1786362313.974,314.772
1786362314.074,314.82
1786362314.175,314.745
1786362314.276,314.752
1786362314.380,314.858
1786362314.483,315.547
1786362314.587,315.461
1786362314.688,317.312
1786362314.789,316.127
1786362314.890,316.159
1786362314.990,316.184
1786362315.091,316.344
1786362315.191,316.253
1786362315.291,316.452
1786362315.392,316.26
1786362315.494,316.05
1786362315.598,316.154
1786362315.702,316.208
1786362315.803,316.387
1786362315.907,316.478
1786362316.011,316.311
1786362316.115,316.305
1786362316.219,316.443
1786362316.320,316.547
1786362316.421,316.512
1786362316.523,316.593
1786362316.623,316.593
1786362316.724,316.552
1786362316.825,316.309
1786362316.926,316.395
1786362317.027,316.177
1786362317.127,317.891
1786362317.228,316.469
1786362317.329,316.391
1786362317.429,316.083
1786362317.530,316.176
1786362317.630,316.353
1786362317.731,316.467
1786362317.831,316.524
1786362317.932,316.569
1786362318.034,314.637
1786362318.135,314.86
1786362318.236,314.853
1786362318.336,316.336
1786362318.437,316.407
1786362318.537,316.635
1786362318.638,315.684
1786362318.739,315.581
1786362318.839,312.685
1786362318.940,312.607
1786362319.040,312.707
1786362319.141,314.731
1786362319.241,314.52
1786362319.341,314.643
1786362319.441,314.758
1786362319.543,314.828
1786362319.647,314.808
1786362319.751,315.675
1786362319.851,315.59
1786362319.954,317.704
1786362320.057,316.672
1786362320.161,316.608
1786362320.265,316.493
1786362320.366,316.526
1786362320.466,316.416
1786362320.567,316.399
1786362320.668,316.209
1786362320.769,316.322
1786362320.869,316.322
1786362320.970,316.342
1786362321.070,314.434
1786362321.171,315.236
1786362321.271,316.361
1786362321.372,316.679
1786362321.472,316.579
1786362321.573,316.581
1786362321.677,316.608
1786362321.781,315.225
1786362321.881,315.223
1786362321.985,314.966
1786362322.089,314.907
1786362322.193,316.767
1786362322.294,314.18
1786362322.394,314.08
1786362322.495,313.787
1786362322.599,313.806
1786362322.703,313.85
1786362322.804,313.861
1786362322.905,315.287
1786362323.005,315.287
1786362323.106,315.622
1786362323.207,313.581
1786362323.307,313.548
1786362323.408,316.027
1786362323.508,316.261
1786362323.610,316.142
1786362323.711,316.01
1786362323.812,315.976
1786362323.912,315.915
1786362324.013,314.633
1786362324.114,313.191
1786362324.215,312.734
1786362324.315,314.607
1786362324.416,314.694
1786362324.517,314.694
1786362324.618,314.33
1786362324.719,314.447
1786362324.819,314.553
1786362324.920,312.418
1786362325.021,312.365
1786362325.122,313.43
1786362325.223,313.43
1786362325.323,314.756
1786362325.424,314.815
1786362325.525,314.904
1786362325.625,312.681
1786362325.726,312.723
1786362325.826,312.871
1786362325.927,312.771
1786362326.027,312.671
1786362326.128,314.977
1786362326.228,314.845
1786362326.329,314.913
1786362326.429,314.968
1786362326.530,313.273
1786362326.630,313.664
1786362326.731,315.746
1786362326.834,315.677
1786362326.937,315.648
1786362327.038,315.751
1786362327.141,315.802
1786362327.245,315.572
1786362327.346,315.681
1786362327.447,315.907
1786362327.549,315.93
1786362327.652,317.704
1786362327.755,317.326
1786362327.857,315.65
1786362327.960,315.6
1786362328.060,315.634
1786362328.160,315.737
1786362328.261,315.725
1786362328.361,315.692
1786362328.462,315.716
1786362328.563,314.972
1786362328.664,314.977
1786362328.764,314.987
1786362328.865,315.034
1786362328.965,316.744
1786362329.066,316.727
1786362329.166,315.815
1786362329.267,315.707
1786362329.367,315.707
1786362329.468,315.767
1786362329.568,315.811
1786362329.668,315.83
1786362329.769,316.27
1786362328.736,316.329
1786362328.836,316.327
1786362328.938,316.316
1786362329.039,316.505
1786362329.140,316.648
1786362329.242,315.412
1786362329.345,315.39
1786362329.447,315.307
1786362329.551,315.315
1786362329.655,315.286
1786362329.758,315.437
1786362329.862,315.435
1786362329.963,315.432
1786362330.064,315.478
1786362330.164,313.399
1786362330.265,313.562
1786362330.366,315.818
1786362330.467,316.076
1786362330.568,316.191
1786362330.669,316.232
1786362330.770,316.269
1786362330.870,316.207
1786362330.971,316.055
1786362331.071,316.162
1786362331.171,314.34
1786362331.272,316.175
1786362331.372,315.982
1786362331.472,315.874
1786362331.573,315.721
1786362331.676,315.766
1786362331.777,315.743
1786362331.877,315.78
1786362331.977,313.959
1786362332.078,314.086
1786362332.181,314.072
1786362332.282,315.89
1786362332.382,316.022
1786362332.482,316.022
1786362332.582,316.258
1786362332.683,316.33
1786362332.783,316.267
1786362332.884,314.366
1786362332.985,314.189
1786362333.085,314.384
1786362333.186,315.937
1786362333.286,315.321
1786362333.386,315.274
1786362333.486,315.178
1786362333.587,315.154
1786362333.687,314.9
1786362333.788,315.027
1786362333.888,313.328
1786362333.988,315.206
1786362334.089,315.423
1786362334.189,315.427
1786362334.290,315.852
1786362334.390,316.567
1786362334.491,316.709
1786362334.591,316.875
1786362334.691,316.88
1786362334.792,316.863
1786362334.892,314.973
1786362334.993,316.622
1786362335.093,316.611
1786362335.194,316.561
1786362335.297,316.342
1786362335.400,316.26
1786362335.501,316.161
1786362335.601,314.236
1786362335.702,314.126
1786362335.802,314.157
1786362335.902,314.157
1786362336.003,314.15
1786362336.103,315.957
1786362336.204,316.073
1786362336.304,315.993
1786362336.404,314.579
1786362336.505,314.519
1786362336.605,314.463
1786362336.706,314.47
1786362336.806,316.296
1786362336.907,316.478
1786362337.007,316.436
1786362337.108,316.568
1786362337.208,314.729
1786362337.309,314.548
1786362337.409,314.792
1786362337.510,315.476
1786362337.610,315.658
1786362337.711,315.608
1786362337.811,315.74
1786362337.912,315.674
1786362338.012,315.394
1786362338.113,315.346
1786362338.213,315.475
1786362338.314,317.064
1786362338.414,316.025
1786362338.515,315.846
1786362338.615,316.621
1786362338.716,316.455
1786362338.816,315.161
1786362338.917,314.953
1786362339.017,314.765
1786362339.117,314.86
1786362339.218,315.158
1786362339.319,315.158
1786362339.419,314.844
1786362339.520,313.151
1786362339.621,314.206
1786362339.721,314.278
1786362339.822,314.263
1786362339.922,314.292
1786362340.022,315.632
1786362340.123,315.733
1786362340.223,313.853
1786362340.324,313.847
1786362340.424,313.585
1786362340.525,313.626
1786362340.625,315.455
1786362340.726,315.487
1786362340.826,315.38
1786362340.926,315.324
1786362341.027,315.225
1786362341.128,313.885
1786362341.228,313.846
1786362341.328,315.866
1786362341.429,315.843
1786362341.529,316.064
1786362341.629,316.046
1786362341.730,316.021
1786362341.830,314.629
1786362341.931,314.858
1786362342.032,314.902
1786362342.132,315.035
1786362342.232,316.31
1786362342.333,316.306
1786362342.433,316.292
1786362342.534,316.292
1786362342.634,316.283
1786362342.734,316.041
1786362342.835,316.125
1786362342.935,316.352
1786362343.036,317.941
1786362343.136,315.968
1786362343.237,315.984
1786362343.337,315.891
1786362343.437,316.1
1786362343.538,316.063
1786362343.638,314.92
1786362343.739,314.929
1786362343.839,314.913
1786362343.940,314.624
1786362344.040,313.435
1786362344.141,313.19
1786362344.241,314.873
1786362344.342,314.801
1786362344.442,315.02
1786362344.542,314.821
1786362344.643,314.854
1786362344.743,316.064
1786362344.844,316.13
1786362344.944,316.25
1786362345.045,316.515
1786362345.145,317.605
1786362345.246,317.766
1786362345.346,317.541
1786362345.446,316.088
1786362345.547,315.992
1786362345.648,316.002
1786362345.748,316.027
1786362345.848,316.027
1786362345.949,316.011
1786362346.049,315.981
1786362346.150,316.127
1786362346.250,316.149
1786362346.351,313.453
1786362346.451,313.525
1786362346.552,313.872
1786362346.652,315.363
1786362346.753,315.242
1786362346.853,315.244
1786362346.953,315.329
1786362347.054,314.189
1786362347.154,313.673
1786362347.255,313.389
1786362347.355,313.426
1786362347.456,315.675
1786362347.556,315.542
1786362347.656,315.467
1786362347.757,315.444
1786362347.858,313.581
1786362347.958,313.653
1786362348.058,313.755
1786362348.159,314.719
1786362348.259,315.191
1786362348.361,315.339
1786362348.461,315.291
1786362348.563,315.694
1786362348.663,314.204
1786362348.765,313.09
1786362348.866,313.106
1786362348.966,314.987
1786362349.067,315.209
1786362349.167,314.978
1786362349.268,314.978
1786362349.368,315.132
1786362349.469,315.174
1786362349.569,315.178
1786362349.669,313.455
1786362349.770,313.613
1786362349.870,315.131
1786362349.971,316.332
1786362350.071,316.41
1786362350.171,316.507
1786362350.272,316.341
1786362350.373,316.563
1786362350.473,316.635
1786362350.574,316.64
1786362350.674,316.723
1786362350.774,318.637
1786362350.875,318.423
1786362350.975,315.998
1786362351.076,315.99
1786362351.176,316.027
1786362351.276,316.087
1786362351.377,316.069
1786362351.479,315.907
1786362351.579,315.94
1786362351.680,315.889
1786362351.781,315.816
1786362351.881,315.543
1786362351.982,314.326
1786362352.082,316.772
1786362352.183,316.775
1786362352.283,316.609
1786362352.383,316.504
1786362352.484,316.41
1786362352.584,316.653
1786362352.685,316.653
1786362352.786,316.621
1786362352.886,316.647
1786362352.986,316.594
1786362353.087,316.663
1786362353.187,315.712
1786362353.288,315.728
1786362353.388,315.642
1786362353.489,315.668
1786362353.589,315.512
1786362353.691,315.379
1786362353.793,315.327
1786362353.895,315.059
1786362353.997,314.554
1786362354.099,314.533
1786362354.200,312.444
1786362354.300,314.592
1786362354.401,314.463
1786362354.501,314.631
1786362354.602,314.456
1786362354.703,314.578
1786362354.804,314.803
1786362354.904,314.924
1786362355.005,315.102
1786362355.105,315.7
1786362355.205,315.704
1786362355.306,317.742
1786362355.406,315.992
1786362355.507,316.056
1786362355.608,316.008
1786362355.709,316.232
1786362355.809,316.246
1786362355.909,316.118
1786362356.010,315.715
1786362356.111,315.735
1786362356.211,315.735
1786362356.311,315.782
1786362356.415,315.757
1786362356.516,313.772
1786362356.616,315.464
1786362356.716,315.392
1786362356.817,315.336
1786362356.917,315.352
1786362357.018,315.339
1786362357.118,315.39
1786362357.219,315.409
1786362357.319,313.525
1786362357.420,313.343
1786362357.520,312.906
1786362357.621,314.903
1786362357.721,314.982
1786362357.822,314.971
1786362357.922,314.987
1786362358.023,314.881
1786362358.123,314.902
1786362358.223,313.613
1786362358.324,313.638
1786362358.424,315.498
1786362358.525,315.556
1786362358.625,316.029
1786362358.726,316.239
1786362358.826,316.355
1786362358.927,316.429
1786362359.027,314.784
1786362359.128,314.89
1786362359.228,313.697
1786362359.328,315.033
1786362359.429,315.092
1786362359.529,315.147
1786362359.630,315.147
1786362359.730,315.272
1786362359.831,313.792
1786362359.931,313.574
1786362360.032,313.474
1786362360.132,313.72
1786362360.232,315.322
1786362360.333,315.277
1786362360.433,316.532
1786362360.533,316.489
1786362360.634,316.563
1786362360.734,316.571
1786362360.835,314.898
1786362360.935,316.393
1786362359.897,316.44
1786362359.998,316.486
1786362360.098,315.661
1786362360.199,315.9
1786362360.302,315.951
1786362360.406,315.905
1786362360.510,315.887
1786362360.610,315.794
1786362360.714,314.442
1786362360.816,316.034
1786362360.916,316.074
1786362361.016,316.199
1786362361.117,316.242
1786362361.217,316.709
1786362361.318,316.45
1786362361.419,314.898
1786362361.521,314.904
1786362361.622,314.965
1786362361.724,315.022
1786362361.826,316.492
1786362361.927,316.472
1786362362.027,316.438
1786362362.127,316.394
1786362362.228,316.381
1786362362.328,316.528
1786362362.429,316.528
1786362362.529,314.477
1786362362.631,315.893
1786362362.734,315.922
1786362362.834,316.023
1786362362.934,316.028
1786362363.035,315.851
1786362363.136,316.088
1786362363.237,316.13
1786362363.338,315.079
1786362363.439,313.486
1786362363.543,313.537
1786362363.643,315.673
1786362363.743,315.865
1786362363.844,315.849
1786362363.944,315.859
1786362364.045,315.853
1786362364.145,314.167
1786362364.246,313.985
1786362364.346,314.015
1786362364.447,315.202
1786362364.550,316.871
1786362364.651,317.016
1786362364.754,317.153
1786362364.857,317.267
1786362364.958,317.521
1786362365.059,317.632
1786362365.160,317.731
1786362365.261,319.599
1786362365.361,319.651
1786362365.462,319.756
1786362365.562,317.949
1786362365.662,317.912
1786362365.763,317.792
1786362365.863,317.688
1786362365.964,317.577
1786362366.064,317.481
1786362366.165,317.347
1786362366.265,316.572
1786362366.366,316.572
1786362366.466,316.578
1786362366.567,316.797
1786362366.667,316.756
1786362366.767,316.995
1786362366.868,316.967
1786362366.969,317.045
1786362367.069,317.214
1786362367.170,317.276
1786362367.270,317.221
1786362367.370,317.263
1786362367.471,317.967
1786362367.572,318.003
1786362367.672,317.82
1786362367.773,317.723
1786362367.873,317.927
1786362367.974,317.924
1786362368.074,317.985
1786362368.175,317.911
1786362368.275,317.767
1786362368.375,317.801
1786362368.476,316.905
1786362368.576,316.987
1786362368.676,315.075
1786362368.777,314.947
1786362368.877,315.155
1786362368.978,316.393
1786362369.078,316.37
1786362369.178,316.233
1786362369.279,316.178
1786362369.379,316.261
1786362369.480,316.174
1786362369.584,317.002
1786362369.685,315.04
1786362369.788,316.754
1786362369.889,316.754
1786362369.989,316.675
1786362370.089,316.435
1786362370.190,316.351
1786362370.290,316.25
1786362370.391,316.416
1786362370.491,315.586
1786362370.592,313.57
1786362370.692,313.375
1786362370.792,313.316
1786362370.893,315.125
1786362370.993,315.176
1786362371.094,314.965
1786362371.194,314.901
1786362371.295,312.977
1786362371.395,313.133
1786362371.495,312.875
1786362371.596,313.708
1786362371.696,315.629
1786362371.796,315.732
1786362371.897,315.562
1786362371.997,315.588
1786362372.098,315.562
1786362372.198,315.868
1786362372.299,315.89
1786362372.399,317.982
1786362372.499,316.168
1786362372.600,316.058
1786362372.701,315.974
1786362372.801,315.931
1786362372.901,316.159
1786362373.002,316.358
1786362373.102,316.298
1786362373.203,316.298
1786362373.303,316.276
1786362373.403,316.24
1786362373.504,316.263
1786362373.604,316.102
1786362373.707,315.036
1786362373.807,315.161
1786362373.907,315.33
1786362374.008,315.371
1786362374.108,315.11
1786362374.209,315.043
1786362374.309,315.026
1786362374.409,314.99
1786362374.510,315.004
1786362374.610,314.328
1786362374.711,313.465
1786362374.811,316.265
1786362374.911,316.195
1786362375.012,315.926
1786362375.112,315.263
1786362375.212,314.281
1786362375.313,314.256
1786362375.413,314.291
1786362375.513,314.337
1786362375.614,314.305
1786362375.714,314.912
1786362375.815,315.94
1786362375.915,315.851
1786362376.015,315.898
1786362376.116,315.926
1786362376.216,314.889
1786362376.317,315.151
1786362376.417,315.151
1786362376.518,315.17
1786362376.618,315.258
1786362376.719,315.254
1786362376.819,315.256
1786362376.919,315.488
1786362377.020,315.315
1786362377.120,313.665
1786362377.221,313.834
1786362377.321,314.023
1786362377.422,315.616
1786362377.522,316.339
1786362377.623,316.334
1786362377.723,316.179
1786362377.824,316.116
1786362377.924,316.072
1786362378.024,315.848
1786362378.125,315.827
1786362378.225,317.709
1786362378.326,317.526
1786362378.426,317.428
1786362378.527,317.51
1786362378.627,315.909
1786362378.728,315.89
1786362378.828,314.889
1786362378.929,314.952
1786362379.029,314.982
1786362379.130,315.075
1786362379.230,315.105
1786362379.330,315.188
1786362379.430,315.284
1786362379.531,315.324
1786362379.631,315.309
1786362379.731,315.309
1786362379.832,316.987
1786362379.932,317.114
1786362380.035,316.889
1786362380.135,317.01
1786362380.236,317.011
1786362380.336,316.966
1786362380.436,316.951
1786362380.537,316.692
1786362380.637,316.691
1786362380.737,316.651
1786362380.838,316.771
1786362380.938,315.001
1786362381.038,314.948
1786362381.139,316.264
1786362381.239,316.155
1786362381.340,316.319
1786362381.440,316.417
1786362381.540,316.541
1786362381.641,316.39
1786362381.741,314.484
1786362381.841,314.932
1786362381.942,314.876
1786362382.042,316.707
1786362382.143,316.733
1786362382.243,316.838
1786362382.343,316.941
1786362382.444,316.939
1786362382.544,316.923
1786362382.644,316.838
1786362382.745,315.498
1786362382.847,317.42
1786362382.949,317.002
1786362383.053,317.008
1786362383.154,317.081
1786362383.254,317.081
1786362383.355,317.107
1786362383.456,317.242
1786362383.556,317.194
1786362383.657,317.119
1786362383.757,315.499
1786362383.858,315.582
1786362383.958,317.396
1786362384.059,316.243
1786362384.159,316.344
1786362384.259,316.354
1786362384.360,316.16
1786362384.460,316.116
1786362384.561,315.949
1786362384.661,316.029
1786362384.762,314.521
1786362384.862,316.09
1786362384.963,315.934
1786362385.063,315.871
1786362385.163,317.125
1786362385.264,317.035
1786362385.365,317.105
1786362385.465,317.161
1786362385.566,317.131
1786362385.666,317.169
1786362385.767,317.212
1786362385.868,318.774
1786362385.969,318.937
1786362386.069,319.181
1786362386.170,319.053
1786362386.270,318.517
1786362386.370,316.602
1786362386.471,316.643
1786362386.571,316.643
1786362386.672,316.742
1786362386.772,316.862
1786362386.873,316.834
1786362386.973,316.694
1786362387.074,316.7
1786362387.174,314.743
1786362387.275,314.411
1786362387.375,314.386
1786362387.476,314.752
1786362387.576,316.526
1786362387.677,316.392
1786362387.777,316.317
1786362387.877,316.286
1786362387.978,314.674
1786362388.079,314.689
1786362388.179,314.361
1786362388.279,316.405
1786362388.380,316.542
1786362388.480,316.504
1786362388.581,316.525
1786362388.681,316.701
1786362388.781,316.756
1786362388.882,314.437
1786362388.982,314.356
1786362389.083,315.782
1786362389.183,314.916
1786362389.284,315.153
1786362389.384,314.832
1786362389.485,314.904
1786362389.585,314.914
1786362389.686,314.9
1786362389.786,314.893
1786362389.886,314.893
1786362389.987,314.967
1786362390.087,315.462
1786362390.188,315.569
1786362390.288,315.69
1786362390.388,316.597
1786362390.489,316.508
1786362390.589,316.531
1786362390.690,316.514
1786362390.791,314.867
1786362390.892,314.832
1786362390.993,314.673
1786362391.093,314.542
1786362391.194,316.315
1786362391.294,316.205
1786362391.395,316.113
1786362391.495,316.089
1786362391.596,316.122
1786362391.696,316.217
1786362391.797,316.426
1786362391.897,317.968
1786362391.998,318.015
1786362390.964,318.118
1786362391.064,316.467
1786362391.164,316.778
1786362391.265,316.814
1786362391.365,316.972
1786362391.466,316.92
1786362391.566,316.959
1786362391.667,316.857
1786362391.767,316.556
1786362391.868,315.162
1786362391.968,315.143
1786362392.069,315.105
1786362392.169,315.105
1786362392.270,316.69
1786362392.370,316.625
1786362392.470,316.629
1786362392.571,316.52
1786362392.671,316.474
1786362392.772,316.403
1786362392.872,316.35
1786362392.973,315.055
1786362393.073,316.41
1786362393.173,316.472
1786362393.274,315.416
1786362393.374,315.572
1786362393.475,315.446
1786362393.575,315.398
1786362393.675,315.442
1786362393.776,315.485
1786362393.876,315.564
1786362393.977,315.586
1786362394.077,316.885
1786362394.178,316.988
1786362394.278,316.953
1786362394.379,318.234
1786362394.479,318.158
1786362394.579,318.023
1786362394.680,318.031
1786362394.780,318.033
1786362394.881,318.085
1786362394.981,318.112
1786362395.082,318.083
1786362395.182,317.627
1786362395.282,317.693
1786362395.383,317.693
1786362395.484,317.655
1786362395.584,315.238
1786362395.684,315.335
1786362395.788,315.347
1786362395.888,315.416
1786362395.990,315.364
1786362396.090,315.414
1786362396.193,315.454
1786362396.297,315.622
1786362396.398,316.215
1786362396.502,316.137
1786362396.603,316.072
1786362396.705,316.832
1786362396.809,316.704
1786362396.909,316.748
1786362397.009,316.773
1786362397.110,316.819
1786362397.211,316.912
1786362397.312,316.801
1786362397.412,316.575
1786362397.513,316.466
1786362397.613,314.966
1786362397.713,315.11
1786362397.814,316.625
1786362397.914,316.7
1786362398.015,316.803
1786362398.115,316.803
1786362398.216,314.809
1786362398.316,314.612
1786362398.416,313.555
1786362398.517,313.649
1786362398.617,313.706
1786362398.718,315.456
1786362398.818,315.309
1786362398.919,315.301
1786362399.019,315.356
1786362399.119,315.257
1786362399.220,315.215
1786362399.320,315.215
1786362399.420,317.275
1786362399.521,315.484
1786362399.621,316.528
1786362399.722,316.596
1786362399.822,316.528
1786362399.922,316.318
1786362400.023,316.437
1786362400.123,316.468
1786362400.224,316.535
1786362400.324,314.735
1786362400.424,314.737
1786362400.525,314.806
1786362400.625,316.772
1786362400.726,316.928
1786362400.826,317.214
1786362400.927,317.324
1786362401.027,317.29
1786362401.128,315.285
1786362401.228,315.2
1786362401.329,314.979
1786362401.429,316.799
1786362401.530,316.668
1786362401.630,316.531
1786362401.730,314.783
1786362401.831,314.601
1786362401.931,314.39
1786362402.032,314.415
1786362402.132,314.493
1786362402.233,316.488
1786362402.333,316.358
1786362402.434,316.376
1786362402.534,314.912
1786362402.634,314.912
1786362402.735,315.001
1786362402.835,315.063
1786362402.936,316.635
1786362403.036,316.706
1786362403.137,316.596
1786362403.237,316.484
1786362403.338,316.519
1786362403.438,314.809
1786362403.539,314.74
1786362403.639,313.68
1786362403.740,314.934
1786362403.840,314.778
1786362403.941,314.608
1786362404.045,314.416
1786362404.145,314.342
1786362404.249,314.462
1786362404.353,314.306
1786362404.454,314.021
1786362404.554,315.58
1786362404.655,315.679
1786362404.755,316.764
1786362404.856,316.704
1786362404.957,315.331
1786362405.057,315.277
1786362405.158,314.772
1786362405.258,314.921
1786362405.358,314.792
1786362405.459,314.807
1786362405.559,314.884
1786362405.660,315.018
1786362405.760,315.026
1786362405.861,314.831
1786362405.961,314.982
1786362406.062,316.464
1786362406.162,316.77
1786362406.263,316.77
1786362406.363,317.396
1786362406.463,314.692
1786362406.564,314.594
1786362406.664,314.627
1786362406.765,314.67
1786362406.865,314.638
1786362406.966,314.554
1786362407.066,314.526
1786362407.167,314.449
1786362407.267,314.494
1786362407.368,314.498
1786362407.468,312.786
1786362407.569,315.214
1786362407.669,315.541
1786362407.771,315.666
1786362407.871,315.65
1786362407.971,315.632
1786362408.072,315.724
1786362408.172,315.927
1786362408.273,316.027
1786362408.373,316.032
1786362408.474,315.782
1786362408.574,317.551
1786362408.675,317.851
1786362408.775,317.511
1786362408.876,317.351
1786362408.976,317.293
1786362409.077,315.61
1786362409.177,315.343
1786362409.278,315.335
1786362409.378,315.385
1786362409.479,315.316
1786362409.579,315.35
1786362409.680,315.35
1786362409.782,315.419
1786362409.883,315.418
1786362409.984,315.7
1786362410.084,315.797
1786362410.184,315.945
1786362410.285,317.654
1786362410.385,316.357
1786362410.486,316.384
1786362410.586,316.415
1786362410.687,316.474
1786362410.787,316.569
1786362410.887,316.551
1786362410.988,316.435
1786362411.088,316.343
1786362411.189,316.469
1786362411.289,316.497
1786362411.389,316.683
1786362411.490,318.251
1786362411.590,315.693
1786362411.690,315.639
1786362411.790,315.638
1786362411.891,315.652
1786362411.991,315.64
1786362412.091,315.744
1786362412.192,315.775
1786362412.292,315.743
1786362412.393,315.58
1786362412.494,314.01
1786362412.595,314.134
1786362412.696,316.682
1786362412.796,316.731
1786362412.897,316.641
1786362412.998,316.875
1786362413.102,316.852
1786362413.206,316.792
1786362413.309,316.87
1786362413.413,316.824
1786362413.515,316.824
1786362413.619,314.511
1786362413.722,315.68
1786362413.825,315.658
1786362413.929,315.795
1786362414.033,315.844
1786362414.137,316.05
1786362414.241,315.956
1786362414.345,314.928
1786362414.449,314.773
1786362414.553,314.801
1786362414.657,317.235
1786362414.761,317.53
1786362414.864,317.347
1786362414.968,316.045
1786362415.072,316.053
1786362415.176,315.385
1786362415.280,315.377
1786362415.384,315.289
1786362415.488,316.334
1786362415.592,316.403
1786362415.696,316.458
1786362415.800,316.351
1786362415.902,314.44
1786362416.006,314.611
1786362416.110,315.854
1786362416.214,315.673
1786362416.318,316.363
1786362416.422,316.42
1786362416.526,316.417
1786362416.630,316.436
1786362416.734,316.533
1786362416.839,314.298
1786362416.942,314.604
1786362417.046,316.508
1786362417.150,316.539
1786362417.254,316.504
1786362417.358,316.615
1786362417.462,316.379
1786362417.566,316.259
1786362417.670,316.314
1786362417.773,314.646
1786362417.876,314.488
1786362417.978,316.684
1786362418.081,316.425
1786362418.184,316.312
1786362418.287,316.231
1786362418.390,316.274
1786362418.493,316.293
1786362418.596,316.587
1786362418.697,314.811
1786362418.800,314.759
1786362418.904,316.451
1786362419.007,316.554
1786362419.111,316.618
1786362419.215,316.949
1786362419.319,316.936
1786362419.423,317.025
1786362419.526,314.69
1786362419.627,314.69
1786362419.727,314.475
1786362419.828,314.375
1786362419.928,316.169
1786362420.029,316.068
1786362420.129,316.047
1786362420.229,316.035
1786362420.330,315.94
1786362420.430,315.678
1786362420.531,315.958
1786362420.631,315.856
1786362420.732,316.049
1786362420.832,316.237
1786362420.933,316.131
1786362421.033,316.379
1786362421.134,316.427
1786362421.234,315.656
1786362421.335,315.437
1786362421.436,315.46
1786362421.536,315.379
1786362421.637,313.422
1786362421.738,313.516
1786362421.838,315.568
1786362421.939,315.578
1786362422.039,315.646
1786362422.140,315.484
1786362422.240,315.754
1786362422.341,316.441
1786362422.442,316.509
1786362422.542,316.502
1786362422.643,316.563
1786362422.744,318.263
1786362422.844,318.094
1786362422.945,317.427
1786362423.045,317.427
1786362423.146,316.671
1786362422.112,316.601
1786362422.213,316.534
1786362422.313,316.26
1786362422.414,316.295
1786362422.514,316.514
1786362422.615,316.5
1786362422.716,316.498
1786362422.817,314.061
1786362422.917,314.004
1786362423.017,314.69
1786362423.118,315.457
1786362423.218,315.416
1786362423.319,315.43
1786362423.419,315.356
1786362423.520,313.248
1786362423.620,311.962
1786362423.720,312.023
1786362423.821,312.011
1786362423.921,314.496
1786362424.022,313.967
1786362424.123,313.853
1786362424.223,313.838
1786362424.324,313.877
1786362424.424,314.014
1786362424.525,312.469
1786362424.626,314.771
1786362424.728,315.928
1786362424.828,316.005
1786362424.929,316.012
1786362425.029,316.039
1786362425.130,316.693
1786362425.230,316.705
1786362425.331,316.705
1786362425.431,316.748
1786362425.532,315.088
1786362425.632,314.867
1786362425.733,316.395
1786362425.833,316.162
1786362425.933,316.152
1786362426.034,316.012
1786362426.134,316.033
1786362426.235,316.024
1786362426.336,314.817
1786362426.437,314.763
1786362426.537,314.737
1786362426.637,316.344
1786362426.738,316.594
1786362426.838,316.545
1786362426.939,316.539
1786362427.039,316.467
1786362427.141,316.374
1786362427.243,316.281
1786362427.343,316.205
1786362427.443,317.407
1786362427.544,317.551
1786362427.644,315.721
1786362427.745,315.71
1786362427.845,315.564
1786362427.946,315.795
1786362428.046,316.058
1786362428.147,314.948
1786362428.247,314.798
1786362428.347,314.181
1786362428.448,313.446
1786362428.548,313.46
1786362428.649,313.428
1786362428.749,313.428
1786362428.850,314.345
1786362428.950,313.685
1786362429.051,313.629
1786362429.151,313.491
1786362429.251,313.321
1786362429.352,314.473
1786362429.452,314.807
1786362429.552,315.766
1786362429.653,316.5
1786362429.753,314.802
1786362429.853,314.916
1786362429.954,315.91
1786362430.055,316.777
1786362430.158,316.794
1786362430.259,316.937
1786362430.359,316.923
1786362430.460,317.019
1786362430.560,316.798
1786362430.661,316.598
1786362430.761,316.718
1786362430.861,316.726
1786362430.962,316.586
1786362431.062,316.483
1786362431.163,316.164
1786362431.263,316.189
1786362431.363,316.302
1786362431.464,316.414
1786362431.564,316.366
1786362431.665,314.511
1786362431.765,314.569
1786362431.866,314.418
1786362431.968,316.306
1786362432.071,316.307
1786362432.174,316.287
1786362432.274,316.287
1786362432.375,316.47
1786362432.475,315.906
1786362432.576,314.781
1786362432.676,314.648
1786362432.777,314.616
1786362432.877,316.599
1786362432.977,316.424
1786362433.078,316.575
1786362433.178,316.717
1786362433.279,316.78
1786362433.379,314.867
1786362433.479,314.984
1786362433.580,315.552
1786362433.680,316.498
1786362433.780,316.572
1786362433.881,316.597
1786362433.982,313.579
1786362434.084,312.892
1786362434.187,312.879
1786362434.287,312.578
1786362434.388,312.688
1786362434.488,314.762
1786362434.589,314.638
1786362434.689,314.672
1786362434.790,314.732
1786362434.890,314.612
1786362434.991,314.614
1786362435.091,317.674
1786362435.192,318.454
1786362435.293,316.698
1786362435.393,316.677
1786362435.493,316.514
1786362435.594,316.369
1786362435.694,316.349
1786362435.795,316.349
1786362435.895,316.207
1786362435.996,316.084
1786362436.096,316.296
1786362436.197,314.676
1786362436.299,314.643
1786362436.402,314.601
1786362436.503,316.384
1786362436.603,316.454
1786362436.704,316.335
1786362436.804,316.412
1786362436.905,316.415
1786362437.005,316.471
1786362437.105,316.363
1786362437.206,314.491
1786362437.306,315.979
1786362437.407,315.862
1786362437.507,315.787
1786362437.608,315.678
1786362437.708,315.633
1786362437.809,315.62
1786362437.909,315.49
1786362438.010,313.657
1786362438.110,313.497
1786362438.210,313.482
1786362438.311,314.978
1786362438.411,315.07
1786362438.512,315.135
1786362438.612,315.227
1786362438.713,315.199
1786362438.813,315.129
1786362438.914,315.231
1786362439.014,313.829
1786362439.117,314.464
1786362439.220,314.679
1786362439.323,314.812
1786362439.426,314.932
1786362439.529,315.086
1786362439.630,315.086
1786362439.730,315.092
1786362439.831,315.037
1786362439.931,314.996
1786362440.032,315.031
1786362440.132,314.936
1786362440.236,314.822
1786362440.340,315.98
1786362440.444,315.899
1786362440.548,315.924
1786362440.652,315.895
1786362440.752,315.581
1786362440.852,315.489
1786362440.953,315.656
1786362441.055,315.728
1786362441.155,315.758
1786362441.255,315.859
1786362441.356,317.485
1786362441.456,315.801
1786362441.556,315.846
1786362441.657,315.763
1786362441.759,315.791
1786362441.863,315.857
1786362441.967,315.903
1786362442.067,315.709
1786362442.168,315.58
1786362442.269,315.689
1786362442.369,313.803
1786362442.470,313.701
1786362442.570,315.388
1786362442.671,315.37
1786362442.771,315.632
1786362442.874,315.668
1786362442.978,315.719
1786362443.078,315.714
1786362443.182,315.719
1786362443.286,315.792
1786362443.388,314.067
1786362443.491,315.802
1786362443.595,315.721
1786362443.699,315.606
1786362443.803,315.527
1786362443.907,315.286
1786362444.009,314.707
1786362444.111,313.189
1786362444.215,313.169
1786362444.319,312.206
1786362444.423,312.18
1786362444.527,313.699
1786362444.631,313.751
1786362444.735,313.802
1786362444.838,313.883
1786362444.942,312.236
1786362445.046,312.199
1786362445.150,312.749
1786362445.254,314.224
1786362445.358,314.333
1786362445.461,315.334
1786362445.563,313.659
1786362445.667,313.794
1786362445.771,314.024
1786362445.874,314.033
1786362445.978,314.105
1786362446.082,315.842
1786362446.186,315.923
1786362446.288,314.423
1786362446.392,314.449
1786362446.494,314.436
1786362446.598,314.429
1786362446.702,316.116
1786362446.806,316.013
1786362446.910,315.753
1786362447.014,315.807
1786362447.116,315.91
1786362447.219,315.963
1786362447.319,316.141
1786362447.420,315.361
1786362447.520,315.613
1786362447.620,315.656
1786362447.721,315.697
1786362447.821,315.772
1786362447.922,315.772
1786362448.022,315.691
1786362448.122,315.771
1786362448.223,315.85
1786362448.323,315.786
1786362448.425,315.888
1786362448.529,315.804
1786362448.631,317.938
1786362448.735,316.644
1786362448.835,316.677
1786362448.938,316.745
1786362449.039,316.845
1786362449.139,315.678
1786362449.240,315.817
1786362449.340,315.874
1786362449.441,315.815
1786362449.541,314.736
1786362449.642,314.574
1786362449.742,314.757
1786362449.842,315.964
1786362449.943,315.98
1786362450.043,316.024
1786362450.144,314.302
1786362450.244,315.564
1786362450.345,315.515
1786362450.445,315.575
1786362450.546,315.61
1786362450.646,316.646
1786362450.747,314.526
1786362450.847,314.641
1786362450.947,314.477
1786362451.048,314.575
1786362451.148,314.493
1786362451.248,316.283
1786362451.349,316.361
1786362451.449,316.466
1786362451.550,316.466
1786362451.650,316.445
1786362451.751,316.492
1786362451.851,316.411
1786362451.954,318.706
1786362452.055,318.667
1786362452.155,316.494
1786362452.256,316.317
1786362452.357,316.181
1786362452.457,316.131
1786362452.558,316.172
1786362452.658,316.105
1786362452.758,316.001
1786362452.859,316.047
1786362452.959,313.705
1786362453.060,313.602
1786362453.160,313.485
1786362453.263,315.783
1786362453.366,315.79
1786362453.468,315.836
1786362453.572,315.814
1786362453.675,315.745
1786362453.778,315.826
1786362453.882,316.077
1786362453.984,314.5
1786362454.085,316.362
1786362454.188,316.436
1786362454.291,316.657
1786362453.255,316.76
1786362453.357,316.806
1786362453.461,316.863
1786362453.565,315.718
1786362453.669,315.93
1786362453.773,314.135
1786362453.875,313.898
1786362453.976,315.533
1786362454.080,316.086
1786362454.184,315.998
1786362454.288,315.677
1786362454.389,315.519
1786362454.492,315.485
1786362454.596,315.496
1786362454.698,315.299
1786362454.801,314.991
1786362454.903,316.678
1786362455.006,316.659
1786362455.110,316.545
1786362455.211,316.433
1786362455.315,316.561
1786362455.418,316.876
1786362455.519,316.832
1786362455.622,316.811
1786362455.722,314.938
1786362455.825,316.43
1786362455.926,316.636
1786362456.029,316.633
1786362456.132,316.574
1786362456.234,316.549
1786362456.337,316.524
1786362456.438,316.586
1786362456.541,316.478
1786362456.644,316.536
1786362456.747,316.588
1786362456.848,318.677
1786362456.949,318.403
1786362457.052,318.277
1786362457.152,316.423
1786362457.253,316.579
1786362457.353,316.579
1786362457.453,316.704
1786362457.556,316.719
1786362457.660,316.549
1786362457.760,316.521
1786362457.860,316.493
1786362457.961,316.471
1786362458.061,316.277
1786362458.161,314.953
1786362458.264,314.884
1786362458.366,316.729
1786362458.469,316.679
1786362458.572,316.613
1786362458.676,316.622
1786362458.778,315.699
1786362458.882,315.697
1786362458.983,315.702
1786362459.084,315.655
1786362459.184,314.246
1786362459.285,315.577
1786362459.385,315.647
1786362459.486,315.613
1786362459.586,315.54
1786362459.686,315.463
1786362459.787,315.647
1786362459.887,316.661
1786362459.988,316.666
1786362460.088,316.734
1786362460.188,316.693
1786362460.288,318.039
1786362460.389,316.309
1786362460.489,316.242
1786362460.590,316.255
1786362460.690,316.337
1786362460.791,316.358
1786362460.892,316.221
1786362460.993,316.208
1786362461.094,316.355
1786362461.194,314.424
1786362461.295,314.411
1786362461.396,314.422
1786362461.497,314.422
1786362461.597,316.371
1786362461.698,316.377
1786362461.799,316.356
1786362461.899,316.305
1786362462.000,316.341
1786362462.100,316.31
1786362462.201,316.166
1786362462.301,315.981
1786362462.401,317.94
1786362462.502,318.265
1786362462.602,316.715
1786362462.702,316.532
1786362462.804,316.656
1786362462.906,316.155
1786362463.007,316.17
1786362463.108,316.144
1786362463.212,316.193
1786362463.313,316.351
1786362463.413,313.765
1786362463.513,313.707
1786362463.614,313.466
1786362463.714,315.005
1786362463.815,315.058
1786362463.915,314.025
1786362464.016,314.584
1786362464.117,314.539
1786362464.217,312.801
1786362464.318,312.69
1786362464.418,312.639
1786362464.519,315.242
1786362464.619,315.301
1786362464.720,315.361
1786362464.821,315.375
1786362464.921,315.392
1786362465.022,315.392
1786362465.122,314.582
1786362465.223,314.504
1786362465.323,314.49
1786362465.424,316.267
1786362465.524,316.474
1786362465.625,316.649
1786362465.725,316.738
1786362465.826,316.576
1786362465.927,316.404
1786362466.027,314.181
1786362466.127,314.16
1786362466.228,315.989
1786362466.328,315.992
1786362466.429,316.122
1786362466.529,316.239
1786362466.630,316.248
1786362466.730,316.249
1786362466.830,316.298
1786362466.931,315.128
1786362467.031,315.277
1786362467.132,317.552
1786362467.232,317.499
1786362467.333,317.664
1786362467.433,317.667
1786362467.534,317.589
1786362467.635,315.357
1786362467.736,315.239
1786362467.836,315.078
1786362467.937,314.99
1786362468.037,316.183
1786362468.138,316.14
1786362468.238,316.14
1786362468.339,314.798
1786362468.439,314.797
1786362468.540,314.678
1786362468.641,314.757
1786362468.741,314.83
1786362468.842,317.023
1786362468.943,317.055
1786362469.044,316.992
1786362469.145,315.938
1786362469.246,315.948
1786362469.346,314.54
1786362469.447,315.869
1786362469.547,315.794
1786362469.648,315.693
1786362469.748,315.676
1786362469.848,315.512
1786362469.949,315.408
1786362470.049,315.39
1786362470.150,315.282
1786362470.250,314.866
1786362470.351,314.887
1786362470.451,316.314
1786362470.551,316.292
1786362470.652,316.415
1786362470.752,316.627
1786362470.854,316.567
1786362470.958,316.613
1786362471.062,316.479
1786362471.165,314.601
1786362471.270,314.694
1786362471.370,316.075
1786362471.470,316.065
1786362471.571,316.037
1786362471.671,315.944
1786362471.771,315.91
1786362471.871,315.91
1786362471.972,315.787
1786362472.072,315.845
1786362472.172,313.227
1786362472.273,313.384
1786362472.376,315.217
1786362472.477,315.265
1786362472.579,315.302
1786362472.679,315.327
1786362472.781,315.293
1786362472.885,315.223
1786362472.986,314.714
1786362473.086,314.524
1786362473.187,312.391
1786362473.289,315.004
1786362473.390,315.142
1786362473.491,315.128
1786362473.592,315.145
1786362473.692,315.22
1786362473.793,315.167
1786362473.893,313.614
1786362473.994,313.681
1786362474.095,314.065
1786362474.195,313.985
1786362474.296,315.178
1786362474.397,315.129
1786362474.498,315.084
1786362474.599,315.018
1786362474.700,314.798
1786362474.800,314.615
1786362474.901,314.517
1786362475.002,314.716
1786362475.103,314.678
1786362475.203,314.756
1786362475.305,314.86
1786362475.406,315.644
1786362475.507,315.612
1786362475.608,315.612
1786362475.710,315.319
1786362475.811,315.246
1786362475.912,315.409
1786362476.013,315.518
1786362476.115,315.563
1786362476.216,316.848
1786362476.318,315.327
1786362476.419,315.277
1786362476.521,315.294
1786362476.622,315.376
1786362476.723,315.43
1786362476.824,315.574
1786362476.925,315.712
1786362477.027,315.725
1786362477.128,315.632
1786362477.229,315.885
1786362477.330,314.108
1786362477.432,315.673
1786362477.534,315.673
1786362477.636,315.627
1786362477.738,315.693
1786362477.840,315.638
1786362477.940,315.482
1786362478.041,315.395
1786362478.143,315.262
1786362478.244,313.611
1786362478.346,313.287
1786362478.447,315.101
1786362478.549,315.033
1786362478.651,315.008
1786362478.751,315.004
1786362478.852,312.538
1786362478.952,312.487
1786362479.055,312.538
1786362479.156,312.615
1786362479.259,312.783
1786362479.360,314.492
1786362479.461,313.465
1786362479.561,313.421
1786362479.664,313.512
1786362479.765,313.492
1786362479.867,313.486
1786362479.967,315.945
1786362480.069,315.945
1786362480.172,314.209
1786362480.274,314.261
1786362480.377,314.466
1786362480.478,314.332
1786362480.580,314.298
1786362480.681,315.468
1786362480.783,315.474
1786362480.886,315.412
1786362480.986,315.472
1786362481.089,315.595
1786362481.192,314.98
1786362481.296,316.758
1786362481.399,316.707
1786362481.499,316.536
1786362481.603,315.11
1786362481.706,314.975
1786362481.809,315.073
1786362481.913,315.187
1786362482.014,315.112
1786362482.117,315.106
1786362482.217,314.96
1786362482.321,315.439
1786362482.425,315.781
1786362482.528,315.828
1786362482.628,314.03
1786362482.729,315.617
1786362482.833,315.666
1786362482.937,314.818
1786362483.038,314.684
1786362483.142,314.828
1786362483.243,314.832
1786362483.344,314.925
1786362483.444,313.216
1786362483.545,313.184
1786362483.645,313.176
1786362483.745,315.006
1786362483.846,315.048
1786362483.946,315.112
1786362484.047,315.932
1786362484.147,316.015
1786362484.248,316.047
1786362484.348,316.142
1786362484.452,314.81
1786362484.556,316.572
1786362484.660,315.262
1786362484.764,315.302
1786362484.868,315.366
1786362484.969,315.431
1786362485.069,315.413
1786362485.170,315.322
1786362485.270,315.358
1786362485.371,313.63
1786362484.312,313.641
1786362484.413,315.005
1786362484.514,315.136
1786362484.615,316.369
1786362484.715,316.369
1786362484.817,316.471
1786362484.917,316.388
1786362485.018,316.207
1786362485.119,313.967
1786362485.220,313.905
1786362485.320,313.879
1786362485.421,315.685
1786362485.522,315.712
1786362485.622,315.898
1786362485.723,316.041
1786362485.824,316.015
1786362485.925,315.424
1786362486.026,314.066
1786362486.126,314.375
1786362486.227,316.774
1786362486.327,315.006
1786362486.428,315.096
1786362486.529,315.054
1786362486.630,315.182
1786362486.730,315.088
1786362486.831,315.072
1786362486.932,315.036
1786362487.033,313.774
1786362487.134,315.117
1786362487.234,314.747
1786362487.335,314.64
1786362487.436,316.52
1786362487.536,316.428
1786362487.637,316.382
1786362487.738,316.094
1786362487.838,315.885
1786362487.939,315.658
1786362488.040,315.754
1786362488.140,317.529
1786362488.241,315.871
1786362488.342,316.016
1786362488.442,316.091
1786362488.543,316.091
1786362488.644,316.108
1786362488.744,315.178
1786362488.845,314.866
1786362488.945,312.483
1786362489.046,312.642
1786362489.147,312.691
1786362489.248,312.746
1786362489.348,312.638
1786362489.448,314.274
1786362489.549,314.247
1786362489.649,312.681
1786362489.750,312.566
1786362489.851,313.483
1786362489.951,313.754
1786362490.052,316.174
1786362490.153,316.1
1786362490.253,315.911
1786362490.354,315.625
1786362490.454,315.722
1786362490.554,315.826
1786362490.655,313.942
1786362490.755,315.339
1786362490.856,315.307
1786362490.957,315.472
1786362491.057,315.56
1786362491.158,315.599
1786362491.258,315.607
1786362491.358,315.721
1786362491.459,315.737
1786362491.559,315.728
1786362491.659,315.642
1786362491.760,316.02
1786362491.860,316.198
1786362491.960,316.32
1786362492.061,316.198
1786362492.161,316.198
1786362492.262,316.161
1786362492.362,316.275
1786362492.462,316.366
1786362492.563,316.352
1786362492.663,316.385
1786362492.763,313.992
1786362492.864,313.965
1786362492.964,315.37
1786362493.065,315.312
1786362493.165,315.281
1786362493.265,315.252
1786362493.366,315.209
1786362493.466,315.121
1786362493.566,315.311
1786362493.667,315.468
1786362493.767,315.457
1786362493.868,317.796
1786362493.968,317.325
1786362494.068,317.47
1786362494.172,315.259
1786362494.275,315.326
1786362494.378,315.355
1786362494.481,315.375
1786362494.584,315.348
1786362494.688,315.241
1786362494.793,315.236
1786362494.894,315.223
1786362494.994,313.792
1786362495.095,314.415
1786362495.196,314.286
1786362495.297,316.481
1786362495.397,316.421
1786362495.498,316.399
1786362495.599,316.391
1786362495.699,316.456
1786362495.800,316.349
1786362495.901,316.289
1786362496.001,316.302
1786362496.102,316.302
1786362496.202,317.967
1786362496.303,317.834
1786362496.404,317.902
1786362496.504,317.938
1786362496.609,316.03
1786362496.713,316.119
1786362496.818,316.179
1786362496.922,316.128
1786362497.027,316.077
1786362497.131,316.093
1786362497.236,316.189
1786362497.340,316.106
1786362497.445,316.153
1786362497.546,316.284
1786362497.651,314.604
1786362497.755,316.356
1786362497.859,316.146
1786362497.964,316.08
1786362498.067,316.304
1786362498.170,316.21
1786362498.273,313.678
1786362498.376,313.867
1786362498.481,313.937
1786362498.581,313.768
1786362498.686,313.614
1786362498.790,315.311
1786362498.895,315.312
1786362498.999,315.467
1786362499.104,315.359
1786362499.208,313.984
1786362499.313,313.977
1786362499.416,316.45
1786362499.520,314.7
1786362499.621,314.687
1786362499.726,314.64
1786362499.830,314.48
1786362499.935,314.453
1786362500.039,314.569
1786362500.144,314.445
1786362500.248,314.538
1786362500.353,315.744
1786362500.457,316.191
1786362500.561,314.509
1786362500.666,316.237
1786362500.770,316.14
1786362500.874,316.319
1786362500.977,316.651
1786362501.080,316.694
1786362501.183,316.803
1786362501.285,316.8
1786362501.388,315.569
1786362501.491,315.48
1786362501.594,315.173
1786362501.698,316.81
1786362501.799,315.826
1786362501.900,315.828
1786362502.000,315.886
1786362502.101,315.67
1786362502.201,315.666
1786362502.303,314.374
1786362502.404,314.44
1786362502.504,315.717
1786362502.605,315.732
1786362502.706,315.845
1786362502.807,315.956
1786362502.908,316.758
1786362503.009,316.679
1786362503.110,316.548
1786362503.211,316.456
1786362503.311,315.141
1786362503.412,316.373
1786362503.513,316.443
1786362503.614,316.429
1786362503.714,316.438
1786362503.815,316.368
1786362503.916,316.419
1786362504.017,316.419
1786362504.118,316.459
1786362504.218,316.426
1786362504.319,316.69
1786362504.420,315.603
1786362504.520,316.747
1786362504.621,316.731
1786362504.722,315.253
1786362504.822,315.062
1786362504.923,315.075
1786362505.024,314.961
1786362505.125,314.785
1786362505.226,314.908
1786362505.326,315.053
1786362505.427,314.836
1786362505.528,316.022
1786362505.629,316.129
1786362505.729,316.047
1786362505.830,315.753
1786362505.931,315.767
1786362506.031,315.727
1786362506.132,315.755
1786362506.233,315.809
1786362506.333,315.666
1786362506.434,315.648
1786362506.535,315.719
1786362506.636,313.956
1786362506.737,313.978
1786362506.838,314.059
1786362506.938,315.819
1786362507.038,316.062
1786362507.139,316.149
1786362507.240,316.243
1786362507.340,316.203
1786362507.441,316.203
1786362507.542,316.039
1786362507.642,314.651
1786362507.743,314.701
1786362507.843,316.445
1786362507.944,316.375
1786362508.044,316.618
1786362508.145,316.629
1786362508.245,316.596
1786362508.345,316.513
1786362508.446,314.434
1786362508.546,314.563
1786362508.647,314.699
1786362508.747,316.037
1786362508.848,315.977
1786362508.948,316.087
1786362509.049,316.198
1786362509.149,314.325
1786362509.250,314.283
1786362509.350,314.24
1786362509.451,314.3
1786362509.551,315.433
1786362509.652,315.371
1786362509.752,315.284
1786362509.852,315.336
1786362509.953,315.391
1786362510.053,314.08
1786362510.154,314.158
1786362510.254,315.772
1786362510.355,315.773
1786362510.455,315.745
1786362510.556,315.745
1786362510.656,315.773
1786362510.757,316.557
1786362510.857,315.28
1786362510.958,315.263
1786362511.059,315.153
1786362511.160,315.057
1786362511.260,316.359
1786362511.361,316.429
1786362511.461,316.44
1786362511.562,316.395
1786362511.662,316.377
1786362511.762,314.337
1786362511.862,314.43
1786362511.963,315.707
1786362512.064,315.751
1786362512.164,315.736
1786362512.264,315.69
1786362512.365,315.685
1786362512.465,315.553
1786362512.566,315.615
1786362512.666,315.618
1786362512.766,313.856
1786362512.867,315.818
1786362512.967,315.761
1786362513.068,315.75
1786362513.168,315.71
1786362513.268,315.78
1786362513.369,315.881
1786362513.469,315.267
1786362513.570,314.473
1786362513.670,314.486
1786362513.770,314.624
1786362513.871,314.624
1786362513.971,316.468
1786362514.071,316.588
1786362514.172,316.852
1786362514.272,316.738
1786362514.373,316.849
1786362514.473,316.786
1786362514.574,314.93
1786362514.674,315.291
1786362514.775,315.222
1786362514.875,315.145
1786362514.975,315.115
1786362515.076,315.244
1786362515.176,315.149
1786362515.277,314.982
1786362515.377,315.177
1786362515.478,313.359
1786362515.578,313.378
1786362515.679,315.152
1786362515.783,315.313
1786362515.883,316.372
1786362515.986,316.364
1786362516.088,316.194
1786362516.189,315.889
1786362516.289,314.414
1786362516.390,314.313
1786362516.490,314.234
1786362515.416,315.97
1786362515.517,315.954
1786362515.617,315.929
1786362515.718,315.696
1786362515.818,315.792
1786362515.919,315.88
1786362516.019,316.183
1786362516.119,316.29
1786362516.220,316.29
1786362516.320,317.8
1786362516.421,315.99
1786362516.521,315.972
1786362516.621,316.189
1786362516.722,316.176
1786362516.823,316.221
1786362516.923,316.147
1786362517.024,315.993
1786362517.124,314.634
1786362517.225,314.384
1786362517.325,314.48
1786362517.426,314.394
1786362517.526,316.207
1786362517.627,316.16
1786362517.727,315.879
1786362517.828,315.91
1786362517.928,315.917
1786362518.028,314.659
1786362518.129,314.813
1786362518.229,316.259
1786362518.330,316.372
1786362518.430,316.403
1786362518.533,316.585
1786362518.635,316.93
1786362518.737,315.841
1786362518.840,315.903
1786362518.942,315.98
1786362519.045,316.02
1786362519.148,315.983
1786362519.248,315.891
1786362519.348,315.777
1786362519.449,315.74
1786362519.549,315.784
1786362519.650,315.71
1786362519.750,315.614
1786362519.850,315.336
1786362519.951,315.336
1786362520.051,315.408
1786362520.152,315.324
1786362520.252,315.452
1786362520.352,316.912
1786362520.453,316.971
1786362520.553,316.896
1786362520.654,316.086
1786362520.754,315.858
1786362520.854,313.809
1786362520.955,313.5
1786362521.055,314.936
1786362521.156,314.89
1786362521.256,314.883
1786362521.357,314.818
1786362521.457,314.786
1786362521.558,312.84
1786362521.658,312.936
1786362521.759,313.722
1786362521.859,314.066
1786362521.959,316.062
1786362522.060,316.191
1786362522.160,316.201
1786362522.261,316.235
1786362522.361,316.283
1786362522.462,316.098
1786362522.562,316.018
1786362522.663,317.918
1786362522.763,318.146
1786362522.863,318.165
1786362522.964,316.3
1786362523.064,316.401
1786362523.164,316.401
1786362523.265,316.539
1786362523.365,316.524
1786362523.466,316.545
1786362523.566,316.475
1786362523.667,316.643
1786362523.767,316.603
1786362523.868,316.534
1786362523.968,315.41
1786362524.068,313.698
1786362524.169,315.42
1786362524.269,315.324
1786362524.370,315.44
1786362524.470,315.412
1786362524.571,315.444
1786362524.671,315.538
1786362524.772,315.475
1786362524.872,315.523
1786362524.972,315.576
1786362525.073,316.458
1786362525.174,318.256
1786362525.274,318.402
1786362525.374,316.753
1786362525.475,316.649
1786362525.575,316.633
1786362525.675,316.743
1786362525.776,316.681
1786362525.876,316.653
1786362525.977,316.673
1786362526.077,316.679
1786362526.177,316.653
1786362526.278,314.316
1786362526.379,314.092
1786362526.479,314.092
1786362526.580,315.748
1786362526.680,315.567
1786362526.781,315.676
1786362526.881,315.602
1786362526.981,315.683
1786362527.082,315.732
1786362527.182,315.754
1786362527.283,315.711
1786362527.383,315.785
1786362527.484,318.076
1786362527.584,318.057
1786362527.684,317.686
1786362527.785,316.754
1786362527.886,316.727
1786362527.986,316.604
1786362528.087,316.595
1786362528.187,316.617
1786362528.288,316.588
1786362528.388,316.63
1786362528.489,316.55
1786362528.589,316.516
1786362528.690,316.594
1786362528.790,316.927
1786362528.891,317.861
1786362528.991,317.831
1786362529.092,317.53
1786362529.192,317.41
1786362529.293,317.278
1786362529.393,317.211
1786362529.493,317.177
1786362529.594,317.207
1786362529.694,317.181
1786362529.795,317.181
1786362529.895,317.115
1786362529.996,317.078
1786362530.096,315.081
1786362530.197,314.995
1786362530.297,315.362
1786362530.398,315.455
1786362530.498,315.668
1786362530.599,315.039
1786362530.699,315.146
1786362530.800,313.459
1786362530.900,313.467
1786362531.001,313.502
1786362531.101,313.583
1786362531.201,315.595
1786362531.302,315.629
1786362531.402,315.612
1786362531.503,315.664
1786362531.603,315.411
1786362531.704,316.081
1786362531.804,314.499
1786362531.905,316.196
1786362532.005,316.193
1786362532.106,316.177
1786362532.206,316.329
1786362532.307,316.156
1786362532.407,316.309
1786362532.508,316.265
1786362532.608,314.373
1786362532.708,314.758
1786362532.809,314.628
1786362532.913,316.23
1786362533.013,316.35
1786362533.114,316.408
1786362533.214,316.408
1786362533.315,316.426
1786362533.415,316.159
1786362533.516,316.388
1786362533.616,314.847
1786362533.716,314.895
1786362533.817,316.864
1786362533.917,316.665
1786362534.017,316.858
1786362534.118,316.876
1786362534.218,316.705
1786362534.318,315.692
1786362534.419,313.944
1786362534.519,314.14
1786362534.619,313.981
1786362534.720,315.459
1786362534.820,315.496
1786362534.920,315.548
1786362535.021,315.45
1786362535.121,315.48
1786362535.221,315.474
1786362535.322,314.204
1786362535.422,315.189
1786362535.523,317.043
1786362535.623,317.146
1786362535.723,317.288
1786362535.824,317.36
1786362535.924,317.282
1786362536.024,317.138
1786362536.125,317.438
1786362536.225,317.441
1786362536.326,317.441
1786362536.426,315.794
1786362536.526,317.084
1786362536.627,317.283
1786362536.727,317.229
1786362536.828,317.143
1786362536.928,317.021
1786362537.028,316.933
1786362537.129,316.955
1786362537.229,316.964
1786362537.330,316.629
1786362537.430,316.592
1786362537.531,318.231
1786362537.631,316.079
1786362537.732,315.757
1786362537.832,315.701
1786362537.933,315.641
1786362538.033,315.885
1786362538.134,315.949
1786362538.234,315.803
1786362538.334,315.64
1786362538.435,315.661
1786362538.536,315.484
1786362538.636,315.315
1786362538.736,317.324
1786362538.837,317.288
1786362538.937,317.262
1786362539.038,314.848
1786362539.138,314.744
1786362539.239,314.624
1786362539.339,314.729
1786362539.439,313.657
1786362539.540,313.64
1786362539.640,313.64
1786362539.741,313.982
1786362539.841,312.227
1786362539.942,312.343
1786362540.045,312.462
1786362540.146,312.516
1786362540.247,314.743
1786362540.347,314.617
1786362540.448,314.544
1786362540.548,313.072
1786362540.649,313.241
1786362540.749,313.113
1786362540.850,312.886
1786362540.950,314.744
1786362541.050,314.316
1786362541.151,314.26
1786362541.251,314.075
1786362541.352,314.136
1786362541.452,312.429
1786362541.553,312.391
1786362541.653,313.817
1786362541.754,314.681
1786362541.854,314.769
1786362541.955,314.715
1786362542.055,314.603
1786362542.155,315.022
1786362542.256,314.998
1786362542.356,315.055
1786362542.457,313.326
1786362542.557,315.012
1786362542.657,315.049
1786362542.758,315.057
1786362542.858,315.342
1786362542.959,315.342
1786362543.059,315.37
1786362543.160,315.309
1786362543.260,315.39
1786362543.361,315.385
1786362543.461,313.711
1786362543.562,313.68
1786362543.662,315.392
1786362543.763,315.42
1786362543.863,315.486
1786362543.963,315.471
1786362544.064,315.31
1786362544.164,315.318
1786362544.264,315.661
1786362544.365,313.908
1786362544.465,314.061
1786362544.566,315.782
1786362544.666,314.911
1786362544.766,313.503
1786362544.867,312.957
1786362544.967,312.897
1786362545.068,312.925
1786362545.168,312.892
1786362545.269,311.444
1786362545.369,310.566
1786362545.470,312.27
1786362545.570,312.067
1786362545.671,312.142
1786362545.771,313.109
1786362545.872,314.506
1786362545.972,315.027
1786362546.073,315.046
1786362546.173,315.053
1786362546.274,315.053
1786362546.375,315.122
1786362546.475,316.651
1786362546.575,317.314
1786362546.676,317.394
1786362546.776,315.732
1786362546.877,315.654
1786362546.977,315.667
1786362547.078,315.792
1786362547.178,316.083
1786362547.279,316.146
1786362547.379,316.037
1786362547.480,316.034
1786362547.580,313.73
1786362546.540,313.669
1786362546.640,313.6
1786362546.741,315.312
1786362546.841,315.336
1786362546.941,315.341
1786362547.042,315.379
1786362547.142,315.233
1786362547.243,315.19
1786362547.343,315.531
1786362547.445,313.718
1786362547.549,316.014
1786362547.651,316.031
1786362547.755,316.022
1786362547.855,316.27
1786362547.956,316.262
1786362548.056,316.274
1786362548.157,316.249
1786362548.257,314.425
1786362548.357,314.477
1786362548.458,314.52
1786362548.558,316.167
1786362548.659,314.976
1786362548.759,314.976
1786362548.860,315.092
1786362548.960,315.11
1786362549.061,314.941
1786362549.161,315.028
1786362549.262,315.234
1786362549.362,315.267
1786362549.463,316.326
1786362549.563,316.278
1786362549.664,316.075
1786362549.768,316.241
1786362549.868,317.035
1786362549.969,315.489
1786362550.069,315.475
1786362550.170,315.457
1786362550.270,315.464
1786362550.371,315.249
1786362550.471,315.278
1786362550.571,313.995
1786362550.672,313.999
1786362550.772,314.023
1786362550.872,313.949
1786362550.973,314.614
1786362551.073,316.224
1786362551.174,316.318
1786362551.274,316.375
1786362551.374,316.398
1786362551.475,316.402
1786362551.575,314.746
1786362551.676,316.554
1786362551.776,316.624
1786362551.876,316.596
1786362551.977,316.66
1786362552.077,316.66
1786362552.178,316.421
1786362552.278,316.406
1786362552.378,316.403
1786362552.479,316.395
1786362552.579,315.05
1786362552.680,315.229
1786362552.780,316.945
1786362552.881,317.067
1786362552.981,317.146
1786362553.082,317.25
1786362553.182,317.395
1786362553.283,317.405
1786362553.383,317.601
1786362553.483,317.686
1786362553.584,317.733
1786362553.684,319.078
1786362553.785,316.463
1786362553.885,315.31
1786362553.986,315.351
1786362554.086,315.324
1786362554.186,315.253
1786362554.287,315.175
1786362554.389,315.11
1786362554.490,314.946
1786362554.592,314.942
1786362554.693,314.858
1786362554.794,314.841
1786362554.894,315.682
1786362554.994,316.992
1786362555.095,317.128
1786362555.196,317.1
1786362555.296,317.104
1786362555.397,317.111
1786362555.497,317.111
1786362555.598,317.164
1786362555.699,317.033
1786362555.799,316.846
1786362555.900,316.795
1786362556.001,314.495
1786362556.101,316.12
1786362556.202,315.796
1786362556.302,315.722
1786362556.403,315.705
1786362556.503,315.609
1786362556.603,315.495
1786362556.704,315.365
1786362556.804,313.639
1786362556.905,313.624
1786362557.005,313.67
1786362557.105,315.879
1786362557.206,315.864
1786362557.306,315.79
1786362557.407,315.742
1786362557.507,315.763
1786362557.608,312.978
1786362557.708,313.145
1786362557.809,313.14
1786362557.909,314.752
1786362558.010,314.751
1786362558.110,314.551
1786362558.210,314.45
1786362558.311,314.35
1786362558.412,314.413
1786362558.514,312.246
1786362558.614,312.191
1786362558.715,314.971
1786362558.817,314.795
1786362558.917,314.795
1786362559.018,314.787
1786362559.118,313.732
1786362559.219,313.701
1786362559.319,313.821
1786362559.420,313.86
1786362559.520,311.842
1786362559.620,311.954
1786362559.721,314.042
1786362559.821,314.04
1786362559.922,313.942
1786362560.022,313.955
1786362560.122,313.98
1786362560.223,315.167
1786362560.323,315.276
1786362560.424,315.253
1786362560.524,315.327
1786362560.624,317.527
1786362560.725,317.382
1786362560.825,317.432
1786362560.926,315.048
1786362561.026,315.123
1786362561.126,315.191
1786362561.230,315.279
1786362561.331,315.244
1786362561.432,313.965
1786362561.532,313.684
1786362561.632,313.594
1786362561.733,313.431
1786362561.834,313.432
1786362561.934,313.349
1786362562.035,315.628
1786362562.135,315.621
1786362562.236,315.604
1786362562.336,315.604
1786362562.437,315.643
1786362562.537,315.579
1786362562.638,316.819
1786362562.738,317.087
1786362562.839,317.208
1786362562.939,317.172
1786362563.039,315.494
1786362563.140,315.561
1786362563.240,315.551
1786362563.340,315.536
1786362563.441,315.467
1786362563.541,315.324
1786362563.642,313.161
1786362563.742,313.063
1786362563.843,313.078
1786362563.943,312.936
1786362564.044,313.091
1786362564.144,314.757
1786362564.245,314.792
1786362564.345,313.663
1786362564.445,313.753
1786362564.546,313.841
1786362564.646,312.169
1786362564.747,314.301
1786362564.847,314.466
1786362564.947,314.558
1786362565.048,314.648
1786362565.149,314.589
1786362565.251,313.099
1786362565.352,313.098
1786362565.453,314.376
1786362565.553,314.418
1786362565.654,314.418
1786362565.754,314.51
1786362565.855,316.274
1786362565.955,316.471
1786362566.056,316.618
1786362566.156,316.574
1786362566.257,316.453
1786362566.357,316.491
1786362566.458,318.051
1786362566.558,318.031
1786362566.659,317.975
1786362566.759,317.992
1786362566.859,317.85
1786362566.960,317.741
1786362567.060,317.676
1786362567.160,317.446
1786362567.261,315.679
1786362567.361,315.78
1786362567.462,315.877
1786362567.563,315.894
1786362567.664,315.9
1786362567.765,315.909
1786362567.866,315.819
1786362567.968,315.805
1786362568.068,315.9
1786362568.170,315.92
1786362568.272,313.547
1786362568.373,315.245
1786362568.475,315.274
1786362568.577,315.094
1786362568.678,315.086
1786362568.780,315.112
1786362568.884,315.122
1786362568.987,315.307
1786362569.091,315.294
1786362569.193,315.257
1786362569.297,315.19
1786362569.398,316.86
1786362569.502,314.997
1786362569.602,315.037
1786362569.702,315.068
1786362569.803,315.027
1786362569.904,315.027
1786362570.004,315.062
1786362570.105,315.112
1786362570.205,315.063
1786362570.305,315.307
1786362570.406,313.569
1786362570.509,313.56
1786362570.611,314.419
1786362570.712,316.4
1786362570.813,316.518
1786362570.913,316.655
1786362571.014,316.728
1786362571.114,316.616
1786362571.214,316.468
1786362571.315,316.292
1786362571.415,316.161
1786362571.516,318.04
1786362571.616,318.146
1786362571.717,316.395
1786362571.817,316.367
1786362571.918,316.137
1786362572.018,316.028
1786362572.118,315.909
1786362572.219,315.944
1786362572.319,316.096
1786362572.420,314.286
1786362572.520,314.066
1786362572.620,313.946
1786362572.723,313.89
1786362572.826,315.672
1786362572.930,315.687
1786362573.030,315.905
1786362573.130,313.951
1786362573.231,314.098
1786362573.331,314.17
1786362573.432,314.19
1786362573.532,315.965
1786362573.633,315.965
1786362573.736,316.038
1786362573.839,315.932
1786362573.940,315.765
1786362574.041,315.428
1786362574.141,313.113
1786362574.241,312.726
1786362574.342,314.568
1786362574.442,314.297
1786362574.543,314.47
1786362574.643,314.311
1786362574.744,313.305
1786362574.844,313.386
1786362574.945,313.327
1786362575.045,311.823
1786362575.145,311.932
1786362575.246,314.099
1786362575.346,314.24
1786362575.447,314.207
1786362575.547,314.379
1786362575.647,314.288
1786362575.748,314.263
1786362575.848,315.281
1786362575.948,315.312
1786362576.049,315.523
1786362576.149,317.049
1786362576.250,317.136
1786362576.350,315.868
1786362576.450,315.909
1786362576.551,315.865
1786362576.651,315.868
1786362576.752,315.732
1786362576.852,315.806
1786362576.953,316.013
1786362577.053,316.013
1786362577.154,315.818
1786362577.254,315.793
1786362577.355,313.988
1786362577.459,314.024
1786362577.563,315.331
1786362577.667,315.37
1786362577.771,315.473
1786362577.875,315.533
1786362577.979,315.544
1786362578.083,315.558
1786362578.183,315.43
1786362578.284,314.295
1786362578.384,314.173
1786362578.485,316.067
1786362578.585,315.999
1786362578.685,316.116
1786362577.645,316.377
1786362577.746,314.966
1786362577.846,314.962
1786362577.947,314.904
1786362578.047,315.116
1786362578.147,315.013
1786362578.248,316.192
1786362578.348,315.514
1786362578.449,315.476
1786362578.549,315.491
1786362578.652,315.406
1786362578.752,314.26
1786362578.854,313.559
1786362578.956,313.451
1786362579.056,313.47
1786362579.157,313.243
1786362579.257,313.241
1786362579.358,313.304
1786362579.458,313.997
1786362579.558,314.211
1786362579.659,314.197
1786362579.759,314.169
1786362579.860,315.022
1786362579.960,315.466
1786362580.061,315.937
1786362580.161,315.937
1786362580.261,315.911
1786362580.362,315.86
1786362580.462,315.889
1786362580.563,315.9
1786362580.663,315.968
1786362580.764,315.795
1786362580.868,315.862
1786362580.972,314.616
1786362581.076,314.584
1786362581.176,316.331
1786362581.280,315.774
1786362581.384,315.86
1786362581.487,315.992
1786362581.591,316.284
1786362581.691,316.241
1786362581.792,316.283
1786362581.892,316.331
1786362581.992,315.001
1786362582.093,316.391
1786362582.193,316.523
1786362582.294,316.559
1786362582.395,316.765
1786362582.495,316.805
1786362582.595,316.624
1786362582.695,316.463
1786362582.796,316.654
1786362582.896,315.048
1786362582.997,314.968
1786362583.097,316.381
1786362583.198,316.365
1786362583.298,316.436
1786362583.399,316.462
1786362583.500,316.635
1786362583.600,316.736
1786362583.701,316.87
1786362583.801,315.023
1786362583.902,313.706
1786362584.002,315.379
1786362584.103,315.493
1786362584.203,315.493
1786362584.303,315.457
1786362584.404,315.381
1786362584.504,315.324
1786362584.605,313.743
1786362584.705,313.566
1786362584.805,313.403
1786362584.906,313.484
1786362585.006,315.581
1786362585.107,316.85
1786362585.207,315.214
1786362585.309,315.151
1786362585.413,315.177
1786362585.515,315.403
1786362585.619,315.419
1786362585.723,316.939
1786362585.825,316.963
1786362585.925,316.954
1786362586.026,316.944
1786362586.127,316.659
1786362586.227,315.503
1786362586.328,316.857
1786362586.428,316.83
1786362586.528,316.768
1786362586.629,316.569
1786362586.729,316.524
1786362586.830,316.516
1786362586.930,316.487
1786362587.030,316.55
1786362587.131,316.688
1786362587.231,316.709
1786362587.331,317.79
1786362587.432,317.996
1786362587.532,317.977
1786362587.632,318.079
1786362587.733,318.066
1786362587.833,318.066
1786362587.933,318.1
1786362588.034,318.151
1786362588.134,316.477
1786362588.235,316.466
1786362588.335,315.6
1786362588.436,315.828
1786362588.536,315.935
1786362588.637,315.995
1786362588.737,316.048
1786362588.838,315.943
1786362588.938,316.06
1786362589.038,316.045
1786362589.139,313.42
1786362589.239,315.101
1786362589.340,315.09
1786362589.440,315.636
1786362589.540,315.232
1786362589.641,315.202
1786362589.741,315.064
1786362589.841,313.192
1786362589.942,313.38
1786362590.042,313.37
1786362590.143,313.227
1786362590.243,315.706
1786362590.344,315.611
1786362590.445,315.542
1786362590.546,315.659
1786362590.647,315.787
1786362590.749,314.064
1786362590.850,314.162
1786362590.952,316.064
1786362591.052,315.786
1786362591.153,315.728
1786362591.253,315.728
1786362591.354,315.79
1786362591.455,315.897
1786362591.555,315.946
1786362591.656,315.912
1786362591.756,315.908
1786362591.857,315.935
1786362591.958,317.548
1786362592.059,317.543
1786362592.160,317.477
1786362592.261,317.426
1786362592.362,317.427
1786362592.462,317.589
1786362592.563,317.443
1786362592.663,315.27
1786362592.764,315.261
1786362592.864,315.206
1786362592.965,315.134
1786362593.065,315.108
1786362593.166,315.098
1786362593.266,315.081
1786362593.367,315.011
1786362593.467,315.015
1786362593.568,314.997
1786362593.668,315.036
1786362593.769,317.121
1786362593.871,317.137
1786362593.972,315.283
1786362594.073,315.226
1786362594.173,315.229
1786362594.274,314.189
1786362594.374,314.273
1786362594.474,314.431
1786362594.575,314.598
1786362594.676,314.458
1786362594.777,314.458
1786362594.877,314.526
1786362594.977,314.636
1786362595.078,314.634
1786362595.178,316.508
1786362595.279,316.549
1786362595.379,316.61
1786362595.479,315.064
1786362595.580,314.857
1786362595.680,314.845
1786362595.781,314.666
1786362595.881,314.814
1786362595.982,314.742
1786362596.082,314.708
1786362596.182,314.678
1786362596.283,314.68
1786362596.384,312.932
1786362596.485,312.876
1786362596.585,315.348
1786362596.686,315.472
1786362596.787,315.52
1786362596.887,315.399
1786362596.988,315.28
1786362597.088,315.313
1786362597.189,315.368
1786362597.289,314.043
1786362597.389,314.114
1786362597.490,315.965
1786362597.591,316.118
1786362597.691,316.363
1786362597.792,316.349
1786362597.893,316.307
1786362597.994,316.364
1786362598.095,316.329
1786362598.196,316.329
1786362598.296,314.131
1786362598.397,313.172
1786362598.497,314.472
1786362598.597,314.391
1786362598.698,314.525
1786362598.798,314.499
1786362598.899,314.488
1786362598.999,314.581
1786362599.100,314.567
1786362599.200,311.996
1786362599.301,312.049
1786362599.401,314.383
1786362599.502,314.192
1786362599.602,314.482
1786362599.703,314.79
1786362599.803,314.592
1786362599.903,314.502
1786362600.004,312.569
1786362600.105,312.571
1786362600.206,312.652
1786362600.307,315.255
1786362600.407,315.313
1786362600.508,315.265
1786362600.609,316.423
1786362600.709,316.34
1786362600.810,316.128
1786362600.911,313.52
1786362601.012,313.597
1786362601.113,315.523
1786362601.214,315.587
1786362601.314,315.674
1786362601.414,315.696
1786362601.515,315.914
1786362601.616,315.914
1786362601.717,315.918
1786362601.817,315.979
1786362601.918,314.043
1786362602.018,314.284
1786362602.119,316.907
1786362602.220,316.838
1786362602.321,316.821
1786362602.422,316.702
1786362602.522,315.898
1786362602.623,315.942
1786362602.724,315.839
1786362602.825,313.969
1786362602.927,313.925
1786362603.029,315.847
1786362603.130,314.971
1786362603.232,315.003
1786362603.333,315.002
1786362603.434,314.93
1786362603.536,315.005
1786362603.637,314.372
1786362603.739,314.433
1786362603.840,314.248
1786362603.941,316.123
1786362604.043,316.089
1786362604.144,316.049
1786362604.245,316.708
1786362604.346,316.869
1786362604.447,317.213
1786362604.548,317.275
1786362604.649,314.033
1786362604.750,315.366
1786362604.851,315.256
1786362604.952,315.26
1786362605.053,315.299
1786362605.153,315.331
1786362605.254,315.331
1786362605.354,315.3
1786362605.455,315.278
1786362605.556,314.96
1786362605.657,314.96
1786362605.761,313.14
1786362605.865,316.417
1786362605.969,316.417
1786362606.073,316.616
1786362606.177,316.738
1786362606.281,316.714
1786362606.382,316.674
1786362606.486,315.251
1786362606.589,315.246
1786362606.693,315.051
1786362606.797,315.222
1786362606.901,316.953
1786362607.005,316.882
1786362607.109,316.769
1786362607.213,316.427
1786362607.314,316.223
1786362607.418,314.677
1786362607.522,314.61
1786362607.625,315.872
1786362607.729,315.708
1786362607.833,315.886
1786362607.937,315.655
1786362608.041,315.495
1786362608.144,315.44
1786362608.245,315.501
1786362608.348,314.77
1786362608.449,314.99
1786362608.553,314.66
1786362608.654,314.559
1786362608.757,314.643
1786362608.860,314.77
1786362608.964,314.655
1786362609.068,314.726
1786362609.171,314.792
1786362609.275,314.789
1786362609.379,314.735
1786362609.482,315.576
1786362609.586,313.598
1786362609.688,315.334
1786362609.792,315.378
1786362608.751,314.543
1786362608.855,314.526
1786362608.959,314.546
1786362609.063,314.444
1786362609.167,314.581
1786362609.270,313.206
1786362609.374,313.054
1786362609.478,313.078
1786362609.579,314.843
1786362609.680,315.004
1786362609.780,315.135
1786362609.881,316.097
1786362609.981,316.149
1786362610.082,314.675
1786362610.183,314.766
1786362610.284,314.703
1786362610.384,316.215
1786362610.485,316.47
1786362610.585,316.743
1786362610.686,316.915
1786362610.787,316.884
1786362610.887,316.974
1786362610.988,316.938
1786362611.088,316.878
1786362611.189,315.676
1786362611.290,315.662
1786362611.394,315.661
1786362611.495,315.579
1786362611.595,315.606
1786362611.696,315.353
1786362611.796,315.51
1786362611.897,315.43
1786362611.997,315.306
1786362612.098,315.281
1786362612.198,313.812
1786362612.299,316.444
1786362612.399,316.526
1786362612.499,316.601
1786362612.600,316.601
1786362612.700,316.644
1786362612.801,316.662
1786362612.902,316.639
1786362613.002,316.43
1786362613.103,316.423
1786362613.204,316.619
1786362613.304,316.626
1786362613.405,318.146
1786362613.506,318.215
1786362613.606,316.271
1786362613.707,316.216
1786362613.808,316.167
1786362613.908,315.044
1786362614.009,315.078
1786362614.110,315.047
1786362614.210,315.3
1786362614.311,313.213
1786362614.411,313.248
1786362614.515,313.208
1786362614.616,313.266
1786362614.719,315.423
1786362614.822,315.523
1786362614.926,315.517
1786362615.030,316.625
1786362615.134,316.754
1786362615.236,315.443
1786362615.337,314.865
1786362615.438,316.825
1786362615.538,316.813
1786362615.639,316.859
1786362615.739,316.642
1786362615.840,316.339
1786362615.940,316.3
1786362616.043,314.608
1786362616.147,314.658
1786362616.251,314.594
1786362616.355,315.999
1786362616.456,316.412
1786362616.557,316.471
1786362616.658,316.59
1786362616.758,316.767
1786362616.860,317.004
1786362616.960,316.944
1786362617.061,314.928
1786362617.161,315.821
1786362617.262,315.821
1786362617.363,315.826
1786362617.464,315.753
1786362617.564,315.699
1786362617.665,315.845
1786362617.766,315.693
1786362617.867,315.755
1786362617.967,315.552
1786362618.068,315.434
1786362618.169,313.846
1786362618.270,315.656
1786362618.371,316.395
1786362618.471,316.402
1786362618.572,316.521
1786362618.673,316.52
1786362618.774,316.376
1786362618.874,316.528
1786362618.975,316.477
1786362619.076,315.648
1786362619.177,315.66
1786362619.278,317.456
1786362619.379,316.131
1786362619.480,316.321
1786362619.580,316.324
1786362619.681,316.299
1786362619.781,316.465
1786362619.882,316.541
1786362619.983,316.519
1786362620.084,316.493
1786362620.184,317.481
1786362620.285,317.507
1786362620.386,317.422
1786362620.487,317.497
1786362620.588,317.444
1786362620.688,317.415
1786362620.789,317.436
1786362620.890,317.436
1786362620.991,317.316
1786362621.092,317.407
1786362621.192,317.45
1786362621.293,315.608
1786362621.394,315.353
1786362621.494,315.333
1786362621.595,315.561
1786362621.695,316.952
1786362621.796,317.022
1786362621.897,317.022
1786362621.998,315.175
1786362622.099,315.148
1786362622.200,315.152
1786362622.300,314.988
1786362622.401,316.749
1786362622.502,316.9
1786362622.602,316.961
1786362622.703,316.772
1786362622.804,315.335
1786362622.904,315.305
1786362623.005,315.414
1786362623.106,317.19
1786362623.206,317.16
1786362623.308,316.884
1786362623.408,316.929
1786362623.509,316.831
1786362623.610,315.57
1786362623.711,315.348
1786362623.811,315.162
1786362623.912,316.634
1786362624.013,316.498
1786362624.113,316.474
1786362624.214,315.406
1786362624.315,315.323
1786362624.416,315.468
1786362624.516,315.468
1786362624.617,313.842
1786362624.718,313.916
1786362624.819,315.177
1786362624.919,315.203
1786362625.020,315.347
1786362625.121,315.303
1786362625.224,315.202
1786362625.328,315.129
1786362625.432,316.138
1786362625.535,316.048
1786362625.639,313.758
1786362625.743,315.348
1786362625.847,315.258
1786362625.951,315.116
1786362626.054,315.137
1786362626.157,315.003
1786362626.260,314.991
1786362626.363,315.108
1786362626.464,314.846
1786362626.568,313.346
1786362626.671,313.428
1786362626.774,315.62
1786362626.878,315.815
1786362626.982,315.883
1786362627.086,315.976
1786362627.190,315.266
1786362627.291,315.263
1786362627.395,313.723
1786362627.495,313.695
1786362627.599,313.818
1786362627.703,315.307
1786362627.807,315.309
1786362627.908,315.546
1786362628.010,313.458
1786362628.111,313.418
1786362628.212,313.439
1786362628.313,314.233
1786362628.414,314.473
1786362628.514,316.066
1786362628.615,316.182
1786362628.716,314.419
1786362628.816,314.601
1786362628.917,314.581
1786362629.017,314.373
1786362629.117,316.273
1786362629.220,316.327
1786362629.321,316.353
1786362629.425,315.249
1786362629.529,315.283
1786362629.633,315.226
1786362629.737,315.082
1786362629.838,316.86
1786362629.939,316.666
1786362630.039,315.284
1786362630.140,315.165
1786362630.241,315.167
1786362630.341,315.144
1786362630.441,315.09
1786362630.542,316.148
1786362630.644,315.972
1786362630.748,316.035
1786362630.852,316.209
1786362630.956,316.299
1786362631.060,316.338
1786362631.164,317.769
1786362631.265,316.262
1786362631.365,315.981
1786362631.466,315.947
1786362631.566,315.947
1786362631.667,315.963
1786362631.767,315.977
1786362631.868,315.987
1786362631.972,315.936
1786362632.076,315.807
1786362632.179,315.852
1786362632.283,314.376
1786362632.387,314.451
1786362632.490,316.0
1786362632.591,316.336
1786362632.692,316.593
1786362632.793,316.518
1786362632.893,316.698
1786362632.994,315.337
1786362633.095,315.421
1786362633.195,315.548
1786362633.296,315.464
1786362633.397,316.897
1786362633.498,316.975
1786362633.599,317.006
1786362633.700,317.057
1786362633.800,316.798
1786362633.901,316.539
1786362634.001,315.279
1786362634.102,316.68
1786362634.203,316.703
1786362634.303,316.597
1786362634.404,316.77
1786362634.505,317.067
1786362634.605,315.833
1786362634.706,314.336
1786362634.807,314.243
1786362634.908,314.283
1786362635.008,314.731
1786362635.109,315.738
1786362635.210,315.783
1786362635.311,315.747
1786362635.411,315.832
1786362635.512,315.929
1786362635.612,313.66
1786362635.713,314.915
1786362635.814,314.915
1786362635.914,316.468
1786362636.014,316.594
1786362636.115,316.726
1786362636.215,316.715
1786362636.316,316.886
1786362636.416,316.881
1786362636.517,316.854
1786362636.617,315.467
1786362636.718,315.295
1786362636.818,317.385
1786362636.919,317.387
1786362637.019,317.456
1786362637.120,317.445
1786362637.220,316.663
1786362637.320,316.741
1786362637.421,314.052
1786362637.522,314.051
1786362637.622,314.314
1786362637.723,315.767
1786362637.823,315.858
1786362637.924,315.914
1786362638.024,315.841
1786362638.125,315.831
1786362638.225,315.872
1786362638.326,314.85
1786362638.427,314.809
1786362638.528,317.468
1786362638.628,317.507
1786362638.729,317.392
1786362638.830,317.373
1786362638.931,317.226
1786362639.032,315.835
1786362639.132,315.835
1786362639.233,315.87
1786362639.334,315.909
1786362639.434,315.86
1786362639.535,317.575
1786362639.636,317.528
1786362639.737,317.558
1786362639.838,316.595
1786362639.939,316.532
1786362640.039,316.518
1786362640.140,315.303
1786362640.241,316.24
1786362640.341,316.167
1786362640.442,316.086
1786362640.543,316.093
1786362640.643,316.002
1786362640.744,315.892
1786362640.845,315.846
1786362639.803,316.695
1786362639.904,316.81
1786362640.004,316.63
1786362640.105,317.861
1786362640.206,318.138
1786362640.307,318.108
1786362640.407,318.031
1786362640.508,317.904
1786362640.609,317.978
1786362640.709,317.989
1786362640.810,318.206
1786362640.911,316.123
1786362641.012,315.889
1786362641.113,316.066
1786362641.213,316.05
1786362641.314,316.101
1786362641.415,316.168
1786362641.516,316.226
1786362641.617,316.226
1786362641.717,314.886
1786362641.818,314.927
1786362641.919,314.936
1786362642.021,314.735
1786362642.125,316.691
1786362642.229,316.808
1786362642.333,316.607
1786362642.437,316.468
1786362642.541,316.637
1786362642.643,316.433
1786362642.744,314.592
1786362642.845,316.072
1786362642.949,315.839
1786362643.051,315.781
1786362643.155,315.611
1786362643.258,315.724
1786362643.362,315.623
1786362643.465,315.621
1786362643.569,315.668
1786362643.673,315.425
1786362643.774,315.663
1786362643.876,316.791
1786362643.978,316.364
1786362644.079,316.442
1786362644.181,314.771
1786362644.284,314.877
1786362644.386,314.839
1786362644.488,314.765
1786362644.590,314.932
1786362644.692,314.996
1786362644.793,315.012
1786362644.895,313.15
1786362644.997,313.735
1786362645.100,314.088
1786362645.202,314.172
1786362645.304,315.923
1786362645.405,316.128
1786362645.506,316.134
1786362645.607,316.179
1786362645.707,314.152
1786362645.808,314.321
1786362645.909,314.357
1786362646.009,315.382
1786362646.110,315.449
1786362646.210,315.368
1786362646.311,315.279
1786362646.413,315.233
1786362646.516,313.381
1786362646.616,313.368
1786362646.716,313.362
1786362646.817,315.261
1786362646.917,315.061
1786362647.018,315.11
1786362647.118,315.859
1786362647.218,315.842
1786362647.319,315.806
1786362647.419,315.806
1786362647.519,315.918
1786362647.620,315.899
1786362647.720,316.242
1786362647.821,315.806
1786362647.921,315.76
1786362648.022,315.775
1786362648.122,315.763
1786362648.223,315.7
1786362648.323,315.642
1786362648.424,315.731
1786362648.524,315.864
1786362648.625,316.063
1786362648.725,314.119
1786362648.826,315.504
1786362648.926,316.147
1786362649.026,316.333
1786362649.127,315.473
1786362649.227,315.574
1786362649.328,315.633
1786362649.428,315.53
1786362649.529,313.108
1786362649.629,313.014
1786362649.730,312.809
1786362649.830,314.872
1786362649.930,314.85
1786362650.031,314.803
1786362650.131,314.94
1786362650.232,313.998
1786362650.333,313.986
1786362650.433,313.863
1786362650.534,314.144
1786362650.635,316.573
1786362650.736,316.573
1786362650.836,316.685
1786362650.937,316.783
1786362651.037,316.764
1786362651.137,316.788
1786362651.238,314.936
1786362651.339,314.634
1786362651.439,316.462
1786362651.540,316.275
1786362651.641,316.258
1786362651.741,316.145
1786362651.842,316.104
1786362651.943,316.138
1786362652.044,314.255
1786362652.144,314.201
1786362652.245,314.053
1786362652.346,315.818
1786362652.447,315.99
1786362652.548,315.961
1786362652.648,316.202
1786362652.749,316.31
1786362652.850,316.303
1786362652.950,316.371
1786362653.051,316.289
1786362653.151,316.445
1786362653.251,316.681
1786362653.352,316.774
1786362653.452,316.791
1786362653.552,316.678
1786362653.653,316.723
1786362653.753,316.606
1786362653.854,316.544
1786362653.954,316.51
1786362654.055,316.424
1786362654.156,316.424
1786362654.257,316.622
1786362654.357,317.161
1786362654.458,316.919
1786362654.559,315.549
1786362654.659,315.536
1786362654.760,315.57
1786362654.861,315.553
1786362654.962,315.639
1786362655.062,315.825
1786362655.163,315.867
1786362655.264,315.887
1786362655.365,315.729
1786362655.465,316.877
1786362655.566,316.997
1786362655.667,316.52
1786362655.768,316.484
1786362655.868,316.506
1786362655.969,316.535
1786362656.069,315.99
1786362656.170,315.904
1786362656.271,315.959
1786362656.372,316.034
1786362656.472,314.534
1786362656.573,314.513
1786362656.674,314.441
1786362656.775,316.319
1786362656.876,316.495
1786362656.976,316.442
1786362657.077,316.431
1786362657.178,316.866
1786362657.278,316.809
1786362657.381,316.867
1786362657.483,315.174
1786362657.586,316.543
1786362657.689,316.705
1786362657.792,316.458
1786362657.895,316.445
1786362657.999,316.394
1786362658.102,316.404
1786362658.203,314.979
1786362658.307,315.131
1786362658.410,315.262
1786362658.514,315.217
1786362658.618,316.948
1786362658.722,316.982
1786362658.826,316.806
1786362658.930,317.03
1786362659.034,316.999
1786362659.138,316.969
1786362659.242,317.075
1786362659.346,318.451
1786362659.449,317.125
1786362659.553,317.065
1786362659.657,316.962
1786362659.761,316.904
1786362659.864,314.612
1786362659.968,314.459
1786362660.073,314.573
1786362660.177,314.524
1786362660.281,313.422
1786362660.385,313.278
1786362660.489,313.267
1786362660.593,314.515
1786362660.697,314.407
1786362660.801,314.448
1786362660.905,312.958
1786362661.009,315.119
1786362661.113,315.164
1786362661.217,314.998
1786362661.321,312.147
1786362661.425,313.389
1786362661.528,313.365
1786362661.632,313.357
1786362661.736,313.313
1786362661.840,313.318
1786362661.944,313.234
1786362662.045,314.673
1786362662.146,314.777
1786362662.246,314.818
1786362662.347,314.884
1786362662.447,314.884
1786362662.548,317.769
1786362662.649,315.557
1786362662.753,315.557
1786362662.857,315.671
1786362662.961,315.788
1786362663.065,315.791
1786362663.167,315.728
1786362663.267,314.449
1786362663.368,314.459
1786362663.469,314.5
1786362663.570,314.398
1786362663.670,314.35
1786362663.770,316.294
1786362663.871,316.316
1786362663.972,316.235
1786362664.076,314.715
1786362664.180,314.703
1786362664.284,314.82
1786362664.388,316.141
1786362664.492,316.152
1786362664.595,316.197
1786362664.696,315.271
1786362664.800,312.682
1786362664.904,312.632
1786362665.008,312.601
1786362665.112,312.575
1786362665.216,313.887
1786362665.320,313.854
1786362665.424,313.9
1786362665.528,313.906
1786362665.630,313.869
1786362665.733,313.767
1786362665.833,314.653
1786362665.935,314.739
1786362666.038,314.166
1786362666.140,314.133
1786362666.242,314.168
1786362666.345,314.308
1786362666.447,314.403
1786362666.549,314.503
1786362666.652,314.448
1786362666.754,314.507
1786362666.857,314.6
1786362666.957,314.598
1786362667.058,317.155
1786362667.158,316.778
1786362667.259,316.55
1786362667.360,316.64
1786362667.460,316.697
1786362667.561,316.751
1786362667.662,316.694
1786362667.763,316.701
1786362667.863,316.717
1786362667.964,316.711
1786362668.065,317.064
1786362668.165,317.119
1786362668.266,318.179
1786362668.367,318.611
1786362668.467,318.531
1786362668.567,316.626
1786362668.668,316.728
1786362668.769,316.728
1786362668.869,316.665
1786362668.970,316.679
1786362669.071,316.697
1786362669.172,316.676
1786362669.273,314.722
1786362669.373,314.697
1786362669.474,314.776
1786362669.575,314.729
1786362669.676,314.695
1786362669.777,316.503
1786362669.877,315.261
1786362669.978,315.407
1786362670.079,315.355
1786362670.179,315.423
1786362670.280,315.382
1786362670.381,317.082
1786362670.482,315.114
1786362670.582,315.018
1786362670.683,314.922
1786362670.784,314.905
1786362670.885,314.925
1786362670.985,316.034
1786362671.086,315.913
1786362671.187,314.173
1786362671.287,314.027
1786362671.388,314.015
1786362671.489,314.042
1786362671.590,316.049
1786362671.690,314.705
1786362671.791,314.744
1786362671.892,314.871
1786362671.993,314.872
1786362670.955,314.814
1786362671.056,314.829
1786362671.156,316.601
1786362671.257,316.601
1786362671.357,316.675
1786362671.457,316.827
1786362671.558,316.88
1786362671.658,316.78
1786362671.759,318.192
1786362671.860,316.668
1786362671.960,316.86
1786362672.060,316.911
1786362672.161,316.853
1786362672.261,316.775
1786362672.362,316.735
1786362672.462,316.772
1786362672.563,314.408
1786362672.663,314.292
1786362672.764,314.337
1786362672.864,314.202
1786362672.965,315.657
1786362673.065,314.493
1786362673.166,313.807
1786362673.266,313.674
1786362673.367,313.589
1786362673.467,313.528
1786362673.567,313.239
1786362673.668,315.604
1786362673.768,313.841
1786362673.869,312.931
1786362673.969,312.933
1786362674.070,312.939
1786362674.170,313.819
1786362674.271,314.312
1786362674.371,314.453
1786362674.472,314.453
1786362674.572,314.447
1786362674.673,313.001
1786362674.773,312.974
1786362674.873,312.732
1786362674.974,313.784
1786362675.074,314.611
1786362675.175,314.606
1786362675.275,314.699
1786362675.376,314.616
1786362675.476,314.627
1786362675.577,314.619
1786362675.677,313.202
1786362675.778,314.592
1786362675.878,314.804
1786362675.979,314.988
1786362676.079,315.868
1786362676.180,315.907
1786362676.281,315.977
1786362676.382,315.87
1786362676.483,314.51
1786362676.584,314.54
1786362676.684,314.562
1786362676.785,315.979
1786362676.886,316.152
1786362676.987,316.177
1786362677.088,315.502
1786362677.188,314.231
1786362677.289,314.2
1786362677.389,314.174
1786362677.490,314.237
1786362677.591,315.669
1786362677.691,315.813
1786362677.792,315.921
1786362677.893,316.154
1786362677.994,316.154
1786362678.095,316.207
1786362678.195,314.137
1786362678.296,314.988
1786362678.397,316.127
1786362678.498,316.224
1786362678.599,316.274
1786362678.699,316.278
1786362678.800,316.304
1786362678.901,316.214
1786362679.002,316.224
1786362679.103,315.112
1786362679.204,313.199
1786362679.304,315.203
1786362679.405,315.11
1786362679.506,315.204
1786362679.607,315.169
1786362679.708,315.122
1786362679.808,315.103
1786362679.909,315.148
1786362680.010,313.812
1786362680.110,313.718
1786362680.211,314.657
1786362680.312,316.496
1786362680.412,316.596
1786362680.513,316.432
1786362680.615,316.316
1786362680.717,316.3
1786362680.819,316.525
1786362680.921,316.491
1786362681.022,316.407
1786362681.124,315.614
1786362681.226,315.573
1786362681.327,315.635
1786362681.429,315.65
1786362681.531,315.618
1786362681.632,315.74
1786362681.734,315.721
1786362681.836,315.696
1786362681.937,315.532
1786362682.039,313.791
1786362682.140,313.791
1786362682.241,313.811
1786362682.343,315.912
1786362682.444,315.876
1786362682.546,316.085
1786362682.647,316.155
1786362682.749,316.216
1786362682.850,316.154
1786362682.951,314.327
1786362683.052,314.405
1786362683.154,314.345
1786362683.255,316.261
1786362683.356,316.153
1786362683.457,316.19
1786362683.558,316.281
1786362683.659,316.082
1786362683.760,316.105
1786362683.861,315.946
1786362683.962,315.986
1786362684.062,317.862
1786362684.163,317.947
1786362684.264,316.916
1786362684.364,315.074
1786362684.464,315.18
1786362684.567,315.218
1786362684.671,315.261
1786362684.775,315.247
1786362684.879,314.43
1786362684.982,314.573
1786362685.086,314.783
1786362685.190,314.81
1786362685.292,314.796
1786362685.396,315.919
1786362685.497,317.642
1786362685.598,317.773
1786362685.699,317.83
1786362685.800,317.699
1786362685.900,317.801
1786362686.001,316.71
1786362686.101,316.682
1786362686.202,316.458
1786362686.302,316.444
1786362686.403,316.387
1786362686.506,316.38
1786362686.610,316.382
1786362686.714,316.269
1786362686.817,316.291
1786362686.921,316.304
1786362687.024,316.188
1786362687.128,318.012
1786362687.230,316.556
1786362687.330,316.527
1786362687.431,316.557
1786362687.532,316.532
1786362687.633,316.532
1786362687.733,316.584
1786362687.834,316.57
1786362687.935,314.155
1786362688.036,313.995
1786362688.136,314.078
1786362688.237,314.088
1786362688.338,314.056
1786362688.439,315.583
1786362688.539,315.524
1786362688.640,315.473
1786362688.741,315.551
1786362688.842,315.624
1786362688.943,315.615
1786362689.044,315.906
1786362689.145,315.983
1786362689.246,316.036
1786362689.346,316.105
1786362689.447,314.955
1786362689.548,314.903
1786362689.648,314.977
1786362689.749,315.232
1786362689.849,313.667
1786362689.951,313.483
1786362690.055,313.505
1786362690.159,315.726
1786362690.262,315.829
1786362690.366,315.813
1786362690.467,315.764
1786362690.568,316.907
1786362690.669,316.862
1786362690.769,316.648
1786362690.870,316.285
1786362690.970,315.651
1786362691.071,315.474
1786362691.171,315.31
1786362691.271,315.176
1786362691.372,315.179
1786362691.472,315.036
1786362691.573,315.036
1786362691.673,314.96
1786362691.774,314.928
1786362691.874,314.825
1786362691.974,312.763
1786362692.075,312.819
1786362692.175,314.886
1786362692.275,315.042
1786362692.376,315.242
1786362692.476,315.312
1786362692.576,315.186
1786362692.677,315.315
1786362692.777,315.296
1786362692.878,313.589
1786362692.978,313.624
1786362693.079,315.792
1786362693.179,315.661
1786362693.280,315.627
1786362693.380,315.532
1786362693.481,315.402
1786362693.582,315.368
1786362693.683,313.435
1786362693.784,313.221
1786362693.884,313.224
1786362693.985,314.879
1786362694.086,315.04
1786362694.187,315.102
1786362694.287,315.197
1786362694.388,315.178
1786362694.488,315.143
1786362694.589,312.413
1786362694.689,312.354
1786362694.790,314.168
1786362694.890,314.168
1786362694.991,313.54
1786362695.091,313.692
1786362695.192,313.657
1786362695.292,313.536
1786362695.393,313.471
1786362695.493,313.44
1786362695.594,313.424
1786362695.694,312.13
1786362695.795,314.828
1786362695.895,314.784
1786362695.996,314.841
1786362696.097,315.572
1786362696.197,315.453
1786362696.298,315.608
1786362696.398,315.854
1786362696.499,315.879
1786362696.599,315.94
1786362696.700,316.005
1786362696.800,317.404
1786362696.900,315.276
1786362697.001,315.323
1786362697.102,315.385
1786362697.202,315.44
1786362697.302,315.473
1786362697.403,315.424
1786362697.503,315.207
1786362697.604,315.357
1786362697.704,312.669
1786362697.804,312.859
1786362697.905,312.936
1786362698.005,315.167
1786362698.106,315.116
1786362698.209,315.004
1786362698.310,315.004
1786362698.411,314.997
1786362698.515,314.924
1786362698.618,314.863
1786362698.719,314.846
1786362698.820,314.726
1786362698.920,315.645
1786362699.021,315.438
1786362699.122,315.459
1786362699.223,315.447
1786362699.323,315.764
1786362699.424,315.853
1786362699.524,315.874
1786362699.625,315.834
1786362699.725,315.96
1786362699.826,314.897
1786362699.930,314.857
1786362700.034,316.947
1786362700.138,317.152
1786362700.240,315.263
1786362700.344,315.355
1786362700.445,315.242
1786362700.546,315.365
1786362700.647,315.683
1786362700.748,315.896
1786362700.848,315.927
1786362700.949,317.032
1786362701.049,317.12
1786362701.150,316.917
1786362701.254,315.175
1786362701.358,317.011
1786362701.462,316.964
1786362701.566,316.952
1786362701.667,316.871
1786362701.767,316.675
1786362701.868,316.54
1786362701.969,316.539
1786362702.070,316.66
1786362702.170,316.589
1786362702.271,316.783
1786362702.372,318.418
1786362702.473,318.526
1786362702.573,318.583
1786362702.674,316.588
1786362702.774,316.655
1786362702.875,316.563
1786362702.976,316.601
1786362703.077,316.601
1786362702.033,316.421
1786362702.134,316.321
1786362702.234,316.358
1786362702.335,316.069
1786362702.435,316.106
1786362702.536,315.906
1786362702.637,315.744
1786362702.738,317.8
1786362702.838,317.833
1786362702.939,316.256
1786362703.040,316.223
1786362703.141,316.374
1786362703.241,316.614
1786362703.343,316.621
1786362703.443,316.675
1786362703.544,316.615
1786362703.645,316.804
1786362703.746,316.235
1786362703.847,313.587
1786362703.948,313.365
1786362704.048,315.011
1786362704.149,315.185
1786362704.250,315.176
1786362704.350,314.964
1786362704.451,315.181
1786362704.552,313.55
1786362704.652,313.651
1786362704.753,313.705
1786362704.854,314.531
1786362704.955,317.253
1786362705.056,317.423
1786362705.156,317.484
1786362705.257,317.391
1786362705.358,317.453
1786362705.459,316.118
1786362705.559,316.118
1786362705.660,315.856
1786362705.761,317.441
1786362705.862,317.321
1786362705.962,317.227
1786362706.063,316.995
1786362706.164,316.776
1786362706.264,316.681
1786362706.365,314.811
1786362706.466,314.723
1786362706.567,314.745
1786362706.667,316.097
1786362706.768,316.255
1786362706.869,316.393
1786362706.969,316.446
1786362707.070,316.383
1786362707.171,314.671
1786362707.272,314.598
1786362707.373,314.586
1786362707.477,316.255
1786362707.581,316.397
1786362707.681,316.409
1786362707.785,316.294
1786362707.885,316.28
1786362707.989,314.254
1786362708.089,314.249
1786362708.190,314.266
1786362708.290,315.998
1786362708.391,315.944
1786362708.491,315.903
1786362708.592,315.922
1786362708.692,315.701
1786362708.793,315.566
1786362708.893,313.672
1786362708.993,312.754
1786362709.094,314.354
1786362709.194,314.299
1786362709.294,314.192
1786362709.395,314.192
1786362709.495,314.183
1786362709.596,314.308
1786362709.700,314.358
1786362709.803,314.377
1786362709.903,313.777
1786362710.007,312.767
1786362710.111,314.587
1786362710.215,315.286
1786362710.315,315.594
1786362710.416,315.525
1786362710.517,315.618
1786362710.617,315.918
1786362710.717,315.838
1786362710.818,315.871
1786362710.918,313.603
1786362711.019,314.32
1786362711.119,315.164
1786362711.219,315.268
1786362711.320,315.301
1786362711.420,315.245
1786362711.521,315.246
1786362711.621,315.092
1786362711.722,313.511
1786362711.822,313.572
1786362711.923,313.547
1786362712.023,315.764
1786362712.124,315.952
1786362712.225,316.084
1786362712.325,316.119
1786362712.426,316.261
1786362712.527,314.504
1786362712.628,314.691
1786362712.728,314.851
1786362712.829,316.154
1786362712.930,316.308
1786362713.030,316.286
1786362713.131,313.825
1786362713.232,313.825
1786362713.333,313.577
1786362713.434,313.559
1786362713.534,313.454
1786362713.635,313.336
1786362713.735,315.187
1786362713.836,314.501
1786362713.937,312.71
1786362714.037,312.94
1786362714.138,312.905
1786362714.240,312.886
1786362714.340,315.43
1786362714.441,315.576
1786362714.542,315.633
1786362714.643,314.449
1786362714.744,313.683
1786362714.844,313.626
1786362714.945,314.202
1786362715.045,316.065
1786362715.146,316.008
1786362715.247,316.0
1786362715.348,316.106
1786362715.448,316.133
1786362715.549,313.984
1786362715.650,313.91
1786362715.751,315.261
1786362715.852,316.12
1786362715.952,316.307
1786362716.053,316.506
1786362716.153,316.562
1786362716.254,316.574
1786362716.354,316.675
1786362716.454,316.713
1786362716.555,316.87
1786362716.655,316.87
1786362716.755,316.599
1786362716.856,317.002
1786362716.956,317.085
1786362717.056,317.203
1786362717.157,317.225
1786362717.257,317.172
1786362717.358,317.253
1786362717.458,317.299
1786362717.558,317.192
1786362717.659,317.174
1786362717.759,316.956
1786362717.859,319.468
1786362717.960,319.286
1786362718.060,317.385
1786362718.161,317.265
1786362718.261,317.123
1786362718.361,317.037
1786362718.462,316.997
1786362718.562,316.82
1786362718.662,316.706
1786362718.763,314.469
1786362718.863,314.814
1786362718.963,314.7
1786362719.064,314.726
1786362719.164,316.607
1786362719.265,316.459
1786362719.369,316.475
1786362719.469,316.542
1786362719.573,316.378
1786362719.677,314.785
1786362719.777,314.912
1786362719.877,315.915
1786362719.978,315.678
1786362720.078,315.678
1786362720.179,315.718
1786362720.279,315.606
1786362720.379,315.69
1786362720.480,315.8
1786362720.581,315.815
1786362720.681,313.924
1786362720.781,314.074
1786362720.881,315.0
1786362720.982,314.958
1786362721.083,316.149
1786362721.183,316.043
1786362721.284,315.967
1786362721.384,315.922
1786362721.484,315.76
1786362721.584,315.813
1786362721.685,315.989
1786362721.785,315.94
1786362721.885,315.787
1786362721.986,316.517
1786362722.086,316.527
1786362722.186,316.671
1786362722.287,316.844
1786362722.387,316.813
1786362722.492,314.219
1786362722.592,314.164
1786362722.693,314.028
1786362722.793,313.792
1786362722.894,315.639
1786362722.994,315.647
1786362723.095,315.666
1786362723.195,315.686
1786362723.295,315.686
1786362723.396,315.625
1786362723.496,313.916
1786362723.597,313.998
1786362723.697,316.673
1786362723.798,315.987
1786362723.898,316.051
1786362723.999,316.187
1786362724.099,316.42
1786362724.200,316.552
1786362724.301,316.56
1786362724.401,316.574
1786362724.502,316.523
1786362724.602,316.734
1786362724.703,316.678
1786362724.803,316.658
1786362724.904,317.331
1786362725.004,317.275
1786362725.105,315.976
1786362725.205,315.7
1786362725.306,315.711
1786362725.406,315.59
1786362725.506,313.859
1786362725.607,313.912
1786362725.708,315.216
1786362725.808,315.118
1786362725.909,315.026
1786362726.009,314.973
1786362726.109,314.934
1786362726.210,316.11
1786362726.311,315.422
1786362726.411,314.134
1786362726.512,314.134
1786362726.612,313.978
1786362726.712,315.584
1786362726.813,315.423
1786362726.913,315.566
1786362727.014,315.646
1786362727.114,315.846
1786362727.215,315.778
1786362727.315,315.896
1786362727.415,315.769
1786362727.516,314.924
1786362727.616,315.911
1786362727.717,316.067
1786362727.817,316.067
1786362727.918,316.07
1786362728.018,315.865
1786362728.119,315.85
1786362728.219,315.667
1786362728.320,313.947
1786362728.420,313.803
1786362728.521,313.752
1786362728.621,315.143
1786362728.722,315.488
1786362728.822,315.513
1786362728.923,315.534
1786362729.023,315.532
1786362729.124,315.619
1786362729.224,315.584
1786362729.324,313.593
1786362729.425,315.369
1786362729.526,315.515
1786362729.626,315.634
1786362729.727,315.634
1786362729.828,315.847
1786362729.928,315.61
1786362730.029,315.602
1786362730.129,315.824
1786362730.229,315.856
1786362730.330,314.69
1786362730.431,312.969
1786362730.531,314.886
1786362730.632,314.912
1786362730.732,314.844
1786362730.832,314.797
1786362730.933,314.709
1786362731.033,314.628
1786362731.134,314.65
1786362731.234,314.448
1786362731.335,314.373
1786362731.435,315.537
1786362731.536,317.191
1786362731.636,317.195
1786362731.737,317.14
1786362731.838,317.13
1786362731.938,317.146
1786362732.039,317.092
1786362732.139,317.359
1786362732.240,317.286
1786362732.340,317.128
1786362732.441,317.151
1786362732.541,317.137
1786362732.641,315.735
1786362732.742,315.766
1786362732.842,315.846
1786362732.943,315.105
1786362733.043,315.105
1786362733.144,315.098
1786362733.244,315.197
1786362733.345,315.251
1786362733.445,315.355
1786362733.545,315.488
1786362733.646,314.915
1786362733.746,314.995
1786362733.847,314.108
1786362733.947,314.105
1786362734.048,314.167
1786362734.148,314.963
1786362734.248,315.145
1786362733.187,315.246
1786362733.287,315.137
1786362733.388,312.958
1786362733.488,313.003
1786362733.589,313.702
1786362733.690,313.539
1786362733.790,315.905
1786362733.891,316.041
1786362733.991,316.003
1786362734.092,315.951
1786362734.192,314.176
1786362734.292,313.596
1786362734.393,313.594
1786362734.493,315.822
1786362734.594,315.806
1786362734.694,315.838
1786362734.795,316.069
1786362734.895,316.361
1786362734.996,314.345
1786362735.097,314.345
1786362735.197,314.511
1786362735.298,314.638
1786362735.398,316.359
1786362735.498,316.868
1786362735.599,316.825
1786362735.699,316.81
1786362735.800,316.823
1786362735.900,316.773
1786362736.001,314.246
1786362736.101,314.015
1786362736.202,315.951
1786362736.302,315.752
1786362736.402,315.606
1786362736.503,315.509
1786362736.603,315.511
1786362736.704,314.151
1786362736.804,313.929
1786362736.905,313.874
1786362737.005,313.878
1786362737.105,316.299
1786362737.206,316.471
1786362737.306,316.425
1786362737.406,316.424
1786362737.507,316.517
1786362737.608,316.516
1786362737.708,316.487
1786362737.809,317.761
1786362737.909,317.91
1786362738.009,316.618
1786362738.110,316.638
1786362738.211,316.66
1786362738.311,316.556
1786362738.411,316.634
1786362738.512,316.634
1786362738.612,316.678
1786362738.713,316.731
1786362738.813,316.799
1786362738.913,316.91
1786362739.014,315.354
1786362739.114,315.294
1786362739.215,316.662
1786362739.315,316.713
1786362739.415,316.929
1786362739.516,315.784
1786362739.616,315.803
1786362739.716,314.459
1786362739.817,314.427
1786362739.917,314.398
1786362740.018,314.295
1786362740.118,315.921
1786362740.219,315.958
1786362740.319,314.586
1786362740.419,314.435
1786362740.520,314.217
1786362740.620,315.282
1786362740.721,315.223
1786362740.821,316.527
1786362740.922,316.426
1786362741.022,316.443
1786362741.122,316.444
1786362741.223,314.7
1786362741.323,314.676
1786362741.424,316.106
1786362741.524,316.121
1786362741.625,315.994
1786362741.726,315.895
1786362741.827,315.785
1786362741.927,315.719
1786362742.028,315.719
1786362742.128,315.688
1786362742.228,313.878
1786362742.329,313.682
1786362742.429,315.205
1786362742.530,315.076
1786362742.630,314.392
1786362742.731,314.311
1786362742.831,314.319
1786362742.931,312.516
1786362743.032,312.421
1786362743.132,312.319
1786362743.233,312.304
1786362743.333,314.046
1786362743.433,314.193
1786362743.534,314.364
1786362743.634,314.363
1786362743.735,314.845
1786362743.835,315.064
1786362743.936,315.003
1786362744.036,316.83
1786362744.140,315.06
1786362744.240,315.627
1786362744.341,315.714
1786362744.441,315.686
1786362744.542,315.648
1786362744.642,314.765
1786362744.743,314.85
1786362744.843,315.018
1786362744.944,314.613
1786362745.044,314.693
1786362745.145,312.722
1786362745.245,312.722
1786362745.346,314.608
1786362745.446,314.192
1786362745.546,314.204
1786362745.647,314.152
1786362745.747,314.22
1786362745.848,315.078
1786362745.949,315.214
1786362746.049,313.879
1786362746.150,314.101
1786362746.251,314.227
1786362746.351,316.2
1786362746.451,316.298
1786362746.552,316.531
1786362746.653,316.52
1786362746.753,316.67
1786362746.853,316.696
1786362746.954,316.775
1786362747.054,316.756
1786362747.155,318.082
1786362747.255,316.649
1786362747.356,316.679
1786362747.456,316.738
1786362747.557,316.743
1786362747.657,316.499
1786362747.758,316.547
1786362747.858,316.44
1786362747.959,314.774
1786362748.060,314.682
1786362748.160,314.682
1786362748.261,314.595
1786362748.362,314.48
1786362748.463,316.122
1786362748.563,316.126
1786362748.664,314.328
1786362748.765,314.222
1786362748.866,314.244
1786362748.966,314.435
1786362749.067,314.589
1786362749.167,316.251
1786362749.268,316.344
1786362749.368,316.358
1786362749.469,316.373
1786362749.569,316.222
1786362749.670,316.133
1786362749.770,317.945
1786362749.871,317.009
1786362749.971,317.097
1786362750.072,316.973
1786362750.172,316.879
1786362750.273,316.895
1786362750.373,316.919
1786362750.474,316.96
1786362750.574,317.099
1786362750.675,317.386
1786362750.775,317.49
1786362750.876,315.295
1786362750.976,316.368
1786362751.077,316.554
1786362751.177,316.554
1786362751.278,316.584
1786362751.378,316.728
1786362751.479,316.874
1786362751.579,316.858
1786362751.680,315.145
1786362751.780,315.137
1786362751.881,314.965
1786362751.981,315.052
1786362752.082,317.287
1786362752.182,317.407
1786362752.282,317.301
1786362752.383,317.129
1786362752.484,317.114
1786362752.584,316.436
1786362752.685,316.35
1786362752.785,318.042
1786362752.886,315.699
1786362752.986,315.72
1786362753.087,315.641
1786362753.187,315.678
1786362753.288,315.607
1786362753.388,315.595
1786362753.489,315.801
1786362753.589,313.946
1786362753.689,314.611
1786362753.790,314.71
1786362753.890,314.956
1786362753.991,317.369
1786362754.091,317.412
1786362754.192,317.415
1786362754.292,317.415
1786362754.393,317.346
1786362754.493,317.348
1786362754.594,317.361
1786362754.694,317.341
1786362754.794,319.207
1786362754.895,319.206
1786362754.995,318.563
1786362755.096,316.702
1786362755.196,316.552
1786362755.297,316.477
1786362755.397,316.587
1786362755.497,316.597
1786362755.598,316.579
1786362755.698,316.566
1786362755.799,316.422
1786362755.899,316.469
1786362755.999,314.973
1786362756.100,315.336
1786362756.200,317.061
1786362756.301,317.081
1786362756.401,317.023
1786362756.502,316.906
1786362756.602,317.011
1786362756.703,317.039
1786362756.803,317.066
1786362756.903,315.463
1786362757.004,315.399
1786362757.104,316.9
1786362757.205,317.33
1786362757.306,317.398
1786362757.406,317.398
1786362757.506,317.489
1786362757.607,317.531
1786362757.707,317.75
1786362757.808,317.728
1786362757.908,317.729
1786362758.009,316.208
1786362758.109,317.957
1786362758.210,317.924
1786362758.310,317.778
1786362758.411,317.559
1786362758.511,317.407
1786362758.611,317.154
1786362758.712,317.03
1786362758.812,314.336
1786362758.913,314.186
1786362759.014,314.017
1786362759.114,315.293
1786362759.215,315.266
1786362759.315,315.379
1786362759.416,315.276
1786362759.520,315.267
1786362759.620,313.91
1786362759.721,313.916
1786362759.821,314.037
1786362759.922,316.389
1786362760.022,316.417
1786362760.123,316.547
1786362760.223,316.696
1786362760.324,316.641
1786362760.424,316.492
1786362760.525,316.748
1786362760.625,314.814
1786362760.726,314.814
1786362760.826,316.319
1786362760.927,316.61
1786362761.027,316.575
1786362761.127,316.654
1786362761.228,316.669
1786362761.328,316.639
1786362761.429,316.51
1786362761.529,316.442
1786362761.630,314.621
1786362761.730,314.427
1786362761.831,316.455
1786362761.932,316.221
1786362762.033,316.139
1786362762.133,316.136
1786362762.234,316.321
1786362762.334,314.758
1786362762.434,314.762
1786362762.535,315.055
1786362762.635,314.348
1786362762.736,316.104
1786362762.836,316.148
1786362762.937,316.186
1786362763.037,316.377
1786362763.138,316.313
1786362763.238,316.449
1786362763.339,316.545
1786362763.439,318.151
1786362763.540,318.187
1786362763.640,315.84
1786362763.741,316.576
1786362763.841,316.626
1786362763.942,316.596
1786362764.042,316.596
1786362764.143,316.527
1786362764.243,316.473
1786362764.343,316.516
1786362764.445,316.404
1786362764.545,316.206
1786362764.645,316.301
1786362764.746,316.302
1786362764.846,318.466
1786362764.947,318.533
1786362765.047,318.605
1786362765.147,317.271
1786362765.248,316.959
1786362764.176,316.994
1786362764.276,317.0
1786362764.377,317.037
1786362764.477,316.976
1786362764.578,316.896
1786362764.678,314.336
1786362764.779,314.354
1786362764.879,314.381
1786362764.979,314.478
1786362765.080,315.816
1786362765.180,316.128
1786362765.281,316.086
1786362765.381,316.039
1786362765.482,316.02
1786362765.582,315.993
1786362765.683,316.094
1786362765.783,317.083
1786362765.884,317.03
1786362765.984,317.024
1786362766.085,317.024
1786362766.185,316.947
1786362766.285,317.078
1786362766.386,317.323
1786362766.487,317.342
1786362766.587,317.433
1786362766.688,315.093
1786362766.788,315.262
1786362766.889,315.124
1786362766.989,316.531
1786362767.089,316.508
1786362767.190,316.301
1786362767.290,316.26
1786362767.390,316.227
1786362767.491,314.306
1786362767.591,314.315
1786362767.692,314.324
1786362767.792,316.62
1786362767.893,316.295
1786362767.993,316.2
1786362768.093,316.501
1786362768.194,316.655
1786362768.294,316.836
1786362768.394,314.431
1786362768.495,314.646
1786362768.595,316.374
1786362768.696,316.358
1786362768.796,316.259
1786362768.897,316.298
1786362768.997,316.449
1786362769.098,316.548
1786362769.198,316.464
1786362769.298,316.464
1786362769.399,314.812
1786362769.499,314.849
1786362769.600,317.348
1786362769.704,317.198
1786362769.805,317.068
1786362769.905,316.626
1786362770.005,316.836
1786362770.106,316.879
1786362770.206,316.92
1786362770.307,315.338
1786362770.407,315.386
1786362770.508,317.085
1786362770.608,317.059
1786362770.709,317.065
1786362770.809,316.968
1786362770.909,317.075
1786362771.010,317.545
1786362771.111,315.859
