t,gpu0_w
1784920750.625,28.699
1784920750.742,28.689
1784920750.843,28.685
1784920750.943,28.673
1784920751.043,28.671
1784920751.143,28.657
1784920751.244,28.642
1784920751.344,28.638
1784920751.444,28.619
1784920751.545,28.641
1784920751.645,28.629
1784920751.745,28.611
1784920751.845,28.593
1784920751.946,28.596
1784920752.046,28.603
1784920752.146,28.586
1784920752.247,28.58
1784920752.347,28.575
1784920752.447,28.565
1784920752.548,28.559
1784920752.648,28.539
1784920752.748,28.543
1784920752.848,28.538
1784920752.949,28.546
1784920753.049,28.557
1784920753.149,28.537
1784920753.249,28.533
1784920753.350,28.519
1784920753.450,28.514
1784920753.550,28.496
1784920753.651,28.485
1784920753.751,28.473
1784920753.852,28.46
1784920753.952,28.46
1784920754.052,28.46
1784920754.153,28.421
1784920754.253,28.433
1784920754.353,28.426
1784920754.453,28.421
1784920754.554,28.411
1784920754.654,28.414
1784920754.754,28.415
1784920754.855,28.418
1784920754.955,28.413
1784920755.055,28.421
1784920755.156,28.423
1784920755.256,28.434
1784920755.356,28.42
1784920755.456,28.558
1784920755.557,30.506
1784920755.657,32.604
1784920755.758,56.223
1784920755.858,93.274
1784920755.958,132.106
1784920756.059,173.244
1784920756.159,183.116
1784920756.259,208.581
1784920756.360,234.16
1784920756.460,259.38
1784920756.560,284.601
1784920756.661,308.17
1784920756.761,331.459
1784920756.861,332.639
1784920756.962,320.287
1784920757.062,303.053
1784920757.162,290.039
1784920757.263,290.802
1784920757.363,290.253
1784920757.463,289.706
1784920757.563,289.423
1784920757.664,288.874
1784920757.764,288.244
1784920757.864,287.86
1784920757.965,288.128
1784920758.065,284.925
1784920758.165,288.087
1784920758.266,297.64
1784920758.366,296.876
1784920758.466,313.18
1784920758.566,319.675
1784920758.667,319.897
1784920758.767,320.237
1784920758.867,320.578
1784920758.968,320.654
1784920759.068,317.109
1784920759.168,320.6
1784920759.268,320.691
1784920759.369,322.535
1784920759.469,323.19
1784920759.569,307.054
1784920759.670,300.586
1784920759.770,293.313
1784920759.870,289.64
1784920759.970,289.662
1784920760.071,285.966
1784920760.171,289.373
1784920760.271,289.374
1784920760.372,289.576
1784920760.472,289.244
1784920760.572,289.655
1784920760.672,289.595
1784920760.773,289.564
1784920760.873,296.807
1784920760.974,300.493
1784920761.074,296.419
1784920761.174,292.362
1784920761.275,286.062
1784920761.375,278.487
1784920761.475,276.224
1784920761.575,274.838
1784920761.676,274.524
1784920761.776,267.296
1784920761.876,265.464
1784920761.977,264.733
1784920762.077,262.917
1784920762.177,265.171
1784920762.277,272.715
1784920762.378,279.188
1784920762.478,284.201
1784920762.578,282.307
1784920762.679,283.904
1784920762.779,284.238
1784920762.879,291.382
1784920762.979,292.968
1784920763.080,292.71
1784920763.180,294.511
1784920763.280,293.707
1784920763.381,294.015
1784920763.481,293.804
1784920763.581,296.492
1784920763.682,300.667
1784920763.782,300.76
1784920763.882,300.62
1784920763.982,300.861
1784920764.083,300.573
1784920764.183,301.469
1784920764.283,301.416
1784920764.385,296.777
1784920764.485,297.151
1784920764.586,297.425
1784920764.686,297.301
1784920764.786,297.381
1784920764.886,294.342
1784920764.987,294.285
1784920765.087,293.548
1784920765.187,294.034
1784920765.288,293.935
1784920765.388,294.075
1784920765.488,301.279
1784920765.589,294.866
1784920765.689,294.659
1784920765.789,295.099
1784920765.889,295.139
1784920765.990,298.071
1784920766.090,297.049
1784920766.190,297.865
1784920766.291,298.213
1784920766.391,298.365
1784920766.491,298.343
1784920766.591,298.376
1784920766.692,304.401
1784920766.792,304.461
1784920766.892,298.213
1784920766.993,298.473
1784920767.093,297.709
1784920767.193,298.769
1784920767.293,298.7
1784920767.394,298.423
1784920767.494,298.519
1784920767.594,298.399
1784920767.695,298.24
1784920767.795,298.322
1784920767.895,298.317
1784920767.996,300.759
1784920768.096,299.256
1784920768.196,299.601
1784920768.297,299.553
1784920768.397,299.52
1784920768.497,298.676
1784920768.597,295.689
1784920768.698,294.365
1784920768.798,291.89
1784920768.899,290.968
1784920768.999,290.69
1784920769.099,297.299
1784920769.200,303.042
1784920769.300,303.042
1784920769.400,298.48
1784920769.501,297.887
1784920769.601,298.827
1784920769.701,301.801
1784920769.801,303.298
1784920769.902,305.738
1784920770.002,305.447
1784920770.103,307.638
1784920770.203,300.441
1784920770.303,293.628
1784920770.404,293.853
1784920770.504,279.513
1784920770.604,261.131
1784920770.708,241.769
1784920770.809,222.459
1784920770.909,192.719
1784920771.010,183.539
1784920771.110,174.127
1784920771.211,175.623
1784920771.311,177.379
1784920771.411,167.931
1784920771.511,178.377
1784920771.612,192.812
1784920771.712,210.403
1784920771.813,229.595
1784920771.913,248.805
1784920772.013,267.469
1784920772.113,286.78
1784920772.214,296.654
1784920772.314,294.385
1784920772.414,292.45
1784920772.515,282.472
1784920772.615,284.301
1784920772.715,285.727
1784920772.816,287.073
1784920772.916,283.915
1784920773.016,283.265
1784920773.117,283.358
1784920773.217,283.265
1784920773.317,284.223
1784920773.417,286.565
1784920773.518,288.313
1784920773.618,298.64
1784920773.718,298.963
1784920773.819,293.582
1784920773.919,273.5
1784920774.019,256.599
1784920774.120,270.719
1784920774.220,285.621
1784920774.320,297.614
1784920774.420,297.907
1784920774.521,298.181
1784920774.621,298.604
1784920774.721,299.328
1784920774.822,299.025
1784920774.922,302.554
1784920775.022,320.897
1784920775.123,339.908
1784920775.223,323.684
1784920775.324,306.106
1784920775.424,293.995
1784920775.524,293.512
1784920775.625,293.287
1784920775.725,276.091
1784920775.825,256.698
1784920775.925,237.736
1784920776.026,220.813
1784920776.126,203.281
1784920776.226,185.038
1784920776.327,168.549
1784920776.428,151.105
1784920776.529,133.373
1784920776.630,114.036
1784920776.730,94.585
1784920776.830,91.624
1784920776.931,91.037
1784920777.031,90.789
1784920777.131,90.516
1784920777.232,90.384
1784920777.332,90.232
1784920777.432,90.193
1784920777.533,87.617
1784920777.633,84.474
1784920777.745,81.537
1784920777.845,78.534
1784920777.946,76.023
1784920778.046,73.424
1784920778.146,70.344
1784920778.247,67.316
1784920778.347,62.893
1784920778.448,58.188
1784920778.548,53.521
1784920778.648,51.421
1784920778.749,49.825
1784920778.849,48.026
1784920778.950,46.301
1784920779.051,44.458
1784920779.151,42.619
1784920779.251,40.779
1784920779.352,38.921
1784920779.453,38.439
1784920779.553,38.211
1784920779.653,37.883
1784920779.755,37.579
1784920779.856,37.353
1784920779.956,37.12
1784920780.056,36.855
1784920780.157,36.291
1784920780.262,35.581
1784920780.363,34.949
1784920780.463,35.206
1784920780.563,36.076
1784920780.664,36.787
1784920780.764,55.21
1784920780.864,74.581
1784920780.965,96.48
1784920781.065,127.514
1784920781.165,141.96
1784920781.266,165.77
1784920781.366,188.11
1784920781.467,208.675
1784920781.567,229.729
1784920781.667,251.46
1784920781.768,274.143
1784920781.868,278.595
1784920781.968,282.125
1784920782.069,282.879
1784920782.169,283.364
1784920782.269,287.2
1784920782.370,287.799
1784920782.470,290.679
1784920782.570,293.686
1784920782.671,296.65
1784920782.771,296.78
1784920782.871,296.344
1784920782.972,295.865
1784920783.072,290.418
1784920783.172,301.692
1784920783.273,299.793
1784920783.373,295.649
1784920783.473,295.067
1784920783.574,293.103
1784920783.674,292.678
1784920783.774,290.8
1784920783.875,291.433
1784920783.975,291.887
1784920784.075,292.941
1784920784.176,298.668
1784920784.276,289.555
1784920784.376,288.822
1784920784.477,288.384
1784920784.577,287.247
1784920784.677,289.096
1784920784.778,290.804
1784920784.878,290.758
1784920784.978,290.049
1784920785.078,288.951
1784920785.179,288.356
1784920785.279,288.078
1784920785.379,286.699
1784920785.480,286.604
1784920785.580,288.466
1784920785.681,290.548
1784920785.781,288.144
1784920785.882,285.926
1784920785.982,286.731
1784920786.082,286.135
1784920786.183,287.9
1784920786.283,289.065
1784920786.383,290.359
1784920786.484,292.274
1784920786.584,295.885
1784920786.684,293.594
1784920786.784,306.273
1784920786.885,309.912
1784920786.985,309.653
1784920787.086,309.819
1784920787.186,312.197
1784920787.286,312.648
1784920787.386,312.563
1784920787.487,312.045
1784920787.587,311.354
1784920787.687,311.002
1784920787.788,312.93
1784920787.888,300.42
1784920787.988,301.277
1784920788.088,296.288
1784920788.189,296.648
1784920788.289,296.709
1784920788.389,296.592
1784920788.490,297.07
1784920788.590,297.764
1784920788.690,298.298
1784920788.791,298.623
1784920788.891,298.259
1784920788.991,297.83
1784920789.092,302.022
1784920789.192,301.893
1784920789.292,301.43
1784920789.393,297.051
1784920789.493,304.865
1784920789.594,303.956
1784920789.694,303.774
1784920789.794,303.637
1784920789.895,303.341
1784920789.995,302.669
1784920790.095,303.578
1784920790.196,304.38
1784920790.296,304.768
1784920790.396,302.829
1784920790.496,306.539
1784920790.597,298.12
1784920790.697,298.883
1784920790.797,293.5
1784920790.898,293.412
1784920790.998,293.211
1784920791.098,293.893
1784920791.199,293.012
1784920791.299,292.262
1784920791.399,292.025
1784920791.500,294.367
1784920791.600,294.928
1784920791.700,295.375
1784920791.800,295.835
1784920791.901,301.239
1784920792.001,301.105
1784920792.101,301.415
1784920792.202,300.194
1784920792.302,301.096
1784920792.402,301.185
1784920792.503,301.895
1784920792.603,301.781
1784920792.703,301.676
1784920792.803,301.472
1784920792.904,301.267
1784920793.004,300.203
1784920793.104,294.116
1784920793.205,310.243
1784920793.305,325.416
1784920793.405,329.596
1784920793.506,330.237
1784920793.606,333.006
1784920793.706,330.093
1784920793.806,330.504
1784920793.907,330.576
1784920794.007,329.896
1784920794.107,330.636
1784920794.208,337.521
1784920794.308,321.251
1784920794.408,307.754
1784920794.508,303.238
1784920794.609,299.432
1784920794.709,298.719
1784920794.809,299.236
1784920794.910,298.85
1784920795.010,298.08
1784920795.110,298.807
1784920795.211,299.378
1784920795.311,298.772
1784920795.411,296.735
1784920795.511,296.296
1784920795.612,296.695
1784920795.712,300.41
1784920795.812,300.532
1784920795.916,297.585
1784920796.016,311.954
1784920796.116,324.976
1784920796.216,330.739
1784920796.317,331.183
1784920796.417,331.326
1784920796.517,333.995
1784920796.618,334.248
1784920796.718,334.54
1784920796.818,334.389
1784920796.919,334.552
1784920797.019,336.843
1784920797.119,322.759
1784920797.219,305.551
1784920797.320,299.639
1784920797.420,298.757
1784920797.520,299.347
1784920797.621,299.3
1784920797.721,299.437
1784920797.821,299.202
1784920797.921,298.309
1784920798.022,298.243
1784920798.122,298.161
1784920798.222,292.835
1784920798.323,299.481
1784920798.423,299.44
1784920798.523,300.012
1784920798.624,299.906
1784920798.724,299.417
1784920798.824,298.851
1784920798.924,298.426
1784920799.025,298.463
1784920799.125,298.397
1784920799.225,299.258
1784920799.326,303.936
1784920799.426,302.901
1784920799.526,302.979
1784920799.626,302.339
1784920799.727,302.183
1784920799.827,299.266
1784920799.927,313.997
1784920800.028,327.65
1784920800.128,337.71
1784920800.228,338.224
1784920800.329,335.554
1784920800.429,333.45
1784920800.529,331.842
1784920800.630,331.805
1784920800.730,331.797
1784920800.830,331.267
1784920800.931,334.583
1784920801.031,319.511
1784920801.131,306.492
1784920801.232,300.742
1784920801.332,300.652
1784920801.432,300.544
1784920801.532,302.791
1784920801.633,304.509
1784920801.733,283.619
1784920801.835,263.277
1784920801.936,248.431
1784920802.036,229.192
1784920802.137,210.716
1784920802.237,191.142
1784920802.337,171.574
1784920802.438,152.01
1784920802.538,132.476
1784920802.638,113.55
1784920802.738,93.692
1784920802.840,93.743
1784920802.940,93.051
1784920803.041,92.794
1784920803.141,104.821
1784920803.241,123.365
1784920803.341,142.706
1784920803.442,161.54
1784920803.542,180.235
1784920803.642,199.147
1784920803.743,218.236
1784920803.843,237.909
1784920803.943,256.68
1784920804.044,275.423
1784920804.144,294.92
1784920804.244,302.386
1784920804.345,303.219
1784920804.445,303.031
1784920804.545,303.36
1784920804.645,304.146
1784920804.746,304.231
1784920804.846,282.092
1784920804.946,278.268
1784920805.047,294.792
1784920805.147,295.112
1784920805.247,294.736
1784920805.348,294.883
1784920805.448,295.001
1784920805.548,292.451
1784920805.649,292.678
1784920805.749,292.51
1784920805.849,292.829
1784920805.950,313.101
1784920806.050,318.268
1784920806.150,302.144
1784920806.250,302.672
1784920806.351,300.136
1784920806.451,316.848
1784920806.551,319.057
1784920806.652,322.052
1784920806.752,322.187
1784920806.852,321.936
1784920806.953,322.41
1784920807.053,321.255
1784920807.153,322.189
1784920807.253,322.444
1784920807.354,322.274
1784920807.454,324.461
1784920807.554,308.131
1784920807.655,307.382
1784920807.755,321.827
1784920807.855,334.529
1784920807.955,345.146
1784920808.056,345.274
1784920808.156,345.305
1784920808.256,344.876
1784920808.357,344.486
1784920808.457,344.461
1784920808.557,345.203
1784920808.658,344.432
1784920808.758,342.096
1784920808.858,326.989
1784920808.958,313.766
1784920809.059,302.703
1784920809.159,301.771
1784920809.259,297.256
1784920809.360,298.094
1784920809.460,298.581
1784920809.560,298.907
1784920809.661,299.148
1784920809.761,299.698
1784920809.861,299.697
1784920809.961,300.43
1784920810.062,300.422
1784920810.162,300.922
1784920810.262,300.898
1784920810.363,310.106
1784920810.463,319.758
1784920810.563,317.555
1784920810.663,317.475
1784920810.764,317.091
1784920810.864,317.112
1784920810.964,317.097
1784920811.065,316.483
1784920811.165,316.758
1784920811.265,317.239
1784920811.365,317.203
1784920811.466,313.203
1784920811.566,298.485
1784920811.667,299.326
1784920811.767,299.017
1784920811.867,299.115
1784920811.967,299.004
1784920812.068,298.101
1784920812.168,298.135
1784920812.268,297.775
1784920812.369,297.613
1784920812.469,298.055
1784920812.569,297.587
1784920812.670,302.122
1784920812.770,302.999
1784920812.870,302.977
1784920812.970,302.271
1784920813.071,300.782
1784920813.171,300.218
1784920813.272,300.239
1784920813.372,300.605
1784920813.472,300.269
1784920813.572,300.207
1784920813.673,300.224
1784920813.773,299.529
1784920813.873,299.496
1784920813.974,299.155
1784920814.074,298.836
1784920814.174,299.344
1784920814.275,300.6
1784920814.376,296.51
1784920814.476,295.71
1784920814.576,296.028
1784920814.676,296.208
1784920814.777,295.78
1784920814.877,296.585
1784920814.977,296.841
1784920815.078,296.227
1784920815.178,296.828
1784920815.278,297.601
1784920815.379,297.941
1784920815.479,302.311
1784920815.579,300.307
1784920815.679,288.72
1784920815.780,291.391
1784920815.880,291.966
1784920815.980,292.308
1784920816.081,291.86
1784920816.181,292.42
1784920816.281,292.364
1784920816.382,292.87
1784920816.482,292.257
1784920816.582,295.197
1784920816.683,306.356
1784920816.783,303.664
1784920816.883,303.862
1784920816.984,303.424
1784920817.084,303.824
1784920817.184,304.465
1784920817.284,304.926
1784920817.385,304.176
1784920817.486,303.727
1784920817.586,304.145
1784920817.686,304.081
1784920817.787,299.566
1784920817.887,299.233
1784920817.987,298.23
1784920818.087,298.35
1784920818.188,298.324
1784920818.288,298.018
1784920818.388,297.389
1784920818.489,297.893
1784920818.589,297.514
1784920818.689,296.788
1784920818.789,294.026
1784920818.890,295.395
1784920818.990,294.708
1784920819.090,295.368
1784920819.191,295.609
1784920819.291,295.947
1784920819.391,296.129
1784920819.492,296.616
1784920819.592,296.031
1784920819.692,297.011
1784920819.793,297.681
1784920819.893,299.871
1784920819.993,303.343
1784920820.093,303.941
1784920820.194,301.514
1784920820.294,300.948
1784920820.394,300.907
1784920820.495,297.521
1784920820.595,297.097
1784920820.695,297.157
1784920820.796,296.792
1784920820.896,296.092
1784920820.996,296.325
1784920821.096,290.521
1784920821.197,305.816
1784920821.297,323.395
1784920821.397,340.225
1784920821.498,355.183
1784920821.598,367.9
1784920821.698,367.837
1784920821.799,367.981
1784920821.899,368.115
1784920821.999,368.181
1784920822.100,368.152
1784920822.200,373.709
1784920822.300,359.22
1784920822.401,342.927
1784920822.501,326.827
1784920822.602,311.604
1784920822.702,301.706
1784920822.802,302.616
1784920822.902,297.295
1784920823.003,277.473
1784920823.103,257.936
1784920823.204,269.108
1784920823.304,272.345
1784920823.404,271.539
1784920823.504,272.921
1784920823.605,273.162
1784920823.705,272.89
1784920823.805,273.392
1784920823.906,273.362
1784920824.006,279.049
1784920824.106,298.553
1784920824.207,317.275
1784920824.307,283.549
1784920824.407,263.391
1784920824.508,260.607
1784920824.610,274.955
1784920824.710,288.862
1784920824.811,304.941
1784920824.911,320.045
1784920825.011,335.275
1784920825.112,348.27
1784920825.212,349.291
1784920825.312,350.869
1784920825.413,370.478
1784920825.513,387.251
1784920825.613,390.309
1784920825.713,376.166
1784920825.814,362.347
1784920825.914,347.087
1784920826.014,331.299
1784920826.115,315.558
1784920826.215,302.941
1784920826.315,302.594
1784920826.416,302.5
1784920826.516,302.882
1784920826.616,297.455
1784920826.716,297.738
1784920826.817,297.59
1784920826.918,296.825
1784920827.018,295.807
1784920827.118,295.527
1784920827.219,295.922
1784920827.319,294.854
1784920827.419,294.157
1784920827.520,293.511
1784920827.620,286.264
1784920827.720,310.857
1784920827.821,324.491
1784920827.921,328.91
1784920828.021,328.705
1784920828.122,329.008
1784920828.222,329.643
1784920828.322,329.436
1784920828.422,329.942
1784920828.523,330.268
1784920828.623,330.634
1784920828.723,337.383
1784920828.824,321.893
1784920828.924,307.128
1784920829.024,300.44
1784920829.125,299.538
1784920829.225,300.129
1784920829.325,300.328
1784920829.426,299.575
1784920829.526,299.582
1784920829.626,299.343
1784920829.727,299.282
1784920829.827,299.399
1784920829.927,299.547
1784920830.027,298.758
1784920830.128,301.004
1784920830.228,302.628
1784920830.328,301.645
1784920830.429,300.733
1784920830.529,298.607
1784920830.629,298.453
1784920830.730,298.161
1784920830.830,298.25
1784920830.930,296.397
1784920831.031,304.468
1784920831.131,319.954
1784920831.231,331.267
1784920831.332,330.954
1784920831.432,331.975
1784920831.532,332.678
1784920831.632,335.929
1784920831.733,336.222
1784920831.833,336.658
1784920831.933,336.831
1784920832.034,338.162
1784920832.134,329.27
1784920832.234,315.169
1784920832.335,297.548
1784920832.435,298.541
1784920832.536,297.362
1784920832.636,297.659
1784920832.736,297.643
1784920832.837,297.553
1784920832.937,297.541
1784920833.037,297.517
1784920833.138,298.227
1784920833.238,298.436
1784920833.338,298.7
1784920833.438,293.742
1784920833.539,295.475
1784920833.639,296.988
1784920833.739,296.957
1784920833.840,296.608
1784920833.940,297.234
1784920834.040,297.749
1784920834.141,297.433
1784920834.241,297.814
1784920834.341,297.805
1784920834.441,297.248
1784920834.542,307.945
1784920834.642,305.853
1784920834.742,300.593
1784920834.843,302.909
1784920834.943,303.246
1784920835.043,303.214
1784920835.144,302.948
1784920835.244,303.153
1784920835.344,303.294
1784920835.444,303.352
1784920835.545,303.88
1784920835.645,300.671
1784920835.745,301.093
1784920835.846,302.033
1784920835.946,299.08
1784920836.046,298.052
1784920836.147,297.101
1784920836.247,296.2
1784920836.347,296.666
1784920836.448,296.829
1784920836.548,296.733
1784920836.648,295.971
1784920836.748,298.948
1784920836.849,296.764
1784920836.949,298.227
1784920837.049,312.239
1784920837.150,326.79
1784920837.250,343.894
1784920837.350,359.736
1784920837.451,375.316
1784920837.551,389.926
1784920837.651,391.151
1784920837.752,391.028
1784920837.852,391.3
1784920837.952,393.568
1784920838.052,395.664
1784920838.153,382.236
1784920838.253,368.298
1784920838.353,352.441
1784920838.454,337.787
1784920838.554,321.078
1784920838.654,303.468
1784920838.755,302.407
1784920838.855,303.37
1784920838.955,303.358
1784920839.055,303.39
1784920839.156,303.062
1784920839.256,302.046
1784920839.356,302.553
1784920839.457,301.762
1784920839.557,301.845
1784920839.657,299.883
1784920839.758,303.311
1784920839.858,303.42
1784920839.958,303.503
1784920840.058,303.344
1784920840.159,302.099
1784920840.259,302.917
1784920840.359,304.474
1784920840.460,304.382
1784920840.560,305.035
1784920840.660,303.712
1784920840.761,306.025
1784920840.861,305.313
1784920840.961,304.852
1784920841.061,304.941
1784920841.162,304.402
1784920841.262,305.62
1784920841.362,300.849
1784920841.463,300.525
1784920841.563,300.02
1784920841.663,299.771
1784920841.764,301.115
1784920841.864,300.768
1784920841.964,300.109
1784920842.065,301.102
1784920842.165,300.596
1784920842.265,301.302
1784920842.365,301.168
1784920842.466,294.526
1784920842.566,298.442
1784920842.666,298.663
1784920842.767,298.731
1784920842.867,298.014
1784920842.967,299.128
1784920843.067,299.405
1784920843.168,299.09
1784920843.268,299.266
1784920843.368,298.28
1784920843.469,298.465
1784920843.569,309.426
1784920843.669,300.894
1784920843.770,301.085
1784920843.870,301.099
1784920843.970,301.844
1784920844.070,301.908
1784920844.171,301.769
1784920844.271,301.659
1784920844.372,301.468
1784920844.472,302.483
1784920844.572,302.056
1784920844.672,299.954
1784920844.773,304.562
1784920844.873,304.698
1784920844.973,304.111
1784920845.074,303.606
1784920845.174,303.911
1784920845.274,304.415
1784920845.374,304.649
1784920845.475,304.733
1784920845.575,299.557
1784920845.675,302.138
1784920845.776,302.608
1784920845.876,302.197
1784920845.976,301.975
1784920846.076,302.035
1784920846.177,298.767
1784920846.277,298.767
1784920846.377,323.193
1784920846.478,322.934
1784920846.578,322.775
1784920846.678,327.749
1784920846.779,327.838
1784920846.879,327.755
1784920846.979,327.81
1784920847.079,327.403
1784920847.180,327.843
1784920847.280,331.533
1784920847.380,319.582
1784920847.481,307.594
1784920847.581,302.155
1784920847.681,301.899
1784920847.782,302.493
1784920847.882,302.519
1784920847.982,302.546
1784920848.082,301.821
1784920848.183,301.73
1784920848.283,301.13
1784920848.383,300.116
1784920848.484,299.166
1784920848.584,299.187
1784920848.684,305.053
1784920848.785,308.746
1784920848.885,323.088
1784920848.985,325.448
1784920849.132,324.653
1784920849.232,324.366
1784920849.332,325.277
1784920849.433,326.202
1784920849.533,327.062
1784920849.633,328.009
1784920849.734,328.073
1784920849.834,327.637
1784920849.934,324.484
1784920850.034,310.179
1784920850.135,307.284
1784920850.235,307.397
1784920850.335,303.33
1784920850.436,303.163
1784920850.536,302.201
1784920850.636,298.347
1784920850.737,296.086
1784920850.837,293.795
1784920850.937,292.59
1784920851.037,291.043
1784920851.138,288.795
1784920851.238,287.303
1784920851.339,286.292
1784920851.439,289.99
1784920851.539,288.16
1784920851.640,287.061
1784920851.740,285.702
1784920851.840,285.603
1784920851.941,285.696
1784920852.041,286.073
1784920852.141,285.674
1784920852.241,286.744
1784920852.342,288.003
1784920852.442,289.138
1784920852.542,290.152
1784920852.643,291.471
1784920852.743,292.644
1784920852.843,297.208
1784920852.944,297.732
1784920853.044,281.403
1784920853.144,262.799
1784920853.245,244.411
1784920853.345,225.373
1784920853.445,205.874
1784920853.546,186.171
1784920853.646,166.819
1784920853.746,174.447
1784920853.846,188.309
1784920853.947,189.583
1784920854.047,198.85
1784920854.147,205.778
1784920854.248,223.952
1784920854.348,242.462
1784920854.448,262.349
1784920854.549,282.057
1784920854.649,301.767
1784920854.749,321.144
1784920854.850,313.183
1784920854.950,293.755
1784920855.050,299.725
1784920855.151,300.369
1784920855.251,301.499
1784920855.351,299.876
1784920855.451,299.839
1784920855.552,298.236
1784920855.652,294.575
1784920855.752,293.196
1784920855.853,291.697
1784920855.953,290.6
1784920856.053,294.938
1784920856.154,286.486
1784920856.254,285.735
1784920856.354,285.235
1784920856.455,281.983
1784920856.555,264.115
1784920856.655,280.399
1784920856.756,287.792
1784920856.856,289.574
1784920856.956,290.749
1784920857.057,291.687
1784920857.157,293.167
1784920857.257,294.582
1784920857.357,295.792
1784920857.458,296.703
1784920857.558,300.497
1784920857.658,317.805
1784920857.759,301.525
1784920857.859,296.199
1784920857.959,294.543
1784920858.059,288.237
1784920858.160,287.617
1784920858.260,285.873
1784920858.360,284.692
1784920858.461,283.895
1784920858.561,283.941
1784920858.661,284.046
1784920858.762,284.374
1784920858.862,284.171
1784920858.962,286.035
1784920859.063,286.129
1784920859.163,290.731
1784920859.264,290.401
1784920859.364,290.172
1784920859.464,290.568
1784920859.565,304.699
1784920859.665,319.167
1784920859.765,324.791
1784920859.866,324.162
1784920859.966,324.223
1784920860.066,322.436
1784920860.167,322.596
1784920860.267,321.815
1784920860.368,321.513
1784920860.468,321.845
1784920860.568,322.985
1784920860.668,293.866
1784920860.769,289.365
1784920860.870,297.35
1784920860.970,297.35
1784920861.071,301.439
1784920861.171,300.674
1784920861.271,300.968
1784920861.372,301.436
1784920861.472,301.409
1784920861.572,299.673
1784920861.672,298.468
1784920861.773,299.389
1784920861.873,297.725
1784920861.974,290.074
1784920862.074,286.697
1784920862.174,285.638
1784920862.274,285.828
1784920862.375,282.137
1784920862.476,283.513
1784920862.576,283.298
1784920862.677,284.444
1784920862.777,285.208
1784920862.877,286.739
1784920862.978,288.027
1784920863.078,289.728
1784920863.178,290.678
1784920863.279,292.405
1784920863.379,294.466
1784920863.479,298.907
1784920863.580,297.105
1784920863.680,297.376
1784920863.781,295.783
1784920863.881,295.018
1784920863.981,290.388
1784920864.081,289.281
1784920864.182,287.534
1784920864.282,286.813
1784920864.382,284.911
1784920864.483,283.108
1784920864.583,283.022
1784920864.683,282.925
1784920864.783,282.15
1784920864.884,282.909
1784920864.984,284.166
1784920865.084,288.919
1784920865.185,286.892
1784920865.285,288.525
1784920865.385,290.461
1784920865.486,292.3
1784920865.586,294.049
1784920865.687,292.278
1784920865.787,292.247
1784920865.887,292.663
1784920865.988,292.251
1784920866.088,290.241
1784920866.188,288.764
1784920866.288,290.512
1784920866.389,288.587
1784920866.489,286.498
1784920866.589,284.663
1784920866.690,282.796
1784920866.790,284.28
1784920866.890,285.0
1784920866.990,285.049
1784920867.091,284.914
1784920867.191,286.451
1784920867.291,288.12
1784920867.392,290.275
1784920867.492,296.703
1784920867.592,311.248
1784920867.692,312.768
1784920867.793,315.096
1784920867.893,316.879
1784920867.993,317.515
1784920868.094,318.069
1784920868.194,317.938
1784920868.294,316.517
1784920868.395,314.859
1784920868.495,314.199
1784920868.595,310.157
1784920868.696,292.197
1784920868.796,290.641
1784920868.896,288.57
1784920868.997,287.356
1784920869.097,286.394
1784920869.197,286.122
1784920869.298,286.535
1784920869.398,286.607
1784920869.498,286.93
1784920869.599,285.875
1784920869.699,283.547
1784920869.799,287.354
1784920869.900,286.132
1784920870.000,286.666
1784920870.100,286.966
1784920870.201,287.239
1784920870.301,287.275
1784920870.401,287.504
1784920870.502,287.902
1784920870.602,287.584
1784920870.702,285.772
1784920870.803,286.21
1784920870.904,287.151
1784920871.004,303.274
1784920871.104,316.918
1784920871.205,332.987
1784920871.305,341.542
1784920871.405,341.124
1784920871.505,340.619
1784920871.606,340.488
1784920871.706,340.746
1784920871.806,343.468
1784920871.907,344.553
1784920872.007,345.027
1784920872.107,331.807
1784920872.208,318.794
1784920872.308,303.59
1784920872.408,295.948
1784920872.509,297.448
1784920872.609,293.225
1784920872.709,294.134
1784920872.810,293.495
1784920872.910,292.687
1784920873.010,291.581
1784920873.111,290.237
1784920873.211,288.798
1784920873.311,287.481
1784920873.411,286.55
1784920873.512,285.299
1784920873.612,284.645
1784920873.712,289.094
1784920873.813,288.379
1784920873.913,289.017
1784920874.013,289.501
1784920874.114,291.997
1784920874.214,308.242
1784920874.314,322.968
1784920874.414,327.081
1784920874.515,327.873
1784920874.615,329.435
1784920874.715,330.491
1784920874.816,331.525
1784920874.916,331.513
1784920875.016,331.487
1784920875.116,330.883
1784920875.217,328.811
1784920875.317,312.331
1784920875.417,297.889
1784920875.518,293.733
1784920875.618,292.791
1784920875.718,288.849
1784920875.818,286.718
1784920875.919,282.595
1784920876.019,282.575
1784920876.119,282.608
1784920876.220,282.834
1784920876.320,283.321
1784920876.420,285.293
1784920876.521,286.411
1784920876.621,288.396
1784920876.722,289.735
1784920876.822,293.851
1784920876.922,294.564
1784920877.023,306.883
1784920877.123,320.535
1784920877.223,333.997
1784920877.323,333.683
1784920877.424,333.429
1784920877.524,331.569
1784920877.624,330.494
1784920877.725,328.959
1784920877.825,327.232
1784920877.925,325.79
1784920878.025,325.836
1784920878.126,316.768
1784920878.226,303.086
1784920878.326,289.678
1784920878.427,285.835
1784920878.527,285.716
1784920878.627,287.494
1784920878.727,288.54
1784920878.828,289.751
1784920878.928,291.428
1784920879.028,292.72
1784920879.129,294.622
1784920879.229,295.326
1784920879.330,296.056
1784920879.430,296.131
1784920879.530,300.294
1784920879.630,293.27
1784920879.731,307.023
1784920879.831,321.298
1784920879.931,333.493
1784920880.032,332.055
1784920880.132,330.788
1784920880.232,329.225
1784920880.333,328.376
1784920880.433,327.868
1784920880.533,327.825
1784920880.633,327.788
1784920880.734,332.004
1784920880.834,317.513
1784920880.934,303.337
1784920881.035,291.417
1784920881.135,293.004
1784920881.235,293.997
1784920881.335,292.412
1784920881.436,293.742
1784920881.536,294.693
1784920881.636,294.737
1784920881.737,294.622
1784920881.837,297.068
1784920881.938,296.268
1784920882.038,294.591
1784920882.138,293.24
1784920882.239,291.532
1784920882.339,289.909
1784920882.439,291.785
1784920882.539,290.265
1784920882.640,288.938
1784920882.740,289.069
1784920882.840,288.786
1784920882.941,289.254
1784920883.041,289.479
1784920883.141,291.658
1784920883.242,292.326
1784920883.342,294.17
1784920883.442,296.445
1784920883.543,297.015
1784920883.643,299.151
1784920883.743,300.768
1784920883.843,301.406
1784920883.944,302.041
1784920884.044,301.403
1784920884.144,301.617
1784920884.245,299.575
1784920884.345,299.233
1784920884.445,297.94
1784920884.545,296.04
1784920884.646,294.865
1784920884.746,292.814
1784920884.846,291.429
1784920884.947,290.812
1784920885.047,290.421
1784920885.147,290.723
1784920885.248,290.372
1784920885.348,291.3
1784920885.448,292.117
1784920885.549,293.453
1784920885.649,295.256
1784920885.749,294.355
1784920885.850,296.03
1784920885.950,297.21
1784920886.050,298.427
1784920886.150,298.552
1784920886.251,298.635
1784920886.351,298.724
1784920886.451,297.857
1784920886.552,296.076
1784920886.652,291.636
1784920886.752,297.955
1784920886.853,298.698
1784920886.953,297.213
1784920887.053,295.402
1784920887.153,294.015
1784920887.254,293.644
1784920887.354,293.262
1784920887.454,293.269
1784920887.555,293.196
1784920887.655,295.08
1784920887.755,299.189
1784920887.856,292.584
1784920887.956,294.246
1784920888.056,295.676
1784920888.156,297.683
1784920888.257,293.364
1784920888.357,297.055
1784920888.458,297.522
1784920888.558,297.03
1784920888.658,297.36
1784920888.759,296.123
1784920888.859,294.507
1784920888.959,293.461
1784920889.060,291.744
1784920889.160,289.192
1784920889.260,293.527
1784920889.361,290.268
1784920889.461,289.985
1784920889.561,288.466
1784920889.662,288.557
1784920889.762,289.208
1784920889.862,290.789
1784920889.962,292.036
1784920890.063,293.424
1784920890.163,294.358
1784920890.263,296.12
1784920890.364,297.239
1784920890.464,298.713
1784920890.564,302.171
1784920890.665,316.639
1784920890.765,324.023
1784920890.865,323.212
1784920890.965,322.301
1784920891.066,321.048
1784920891.166,319.93
1784920891.266,319.016
1784920891.367,317.297
1784920891.467,315.839
1784920891.567,314.508
1784920891.668,311.528
1784920891.768,298.53
1784920891.868,291.193
1784920891.968,291.28
1784920892.069,292.376
1784920892.169,293.197
1784920892.270,294.841
1784920892.370,296.254
1784920892.470,297.505
1784920892.570,292.802
1784920892.671,296.491
1784920892.771,297.169
1784920892.872,297.528
1784920892.972,296.748
1784920893.072,296.883
1784920893.173,295.906
1784920893.273,295.078
1784920893.373,293.385
1784920893.473,291.515
1784920893.574,289.63
1784920893.674,295.161
1784920893.774,291.244
1784920893.874,290.442
1784920893.975,290.006
1784920894.075,290.385
1784920894.175,290.365
1784920894.276,290.464
1784920894.376,291.465
1784920894.476,292.903
1784920894.577,294.357
1784920894.677,292.592
1784920894.777,293.81
1784920894.878,295.835
1784920894.978,296.713
1784920895.078,296.919
1784920895.178,297.256
1784920895.279,297.01
1784920895.379,296.366
1784920895.479,295.14
1784920895.580,293.672
1784920895.680,293.092
1784920895.780,293.279
1784920895.881,285.614
1784920895.981,291.949
1784920896.081,305.566
1784920896.182,320.973
1784920896.282,327.882
1784920896.382,328.45
1784920896.482,328.716
1784920896.583,330.083
1784920896.683,331.578
1784920896.783,332.507
1784920896.884,335.853
1784920896.984,343.422
1784920897.084,336.136
1784920897.184,323.0
1784920897.285,308.844
1784920897.385,301.957
1784920897.485,301.543
1784920897.586,301.509
1784920897.686,300.216
1784920897.787,298.888
1784920897.887,296.205
1784920897.987,277.774
1784920898.104,254.219
1784920898.205,246.141
1784920898.305,245.926
1784920898.406,245.072
1784920898.506,244.677
1784920898.607,244.767
1784920898.707,244.894
1784920898.807,245.109
1784920898.907,246.42
1784920899.008,248.626
1784920899.108,267.515
1784920899.208,285.362
1784920899.309,298.379
1784920899.409,298.826
1784920899.509,299.939
1784920899.610,301.049
1784920899.710,301.058
1784920899.810,300.692
1784920899.911,300.562
1784920900.011,298.786
1784920900.111,297.739
1784920900.211,295.783
1784920900.312,284.924
1784920900.412,283.278
1784920900.512,281.594
1784920900.613,280.658
1784920900.713,280.453
1784920900.813,277.96
1784920900.914,278.238
1784920901.014,278.292
1784920901.114,280.269
1784920901.214,281.107
1784920901.315,283.324
1784920901.415,294.892
1784920901.515,296.315
1784920901.616,298.1
1784920901.716,299.308
1784920901.816,299.105
1784920901.917,301.786
1784920902.017,301.445
1784920902.118,301.254
1784920902.218,299.669
1784920902.318,299.057
1784920902.419,297.269
1784920902.519,293.87
1784920902.619,291.849
1784920902.720,290.729
1784920902.820,289.172
1784920902.920,289.311
1784920903.020,288.95
1784920903.124,289.143
1784920903.224,289.346
1784920903.324,289.866
1784920903.425,291.59
1784920903.525,292.966
1784920903.625,295.933
1784920903.725,298.155
1784920903.826,299.629
1784920903.926,301.368
1784920904.026,303.516
1784920904.127,302.152
1784920904.227,302.294
1784920904.327,302.123
1784920904.428,301.876
1784920904.528,299.674
1784920904.628,298.677
1784920904.729,297.746
1784920904.829,296.166
1784920904.929,292.211
1784920905.029,290.277
1784920905.130,288.926
1784920905.230,288.836
1784920905.330,288.364
1784920905.431,288.29
1784920905.531,288.384
1784920905.631,285.325
1784920905.731,301.067
1784920905.832,308.925
1784920905.932,308.764
1784920906.032,312.752
1784920906.133,314.214
1784920906.233,314.833
1784920906.333,316.199
1784920906.434,316.81
1784920906.534,316.297
1784920906.634,316.033
1784920906.735,319.586
1784920906.835,302.954
1784920906.935,296.845
1784920907.035,295.273
1784920907.136,293.422
1784920907.236,292.123
1784920907.336,291.362
1784920907.437,290.807
1784920907.537,290.623
1784920907.637,287.752
1784920907.737,293.298
1784920907.838,293.73
1784920907.938,295.586
1784920908.038,296.427
1784920908.139,297.762
1784920908.239,299.031
1784920908.339,300.707
1784920908.439,301.742
1784920908.540,302.819
1784920908.640,302.697
1784920908.741,302.314
1784920908.841,311.283
1784920908.941,324.0
1784920909.041,338.214
1784920909.142,352.314
1784920909.242,353.778
1784920909.342,352.263
1784920909.443,351.106
1784920909.543,350.052
1784920909.643,348.515
1784920909.743,348.245
1784920909.844,351.985
1784920909.944,337.624
1784920910.044,324.198
1784920910.145,309.752
1784920910.245,295.963
1784920910.345,294.884
1784920910.445,296.565
1784920910.546,297.527
1784920910.646,295.268
1784920910.746,297.059
1784920910.847,295.378
1784920910.947,296.022
1784920911.047,295.37
1784920911.147,295.588
1784920911.248,294.498
1784920911.349,292.442
1784920911.449,291.376
1784920911.549,289.72
1784920911.650,288.284
1784920911.750,289.935
1784920911.850,288.133
1784920911.951,290.256
1784920912.051,289.707
1784920912.151,290.402
1784920912.251,290.347
1784920912.352,290.736
1784920912.452,293.028
1784920912.552,293.907
1784920912.653,295.167
1784920912.753,299.181
1784920912.853,300.463
1784920912.953,302.02
1784920913.054,301.849
1784920913.154,301.631
1784920913.254,301.628
1784920913.355,301.11
1784920913.455,299.007
1784920913.555,297.86
1784920913.655,297.224
1784920913.756,295.727
1784920913.856,294.517
1784920913.956,289.562
1784920914.057,287.664
1784920914.157,287.584
1784920914.257,287.573
1784920914.358,287.985
1784920914.458,288.423
1784920914.558,290.081
1784920914.659,291.266
1784920914.759,291.973
1784920914.859,293.091
1784920914.959,286.462
1784920915.060,305.704
1784920915.160,320.66
1784920915.260,337.382
1784920915.361,352.731
1784920915.461,354.791
1784920915.561,354.728
1784920915.662,353.067
1784920915.762,349.317
1784920915.862,348.554
1784920915.962,346.447
1784920916.063,352.981
1784920916.163,337.467
1784920916.263,322.893
1784920916.364,306.455
1784920916.464,291.154
1784920916.564,288.57
1784920916.664,288.385
1784920916.765,289.652
1784920916.865,293.244
1784920916.965,294.467
1784920917.066,290.085
1784920917.166,290.66
1784920917.266,292.025
1784920917.367,293.555
1784920917.467,295.246
1784920917.567,295.307
1784920917.668,294.916
1784920917.768,295.532
1784920917.868,294.889
1784920917.969,293.367
1784920918.069,291.953
1784920918.169,296.872
1784920918.270,296.004
1784920918.370,294.4
1784920918.470,292.264
1784920918.571,290.506
1784920918.671,290.295
1784920918.771,290.899
1784920918.872,290.245
1784920918.972,289.977
1784920919.072,286.499
1784920919.173,299.954
1784920919.273,301.702
1784920919.373,303.389
1784920919.473,304.597
1784920919.574,306.241
1784920919.674,307.765
1784920919.774,308.971
1784920919.874,308.923
1784920919.975,308.166
1784920920.075,308.205
1784920920.176,311.437
1784920920.276,297.898
1784920920.376,291.152
1784920920.476,289.58
1784920920.577,288.791
1784920920.677,287.68
1784920920.777,283.571
1784920920.878,282.31
1784920920.978,281.671
1784920921.078,282.478
1784920921.179,281.849
1784920921.279,283.176
1784920921.379,284.758
1784920921.479,291.197
1784920921.580,292.312
1784920921.680,293.232
1784920921.780,290.128
1784920921.881,294.36
1784920921.981,295.503
1784920922.081,296.7
1784920922.182,296.89
1784920922.282,297.523
1784920922.382,296.852
1784920922.483,294.983
1784920922.583,293.492
1784920922.683,291.892
1784920922.783,290.706
1784920922.884,293.493
1784920922.984,291.511
1784920923.084,289.48
1784920923.185,296.292
1784920923.285,298.105
1784920923.385,297.829
1784920923.486,297.231
1784920923.586,299.381
1784920923.686,300.716
1784920923.786,302.265
1784920923.887,303.742
1784920923.987,305.196
1784920924.087,307.077
1784920924.188,309.043
1784920924.288,302.666
1784920924.388,301.219
1784920924.489,300.345
1784920924.589,301.031
1784920924.689,294.288
1784920924.789,293.286
1784920924.890,292.283
1784920924.990,290.722
1784920925.090,289.599
1784920925.191,287.785
1784920925.291,287.119
1784920925.391,286.051
1784920925.492,286.26
1784920925.592,286.1
1784920925.696,280.05
1784920925.796,284.451
1784920925.897,284.57
1784920925.997,284.47
1784920926.097,284.526
1784920926.198,283.875
1784920926.298,284.265
1784920926.398,284.155
1784920926.498,284.276
1784920926.599,283.698
1784920926.699,284.182
1784920926.800,289.903
1784920926.900,280.262
1784920927.000,295.869
1784920927.101,310.245
1784920927.201,324.99
1784920927.301,340.643
1784920927.402,344.663
1784920927.502,344.581
1784920927.602,344.517
1784920927.703,346.427
1784920927.803,348.259
1784920927.903,349.744
1784920928.004,361.415
1784920928.104,347.131
1784920928.204,333.496
1784920928.305,320.537
1784920928.405,306.576
1784920928.505,302.532
1784920928.606,302.244
1784920928.706,291.145
1784920928.819,271.744
1784920928.919,251.975
1784920929.020,250.921
1784920929.120,263.069
1784920929.220,274.879
1784920929.321,289.189
1784920929.421,301.385
1784920929.522,304.767
1784920929.622,304.861
1784920929.722,305.63
1784920929.823,316.694
1784920929.923,335.321
1784920930.023,355.31
1784920930.124,356.348
1784920930.224,343.762
1784920930.325,332.175
1784920930.425,318.294
1784920930.525,305.836
1784920930.625,302.734
1784920930.726,302.603
1784920930.826,297.022
1784920930.926,295.382
1784920931.027,300.882
1784920931.127,300.464
1784920931.227,298.576
1784920931.328,297.912
1784920931.428,295.969
1784920931.528,294.266
1784920931.629,292.906
1784920931.729,291.335
1784920931.829,291.49
1784920931.929,296.468
1784920932.030,298.159
1784920932.130,290.214
1784920932.230,290.452
1784920932.331,287.888
1784920932.431,289.413
1784920932.532,291.094
1784920932.632,292.878
1784920932.732,294.148
1784920932.832,295.739
1784920932.933,296.916
1784920933.033,296.666
1784920933.134,296.901
1784920933.234,297.139
1784920933.334,296.723
1784920933.435,300.399
1784920933.535,298.272
1784920933.635,301.048
1784920933.736,313.207
1784920933.836,316.51
1784920933.937,314.39
1784920934.037,312.968
1784920934.137,313.426
1784920934.238,312.273
1784920934.338,312.783
1784920934.438,313.15
1784920934.539,313.102
1784920934.639,313.423
1784920934.739,308.784
1784920934.840,295.362
1784920934.940,291.36
1784920935.041,291.233
1784920935.141,292.432
1784920935.241,292.106
1784920935.342,284.952
1784920935.442,285.912
1784920935.543,285.239
1784920935.643,284.5
1784920935.743,284.513
1784920935.843,285.236
1784920935.944,282.699
1784920936.044,282.502
1784920936.144,282.93
1784920936.245,281.532
1784920936.345,281.393
1784920936.446,288.335
1784920936.546,288.019
1784920936.646,288.114
1784920936.746,288.219
1784920936.847,287.998
1784920936.947,290.182
1784920937.047,289.633
1784920937.148,285.999
1784920937.248,286.2
1784920937.348,286.605
1784920937.448,286.253
1784920937.549,286.036
1784920937.649,285.893
1784920937.749,285.701
1784920937.850,285.726
1784920937.950,285.929
1784920938.050,287.385
1784920938.151,289.098
1784920938.251,293.857
1784920938.351,295.938
1784920938.452,297.728
1784920938.552,299.599
1784920938.652,301.753
1784920938.752,303.956
1784920938.853,291.038
1784920938.953,272.743
1784920939.054,254.611
1784920939.154,235.992
1784920939.254,208.624
1784920939.355,198.682
1784920939.456,179.226
1784920939.556,159.819
1784920939.656,123.492
1784920939.756,102.423
1784920939.857,102.113
1784920939.957,97.859
1784920940.058,98.434
1784920940.158,98.734
1784920940.259,98.639
1784920940.359,98.579
1784920940.459,98.534
1784920940.560,98.501
1784920940.660,95.504
1784920940.761,92.085
1784920940.862,88.777
1784920940.962,85.355
1784920941.062,81.996
1784920941.162,78.616
1784920941.263,75.201
1784920941.363,69.18
1784920941.464,63.639
1784920941.564,62.18
1784920941.664,57.238
1784920941.764,55.246
1784920941.865,53.589
1784920941.965,51.879
1784920942.066,50.207
1784920942.166,48.526
1784920942.273,46.848
1784920942.373,45.126
1784920942.473,43.416
1784920942.574,42.981
1784920942.674,42.716
1784920942.774,42.612
1784920942.875,42.471
1784920942.975,42.309
1784920943.076,42.158
1784920943.176,42.011
1784920943.277,41.315
1784920943.377,40.61
1784920943.478,40.817
1784920943.578,41.106
1784920943.678,55.67
1784920943.779,75.76
1784920943.879,104.756
1784920943.979,123.064
1784920944.080,147.751
1784920944.180,171.598
1784920944.280,195.426
1784920944.381,220.483
1784920944.481,245.317
1784920944.581,264.381
1784920944.682,288.502
1784920944.782,298.364
1784920944.882,302.241
1784920944.982,302.91
1784920945.083,303.411
1784920945.183,302.644
1784920945.283,302.651
1784920945.384,303.221
1784920945.484,303.083
1784920945.584,305.468
1784920945.684,313.999
1784920945.785,313.246
1784920945.885,312.971
1784920945.985,313.453
1784920946.086,313.33
1784920946.186,312.783
1784920946.286,312.782
1784920946.387,310.726
1784920946.487,309.271
1784920946.587,308.508
1784920946.688,306.552
1784920946.788,303.403
1784920946.888,304.255
1784920946.989,304.392
1784920947.089,295.949
1784920947.190,296.41
1784920947.290,296.478
1784920947.390,297.257
1784920947.491,300.113
1784920947.591,301.583
1784920947.691,302.121
1784920947.791,301.907
1784920947.892,302.065
1784920947.992,302.087
1784920948.092,302.359
1784920948.193,314.29
1784920948.293,325.638
1784920948.419,326.093
1784920948.519,323.618
1784920948.619,323.706
1784920948.720,323.533
1784920948.820,324.13
1784920948.920,324.175
1784920949.021,324.097
1784920949.121,324.129
1784920949.221,323.116
1784920949.322,319.107
1784920949.422,308.206
1784920949.522,303.367
1784920949.622,305.641
1784920949.723,305.54
1784920949.823,305.777
1784920949.923,305.586
1784920950.024,305.463
1784920950.124,305.508
1784920950.224,305.284
1784920950.325,305.279
1784920950.425,303.476
1784920950.526,304.319
1784920950.626,309.231
1784920950.726,309.351
1784920950.827,309.016
1784920950.927,308.356
1784920951.027,308.464
1784920951.128,308.592
1784920951.228,308.325
1784920951.328,307.695
1784920951.428,307.996
1784920951.529,310.644
1784920951.629,309.566
1784920951.729,309.469
1784920951.830,306.354
1784920951.930,306.02
1784920952.030,306.974
1784920952.131,306.992
1784920952.231,306.861
1784920952.331,306.557
1784920952.432,306.581
1784920952.532,307.191
1784920952.632,306.936
1784920952.732,307.056
1784920952.833,305.223
1784920952.933,306.459
1784920953.033,306.601
1784920953.134,306.458
1784920953.234,306.102
1784920953.334,305.644
1784920953.434,306.243
1784920953.535,304.208
1784920953.635,304.125
1784920953.735,304.32
1784920953.836,304.343
1784920953.936,286.968
1784920954.036,268.933
1784920954.136,254.779
1784920954.239,270.445
1784920954.339,282.868
1784920954.439,299.18
1784920954.539,308.869
1784920954.640,311.717
1784920954.740,311.901
1784920954.840,311.984
1784920954.941,331.116
1784920955.041,350.76
1784920955.141,365.054
1784920955.242,348.95
1784920955.342,337.089
1784920955.442,308.383
1784920955.542,278.519
1784920955.643,258.236
1784920955.743,237.625
1784920955.843,217.264
1784920955.944,196.83
1784920956.044,176.679
1784920956.145,156.701
1784920956.245,136.727
1784920956.345,116.815
1784920956.446,120.758
1784920956.546,147.367
1784920956.646,182.201
1784920956.746,218.322
1784920956.847,253.18
1784920956.947,289.061
1784920957.047,323.786
1784920957.148,358.93
1784920957.248,392.383
1784920957.348,423.327
1784920957.448,454.387
1784920957.549,454.387
1784920957.649,441.839
1784920957.749,426.949
1784920957.850,411.2
1784920957.950,396.623
1784920958.050,381.168
1784920958.151,366.269
1784920958.251,350.937
1784920958.351,337.579
1784920958.452,324.358
1784920958.552,313.524
1784920958.652,307.75
1784920958.752,308.193
1784920958.853,308.535
1784920958.953,295.957
1784920959.054,298.531
1784920959.154,298.122
1784920959.254,297.992
1784920959.355,298.325
1784920959.455,298.383
1784920959.555,300.928
1784920959.656,300.953
1784920959.757,300.282
1784920959.857,300.734
1784920959.957,300.517
1784920960.058,312.856
1784920960.158,310.155
1784920960.258,309.781
1784920960.358,309.816
1784920960.459,316.09
1784920960.559,316.417
1784920960.659,316.527
1784920960.760,316.553
1784920960.860,316.468
1784920960.960,316.261
1784920961.061,316.463
1784920961.161,316.594
1784920961.261,315.711
1784920961.361,315.87
1784920961.462,316.478
1784920961.562,317.785
1784920961.662,326.554
1784920961.763,327.783
1784920961.863,326.701
1784920961.963,326.698
1784920962.063,326.921
1784920962.164,327.07
1784920962.264,326.152
1784920962.364,326.974
1784920962.465,327.19
1784920962.565,327.459
1784920962.665,319.973
1784920962.766,311.022
1784920962.866,311.089
1784920962.966,306.766
1784920963.066,307.27
1784920963.167,307.135
1784920963.267,306.162
1784920963.367,307.182
1784920963.468,304.474
1784920963.568,304.48
1784920963.668,304.169
1784920963.768,304.185
1784920963.869,304.067
1784920963.969,304.643
1784920964.069,322.143
1784920964.170,327.24
1784920964.270,326.717
1784920964.370,327.625
1784920964.470,327.606
1784920964.571,329.935
1784920964.671,330.352
1784920964.771,330.501
1784920964.872,330.793
1784920964.972,330.958
1784920965.072,330.146
1784920965.173,316.866
1784920965.273,311.15
1784920965.373,311.918
1784920965.473,303.19
1784920965.574,303.7
1784920965.674,303.873
1784920965.774,303.725
1784920965.875,303.501
1784920965.975,303.368
1784920966.075,303.015
1784920966.175,302.877
1784920966.276,302.167
1784920966.376,302.895
1784920966.476,302.65
1784920966.577,311.249
1784920966.677,310.482
1784920966.777,311.178
1784920966.878,311.386
1784920966.978,306.767
1784920967.078,308.335
1784920967.178,308.688
1784920967.279,307.721
1784920967.379,308.446
1784920967.479,308.679
1784920967.580,308.854
1784920967.680,308.794
1784920967.780,308.364
1784920967.881,308.065
1784920967.981,305.812
1784920968.081,312.14
1784920968.182,310.785
1784920968.282,309.911
1784920968.382,311.41
1784920968.482,308.673
1784920968.583,308.495
1784920968.683,303.889
1784920968.783,320.585
1784920968.884,331.787
1784920968.984,337.991
1784920969.084,340.437
1784920969.184,339.119
1784920969.285,337.997
1784920969.385,338.406
1784920969.485,338.313
1784920969.586,340.91
1784920969.686,340.938
1784920969.786,345.609
1784920969.886,330.043
1784920969.987,315.917
1784920970.087,309.967
1784920970.187,309.731
1784920970.288,309.307
1784920970.388,309.577
1784920970.488,309.756
1784920970.588,309.719
1784920970.689,309.826
1784920970.789,310.019
1784920970.889,309.906
1784920970.990,312.059
1784920971.090,327.925
1784920971.190,341.362
1784920971.290,345.517
1784920971.391,345.721
1784920971.491,346.158
1784920971.591,346.71
1784920971.692,346.703
1784920971.792,346.792
1784920971.892,346.616
1784920971.993,346.452
1784920972.093,344.613
1784920972.193,330.983
1784920972.293,316.812
1784920972.394,312.697
1784920972.494,313.026
1784920972.594,306.881
1784920972.695,306.586
1784920972.795,306.88
1784920972.895,306.88
1784920972.995,306.722
1784920973.096,306.267
1784920973.196,306.289
1784920973.296,305.436
1784920973.397,305.922
1784920973.497,305.93
1784920973.597,302.457
1784920973.698,308.777
1784920973.798,308.094
1784920973.898,315.099
1784920973.998,321.515
1784920974.099,321.81
1784920974.199,321.856
1784920974.299,321.234
1784920974.400,321.972
1784920974.500,322.017
1784920974.600,321.828
1784920974.700,324.384
1784920974.801,323.922
1784920974.901,324.403
1784920975.002,316.722
1784920975.102,310.402
1784920975.202,304.026
1784920975.302,302.455
1784920975.403,303.129
1784920975.503,303.277
1784920975.603,303.41
1784920975.704,302.845
1784920975.804,303.446
1784920975.904,303.891
1784920976.005,304.053
1784920976.105,304.549
1784920976.205,304.36
1784920976.306,309.352
1784920976.406,311.193
1784920976.506,311.291
1784920976.606,311.157
1784920976.707,310.992
1784920976.807,311.007
1784920976.907,310.012
1784920977.008,310.001
1784920977.108,310.286
1784920977.208,310.03
1784920977.309,309.248
1784920977.409,310.05
1784920977.509,310.522
1784920977.609,310.41
1784920977.710,310.373
1784920977.810,310.208
1784920977.910,310.402
1784920978.011,311.39
1784920978.111,311.434
1784920978.211,303.191
1784920978.312,302.651
1784920978.412,302.672
1784920978.512,302.927
1784920978.612,300.246
1784920978.713,300.249
1784920978.813,300.211
1784920978.913,300.183
1784920979.014,300.475
1784920979.114,300.459
1784920979.214,300.362
1784920979.314,307.348
1784920979.415,307.862
1784920979.515,308.245
1784920979.615,308.328
1784920979.716,310.829
1784920979.816,310.788
1784920979.916,310.887
1784920980.016,310.824
1784920980.117,311.144
1784920980.217,310.749
1784920980.318,310.298
1784920980.418,310.964
1784920980.518,310.945
1784920980.619,306.375
1784920980.719,324.778
1784920980.820,323.23
1784920980.920,323.151
1784920981.020,322.842
1784920981.121,323.061
1784920981.221,322.916
1784920981.321,322.681
1784920981.421,322.741
1784920981.522,323.249
1784920981.622,322.857
1784920981.722,327.812
1784920981.823,310.404
1784920981.923,310.866
1784920982.023,304.405
1784920982.123,304.183
1784920982.224,304.161
1784920982.324,303.725
1784920982.424,303.976
1784920982.525,304.54
1784920982.625,304.09
1784920982.725,304.351
1784920982.825,304.389
1784920982.926,304.357
1784920983.026,304.391
1784920983.126,311.113
1784920983.227,306.485
1784920983.327,305.987
1784920983.427,305.987
1784920983.528,306.534
1784920983.628,303.515
1784920983.728,302.961
1784920983.829,303.266
1784920983.929,303.153
1784920984.029,303.187
1784920984.129,303.221
1784920984.230,302.659
1784920984.330,307.262
1784920984.430,307.537
1784920984.531,307.869
1784920984.631,310.578
1784920984.731,311.465
1784920984.832,311.175
1784920984.932,305.156
1784920985.032,321.426
1784920985.132,328.617
1784920985.233,328.904
1784920985.333,329.259
1784920985.433,329.524
1784920985.534,329.411
1784920985.634,329.54
1784920985.734,329.225
1784920985.834,329.237
1784920985.935,329.799
1784920986.035,335.984
1784920986.135,319.764
1784920986.236,311.941
1784920986.336,311.974
1784920986.436,312.055
1784920986.536,312.219
1784920986.637,303.789
1784920986.737,305.515
1784920986.837,305.411
1784920986.938,305.291
1784920987.038,305.097
1784920987.138,305.353
1784920987.239,304.702
1784920987.339,304.553
1784920987.439,304.697
1784920987.539,304.891
1784920987.640,305.01
1784920987.740,313.555
1784920987.840,311.697
1784920987.941,312.128
1784920988.041,312.394
1784920988.141,312.489
1784920988.242,310.834
1784920988.342,310.849
1784920988.442,311.426
1784920988.542,308.837
1784920988.643,308.798
1784920988.743,308.637
1784920988.843,308.71
1784920988.944,308.272
1784920989.044,308.085
1784920989.144,307.897
1784920989.245,307.679
1784920989.345,308.633
1784920989.445,303.774
1784920989.546,304.104
1784920989.646,306.534
1784920989.746,306.648
1784920989.846,306.713
1784920989.947,306.591
1784920990.047,306.834
1784920990.147,307.168
1784920990.248,306.673
1784920990.348,292.247
1784920990.448,282.973
1784920990.548,287.769
1784920990.649,287.732
1784920990.749,287.943
1784920990.849,287.758
1784920990.950,287.631
1784920991.050,287.604
1784920991.150,287.222
1784920991.251,286.828
1784920991.351,287.044
1784920991.451,301.594
1784920991.552,302.696
1784920991.652,298.264
1784920991.752,299.737
1784920991.852,299.653
1784920991.953,299.736
1784920992.053,299.611
1784920992.153,299.041
1784920992.254,299.639
1784920992.354,299.353
1784920992.454,299.388
1784920992.555,299.249
1784920992.655,307.439
1784920992.755,311.395
1784920992.855,311.239
1784920992.956,311.009
1784920993.056,310.912
1784920993.156,310.794
1784920993.256,310.782
1784920993.357,310.241
1784920993.457,310.833
1784920993.557,311.173
1784920993.658,308.489
1784920993.758,308.436
1784920993.858,305.355
1784920993.959,305.589
1784920994.059,306.025
1784920994.159,306.119
1784920994.259,305.789
1784920994.360,305.485
1784920994.460,306.396
1784920994.560,306.109
1784920994.661,306.023
1784920994.761,308.644
1784920994.861,308.838
1784920994.961,311.702
1784920995.062,311.382
1784920995.162,311.005
1784920995.262,310.797
1784920995.363,300.136
1784920995.463,299.392
1784920995.563,299.074
1784920995.664,299.337
1784920995.764,299.276
1784920995.864,298.991
1784920995.964,299.221
1784920996.065,299.153
1784920996.165,299.176
1784920996.265,299.007
1784920996.366,298.086
1784920996.467,309.134
1784920996.567,310.652
1784920996.667,310.657
1784920996.768,310.758
1784920996.868,305.858
1784920996.968,320.933
1784920997.069,323.649
1784920997.169,323.768
1784920997.269,323.872
1784920997.369,323.653
1784920997.470,324.401
1784920997.570,324.542
1784920997.670,324.593
1784920997.771,324.781
1784920997.871,324.804
1784920997.972,329.084
1784920998.072,314.541
1784920998.172,308.246
1784920998.273,301.033
1784920998.373,300.243
1784920998.474,300.45
1784920998.574,300.783
1784920998.674,298.181
1784920998.775,298.17
1784920998.875,298.059
1784920998.975,298.135
1784920999.076,298.278
1784920999.176,297.514
1784920999.276,300.935
1784920999.377,307.75
1784920999.477,308.597
1784920999.577,301.762
1784920999.678,316.563
1784920999.778,321.972
1784920999.878,322.967
1784920999.979,322.094
1784921000.079,321.991
1784921000.179,322.231
1784921000.280,322.501
1784921000.380,321.508
1784921000.480,321.715
1784921000.581,321.447
1784921000.681,328.204
1784921000.781,313.388
1784921000.882,310.383
1784921000.982,310.372
1784921001.082,302.462
1784921001.183,301.897
1784921001.283,302.11
1784921001.384,301.921
1784921001.484,302.995
1784921001.584,302.805
1784921001.685,302.632
1784921001.785,303.146
1784921001.885,303.041
1784921001.986,303.497
1784921002.086,303.44
1784921002.186,308.846
1784921002.287,294.437
1784921002.387,293.831
1784921002.487,294.489
1784921002.588,294.71
1784921002.688,294.968
1784921002.788,294.964
1784921002.889,294.961
1784921002.989,295.209
1784921003.089,295.318
1784921003.189,295.349
1784921003.290,297.487
1784921003.390,311.764
1784921003.490,312.499
1784921003.591,310.41
1784921003.691,308.788
1784921003.791,308.062
1784921003.892,308.184
1784921003.992,308.118
1784921004.092,308.128
1784921004.193,307.797
1784921004.293,307.904
1784921004.394,311.061
1784921004.494,325.645
1784921004.594,336.149
1784921004.695,338.007
1784921004.795,339.609
1784921004.895,339.735
1784921004.996,340.169
1784921005.096,340.187
1784921005.196,340.212
1784921005.297,340.165
1784921005.397,338.987
1784921005.497,336.193
1784921005.598,322.481
1784921005.698,300.571
1784921005.798,298.13
1784921005.899,297.989
1784921005.999,298.301
1784921006.099,298.132
1784921006.200,298.1
1784921006.300,297.479
1784921006.400,296.796
1784921006.501,297.341
1784921006.601,297.604
1784921006.701,297.586
1784921006.802,309.123
1784921006.902,311.908
1784921007.002,311.589
1784921007.103,311.801
1784921007.203,312.092
1784921007.303,312.069
1784921007.404,312.157
1784921007.504,312.249
1784921007.604,312.677
1784921007.705,312.602
1784921007.805,312.591
1784921007.905,312.625
1784921008.006,312.56
1784921008.106,312.361
1784921008.206,312.661
1784921008.307,312.685
1784921008.407,311.931
1784921008.507,312.335
1784921008.608,312.531
1784921008.708,312.636
1784921008.808,309.723
1784921008.909,309.814
1784921009.009,309.385
1784921009.109,309.201
1784921009.210,309.019
1784921009.310,305.225
1784921009.410,323.741
1784921009.511,328.606
1784921009.611,328.502
1784921009.711,328.703
1784921009.812,328.705
1784921009.912,331.385
1784921010.012,331.033
1784921010.113,331.0
1784921010.213,330.643
1784921010.313,331.171
1784921010.414,333.892
1784921010.514,316.734
1784921010.614,303.064
1784921010.715,303.381
1784921010.815,302.861
1784921010.915,302.496
1784921011.016,302.276
1784921011.116,302.832
1784921011.216,303.049
1784921011.317,302.718
1784921011.417,302.334
1784921011.517,303.208
1784921011.618,303.143
1784921011.718,311.071
1784921011.818,310.628
1784921011.919,325.954
1784921012.019,333.641
1784921012.119,331.211
1784921012.219,330.671
1784921012.320,330.752
1784921012.420,330.536
1784921012.521,331.369
1784921012.621,331.501
1784921012.721,331.566
1784921012.821,331.649
1784921012.922,331.376
1784921013.022,311.651
1784921013.122,305.398
1784921013.223,285.505
1784921013.323,271.116
1784921013.423,276.125
1784921013.524,275.682
1784921013.624,275.569
1784921013.724,272.846
1784921013.824,272.276
1784921013.925,272.822
1784921014.025,272.787
1784921014.125,272.963
1784921014.226,279.753
1784921014.326,298.863
1784921014.426,313.146
1784921014.527,313.567
1784921014.627,314.89
1784921014.727,314.989
1784921014.827,317.774
1784921014.928,317.861
1784921015.028,317.827
1784921015.128,317.796
1784921015.229,317.668
1784921015.329,317.006
1784921015.429,317.356
1784921015.530,317.695
1784921015.630,313.363
1784921015.730,312.271
1784921015.831,312.229
1784921015.931,309.007
1784921016.031,309.174
1784921016.132,309.393
1784921016.232,309.416
1784921016.332,308.671
1784921016.432,309.351
1784921016.533,309.392
1784921016.633,309.419
1784921016.733,309.367
1784921016.834,309.441
1784921016.934,309.313
1784921017.034,307.542
1784921017.134,323.735
1784921017.235,336.977
1784921017.335,346.041
1784921017.435,346.958
1784921017.536,346.479
1784921017.636,347.125
1784921017.736,347.205
1784921017.837,347.298
1784921017.937,347.39
1784921018.037,347.586
1784921018.137,352.089
1784921018.238,336.309
1784921018.338,322.282
1784921018.438,313.337
1784921018.539,313.25
1784921018.639,313.525
1784921018.739,310.451
1784921018.840,310.137
1784921018.940,310.22
1784921019.040,310.227
1784921019.140,310.201
1784921019.241,310.85
1784921019.341,295.686
1784921019.441,298.39
1784921019.542,298.423
1784921019.642,298.025
1784921019.742,298.445
1784921019.843,300.937
1784921019.943,300.61
1784921020.043,300.585
1784921020.144,300.841
1784921020.244,300.288
1784921020.344,299.643
1784921020.445,314.784
1784921020.545,312.567
1784921020.645,312.745
1784921020.745,312.537
1784921020.846,312.494
1784921020.946,313.164
1784921021.046,306.303
1784921021.147,308.163
1784921021.247,307.651
1784921021.347,307.374
1784921021.447,307.948
1784921021.548,307.851
1784921021.648,307.961
1784921021.748,307.865
1784921021.849,307.777
1784921021.949,307.86
1784921022.049,307.792
1784921022.149,315.068
1784921022.250,313.196
1784921022.350,309.567
1784921022.450,325.473
1784921022.551,328.432
1784921022.651,328.749
1784921022.751,328.895
1784921022.851,328.644
1784921022.952,329.14
1784921023.052,329.111
1784921023.152,329.279
1784921023.253,329.374
1784921023.353,328.331
1784921023.453,331.682
1784921023.553,316.813
1784921023.654,313.897
1784921023.754,311.15
1784921023.854,311.035
1784921023.955,310.475
1784921024.055,310.629
1784921024.155,310.62
1784921024.255,310.082
1784921024.356,297.601
1784921024.456,298.123
1784921024.556,298.625
1784921024.657,298.415
1784921024.757,298.512
1784921024.857,300.994
1784921024.957,300.743
1784921025.058,301.039
1784921025.158,300.926
1784921025.258,300.866
1784921025.359,291.733
1784921025.459,304.068
1784921025.559,304.639
1784921025.659,304.683
1784921025.760,304.71
1784921025.860,304.54
1784921025.960,304.561
1784921026.061,304.575
1784921026.161,304.962
1784921026.261,305.164
1784921026.362,304.302
1784921026.462,299.013
1784921026.562,290.36
1784921026.662,305.204
1784921026.763,307.102
1784921026.863,307.223
1784921026.963,307.265
1784921027.063,307.445
1784921027.164,306.902
1784921027.264,306.857
1784921027.364,306.148
1784921027.465,307.099
1784921027.565,321.205
1784921027.665,329.128
1784921027.765,314.718
1784921027.866,312.912
1784921027.966,312.691
1784921028.066,312.624
1784921028.167,312.161
1784921028.267,312.644
1784921028.367,312.165
1784921028.468,312.4
1784921028.568,312.317
1784921028.668,294.829
1784921028.768,275.288
1784921028.869,254.966
1784921028.969,254.638
1784921029.069,272.393
1784921029.170,286.806
1784921029.270,296.599
1784921029.370,309.844
1784921029.470,325.699
1784921029.571,340.654
1784921029.671,355.856
1784921029.771,387.434
1784921029.872,419.964
1784921029.972,450.727
1784921030.072,445.681
1784921030.172,431.608
1784921030.273,417.552
1784921030.373,406.942
1784921030.473,393.99
1784921030.574,378.462
1784921030.674,363.743
1784921030.774,348.775
1784921030.875,334.33
1784921030.975,322.444
1784921031.075,312.044
1784921031.176,313.595
1784921031.276,310.304
1784921031.376,309.79
1784921031.476,310.46
1784921031.577,310.478
1784921031.677,310.583
1784921031.777,310.676
1784921031.878,310.267
1784921031.978,310.626
1784921032.078,310.189
1784921032.178,298.068
1784921032.279,299.922
1784921032.379,316.631
1784921032.479,333.721
1784921032.580,333.961
1784921032.680,334.113
1784921032.780,334.163
1784921032.880,334.183
1784921032.981,333.715
1784921033.081,333.996
1784921033.181,334.033
1784921033.282,346.119
1784921033.382,344.071
1784921033.482,329.886
1784921033.583,314.969
1784921033.683,313.124
1784921033.783,313.028
1784921033.884,313.302
1784921033.984,312.962
1784921034.084,309.176
1784921034.184,308.986
1784921034.285,306.057
1784921034.385,305.932
1784921034.485,305.672
1784921034.585,305.676
1784921034.686,305.63
1784921034.786,305.826
1784921034.886,305.698
1784921034.987,305.37
1784921035.087,305.042
1784921035.187,307.083
1784921035.287,307.145
1784921035.388,309.739
1784921035.488,309.674
1784921035.588,310.062
1784921035.689,310.289
1784921035.789,306.1
1784921035.889,318.509
1784921035.989,335.621
1784921036.090,344.397
1784921036.190,344.577
1784921036.290,347.029
1784921036.391,346.713
1784921036.491,346.853
1784921036.591,346.944
1784921036.692,346.358
1784921036.792,347.115
1784921036.892,351.609
1784921036.992,339.093
1784921037.093,323.91
1784921037.193,312.986
1784921037.293,308.469
1784921037.394,308.182
1784921037.494,308.057
1784921037.594,308.306
1784921037.695,308.421
1784921037.795,308.368
1784921037.895,308.24
1784921037.995,308.171
1784921038.096,308.065
1784921038.196,308.155
1784921038.296,307.867
1784921038.397,312.513
1784921038.497,315.029
1784921038.597,325.449
1784921038.698,323.928
1784921038.798,323.844
1784921038.898,324.492
1784921038.999,324.415
1784921039.099,324.144
1784921039.199,324.252
1784921039.299,321.369
1784921039.400,321.373
1784921039.500,321.308
1784921039.600,318.904
1784921039.701,304.676
1784921039.801,305.127
1784921039.902,304.477
1784921040.002,304.698
1784921040.102,304.648
1784921040.203,304.8
1784921040.303,304.845
1784921040.403,306.978
1784921040.504,306.85
1784921040.604,307.332
1784921040.704,307.658
1784921040.805,312.928
1784921040.905,312.96
1784921041.005,308.281
1784921041.105,313.184
1784921041.206,313.184
1784921041.306,313.169
1784921041.406,312.916
1784921041.507,312.851
1784921041.607,313.516
1784921041.707,313.403
1784921041.807,313.239
1784921041.908,313.135
1784921042.008,312.792
1784921042.108,318.132
1784921042.209,311.227
1784921042.309,310.059
1784921042.409,309.698
1784921042.509,308.985
1784921042.610,309.789
1784921042.710,309.923
1784921042.810,310.059
1784921042.911,309.959
1784921043.011,310.072
1784921043.111,310.026
1784921043.212,310.167
1784921043.312,312.098
1784921043.412,313.129
1784921043.513,313.021
1784921043.613,308.599
1784921043.713,308.747
1784921043.813,308.714
1784921043.914,308.764
1784921044.014,308.243
1784921044.114,308.579
1784921044.215,305.918
1784921044.315,305.474
1784921044.415,305.032
1784921044.515,305.417
1784921044.616,310.055
1784921044.716,310.165
1784921044.816,309.927
1784921044.917,303.182
1784921045.017,303.182
1784921045.117,330.914
1784921045.217,346.037
1784921045.318,348.96
1784921045.418,349.246
1784921045.518,349.925
1784921045.619,349.472
1784921045.719,349.837
1784921045.819,350.184
1784921045.920,350.496
1784921046.020,357.291
1784921046.120,341.898
1784921046.220,329.365
1784921046.321,314.28
1784921046.421,313.49
1784921046.521,309.766
1784921046.622,289.535
1784921046.722,269.947
1784921046.822,285.637
1784921046.923,281.278
1784921047.023,284.321
1784921047.123,284.232
1784921047.223,284.237
1784921047.324,284.089
1784921047.424,283.461
1784921047.524,283.962
1784921047.624,287.95
1784921047.725,308.143
1784921047.825,327.502
1784921047.925,307.599
1784921048.026,303.896
1784921048.126,303.897
1784921048.226,303.867
1784921048.327,303.343
1784921048.427,303.435
1784921048.527,304.131
1784921048.628,304.104
1784921048.728,304.176
1784921048.828,303.742
1784921048.928,304.467
1784921049.029,308.666
1784921049.129,313.141
1784921049.229,312.321
1784921049.330,302.462
1784921049.430,302.618
1784921049.530,303.113
1784921049.630,302.778
1784921049.731,302.799
1784921049.831,302.752
1784921049.931,302.675
1784921050.032,302.728
1784921050.132,302.815
1784921050.232,302.857
1784921050.332,303.432
1784921050.433,312.56
1784921050.533,311.945
1784921050.633,308.821
1784921050.734,309.365
1784921050.834,309.387
1784921050.934,308.771
1784921051.035,309.284
1784921051.135,309.221
1784921051.235,309.061
1784921051.335,309.089
1784921051.436,308.394
1784921051.536,309.009
1784921051.636,310.092
1784921051.737,313.441
1784921051.837,313.158
1784921051.937,312.912
1784921052.038,312.78
1784921052.138,312.699
1784921052.238,312.617
1784921052.339,327.314
1784921052.439,340.131
1784921052.539,350.916
1784921052.639,350.997
1784921052.740,351.104
1784921052.840,351.265
1784921052.940,351.519
1784921053.041,351.834
1784921053.141,352.028
1784921053.241,352.224
1784921053.341,352.308
1784921053.442,337.314
1784921053.542,324.583
1784921053.642,314.396
1784921053.742,314.693
1784921053.843,314.633
1784921053.943,315.782
1784921054.043,323.115
1784921054.144,323.018
1784921054.244,323.322
1784921054.344,320.343
1784921054.444,319.911
1784921054.545,320.425
1784921054.645,320.171
1784921054.745,320.348
1784921054.846,320.09
1784921054.946,320.167
1784921055.046,318.638
1784921055.147,311.127
1784921055.247,310.725
1784921055.347,310.814
1784921055.448,310.19
1784921055.548,310.824
1784921055.648,311.019
1784921055.748,310.52
1784921055.849,310.783
1784921055.949,310.798
1784921056.049,310.551
1784921056.150,310.536
1784921056.250,310.55
1784921056.350,310.6
1784921056.451,310.049
1784921056.551,313.124
1784921056.651,311.368
1784921056.751,311.03
1784921056.852,311.119
1784921056.952,311.168
1784921057.052,311.171
1784921057.153,311.349
1784921057.253,311.512
1784921057.353,310.917
1784921057.454,310.865
1784921057.554,311.511
1784921057.654,311.885
1784921057.754,313.541
1784921057.855,312.402
1784921057.955,309.733
1784921058.055,309.671
1784921058.156,309.776
1784921058.256,309.856
1784921058.356,309.527
1784921058.456,309.597
1784921058.557,309.997
1784921058.657,309.919
1784921058.757,310.054
1784921058.858,309.962
1784921058.958,310.946
1784921059.058,314.289
1784921059.159,311.993
1784921059.259,314.258
1784921059.359,311.284
1784921059.460,310.827
1784921059.560,311.371
1784921059.660,311.42
1784921059.760,311.59
1784921059.861,311.581
1784921059.961,311.511
1784921060.061,311.407
1784921060.162,311.389
1784921060.262,313.565
1784921060.362,307.715
1784921060.463,309.882
1784921060.563,309.99
1784921060.663,310.225
1784921060.764,310.084
1784921060.864,309.812
1784921060.964,309.706
1784921061.064,309.016
1784921061.165,309.499
1784921061.265,309.634
1784921061.365,309.603
1784921061.466,312.119
1784921061.566,312.422
1784921061.666,312.67
1784921061.767,312.376
1784921061.867,312.369
1784921061.967,312.274
1784921062.067,312.198
1784921062.168,305.882
1784921062.268,306.563
1784921062.368,306.307
1784921062.469,305.645
1784921062.569,306.468
1784921062.669,306.296
1784921062.770,306.851
1784921062.870,306.978
1784921062.970,307.149
1784921063.070,307.413
1784921063.171,307.263
1784921063.271,313.936
1784921063.371,312.945
1784921063.472,312.39
1784921063.572,313.098
1784921063.675,309.128
1784921063.775,309.812
1784921063.875,309.324
1784921063.976,309.168
1784921064.076,309.023
1784921064.176,309.078
1784921064.277,309.047
1784921064.377,306.802
1784921064.477,306.001
1784921064.578,306.586
1784921064.678,306.609
1784921064.778,310.264
1784921064.878,309.583
1784921064.979,302.192
1784921065.079,318.623
1784921065.179,332.727
1784921065.280,345.394
1784921065.380,351.422
1784921065.480,348.324
1784921065.580,349.344
1784921065.681,349.399
1784921065.781,349.506
1784921065.881,349.677
1784921065.982,350.416
1784921066.082,358.22
1784921066.182,341.973
1784921066.283,329.597
1784921066.383,314.735
1784921066.483,312.993
1784921066.583,324.004
1784921066.684,323.685
1784921066.784,323.822
1784921066.884,323.443
1784921066.985,323.555
1784921067.085,323.572
1784921067.185,323.547
1784921067.285,323.48
1784921067.386,323.122
1784921067.486,323.182
1784921067.586,324.952
1784921067.687,314.265
1784921067.787,314.598
1784921067.887,312.978
1784921067.987,293.187
1784921068.088,286.839
1784921068.188,295.771
1784921068.288,294.093
1784921068.389,296.05
1784921068.489,295.103
1784921068.589,295.833
1784921068.690,295.749
1784921068.790,295.658
1784921068.890,295.708
1784921068.991,297.291
1784921069.091,316.884
1784921069.191,323.755
1784921069.291,310.002
1784921069.392,308.258
1784921069.492,305.963
1784921069.592,306.221
1784921069.693,306.064
1784921069.793,306.017
1784921069.893,306.142
1784921069.994,306.203
1784921070.094,305.446
1784921070.194,305.927
1784921070.294,305.748
1784921070.395,310.577
1784921070.495,311.281
1784921070.595,308.244
1784921070.696,324.506
1784921070.796,337.374
1784921070.896,348.157
1784921070.996,347.733
1784921071.097,347.511
1784921071.197,348.242
1784921071.297,348.502
1784921071.398,348.321
1784921071.499,347.96
1784921071.599,348.631
1784921071.699,353.221
1784921071.799,338.067
1784921071.900,325.416
1784921072.000,314.668
1784921072.100,311.44
1784921072.201,311.54
1784921072.301,311.485
1784921072.401,311.245
1784921072.502,310.804
1784921072.602,310.787
1784921072.702,310.983
1784921072.802,311.144
1784921072.903,310.982
1784921073.003,310.862
1784921073.103,310.715
1784921073.204,314.112
1784921073.304,314.038
1784921073.404,313.496
1784921073.504,309.585
1784921073.605,309.731
1784921073.705,308.996
1784921073.805,309.612
1784921073.906,309.762
1784921074.006,309.727
1784921074.106,309.823
1784921074.207,309.774
1784921074.307,309.154
1784921074.407,306.889
1784921074.507,307.292
1784921074.608,311.878
1784921074.708,312.082
1784921074.808,308.726
1784921074.909,308.456
1784921075.009,308.399
1784921075.109,308.428
1784921075.210,308.444
1784921075.310,308.134
1784921075.410,308.778
1784921075.511,311.16
1784921075.611,311.359
1784921075.711,311.35
1784921075.812,310.628
1784921075.912,314.683
1784921076.012,312.473
1784921076.113,311.672
1784921076.213,311.685
1784921076.313,311.801
1784921076.413,311.37
1784921076.514,311.365
1784921076.614,311.398
1784921076.714,311.451
1784921076.815,311.401
1784921076.915,311.856
1784921077.015,311.786
1784921077.116,314.089
1784921077.216,307.122
1784921077.316,322.392
1784921077.416,335.658
1784921077.517,351.902
1784921077.617,352.425
1784921077.717,356.149
1784921077.818,352.57
1784921077.918,352.787
1784921078.019,352.401
1784921078.119,352.485
1784921078.219,352.7
1784921078.319,360.463
1784921078.420,344.558
1784921078.520,330.834
1784921078.620,315.468
1784921078.721,314.968
1784921078.821,324.861
1784921078.921,324.913
1784921079.022,324.299
1784921079.122,325.153
1784921079.222,325.026
1784921079.323,324.62
1784921079.425,321.881
1784921079.525,321.903
1784921079.625,322.179
1784921079.726,322.047
1784921079.826,322.138
1784921079.926,310.389
1784921080.027,286.082
1784921080.127,270.233
1784921080.227,284.997
1784921080.327,297.857
1784921080.428,304.955
1784921080.528,307.063
1784921080.628,307.154
1784921080.729,307.12
1784921080.829,307.101
1784921080.929,307.174
1784921081.030,308.888
1784921081.130,331.079
1784921081.230,349.056
1784921081.331,333.995
1784921081.431,320.676
1784921081.531,313.803
1784921081.631,314.118
1784921081.732,299.743
1784921081.833,280.536
1784921081.933,266.35
1784921082.034,266.146
1784921082.134,265.903
1784921082.234,265.766
1784921082.335,265.414
1784921082.435,264.583
1784921082.535,264.839
1784921082.635,264.91
1784921082.736,264.59
1784921082.836,279.567
1784921082.936,298.899
1784921083.037,313.159
1784921083.137,313.283
1784921083.237,314.832
1784921083.337,321.919
1784921083.438,322.382
1784921083.538,323.895
1784921083.638,323.131
1784921083.739,323.12
1784921083.839,322.977
1784921083.939,323.049
1784921084.040,322.536
1784921084.140,322.502
1784921084.240,322.564
1784921084.340,320.864
1784921084.441,311.005
1784921084.541,309.713
1784921084.641,323.478
1784921084.742,336.665
1784921084.842,336.484
1784921084.942,336.458
1784921085.043,336.413
1784921085.143,337.003
1784921085.243,336.747
1784921085.343,336.699
1784921085.444,336.457
1784921085.544,339.03
1784921085.644,340.445
1784921085.745,327.012
1784921085.845,313.818
1784921085.945,303.937
1784921086.045,301.099
1784921086.146,301.077
1784921086.246,300.958
1784921086.346,301.263
1784921086.447,300.792
1784921086.547,301.027
1784921086.647,301.327
1784921086.747,301.235
1784921086.848,301.315
1784921086.948,301.444
1784921087.048,311.34
1784921087.149,314.701
1784921087.249,310.293
1784921087.349,310.2
1784921087.450,309.491
1784921087.550,309.437
1784921087.650,309.809
1784921087.751,309.71
1784921087.851,309.737
1784921087.951,309.732
1784921088.051,309.51
1784921088.152,309.241
1784921088.252,309.211
1784921088.352,313.76
1784921088.453,313.361
1784921088.553,299.833
1784921088.653,280.226
1784921088.753,278.734
1784921088.854,278.943
1784921088.954,278.948
1784921089.054,278.95
1784921089.155,278.572
1784921089.255,279.115
1784921089.355,279.304
1784921089.456,276.046
1784921089.556,276.132
1784921089.656,289.853
1784921089.756,310.282
1784921089.857,311.676
1784921089.957,311.643
1784921090.057,306.547
1784921090.158,306.304
1784921090.258,306.593
1784921090.358,306.687
1784921090.459,306.263
1784921090.559,309.063
1784921090.659,309.455
1784921090.759,309.315
1784921090.860,308.932
1784921090.960,309.145
1784921091.060,307.11
1784921091.161,311.836
1784921091.261,311.794
1784921091.361,312.173
1784921091.462,311.655
1784921091.562,311.577
1784921091.662,312.307
1784921091.763,312.277
1784921091.863,307.248
1784921091.963,322.907
1784921092.063,333.538
1784921092.164,337.952
1784921092.264,338.512
1784921092.364,338.117
1784921092.465,337.226
1784921092.565,337.704
1784921092.665,338.101
1784921092.766,337.815
1784921092.866,337.478
1784921092.966,343.283
1784921093.066,328.413
1784921093.167,317.089
1784921093.267,314.731
1784921093.367,310.701
1784921093.468,311.179
1784921093.568,311.759
1784921093.668,311.732
1784921093.768,311.735
1784921093.869,311.694
1784921093.969,311.82
1784921094.069,311.743
1784921094.170,311.596
1784921094.270,311.805
1784921094.370,311.694
1784921094.471,310.915
1784921094.571,312.157
1784921094.671,312.378
1784921094.771,312.284
1784921094.872,312.344
1784921094.972,312.48
1784921095.072,312.265
1784921095.173,310.46
1784921095.273,319.67
1784921095.373,327.855
1784921095.473,328.266
1784921095.574,332.596
1784921095.674,331.585
1784921095.774,331.587
1784921095.875,331.69
1784921095.975,331.739
1784921096.075,331.031
1784921096.175,331.71
1784921096.276,333.51
1784921096.376,324.469
1784921096.476,313.294
1784921096.577,307.519
1784921096.677,307.829
1784921096.777,307.593
1784921096.878,307.656
1784921096.978,307.622
1784921097.078,307.541
1784921097.178,307.549
1784921097.279,307.395
1784921097.379,307.194
1784921097.479,306.353
1784921097.580,308.29
1784921097.680,329.079
1784921097.780,333.316
1784921097.880,333.498
1784921097.981,333.585
1784921098.081,333.611
1784921098.181,333.253
1784921098.282,333.822
1784921098.382,333.89
1784921098.482,333.29
1784921098.583,334.177
1784921098.683,334.872
1784921098.783,319.148
1784921098.884,314.965
1784921098.984,307.041
1784921099.084,307.957
1784921099.185,308.009
1784921099.285,307.839
1784921099.385,307.935
1784921099.485,304.718
1784921099.586,305.415
1784921099.686,305.515
1784921099.786,305.016
1784921099.887,305.528
1784921099.987,305.615
1784921100.087,312.368
1784921100.188,306.458
1784921100.288,306.239
1784921100.388,306.733
1784921100.489,306.351
1784921100.589,308.869
1784921100.689,309.04
1784921100.789,308.367
1784921100.890,309.062
1784921100.990,308.763
1784921101.090,308.598
1784921101.191,310.206
1784921101.291,328.778
1784921101.391,335.024
1784921101.491,335.453
1784921101.592,335.275
1784921101.692,335.914
1784921101.792,335.815
1784921101.893,336.056
1784921101.993,336.098
1784921102.093,336.342
1784921102.194,336.391
1784921102.294,334.99
1784921102.394,322.194
1784921102.494,315.401
1784921102.595,304.04
1784921102.695,304.166
1784921102.795,304.125
1784921102.896,303.733
1784921102.996,303.748
1784921103.096,303.667
1784921103.196,303.599
1784921103.297,303.798
1784921103.397,302.911
1784921103.497,303.009
1784921103.598,315.656
1784921103.698,314.6
1784921103.798,314.378
1784921103.898,314.253
1784921103.999,314.376
1784921104.099,314.193
1784921104.200,314.132
1784921104.300,314.349
1784921104.400,310.85
1784921104.500,311.027
1784921104.601,311.45
1784921104.701,308.485
1784921104.801,308.455
1784921104.902,308.371
1784921105.002,308.328
1784921105.102,308.743
1784921105.203,308.863
1784921105.303,308.882
1784921105.403,308.425
1784921105.503,310.613
1784921105.604,311.375
1784921105.704,311.504
1784921105.804,314.456
1784921105.905,314.492
1784921106.005,314.676
1784921106.105,306.255
1784921106.206,308.547
1784921106.306,308.585
1784921106.406,308.559
1784921106.506,308.569
1784921106.607,309.277
1784921106.707,309.232
1784921106.807,309.224
1784921106.908,309.295
1784921107.008,309.048
1784921107.108,307.938
1784921107.209,313.324
1784921107.309,311.074
1784921107.409,310.828
1784921107.509,310.401
1784921107.610,310.582
1784921107.710,310.479
1784921107.810,310.791
1784921107.910,310.835
1784921108.011,310.705
1784921108.111,310.637
1784921108.211,314.931
1784921108.312,333.502
1784921108.412,342.444
1784921108.512,345.59
1784921108.613,342.941
1784921108.713,343.039
1784921108.813,343.451
1784921108.913,343.354
1784921109.014,343.487
1784921109.114,343.822
1784921109.214,343.876
1784921109.315,340.305
1784921109.415,323.204
1784921109.515,313.144
1784921109.615,307.424
1784921109.716,307.531
1784921109.816,307.048
1784921109.916,306.749
1784921110.017,306.465
1784921110.117,306.083
1784921110.217,306.011
1784921110.318,305.353
1784921110.418,305.497
1784921110.518,306.545
1784921110.618,302.127
1784921110.719,322.919
1784921110.819,335.575
1784921110.919,343.867
1784921111.020,344.43
1784921111.120,344.542
1784921111.220,344.91
1784921111.321,345.126
1784921111.421,345.049
1784921111.521,344.556
1784921111.621,345.584
1784921111.722,351.189
1784921111.822,336.407
1784921111.922,323.132
1784921112.023,315.623
1784921112.123,315.761
1784921112.223,304.412
1784921112.324,307.878
1784921112.424,307.131
1784921112.524,307.502
1784921112.624,308.255
1784921112.725,308.062
1784921112.825,308.153
1784921112.925,308.055
1784921113.026,308.506
1784921113.126,308.339
1784921113.226,308.217
1784921113.326,319.677
1784921113.427,315.71
1784921113.527,315.303
1784921113.627,315.272
1784921113.728,309.634
1784921113.828,309.578
1784921113.928,309.418
1784921114.028,308.951
1784921114.129,308.881
1784921114.229,308.834
1784921114.329,308.352
1784921114.430,307.845
1784921114.530,305.076
1784921114.630,305.44
1784921114.731,305.571
1784921114.831,310.759
1784921114.931,310.531
1784921115.032,310.54
1784921115.132,310.623
1784921115.232,310.516
1784921115.332,310.323
1784921115.433,306.189
1784921115.533,321.142
1784921115.633,336.522
1784921115.734,336.785
1784921115.834,334.591
1784921115.934,335.122
1784921116.034,335.307
1784921116.135,335.171
1784921116.235,335.328
1784921116.335,335.823
1784921116.436,335.326
1784921116.536,339.364
1784921116.636,324.683
1784921116.737,312.001
1784921116.837,308.732
1784921116.937,307.933
1784921117.037,307.811
1784921117.138,307.831
1784921117.238,307.351
1784921117.338,307.756
1784921117.439,307.147
1784921117.539,307.425
1784921117.639,307.775
1784921117.739,307.547
1784921117.840,307.934
1784921117.940,313.107
1784921118.040,314.525
1784921118.141,314.726
1784921118.241,310.823
1784921118.341,325.737
1784921118.442,338.238
1784921118.542,340.216
1784921118.642,338.195
1784921118.743,338.249
1784921118.843,338.191
1784921118.943,338.46
1784921119.043,338.544
1784921119.144,338.531
1784921119.244,338.377
1784921119.344,341.994
1784921119.445,327.443
1784921119.545,311.631
1784921119.645,312.261
1784921119.746,307.678
1784921119.846,307.419
1784921119.946,307.759
1784921120.047,307.489
1784921120.147,307.401
1784921120.247,307.444
1784921120.347,307.705
1784921120.448,307.188
1784921120.548,306.765
1784921120.649,309.863
1784921120.749,305.144
1784921120.849,317.094
1784921120.950,316.908
1784921121.050,316.865
1784921121.150,316.841
1784921121.251,316.829
1784921121.351,316.846
1784921121.451,316.576
1784921121.552,316.605
1784921121.652,317.26
1784921121.752,317.273
1784921121.852,322.166
1784921121.953,314.974
1784921122.053,314.686
1784921122.157,308.248
1784921122.257,308.191
1784921122.358,308.358
1784921122.458,308.182
1784921122.558,307.725
1784921122.659,308.356
1784921122.759,308.339
1784921122.859,308.379
1784921122.960,308.431
1784921123.060,308.136
1784921123.160,308.57
1784921123.260,315.073
1784921123.361,315.048
1784921123.461,315.037
1784921123.561,314.685
1784921123.662,313.227
1784921123.762,312.025
1784921123.862,311.824
1784921123.963,311.978
1784921124.063,311.971
1784921124.163,311.971
1784921124.263,312.342
1784921124.364,312.148
1784921124.464,312.191
1784921124.564,308.794
1784921124.665,308.939
1784921124.765,311.016
1784921124.865,312.202
1784921124.966,307.944
1784921125.066,307.69
1784921125.166,307.29
1784921125.267,307.124
1784921125.367,307.114
1784921125.467,307.299
1784921125.568,306.857
1784921125.668,309.991
1784921125.768,309.819
1784921125.868,309.832
1784921125.969,309.969
1784921126.069,314.539
1784921126.169,314.656
1784921126.270,310.814
1784921126.370,310.865
1784921126.470,310.503
1784921126.570,309.866
1784921126.671,310.537
1784921126.771,310.694
1784921126.871,310.844
1784921126.972,310.542
1784921127.072,310.551
1784921127.172,310.523
1784921127.273,310.485
1784921127.373,311.541
1784921127.473,318.2
1784921127.574,318.237
1784921127.674,318.844
1784921127.774,318.87
1784921127.875,318.253
1784921127.975,318.567
1784921128.075,319.053
1784921128.175,319.12
1784921128.276,319.092
1784921128.376,318.779
1784921128.476,321.152
1784921128.577,314.477
1784921128.677,311.202
1784921128.777,311.267
1784921128.878,310.845
1784921128.978,311.742
1784921129.078,311.76
1784921129.178,311.594
1784921129.279,311.556
1784921129.379,311.527
1784921129.479,310.91
1784921129.580,308.473
1784921129.680,308.888
1784921129.780,312.423
1784921129.880,312.472
1784921129.981,308.882
1784921130.081,308.614
1784921130.181,308.938
1784921130.282,308.741
1784921130.382,308.71
1784921130.482,308.068
1784921130.583,308.667
1784921130.683,311.95
1784921130.783,311.943
1784921130.883,311.935
1784921130.984,311.686
1784921131.084,311.169
1784921131.184,310.71
1784921131.285,310.452
1784921131.385,310.513
1784921131.485,310.39
1784921131.586,309.913
1784921131.686,309.962
1784921131.786,309.824
1784921131.886,310.005
1784921131.987,309.822
1784921132.087,295.394
1784921132.187,301.065
1784921132.288,301.052
1784921132.388,301.056
1784921132.488,300.35
1784921132.588,301.018
1784921132.689,301.172
1784921132.789,301.291
1784921132.889,301.402
1784921132.989,301.145
1784921133.090,301.035
1784921133.190,319.662
1784921133.290,313.011
1784921133.391,292.726
1784921133.491,272.524
1784921133.598,253.133
1784921133.698,248.628
1784921133.798,255.479
1784921133.899,250.156
1784921133.999,255.103
1784921134.099,255.315
1784921134.200,255.105
1784921134.300,255.179
1784921134.400,256.507
1784921134.501,273.755
1784921134.601,294.086
1784921134.701,313.573
1784921134.801,318.443
1784921134.902,311.403
1784921135.002,304.3
1784921135.102,304.951
1784921135.203,304.664
1784921135.303,305.041
1784921135.403,305.137
1784921135.503,304.564
1784921135.604,307.573
1784921135.704,307.411
1784921135.804,307.827
1784921135.905,308.16
1784921136.005,308.365
1784921136.105,312.397
1784921136.205,326.15
1784921136.306,337.982
1784921136.406,338.359
1784921136.525,338.155
1784921136.625,338.827
1784921136.725,338.989
1784921136.826,338.518
1784921136.926,338.995
1784921137.026,338.86
1784921137.127,338.873
1784921137.227,341.818
1784921137.327,327.802
1784921137.427,306.359
1784921137.528,286.143
1784921137.628,266.077
1784921137.728,245.715
1784921137.829,225.276
1784921137.929,205.549
1784921138.029,185.031
1784921138.130,164.556
1784921138.230,144.077
1784921138.330,123.562
1784921138.431,103.42
1784921138.531,92.825
1784921138.631,123.009
1784921138.731,157.295
1784921138.832,204.653
1784921138.932,227.383
1784921139.032,253.406
1784921139.133,273.96
1784921139.233,294.443
1784921139.333,314.886
1784921139.433,335.198
1784921139.534,352.324
1784921139.634,372.71
1784921139.734,362.69
1784921139.835,348.509
1784921139.935,332.744
1784921140.035,318.665
1784921140.136,312.976
1784921140.236,313.018
1784921140.336,310.588
1784921140.437,309.046
1784921140.537,308.258
1784921140.637,311.307
1784921140.737,311.282
1784921140.838,311.268
1784921140.938,311.382
1784921141.038,311.089
1784921141.139,311.491
1784921141.239,311.269
1784921141.339,311.0
1784921141.440,297.699
1784921141.540,296.766
1784921141.640,297.202
1784921141.741,297.219
1784921141.841,297.452
1784921141.941,297.346
1784921142.041,297.51
1784921142.142,296.897
1784921142.242,296.745
1784921142.342,297.086
1784921142.443,297.254
1784921142.543,312.025
1784921142.643,314.068
1784921142.743,304.608
1784921142.844,284.408
1784921142.944,263.874
1784921143.044,254.59
1784921143.145,259.283
1784921143.245,259.553
1784921143.345,259.878
1784921143.445,259.507
1784921143.546,258.445
1784921143.646,259.138
1784921143.746,259.165
1784921143.847,269.168
1784921143.947,289.577
1784921144.047,309.762
1784921144.147,313.664
1784921144.248,303.51
1784921144.348,304.994
1784921144.448,305.081
1784921144.549,302.112
1784921144.649,303.183
1784921144.749,303.22
1784921144.850,303.663
1784921144.950,303.571
1784921145.050,303.413
1784921145.150,303.554
1784921145.251,303.835
1784921145.351,313.22
1784921145.451,312.857
1784921145.552,311.831
1784921145.652,309.603
1784921145.752,309.632
1784921145.853,309.106
1784921145.953,309.219
1784921146.053,309.247
1784921146.154,309.337
1784921146.254,309.312
1784921146.354,309.53
1784921146.454,309.535
1784921146.555,309.272
1784921146.655,310.041
1784921146.755,311.88
1784921146.856,315.249
1784921146.956,328.438
1784921147.056,332.659
1784921147.157,331.339
1784921147.257,331.467
1784921147.357,331.556
1784921147.457,330.897
1784921147.558,331.068
1784921147.658,331.429
1784921147.758,331.477
1784921147.859,335.058
1784921147.959,331.316
1784921148.059,318.588
1784921148.159,315.755
1784921148.260,299.591
1784921148.360,275.47
1784921148.460,277.224
1784921148.561,276.5
1784921148.661,276.94
1784921148.761,276.921
1784921148.861,277.12
1784921148.962,277.252
1784921149.062,277.237
1784921149.163,277.374
1784921149.263,277.572
1784921149.363,293.739
1784921149.463,314.018
1784921149.564,312.825
1784921149.664,313.76
1784921149.764,313.941
1784921149.865,313.856
1784921149.965,313.739
1784921150.065,301.132
1784921150.166,285.739
1784921150.266,285.629
1784921150.366,285.585
1784921150.466,285.31
1784921150.567,284.297
1784921150.667,286.761
1784921150.767,286.895
1784921150.868,286.656
1784921150.968,286.724
1784921151.068,286.707
1784921151.169,298.93
1784921151.269,314.676
1784921151.369,311.79
1784921151.469,309.175
1784921151.570,308.801
1784921151.670,308.988
1784921151.770,309.698
1784921151.871,309.662
1784921151.971,309.666
1784921152.071,309.694
1784921152.171,309.678
1784921152.272,309.132
1784921152.372,309.164
1784921152.472,312.082
1784921152.573,313.899
1784921152.673,314.039
1784921152.773,314.408
1784921152.874,314.403
1784921152.974,314.597
1784921153.074,314.703
1784921153.174,309.555
1784921153.275,309.487
1784921153.375,309.97
1784921153.475,309.982
1784921153.575,309.726
1784921153.676,310.138
1784921153.776,310.507
1784921153.876,310.372
1784921153.977,310.503
1784921154.077,310.498
1784921154.177,310.45
1784921154.277,315.706
1784921154.378,313.049
1784921154.478,313.411
1784921154.578,310.109
1784921154.679,310.115
1784921154.779,310.411
1784921154.879,304.949
1784921154.979,320.137
1784921155.080,328.12
1784921155.180,329.101
1784921155.280,328.084
1784921155.381,330.234
1784921155.481,329.875
1784921155.581,329.875
1784921155.681,332.972
1784921155.782,333.185
1784921155.882,332.682
1784921155.982,338.69
1784921156.083,323.441
1784921156.183,315.559
1784921156.283,315.588
1784921156.384,315.441
1784921156.486,310.163
1784921156.586,310.255
1784921156.686,310.508
1784921156.787,310.491
1784921156.887,310.479
1784921156.987,310.32
1784921157.087,310.243
1784921157.188,310.244
1784921157.288,310.276
1784921157.388,310.324
1784921157.488,309.936
1784921157.589,320.926
1784921157.689,335.403
1784921157.789,335.106
1784921157.890,335.268
1784921157.990,334.826
1784921158.090,335.554
1784921158.190,335.617
1784921158.291,335.646
1784921158.391,335.567
1784921158.491,334.698
1784921158.592,334.989
1784921158.692,329.908
1784921158.792,315.392
1784921158.893,315.488
1784921158.993,301.882
1784921159.093,303.562
1784921159.194,303.285
1784921159.294,303.369
1784921159.394,303.399
1784921159.494,302.133
1784921159.595,300.33
1784921159.695,300.562
1784921159.795,300.603
1784921159.896,301.186
1784921159.996,301.359
1784921160.096,314.604
1784921160.197,306.16
1784921160.297,307.984
1784921160.397,307.983
1784921160.498,307.079
1784921160.598,308.346
1784921160.698,310.508
1784921160.798,310.682
1784921160.899,310.563
1784921160.999,310.316
1784921161.099,310.432
1784921161.200,310.143
1784921161.300,317.489
1784921161.400,315.665
1784921161.501,320.941
1784921161.601,335.379
1784921161.701,339.195
1784921161.802,337.205
1784921161.902,337.081
1784921162.002,337.305
1784921162.102,337.496
1784921162.203,337.509
1784921162.303,337.759
1784921162.403,337.698
1784921162.504,337.165
1784921162.604,332.835
1784921162.704,317.799
1784921162.804,315.829
1784921162.905,309.717
1784921163.005,309.805
1784921163.105,309.707
1784921163.206,309.555
1784921163.306,308.825
1784921163.406,309.241
1784921163.507,308.609
1784921163.607,309.172
1784921163.707,309.261
1784921163.808,307.563
1784921163.908,307.728
1784921164.008,313.89
1784921164.108,313.759
1784921164.209,313.673
1784921164.309,313.672
1784921164.409,313.68
1784921164.509,313.279
1784921164.610,311.186
1784921164.710,311.233
1784921164.810,311.301
1784921164.911,312.667
1784921165.011,313.115
1784921165.111,310.333
1784921165.213,325.276
1784921165.313,338.037
1784921165.414,344.012
1784921165.514,341.039
1784921165.614,341.511
1784921165.714,344.263
1784921165.815,344.43
1784921165.915,344.561
1784921166.015,344.778
1784921166.116,344.888
1784921166.216,347.728
1784921166.316,332.852
1784921166.417,320.199
1784921166.517,316.106
1784921166.617,312.152
1784921166.717,292.061
1784921166.818,299.424
1784921166.918,299.258
1784921167.018,299.044
1784921167.119,299.217
1784921167.219,299.337
1784921167.319,299.333
1784921167.420,299.288
1784921167.520,298.414
1784921167.620,299.199
1784921167.720,303.984
1784921167.821,323.881
1784921167.921,316.496
1784921168.021,323.66
1784921168.122,323.331
1784921168.222,323.52
1784921168.322,322.97
1784921168.423,322.773
1784921168.524,321.84
1784921168.624,322.006
1784921168.724,321.999
1784921168.825,321.954
1784921168.925,318.016
1784921169.025,325.949
1784921169.125,318.954
1784921169.226,318.73
1784921169.326,318.894
1784921169.426,318.845
1784921169.527,318.187
1784921169.627,316.3
1784921169.727,316.48
1784921169.827,316.368
1784921169.928,316.336
1784921170.028,320.325
1784921170.128,312.56
1784921170.229,312.184
1784921170.329,312.599
1784921170.429,312.803
1784921170.529,306.023
1784921170.630,306.22
1784921170.730,308.918
1784921170.830,308.677
1784921170.931,308.949
1784921171.031,309.04
1784921171.131,309.027
1784921171.231,308.738
1784921171.332,308.472
1784921171.432,308.722
1784921171.532,307.915
1784921171.633,314.654
1784921171.733,314.982
1784921171.833,314.477
1784921171.933,315.104
1784921172.034,329.926
1784921172.134,341.916
1784921172.234,343.942
1784921172.335,341.446
1784921172.435,341.788
1784921172.535,340.827
1784921172.635,341.627
1784921172.736,341.751
1784921172.836,341.918
1784921172.936,341.879
1784921173.037,342.191
1784921173.137,327.199
1784921173.237,315.177
1784921173.341,310.094
1784921173.442,309.541
1784921173.542,308.987
1784921173.642,309.735
1784921173.742,309.383
1784921173.843,309.15
1784921173.943,309.106
1784921174.043,309.741
1784921174.144,309.429
1784921174.244,309.523
1784921174.344,308.4
1784921174.444,328.034
1784921174.545,342.572
1784921174.645,355.099
1784921174.745,358.607
1784921174.846,359.013
1784921174.946,359.376
1784921175.046,359.043
1784921175.147,359.122
1784921175.247,359.276
1784921175.347,359.468
1784921175.447,360.644
1784921175.548,345.761
1784921175.648,332.044
1784921175.748,320.192
1784921175.849,316.842
1784921175.949,316.631
1784921176.050,309.703
1784921176.150,308.261
1784921176.250,308.172
1784921176.351,308.15
1784921176.451,308.009
1784921176.551,307.563
1784921176.652,307.728
1784921176.752,307.563
1784921176.852,307.426
1784921176.953,307.572
1784921177.053,307.821
1784921177.153,313.82
1784921177.253,315.777
1784921177.354,310.909
1784921177.454,311.105
1784921177.554,310.461
1784921177.655,309.986
1784921177.755,310.754
1784921177.855,311.019
1784921177.956,310.975
1784921178.056,310.871
1784921178.156,310.673
1784921178.257,310.756
1784921178.357,310.754
1784921178.457,315.731
1784921178.557,315.266
1784921178.658,315.59
1784921178.758,315.785
1784921178.858,315.616
1784921178.958,315.506
1784921179.059,316.048
1784921179.159,319.386
1784921179.259,332.824
1784921179.360,333.64
1784921179.460,333.665
1784921179.560,333.022
1784921179.661,330.608
1784921179.761,330.699
1784921179.861,331.526
1784921179.961,331.733
1784921180.062,331.713
1784921180.162,331.369
1784921180.262,328.281
1784921180.362,314.44
1784921180.463,314.358
1784921180.563,313.764
1784921180.663,314.006
1784921180.764,316.615
1784921180.864,310.036
1784921180.964,309.934
1784921181.065,309.952
1784921181.165,309.901
1784921181.266,309.958
1784921181.366,309.581
1784921181.466,309.717
1784921181.567,309.068
1784921181.667,309.629
1784921181.767,309.977
1784921181.867,309.928
1784921181.968,316.126
1784921182.068,314.471
1784921182.168,328.164
1784921182.269,339.937
1784921182.369,339.863
1784921182.469,339.829
1784921182.570,339.505
1784921182.670,340.303
1784921182.770,340.259
1784921182.871,339.933
1784921182.971,340.438
1784921183.071,342.218
1784921183.172,328.501
1784921183.272,316.79
1784921183.372,316.859
1784921183.472,315.862
1784921183.573,315.663
1784921183.673,295.53
1784921183.783,290.894
1784921183.884,290.847
1784921183.984,291.118
1784921184.084,291.162
1784921184.185,291.028
1784921184.285,290.991
1784921184.385,290.895
1784921184.486,290.124
1784921184.586,289.865
1784921184.686,289.323
1784921184.786,309.242
1784921184.887,313.976
1784921184.987,313.875
1784921185.087,313.643
1784921185.188,306.515
1784921185.288,295.071
1784921185.388,294.975
1784921185.489,294.408
1784921185.589,294.306
1784921185.689,295.903
1784921185.789,297.362
1784921185.890,297.55
1784921185.990,297.492
1784921186.090,297.177
1784921186.191,297.459
1784921186.291,303.315
1784921186.391,323.181
1784921186.491,334.825
1784921186.592,348.831
1784921186.692,351.53
1784921186.792,351.411
1784921186.893,351.478
1784921186.993,351.65
1784921187.093,351.581
1784921187.193,351.573
1784921187.294,351.75
1784921187.394,353.151
1784921187.494,345.392
1784921187.595,332.386
1784921187.695,318.265
1784921187.795,316.402
1784921187.896,311.016
1784921187.996,310.813
1784921188.096,310.833
1784921188.196,310.639
1784921188.297,310.594
1784921188.397,310.44
1784921188.497,310.092
1784921188.598,309.976
1784921188.698,310.624
1784921188.798,310.532
1784921188.898,310.379
1784921188.999,313.703
1784921189.099,313.634
1784921189.200,313.484
1784921189.300,312.977
1784921189.401,313.551
1784921189.501,313.574
1784921189.601,313.408
1784921189.702,310.827
1784921189.802,307.032
1784921189.902,324.128
1784921190.003,335.226
1784921190.103,342.674
1784921190.203,342.958
1784921190.303,342.818
1784921190.404,343.308
1784921190.504,343.047
1784921190.604,342.417
1784921190.705,343.006
1784921190.805,345.639
1784921190.905,348.865
1784921191.005,333.338
1784921191.106,321.626
1784921191.206,296.01
1784921191.306,275.569
1784921191.407,255.314
1784921191.507,258.324
1784921191.607,272.235
1784921191.708,284.64
1784921191.808,284.241
1784921191.908,284.134
1784921192.008,284.37
1784921192.109,284.406
1784921192.209,284.148
1784921192.309,304.444
1784921192.410,324.729
1784921192.510,344.533
1784921192.610,341.022
1784921192.710,327.402
1784921192.811,312.031
1784921192.911,291.9
1784921193.011,271.774
1784921193.112,251.723
1784921193.212,231.24
1784921193.312,210.981
1784921193.414,197.266
1784921193.514,218.53
1784921193.615,223.017
1784921193.715,223.636
1784921193.815,223.701
1784921193.916,227.311
1784921194.016,247.663
1784921194.117,267.438
1784921194.217,287.937
1784921194.317,308.374
1784921194.418,328.856
1784921194.518,332.513
1784921194.618,320.365
1784921194.718,310.1
1784921194.819,284.946
1784921194.919,274.026
1784921195.019,276.151
1784921195.120,275.785
1784921195.220,276.339
1784921195.320,276.185
1784921195.421,276.128
1784921195.521,275.981
1784921195.621,275.332
1784921195.722,276.016
1784921195.822,282.277
1784921195.922,304.456
1784921196.022,318.13
1784921196.123,316.196
1784921196.224,319.164
1784921196.324,318.958
1784921196.424,318.987
1784921196.524,318.887
1784921196.625,318.613
1784921196.725,318.723
1784921196.825,319.025
1784921196.926,318.686
1784921197.026,318.616
1784921197.126,318.669
1784921197.227,316.404
1784921197.327,313.325
1784921197.427,313.456
1784921197.527,313.365
1784921197.628,312.967
1784921197.728,313.375
1784921197.828,313.781
1784921197.929,313.649
1784921198.029,314.244
1784921198.129,314.502
1784921198.229,314.66
1784921198.330,316.439
1784921198.430,319.599
1784921198.530,334.137
1784921198.631,348.352
1784921198.731,347.867
1784921198.831,347.909
1784921198.932,347.891
1784921199.032,347.942
1784921199.132,347.908
1784921199.233,348.072
1784921199.333,347.735
1784921199.433,347.89
1784921199.534,345.363
1784921199.634,330.146
1784921199.734,314.243
1784921199.834,314.733
1784921199.935,314.25
1784921200.035,314.044
1784921200.135,310.1
1784921200.236,310.024
1784921200.336,309.811
1784921200.436,309.518
1784921200.537,309.671
1784921200.637,309.052
1784921200.737,310.048
1784921200.837,312.703
1784921200.938,312.316
1784921201.038,312.451
1784921201.138,308.359
1784921201.239,325.355
1784921201.339,324.839
1784921201.439,324.852
1784921201.539,324.696
1784921201.640,323.841
1784921201.740,324.219
1784921201.840,323.931
1784921201.940,324.023
1784921202.041,323.692
1784921202.141,324.004
1784921202.241,328.64
1784921202.342,315.538
1784921202.442,316.008
1784921202.542,316.053
1784921202.642,315.906
1784921202.743,316.847
1784921202.843,316.932
1784921202.943,310.005
1784921203.043,287.451
1784921203.144,283.132
1784921203.244,282.68
1784921203.344,282.686
1784921203.445,282.156
1784921203.545,282.043
1784921203.645,281.544
1784921203.745,282.394
1784921203.846,282.566
1784921203.946,282.727
1784921204.046,289.853
1784921204.147,309.532
1784921204.247,316.606
1784921204.347,317.06
1784921204.448,316.969
1784921204.548,317.33
1784921204.648,316.556
1784921204.748,314.27
1784921204.849,314.166
1784921204.949,314.04
1784921205.049,313.862
1784921205.150,313.805
1784921205.250,313.843
1784921205.350,313.903
1784921205.450,314.027
1784921205.551,314.16
1784921205.651,308.032
1784921205.751,308.539
1784921205.852,311.138
1784921205.952,311.214
1784921206.052,311.251
1784921206.152,311.396
1784921206.253,311.518
1784921206.353,311.716
1784921206.453,311.491
1784921206.554,311.188
1784921206.654,310.55
1784921206.754,316.607
1784921206.855,316.15
1784921206.955,315.242
1784921207.055,306.536
1784921207.155,306.526
1784921207.256,306.279
1784921207.356,305.872
1784921207.456,305.713
1784921207.557,305.721
1784921207.657,305.18
1784921207.757,305.489
1784921207.857,305.321
1784921207.958,305.376
1784921208.058,306.498
1784921208.158,309.043
1784921208.259,308.708
1784921208.359,308.793
1784921208.459,308.351
1784921208.560,308.882
1784921208.660,307.883
1784921208.760,308.144
1784921208.861,308.248
1784921208.961,308.11
1784921209.061,308.592
1784921209.161,308.361
1784921209.262,314.557
1784921209.362,305.619
1784921209.462,305.573
1784921209.563,304.739
1784921209.663,303.093
1784921209.763,303.753
1784921209.863,303.832
1784921209.964,303.734
1784921210.064,303.884
1784921210.164,303.898
1784921210.265,303.674
1784921210.365,316.358
1784921210.465,312.055
1784921210.566,311.654
1784921210.666,313.327
1784921210.766,316.191
1784921210.866,316.045
1784921210.967,315.958
1784921211.067,316.095
1784921211.167,316.21
1784921211.268,316.347
1784921211.368,316.494
1784921211.468,316.36
1784921211.568,316.166
1784921211.669,317.2
1784921211.769,316.249
1784921211.869,316.186
1784921211.970,309.776
1784921212.070,316.326
1784921212.170,331.166
1784921212.271,345.446
1784921212.371,348.539
1784921212.471,348.636
1784921212.572,347.88
1784921212.672,349.09
1784921212.772,349.21
1784921212.873,349.367
1784921212.973,349.427
1784921213.073,355.781
1784921213.174,348.839
1784921213.274,334.393
1784921213.374,320.196
1784921213.474,317.086
1784921213.575,316.034
1784921213.675,316.309
1784921213.775,316.185
1784921213.876,314.865
1784921213.976,295.018
1784921214.076,271.097
1784921214.177,255.854
1784921214.277,254.892
1784921214.378,254.697
1784921214.478,254.551
1784921214.578,253.679
1784921214.678,251.363
1784921214.779,251.691
1784921214.879,251.604
1784921214.979,252.782
1784921215.080,272.557
1784921215.180,292.033
1784921215.280,311.107
1784921215.380,308.455
1784921215.481,325.922
1784921215.581,325.971
1784921215.681,325.111
1784921215.782,327.927
1784921215.882,327.851
1784921215.982,328.0
1784921216.083,328.108
1784921216.183,328.13
1784921216.283,328.014
1784921216.383,328.143
1784921216.484,332.339
1784921216.584,314.421
1784921216.684,316.013
1784921216.785,316.331
1784921216.885,316.713
1784921216.987,312.369
1784921217.087,312.502
1784921217.187,312.571
1784921217.287,312.261
1784921217.388,311.764
1784921217.488,311.972
1784921217.588,311.507
1784921217.689,312.213
1784921217.789,312.109
1784921217.890,311.291
1784921217.990,311.386
1784921218.090,315.94
1784921218.191,312.689
1784921218.291,311.461
1784921218.391,311.768
1784921218.491,312.042
1784921218.592,311.226
1784921218.692,311.64
1784921218.792,311.707
1784921218.892,311.836
1784921218.993,312.015
1784921219.093,312.088
1784921219.193,312.182
1784921219.294,307.567
1784921219.394,310.283
1784921219.494,309.956
1784921219.594,309.478
1784921219.695,307.16
1784921219.795,307.267
1784921219.895,307.171
1784921219.996,306.881
1784921220.096,307.066
1784921220.196,307.05
1784921220.297,307.059
1784921220.397,314.888
1784921220.497,313.568
1784921220.597,313.279
1784921220.698,309.088
1784921220.798,317.776
1784921220.898,331.604
1784921220.999,346.06
1784921221.099,347.563
1784921221.199,347.973
1784921221.300,348.064
1784921221.400,348.019
1784921221.500,348.086
1784921221.600,347.632
1784921221.701,347.878
1784921221.802,353.022
1784921221.902,347.722
1784921222.002,333.973
1784921222.103,319.72
1784921222.203,318.068
1784921222.303,309.643
1784921222.405,297.702
1784921222.505,299.383
1784921222.607,299.093
1784921222.707,298.46
1784921222.807,298.866
1784921222.907,298.96
1784921223.008,298.982
1784921223.108,298.888
1784921223.208,298.041
1784921223.309,298.505
1784921223.409,306.881
1784921223.509,316.913
1784921223.610,317.062
1784921223.710,314.948
1784921223.810,312.352
1784921223.910,312.204
1784921224.011,312.197
1784921224.111,312.01
1784921224.211,311.974
1784921224.312,312.085
1784921224.412,311.844
1784921224.512,311.669
1784921224.613,311.239
1784921224.713,308.352
1784921224.813,307.594
1784921224.914,319.282
1784921225.014,322.133
1784921225.114,322.093
1784921225.215,322.167
1784921225.315,322.272
1784921225.415,322.382
1784921225.516,322.559
1784921225.616,322.564
1784921225.716,322.439
1784921225.817,325.323
1784921225.917,327.663
1784921226.017,319.498
1784921226.118,316.518
1784921226.218,316.661
1784921226.318,313.735
1784921226.419,293.244
1784921226.519,273.26
1784921226.619,271.311
1784921226.720,270.196
1784921226.820,270.636
1784921226.920,270.417
1784921227.020,270.909
1784921227.121,270.847
1784921227.221,270.819
1784921227.321,270.511
1784921227.422,273.134
1784921227.522,293.294
1784921227.622,313.375
1784921227.724,306.982
1784921227.824,287.837
1784921227.925,300.798
1784921228.025,313.558
1784921228.125,328.704
1784921228.226,342.66
1784921228.326,357.786
1784921228.426,372.867
1784921228.526,386.167
1784921228.627,395.205
1784921228.727,394.246
1784921228.828,402.368
1784921228.928,422.942
1784921229.028,409.761
1784921229.129,396.857
1784921229.229,381.866
1784921229.329,368.02
1784921229.430,352.846
1784921229.530,337.921
1784921229.630,324.08
1784921229.731,312.519
1784921229.831,313.182
1784921229.931,312.498
1784921230.031,302.539
1784921230.132,302.144
1784921230.232,302.519
1784921230.332,302.464
1784921230.433,302.576
1784921230.533,302.771
1784921230.633,302.299
1784921230.734,301.798
1784921230.834,304.561
1784921230.934,305.192
1784921231.034,306.057
1784921231.135,315.721
1784921231.235,307.739
1784921231.335,308.521
1784921231.436,308.84
1784921231.536,308.882
1784921231.636,308.756
1784921231.736,308.044
1784921231.837,309.431
1784921231.937,309.36
1784921232.037,309.347
1784921232.138,309.346
1784921232.238,309.054
1784921232.338,316.417
1784921232.439,313.572
1784921232.539,292.997
1784921232.639,272.546
1784921232.739,252.162
1784921232.840,232.871
1784921232.942,212.386
1784921233.042,228.072
1784921233.142,233.0
1784921233.243,243.535
1784921233.343,243.546
1784921233.443,244.066
1784921233.544,246.926
1784921233.644,267.245
1784921233.744,287.214
1784921233.845,307.534
1784921233.945,327.705
1784921234.045,348.177
1784921234.145,332.709
1784921234.246,320.324
1784921234.346,317.626
1784921234.446,313.907
1784921234.547,313.842
1784921234.647,313.948
1784921234.747,313.062
1784921234.848,310.81
1784921234.948,310.156
1784921235.048,310.207
1784921235.149,310.35
1784921235.249,310.158
1784921235.349,310.076
1784921235.449,306.175
1784921235.550,310.312
1784921235.650,310.159
1784921235.750,309.672
1784921235.850,310.547
1784921235.951,313.002
1784921236.051,313.519
1784921236.152,309.663
1784921236.252,319.126
1784921236.352,333.355
1784921236.453,346.85
1784921236.553,355.406
1784921236.654,355.265
1784921236.754,355.838
1784921236.854,355.703
1784921236.954,355.42
1784921237.055,355.549
1784921237.155,359.631
1784921237.255,349.939
1784921237.356,335.759
1784921237.456,322.112
1784921237.556,317.118
1784921237.656,316.045
1784921237.757,311.612
1784921237.857,311.623
1784921237.957,312.083
1784921238.058,312.061
1784921238.158,312.121
1784921238.258,312.118
1784921238.358,312.212
1784921238.459,312.177
1784921238.559,311.917
1784921238.659,311.254
1784921238.760,312.087
1784921238.860,312.087
1784921238.960,329.09
1784921239.060,328.49
1784921239.161,328.987
1784921239.261,329.124
1784921239.361,329.125
1784921239.462,329.049
1784921239.562,328.8
1784921239.662,327.921
1784921239.763,326.25
1784921239.863,326.181
1784921239.963,313.613
1784921240.063,314.008
1784921240.164,314.177
1784921240.264,314.182
1784921240.364,307.757
1784921240.465,307.773
1784921240.565,307.871
1784921240.665,307.159
1784921240.765,308.138
1784921240.866,310.68
1784921240.966,310.67
1784921241.066,310.734
1784921241.167,310.453
1784921241.267,310.33
1784921241.367,310.295
1784921241.468,315.02
1784921241.568,314.74
1784921241.668,314.022
1784921241.768,314.606
1784921241.869,314.728
1784921241.969,314.666
1784921242.069,314.788
1784921242.170,314.701
1784921242.270,311.499
1784921242.370,329.928
1784921242.471,330.145
1784921242.571,331.819
1784921242.671,331.334
1784921242.771,331.296
1784921242.872,331.474
1784921242.972,331.617
1784921243.072,331.888
1784921243.172,331.55
1784921243.273,331.475
1784921243.373,334.316
1784921243.473,317.064
1784921243.574,315.515
1784921243.674,314.674
1784921243.774,301.457
1784921243.875,304.033
1784921243.975,304.105
1784921244.075,303.986
1784921244.175,303.766
1784921244.276,303.945
1784921244.376,303.45
1784921244.476,303.862
1784921244.577,304.07
1784921244.677,303.429
1784921244.777,301.382
1784921244.877,314.829
1784921244.978,312.525
1784921245.078,311.968
1784921245.178,311.265
1784921245.279,311.242
1784921245.379,306.876
1784921245.479,307.076
1784921245.580,307.266
1784921245.680,306.36
1784921245.780,307.155
1784921245.880,309.948
1784921245.981,309.634
1784921246.081,310.036
1784921246.181,310.526
1784921246.282,311.23
1784921246.382,311.287
1784921246.482,315.476
1784921246.582,315.321
1784921246.683,314.701
1784921246.783,315.634
1784921246.883,314.74
1784921246.984,314.671
1784921247.084,314.958
1784921247.184,314.827
1784921247.284,314.897
1784921247.385,315.107
1784921247.485,308.657
1784921247.585,321.293
1784921247.686,321.315
1784921247.786,321.918
1784921247.886,321.707
1784921247.986,322.777
1784921248.087,322.598
1784921248.187,323.046
1784921248.287,323.288
1784921248.388,323.325
1784921248.488,323.154
1784921248.588,329.435
1784921248.689,315.653
1784921248.789,310.662
1784921248.889,310.7
1784921248.990,310.711
1784921249.090,310.542
1784921249.190,310.251
1784921249.290,310.52
1784921249.391,310.355
1784921249.491,310.405
1784921249.591,310.359
1784921249.692,309.8
1784921249.792,307.824
1784921249.892,320.138
1784921249.993,334.007
1784921250.093,339.35
1784921250.193,337.821
1784921250.293,337.831
1784921250.394,337.769
1784921250.494,337.85
1784921250.594,338.035
1784921250.695,337.514
1784921250.795,337.751
1784921250.895,341.239
1784921250.995,334.573
1784921251.096,320.684
1784921251.196,311.98
1784921251.296,311.14
1784921251.397,311.511
1784921251.497,311.419
1784921251.597,311.409
1784921251.698,310.872
1784921251.798,310.87
1784921251.898,311.343
1784921251.998,311.309
1784921252.099,311.188
1784921252.199,311.495
1784921252.299,316.885
1784921252.400,313.124
1784921252.500,313.294
1784921252.600,313.319
1784921252.700,312.758
1784921252.801,313.007
1784921252.901,312.969
1784921253.001,313.04
1784921253.101,312.895
1784921253.202,312.952
1784921253.302,312.718
1784921253.402,311.114
1784921253.503,315.274
1784921253.603,315.011
1784921253.703,314.391
1784921253.804,314.719
1784921253.904,314.94
1784921254.004,314.974
1784921254.105,314.713
1784921254.205,310.65
1784921254.305,325.627
1784921254.405,328.395
1784921254.506,329.888
1784921254.606,330.125
1784921254.706,330.167
1784921254.807,327.775
1784921254.907,328.09
1784921255.007,327.766
1784921255.107,328.219
1784921255.208,328.507
1784921255.308,332.701
1784921255.408,318.466
1784921255.508,315.076
1784921255.609,314.756
1784921255.709,314.829
1784921255.809,314.727
1784921255.910,305.809
1784921256.010,306.417
1784921256.110,305.985
1784921256.211,305.809
1784921256.311,305.8
1784921256.411,305.831
1784921256.512,306.026
1784921256.612,305.472
1784921256.712,305.427
1784921256.813,304.796
1784921256.913,305.842
1784921257.013,317.704
1784921257.114,316.778
1784921257.214,317.107
1784921257.314,317.449
1784921257.415,317.374
1784921257.515,317.446
1784921257.615,317.016
1784921257.715,316.759
1784921257.816,316.695
1784921257.916,317.504
1784921258.016,316.841
1784921258.116,316.943
1784921258.217,316.679
1784921258.317,317.03
1784921258.417,317.043
1784921258.517,317.014
1784921258.618,316.838
1784921258.718,316.93
1784921258.819,317.28
1784921258.919,317.714
1784921259.020,317.488
1784921259.120,314.561
1784921259.220,333.347
1784921259.321,330.888
1784921259.421,330.916
1784921259.521,330.836
1784921259.621,330.822
1784921259.722,330.609
1784921259.822,327.446
1784921259.922,327.955
1784921260.023,328.34
1784921260.123,328.588
1784921260.223,331.506
1784921260.323,314.142
1784921260.424,314.964
1784921260.524,314.834
1784921260.624,305.45
1784921260.725,304.281
1784921260.825,304.134
1784921260.925,307.314
1784921261.026,307.211
1784921261.127,306.821
1784921261.227,306.613
1784921261.327,306.293
1784921261.428,305.911
1784921261.528,306.541
1784921261.628,306.313
1784921261.729,316.169
1784921261.829,332.096
1784921261.929,345.964
1784921262.030,347.641
1784921262.130,345.285
1784921262.230,345.26
1784921262.330,345.213
1784921262.431,345.44
1784921262.531,345.539
1784921262.632,345.244
1784921262.732,345.253
1784921262.832,343.372
1784921262.933,322.937
1784921263.033,309.161
1784921263.133,309.888
1784921263.233,310.078
1784921263.334,310.339
1784921263.434,310.666
1784921263.534,310.483
1784921263.634,311.071
1784921263.735,310.621
1784921263.835,310.384
1784921263.935,310.999
1784921264.036,315.113
1784921264.136,313.821
1784921264.237,313.773
1784921264.337,313.671
1784921264.437,313.503
1784921264.538,313.329
1784921264.638,313.257
1784921264.738,312.778
1784921264.839,312.304
1784921264.939,310.413
1784921265.039,309.939
1784921265.139,311.892
1784921265.240,313.643
1784921265.340,313.475
1784921265.440,313.366
1784921265.541,313.119
1784921265.641,308.517
1784921265.741,322.206
1784921265.842,334.092
1784921265.942,335.035
1784921266.042,337.596
1784921266.142,337.975
1784921266.243,338.154
1784921266.343,338.011
1784921266.443,338.358
1784921266.544,338.494
1784921266.644,338.717
1784921266.744,342.035
1784921266.845,317.041
1784921266.945,315.555
1784921267.045,312.58
1784921267.145,312.229
1784921267.246,312.213
1784921267.346,312.105
1784921267.446,311.969
1784921267.547,311.971
1784921267.647,311.834
1784921267.747,312.484
1784921267.848,312.571
1784921267.948,310.121
1784921268.048,325.579
1784921268.148,341.977
1784921268.249,341.977
1784921268.349,343.523
1784921268.449,343.513
1784921268.550,343.386
1784921268.650,342.819
1784921268.750,342.538
1784921268.851,343.021
1784921268.951,343.053
1784921269.051,345.217
1784921269.152,331.55
1784921269.252,318.131
1784921269.352,312.01
1784921269.452,288.937
1784921269.553,295.043
1784921269.653,294.745
1784921269.753,294.517
1784921269.854,292.054
1784921269.954,292.182
1784921270.054,292.3
1784921270.155,292.688
1784921270.255,292.572
1784921270.355,292.072
1784921270.455,297.366
1784921270.556,317.848
1784921270.656,314.392
1784921270.756,313.908
1784921270.857,314.076
1784921270.957,316.796
1784921271.057,316.623
1784921271.158,316.51
1784921271.258,316.636
1784921271.358,316.621
1784921271.458,316.368
1784921271.559,316.219
1784921271.659,316.089
1784921271.759,315.212
1784921271.860,315.95
1784921271.960,315.834
1784921272.060,316.229
1784921272.161,316.246
1784921272.261,316.243
1784921272.361,316.015
1784921272.461,315.579
1784921272.562,316.216
1784921272.662,316.633
1784921272.762,315.885
1784921272.863,316.694
1784921272.963,316.595
1784921273.064,316.842
1784921273.164,316.533
1784921273.264,316.676
1784921273.365,316.636
1784921273.465,316.598
1784921273.565,316.475
1784921273.665,316.383
1784921273.766,315.229
1784921273.866,316.141
1784921273.967,316.449
1784921274.067,316.015
1784921274.167,316.474
1784921274.268,316.259
1784921274.368,316.327
1784921274.468,316.654
1784921274.568,316.71
1784921274.669,316.479
1784921274.769,315.852
1784921274.869,314.208
1784921274.970,311.042
1784921275.070,318.272
1784921275.170,332.267
1784921275.271,345.363
1784921275.371,360.161
1784921275.471,359.729
1784921275.571,359.866
1784921275.672,359.382
1784921275.772,359.298
1784921275.872,360.295
1784921275.973,362.981
1784921276.073,366.212
1784921276.173,358.496
1784921276.274,344.989
1784921276.374,331.62
1784921276.474,317.097
1784921276.574,317.164
1784921276.675,313.425
1784921276.775,313.287
1784921276.875,313.538
1784921276.976,313.473
1784921277.076,313.475
1784921277.176,313.35
1784921277.277,312.737
1784921277.377,312.686
1784921277.477,309.699
1784921277.578,320.287
1784921277.678,333.071
1784921277.778,335.026
1784921277.878,335.055
1784921277.979,335.63
1784921278.079,335.487
1784921278.179,335.498
1784921278.280,335.571
1784921278.380,335.985
1784921278.480,336.016
1784921278.580,339.317
1784921278.681,328.857
1784921278.781,315.884
1784921278.881,316.381
1784921278.982,309.85
1784921279.082,309.56
1784921279.182,309.432
1784921279.282,309.449
1784921279.383,308.983
1784921279.483,309.282
1784921279.583,309.295
1784921279.684,309.075
1784921279.784,308.249
1784921279.884,305.253
1784921279.984,305.579
1784921280.085,312.612
1784921280.185,311.175
1784921280.285,311.313
1784921280.386,311.25
1784921280.486,311.171
1784921280.586,311.03
1784921280.687,311.162
1784921280.787,311.006
1784921280.887,311.222
1784921280.987,314.504
1784921281.088,314.172
1784921281.188,321.995
1784921281.288,338.498
1784921281.389,338.076
1784921281.489,338.19
1784921281.589,338.678
1784921281.690,339.286
1784921281.790,338.997
1784921281.891,338.775
1784921281.991,339.338
1784921282.091,339.216
1784921282.191,340.177
1784921282.292,332.551
1784921282.392,317.715
1784921282.492,318.124
1784921282.593,317.484
1784921282.693,315.706
1784921282.793,312.23
1784921282.894,311.982
1784921282.994,312.489
1784921283.094,312.007
1784921283.195,312.282
1784921283.295,312.226
1784921283.395,312.068
1784921283.496,312.144
1784921283.596,312.116
1784921283.696,312.175
1784921283.796,313.669
1784921283.897,316.353
1784921283.998,315.486
1784921284.098,320.641
1784921284.198,320.754
1784921284.299,320.784
1784921284.399,320.797
1784921284.499,320.859
1784921284.600,320.775
1784921284.700,320.676
1784921284.800,320.233
1784921284.900,317.788
1784921285.001,318.367
1784921285.101,319.381
1784921285.201,310.093
1784921285.302,310.165
1784921285.402,310.09
1784921285.502,310.181
1784921285.603,310.012
1784921285.703,309.989
1784921285.803,309.062
1784921285.904,309.691
1784921286.004,312.352
1784921286.104,312.216
1784921286.205,312.567
1784921286.305,314.642
1784921286.405,314.762
1784921286.506,314.641
1784921286.606,314.752
1784921286.706,314.717
1784921286.806,314.226
1784921286.907,310.941
1784921287.007,324.083
1784921287.107,327.815
1784921287.208,327.931
1784921287.308,327.987
1784921287.408,329.627
1784921287.508,329.544
1784921287.609,329.69
1784921287.709,329.464
1784921287.809,329.651
1784921287.910,328.909
1784921288.010,333.295
1784921288.110,320.49
1784921288.210,316.773
1784921288.311,316.684
1784921288.411,311.71
1784921288.511,311.681
1784921288.612,311.816
1784921288.712,311.847
1784921288.812,311.661
1784921288.913,310.917
1784921289.013,311.878
1784921289.113,311.769
1784921289.214,311.891
1784921289.314,311.882
1784921289.414,308.497
1784921289.515,329.265
1784921289.615,342.738
1784921289.715,345.735
1784921289.816,345.866
1784921289.916,343.285
1784921290.016,343.931
1784921290.116,343.518
1784921290.217,343.426
1784921290.317,342.973
1784921290.417,343.289
1784921290.518,346.394
1784921290.618,330.241
1784921290.718,316.6
1784921290.819,313.095
1784921290.919,308.967
1784921291.019,291.303
1784921291.119,271.025
1784921291.220,251.293
1784921291.320,230.919
1784921291.421,210.635
1784921291.521,189.961
1784921291.621,169.808
1784921291.721,149.663
1784921291.822,129.867
1784921291.922,109.928
1784921292.022,93.434
1784921292.123,93.34
1784921292.223,93.229
1784921292.323,93.207
1784921292.424,93.171
1784921292.524,93.147
1784921292.624,93.1
1784921292.725,93.035
1784921292.825,89.925
1784921292.925,87.625
1784921293.026,84.822
1784921293.126,82.006
1784921293.226,79.168
1784921293.326,76.347
1784921293.427,73.572
1784921293.528,70.787
1784921293.628,66.634
1784921293.728,59.172
1784921293.829,57.833
1784921293.929,56.701
1784921294.029,58.522
1784921294.130,60.316
1784921294.230,94.386
1784921294.330,122.254
1784921294.431,160.255
1784921294.531,197.815
1784921294.631,236.264
1784921294.731,275.108
1784921294.832,314.053
1784921294.933,348.846
1784921295.033,385.692
1784921295.133,416.493
1784921295.234,447.174
1784921295.334,452.354
1784921295.434,454.028
1784921295.535,452.035
1784921295.635,448.7
1784921295.735,449.46
1784921295.836,440.902
1784921295.936,431.222
1784921296.036,418.615
1784921296.136,409.697
1784921296.237,400.65
1784921296.337,390.555
1784921296.437,378.237
1784921296.538,365.552
1784921296.638,350.241
1784921296.738,338.242
1784921296.839,324.512
1784921296.939,317.778
1784921297.039,317.202
1784921297.139,316.832
1784921297.240,297.606
1784921297.340,276.992
1784921297.441,256.74
1784921297.541,236.281
1784921297.641,215.812
1784921297.741,195.459
1784921297.842,175.245
1784921297.942,187.83
1784921298.042,200.258
1784921298.143,200.002
1784921298.243,199.995
1784921298.343,218.65
1784921298.444,238.727
1784921298.544,259.22
1784921298.644,279.546
1784921298.745,299.394
1784921298.845,319.331
1784921298.945,339.087
1784921299.046,326.973
1784921299.146,314.646
1784921299.246,311.847
1784921299.347,319.799
1784921299.447,333.437
1784921299.548,346.308
1784921299.648,353.227
1784921299.749,353.049
1784921299.849,350.337
1784921299.949,350.817
1784921300.050,350.822
1784921300.150,350.87
1784921300.250,350.912
1784921300.351,354.23
1784921300.451,346.372
1784921300.552,332.612
1784921300.652,319.499
1784921300.752,312.148
1784921300.853,311.684
1784921300.953,294.75
1784921301.054,274.397
1784921301.154,254.669
1784921301.255,234.43
1784921301.355,213.972
1784921301.455,193.528
1784921301.556,173.172
1784921301.656,153.074
1784921301.757,133.301
1784921301.857,126.298
1784921301.958,131.364
1784921302.058,151.411
1784921302.158,171.109
1784921302.259,191.046
1784921302.359,211.265
1784921302.460,231.578
1784921302.560,251.912
1784921302.660,272.265
1784921302.761,291.833
1784921302.861,311.89
1784921302.962,319.134
1784921303.062,314.818
1784921303.162,314.794
1784921303.263,304.949
1784921303.363,305.356
1784921303.463,305.413
1784921303.564,305.455
1784921303.664,305.488
1784921303.765,305.137
1784921303.865,305.5
1784921303.965,305.713
1784921304.066,305.758
1784921304.166,305.685
1784921304.267,305.561
1784921304.367,315.687
1784921304.467,315.626
1784921304.568,315.695
1784921304.668,315.693
1784921304.769,313.739
1784921304.869,329.111
1784921304.969,335.397
1784921305.070,335.358
1784921305.170,335.526
1784921305.270,335.467
1784921305.371,335.099
1784921305.471,335.517
1784921305.572,335.552
1784921305.672,335.675
1784921305.772,335.527
1784921305.873,336.285
1784921305.973,321.262
1784921306.073,314.807
1784921306.174,315.084
1784921306.274,314.851
1784921306.375,314.946
1784921306.475,314.944
1784921306.575,314.89
1784921306.676,314.991
1784921306.776,314.811
1784921306.877,314.413
1784921306.977,315.001
1784921307.077,315.038
1784921307.178,315.591
1784921307.278,315.51
1784921307.378,315.936
1784921307.479,315.575
1784921307.579,316.141
1784921307.680,316.221
1784921307.780,316.254
1784921307.880,315.83
1784921307.981,316.358
1784921308.081,316.461
1784921308.181,316.824
1784921308.282,316.79
1784921308.382,316.721
1784921308.482,316.386
1784921308.583,316.967
1784921308.683,316.897
1784921308.784,316.898
1784921308.884,316.015
1784921308.984,316.413
1784921309.085,315.77
1784921309.185,316.173
1784921309.285,316.062
1784921309.386,316.343
1784921309.486,316.368
1784921309.586,316.019
1784921309.687,315.65
1784921309.787,315.801
1784921309.887,315.256
1784921309.988,313.456
1784921310.088,307.953
1784921310.188,320.773
1784921310.289,331.746
1784921310.389,331.696
1784921310.489,331.376
1784921310.590,331.464
1784921310.690,331.348
1784921310.790,331.646
1784921310.891,331.089
1784921310.991,331.717
1784921311.092,334.404
1784921311.192,339.901
1784921311.292,328.114
1784921311.392,317.511
1784921311.493,310.422
1784921311.593,310.573
1784921311.693,310.434
1784921311.794,310.933
1784921311.894,309.786
1784921311.994,310.443
1784921312.095,310.503
1784921312.195,310.587
1784921312.295,310.434
1784921312.395,310.231
1784921312.496,310.072
1784921312.596,317.104
1784921312.699,313.045
1784921312.799,312.782
1784921312.899,311.762
1784921313.000,312.962
1784921313.100,313.24
1784921313.200,313.113
1784921313.300,312.739
1784921313.401,313.074
1784921313.501,313.129
1784921313.601,313.243
1784921313.701,313.24
1784921313.802,313.345
1784921313.902,312.235
1784921314.002,313.343
1784921314.103,313.252
1784921314.203,312.958
1784921314.303,312.829
1784921314.403,312.583
1784921314.504,312.522
1784921314.604,312.598
1784921314.704,312.52
1784921314.805,312.472
1784921314.905,315.472
1784921315.005,316.501
1784921315.105,320.118
1784921315.206,333.366
1784921315.306,346.089
1784921315.406,353.533
1784921315.507,357.238
1784921315.607,353.798
1784921315.707,353.725
1784921315.808,353.706
1784921315.908,352.773
1784921316.008,353.306
1784921316.109,353.699
1784921316.209,349.918
1784921316.309,336.541
1784921316.409,323.866
1784921316.510,316.183
1784921316.610,314.929
1784921316.710,315.658
1784921316.811,315.508
1784921316.911,314.486
1784921317.011,314.994
1784921317.111,315.037
1784921317.212,314.993
1784921317.312,315.24
1784921317.412,315.342
1784921317.513,315.306
1784921317.613,315.066
1784921317.713,316.677
1784921317.813,315.902
1784921317.914,315.042
1784921318.014,331.981
1784921318.114,341.619
1784921318.215,342.176
1784921318.315,342.249
1784921318.415,342.178
1784921318.516,342.357
1784921318.616,342.313
1784921318.716,342.666
1784921318.816,342.868
1784921318.917,342.209
1784921319.017,343.209
1784921319.117,327.362
1784921319.218,317.883
1784921319.318,305.804
1784921319.418,307.883
1784921319.519,307.883
1784921319.619,307.81
1784921319.719,307.432
1784921319.819,307.772
1784921319.920,307.171
1784921320.020,305.239
1784921320.120,305.265
1784921320.221,304.912
1784921320.321,305.252
1784921320.421,317.104
1784921320.521,315.125
1784921320.622,314.862
1784921320.722,314.868
1784921320.822,314.799
1784921320.923,314.021
1784921321.023,314.584
1784921321.123,317.017
1784921321.223,316.941
1784921321.324,316.765
1784921321.424,310.735
1784921321.524,326.43
1784921321.625,337.764
1784921321.725,350.664
1784921321.825,354.231
1784921321.926,349.964
1784921322.026,350.817
1784921322.126,350.987
1784921322.226,351.162
1784921322.327,351.058
1784921322.427,351.341
1784921322.527,342.436
1784921322.628,330.297
1784921322.728,317.613
1784921322.828,313.979
1784921322.928,314.783
1784921323.029,314.647
1784921323.129,314.542
1784921323.229,314.546
1784921323.330,314.483
1784921323.430,314.424
1784921323.530,314.463
1784921323.630,314.387
1784921323.731,314.546
1784921323.831,313.622
1784921323.931,317.216
1784921324.032,317.364
1784921324.132,317.203
1784921324.232,317.234
1784921324.333,317.111
1784921324.433,316.56
1784921324.533,316.738
1784921324.633,313.548
1784921324.734,327.474
1784921324.842,340.566
1784921324.942,349.149
1784921325.043,346.782
1784921325.143,344.419
1784921325.243,344.721
1784921325.343,344.925
1784921325.444,344.876
1784921325.544,345.452
1784921325.644,345.54
1784921325.745,348.98
1784921325.845,334.438
1784921325.945,321.329
1784921326.046,315.708
1784921326.146,304.939
1784921326.246,281.828
1784921326.347,265.831
1784921326.447,256.814
1784921326.547,255.719
1784921326.648,255.653
1784921326.748,255.609
1784921326.848,254.538
1784921326.948,254.686
1784921327.049,253.931
1784921327.149,254.725
1784921327.249,268.074
1784921327.350,287.651
1784921327.450,306.864
1784921327.550,315.504
1784921327.650,316.226
1784921327.751,312.124
1784921327.852,311.183
1784921327.952,311.865
1784921328.053,312.246
1784921328.153,312.293
1784921328.254,311.896
1784921328.354,311.804
1784921328.454,311.544
1784921328.554,311.579
1784921328.655,311.287
1784921328.755,311.479
1784921328.855,310.734
1784921328.956,324.176
1784921329.056,337.435
1784921329.156,347.474
1784921329.257,347.475
1784921329.357,347.698
1784921329.457,347.826
1784921329.557,347.942
1784921329.658,348.04
1784921329.758,347.886
1784921329.858,348.041
1784921329.959,352.497
1784921330.059,337.304
1784921330.159,324.12
1784921330.259,313.783
1784921330.360,314.101
1784921330.460,313.957
1784921330.560,306.594
1784921330.661,306.689
1784921330.761,306.65
1784921330.861,306.365
1784921330.961,305.914
1784921331.062,306.392
1784921331.162,308.952
1784921331.262,309.097
1784921331.363,309.115
1784921331.463,309.344
1784921331.563,309.493
1784921331.664,316.783
1784921331.764,316.654
1784921331.864,316.162
1784921331.964,316.262
1784921332.065,316.82
1784921332.165,316.821
1784921332.265,316.883
1784921332.366,316.863
1784921332.466,316.929
1784921332.566,316.941
1784921332.666,316.817
1784921332.767,316.836
1784921332.867,316.559
1784921332.967,316.426
1784921333.068,316.99
1784921333.168,316.987
1784921333.268,317.0
1784921333.369,317.022
1784921333.469,316.393
1784921333.569,316.729
1784921333.669,316.635
1784921333.770,316.63
1784921333.870,316.472
1784921333.970,315.699
1784921334.071,316.329
1784921334.171,316.366
1784921334.271,316.399
1784921334.371,316.562
1784921334.472,316.549
1784921334.572,316.71
1784921334.672,316.731
1784921334.772,316.752
1784921334.873,316.594
1784921334.973,316.28
1784921335.073,313.99
1784921335.174,313.476
1784921335.274,313.568
1784921335.374,313.125
1784921335.474,309.976
1784921335.575,323.485
1784921335.675,336.541
1784921335.775,342.049
1784921335.901,342.425
1784921336.002,341.947
1784921336.102,342.126
1784921336.202,345.07
1784921336.302,345.755
1784921336.403,345.81
1784921336.503,346.297
1784921336.603,349.368
1784921336.703,335.273
1784921336.804,322.825
1784921336.904,316.93
1784921337.004,316.42
1784921337.105,316.224
1784921337.205,312.179
1784921337.305,312.407
1784921337.405,312.21
1784921337.506,312.358
1784921337.606,312.431
1784921337.706,312.112
1784921337.807,312.68
1784921337.907,312.22
1784921338.007,312.023
1784921338.107,305.802
1784921338.208,320.794
1784921338.308,337.449
1784921338.409,350.013
1784921338.509,350.134
1784921338.609,349.928
1784921338.709,350.002
1784921338.810,350.043
1784921338.910,349.866
1784921339.010,349.802
1784921339.111,350.276
1784921339.211,356.75
1784921339.311,342.368
1784921339.411,329.915
1784921339.512,317.668
1784921339.612,305.175
1784921339.712,309.908
1784921339.813,309.783
1784921339.913,308.861
1784921340.013,308.672
1784921340.113,306.02
1784921340.214,306.197
1784921340.314,305.986
1784921340.414,305.629
1784921340.515,305.734
1784921340.615,305.322
1784921340.715,317.807
1784921340.816,312.988
1784921340.916,317.747
1784921341.016,318.392
1784921341.116,318.916
1784921341.217,321.964
1784921341.317,321.977
1784921341.417,322.057
1784921341.518,321.976
1784921341.618,321.978
1784921341.718,322.277
1784921341.818,322.174
1784921341.919,322.165
1784921342.019,316.747
1784921342.119,317.371
1784921342.220,330.547
1784921342.320,331.421
1784921342.420,329.733
1784921342.520,329.56
1784921342.621,330.185
1784921342.721,330.285
1784921342.821,329.912
1784921342.922,329.385
1784921343.022,329.693
1784921343.122,329.603
1784921343.222,316.373
1784921343.323,316.64
1784921343.423,317.477
1784921343.523,312.454
1784921343.624,312.692
1784921343.724,312.585
1784921343.824,312.098
1784921343.924,311.794
1784921344.025,311.887
1784921344.125,312.101
1784921344.225,311.918
1784921344.325,311.817
1784921344.426,311.791
1784921344.526,311.127
1784921344.626,314.475
1784921344.727,314.567
1784921344.827,314.379
1784921344.927,314.282
1784921345.028,312.348
1784921345.128,311.988
1784921345.228,311.858
1784921345.328,312.087
1784921345.429,311.959
1784921345.529,309.219
1784921345.629,324.994
1784921345.730,336.944
1784921345.830,336.908
1784921345.930,336.525
1784921346.031,337.14
1784921346.131,339.568
1784921346.231,340.38
1784921346.331,340.478
1784921346.432,340.503
1784921346.532,340.784
1784921346.632,343.503
1784921346.733,327.927
1784921346.833,317.23
1784921346.933,316.611
1784921347.034,317.277
1784921347.134,308.045
1784921347.234,308.609
1784921347.334,308.792
1784921347.435,308.889
1784921347.535,308.884
1784921347.635,308.552
1784921347.736,307.914
1784921347.836,307.442
1784921347.936,307.892
1784921348.037,308.315
1784921348.137,308.334
1784921348.237,316.149
1784921348.337,316.483
1784921348.438,316.494
1784921348.538,316.45
1784921348.638,316.46
1784921348.739,316.595
1784921348.839,319.672
1784921348.939,334.682
1784921349.040,336.703
1784921349.140,336.884
1784921349.240,336.963
1784921349.340,337.16
1784921349.441,337.311
1784921349.541,337.256
1784921349.641,337.652
1784921349.742,337.74
1784921349.842,337.908
1784921349.942,334.822
1784921350.042,320.256
1784921350.143,315.921
1784921350.243,315.995
1784921350.343,315.9
1784921350.444,306.066
1784921350.544,305.903
1784921350.644,305.448
1784921350.744,304.859
1784921350.845,304.456
1784921350.945,303.342
1784921351.045,304.039
1784921351.146,304.197
1784921351.246,306.674
1784921351.346,306.294
1784921351.447,305.9
1784921351.547,316.06
1784921351.647,316.291
1784921351.747,311.483
1784921351.848,311.839
1784921351.948,312.008
1784921352.048,312.505
1784921352.149,312.398
1784921352.249,312.52
1784921352.349,312.716
1784921352.449,312.732
1784921352.550,312.754
1784921352.650,312.882
1784921352.750,312.843
1784921352.850,317.547
1784921352.951,316.864
1784921353.051,316.519
1784921353.151,317.006
1784921353.252,315.771
1784921353.352,295.252
1784921353.452,274.666
1784921353.552,254.384
1784921353.653,239.227
1784921353.753,243.602
1784921353.853,243.51
1784921353.954,243.191
1784921354.054,243.765
1784921354.154,244.03
1784921354.255,244.151
1784921354.355,245.439
1784921354.455,265.897
1784921354.555,286.395
1784921354.656,306.682
1784921354.756,322.139
1784921354.856,317.588
1784921354.957,317.09
1784921355.057,317.955
1784921355.157,314.943
1784921355.257,301.824
1784921355.358,301.528
1784921355.458,301.474
1784921355.558,301.449
1784921355.659,301.183
1784921355.759,300.778
1784921355.859,300.894
1784921355.959,300.44
1784921356.060,300.778
1784921356.160,300.629
1784921356.260,303.227
1784921356.360,316.109
1784921356.461,316.309
1784921356.561,316.36
1784921356.661,316.262
1784921356.762,315.763
1784921356.862,316.166
1784921356.962,315.577
1784921357.063,316.112
1784921357.164,313.153
1784921357.265,313.012
1784921357.365,313.018
1784921357.465,313.526
1784921357.566,313.821
1784921357.666,317.876
1784921357.766,319.667
1784921357.866,320.164
1784921357.967,319.583
1784921358.067,319.802
1784921358.167,319.65
1784921358.268,322.768
1784921358.368,322.616
1784921358.468,323.096
1784921358.568,323.088
1784921358.669,322.921
1784921358.769,319.03
1784921358.869,304.824
1784921358.970,304.947
1784921359.070,305.338
1784921359.170,305.749
1784921359.271,306.005
1784921359.371,305.972
1784921359.471,305.526
1784921359.571,305.554
1784921359.672,305.527
1784921359.772,305.761
1784921359.872,305.521
1784921359.973,317.088
1784921360.073,317.228
1784921360.173,313.248
1784921360.273,313.152
1784921360.374,313.303
1784921360.474,310.053
1784921360.574,310.322
1784921360.674,310.285
1784921360.775,310.273
1784921360.875,310.016
1784921360.975,309.234
1784921361.076,310.016
1784921361.176,309.896
1784921361.276,313.888
1784921361.376,313.704
1784921361.477,313.381
1784921361.577,316.311
1784921361.677,316.359
1784921361.778,316.278
1784921361.878,316.159
1784921361.978,315.083
1784921362.078,315.55
1784921362.179,315.311
1784921362.279,308.047
1784921362.379,322.532
1784921362.479,337.095
1784921362.580,351.157
1784921362.680,359.392
1784921362.780,359.845
1784921362.880,364.213
1784921362.981,359.692
1784921363.081,360.447
1784921363.181,360.204
1784921363.281,360.392
1784921363.382,367.78
1784921363.482,353.35
1784921363.582,339.055
1784921363.682,324.428
1784921363.783,316.542
1784921363.883,316.649
1784921363.983,310.352
1784921364.083,310.465
1784921364.184,310.435
1784921364.284,310.973
1784921364.384,311.099
1784921364.484,310.997
1784921364.585,311.105
1784921364.685,310.921
1784921364.785,310.993
1784921364.885,312.022
1784921364.986,311.422
1784921365.086,317.374
1784921365.186,317.486
1784921365.286,316.97
1784921365.387,317.044
1784921365.487,314.208
1784921365.587,310.922
1784921365.687,324.88
1784921365.788,339.477
1784921365.888,354.547
1784921365.991,352.12
1784921366.092,351.952
1784921366.192,352.207
1784921366.292,352.659
1784921366.392,352.891
1784921366.493,352.836
1784921366.593,355.936
1784921366.693,359.311
1784921366.793,345.505
1784921366.894,330.777
1784921366.994,315.166
1784921367.094,308.385
1784921367.195,309.067
1784921367.295,308.93
1784921367.395,308.396
1784921367.495,308.829
1784921367.596,308.867
1784921367.696,308.73
1784921367.796,308.738
1784921367.896,308.608
1784921367.997,307.263
1784921368.097,322.807
1784921368.197,337.857
1784921368.298,337.893
1784921368.398,338.021
1784921368.498,338.134
1784921368.598,338.452
1784921368.699,338.411
1784921368.799,338.331
1784921368.899,338.264
1784921369.000,337.552
1784921369.100,338.897
1784921369.200,318.889
1784921369.301,311.89
1784921369.401,311.722
1784921369.501,311.342
1784921369.601,311.395
1784921369.702,311.032
1784921369.802,310.995
1784921369.902,311.069
1784921370.003,310.911
1784921370.103,311.155
1784921370.203,311.641
1784921370.303,317.553
1784921370.404,330.394
1784921370.504,343.843
1784921370.604,351.259
1784921370.705,350.266
1784921370.805,350.812
1784921370.905,350.82
1784921371.005,350.375
1784921371.106,350.154
1784921371.206,350.56
1784921371.306,350.266
1784921371.407,350.002
1784921371.507,337.141
1784921371.607,324.08
1784921371.707,316.241
1784921371.808,311.908
1784921371.908,311.352
1784921372.008,310.86
1784921372.109,310.979
1784921372.209,310.753
1784921372.309,310.632
1784921372.409,310.646
1784921372.510,310.49
1784921372.610,310.583
1784921372.710,309.737
1784921372.811,308.471
1784921372.911,315.06
1784921373.011,314.697
1784921373.111,315.037
1784921373.212,315.278
1784921373.312,315.259
1784921373.412,315.032
1784921373.513,315.045
1784921373.613,318.398
1784921373.713,327.998
1784921373.813,329.382
1784921373.914,328.215
1784921374.014,328.101
1784921374.114,328.186
1784921374.215,327.644
1784921374.315,328.304
1784921374.415,328.383
1784921374.516,328.592
1784921374.616,328.466
1784921374.716,324.851
1784921374.817,315.712
1784921374.917,313.794
1784921375.019,309.505
1784921375.119,310.133
1784921375.219,309.964
1784921375.320,310.211
1784921375.420,309.802
1784921375.520,307.332
1784921375.620,307.218
1784921375.721,306.911
1784921375.821,306.587
1784921375.921,302.625
1784921376.021,326.046
1784921376.122,336.854
1784921376.222,342.774
1784921376.323,342.87
1784921376.423,343.664
1784921376.523,343.925
1784921376.623,346.496
1784921376.724,346.544
1784921376.824,346.913
1784921376.924,346.475
1784921377.025,350.083
1784921377.125,334.221
1784921377.225,322.832
1784921377.325,304.064
1784921377.426,283.958
1784921377.526,291.512
1784921377.626,304.414
1784921377.727,303.706
1784921377.827,303.942
1784921377.927,303.312
1784921378.027,303.828
1784921378.128,304.55
1784921378.228,304.584
1784921378.328,304.425
1784921378.429,317.29
1784921378.529,337.203
1784921378.629,329.535
1784921378.729,316.655
1784921378.830,320.593
1784921378.930,333.701
1784921379.030,337.075
1784921379.131,337.545
1784921379.231,337.009
1784921379.331,337.163
1784921379.431,337.431
1784921379.532,336.853
1784921379.632,337.258
1784921379.732,337.11
1784921379.833,337.294
1784921379.933,334.088
1784921380.033,319.74
1784921380.133,317.044
1784921380.234,316.419
1784921380.334,316.617
1784921380.434,316.049
1784921380.535,306.364
1784921380.635,322.489
1784921380.735,335.291
1784921380.836,345.191
1784921380.936,347.944
1784921381.036,345.213
1784921381.136,345.617
1784921381.237,345.799
1784921381.337,346.534
1784921381.437,346.847
1784921381.538,347.409
1784921381.638,356.583
1784921381.738,340.956
1784921381.838,328.348
1784921381.939,318.809
1784921382.039,311.095
1784921382.139,311.24
1784921382.239,311.508
1784921382.340,311.383
1784921382.440,311.433
1784921382.540,311.379
1784921382.641,311.283
1784921382.741,310.763
1784921382.841,310.927
1784921382.941,310.909
1784921383.042,306.843
1784921383.142,314.097
1784921383.242,314.368
1784921383.343,314.524
1784921383.443,314.767
1784921383.543,314.838
1784921383.643,313.104
1784921383.744,323.675
1784921383.844,329.361
1784921383.944,329.472
1784921384.045,328.234
1784921384.145,332.073
1784921384.245,332.098
1784921384.345,331.473
1784921384.446,331.89
1784921384.546,331.611
1784921384.646,331.576
1784921384.747,333.432
1784921384.847,321.479
1784921384.947,295.243
1784921385.047,275.022
1784921385.148,255.669
1784921385.248,235.207
1784921385.348,245.437
1784921385.449,259.094
1784921385.549,263.318
1784921385.649,263.577
1784921385.749,263.627
1784921385.850,263.516
1784921385.950,265.529
1784921386.050,285.112
1784921386.151,305.371
1784921386.251,325.949
1784921386.351,346.415
1784921386.451,335.736
1784921386.552,323.027
1784921386.652,318.902
1784921386.752,318.85
1784921386.853,318.861
1784921386.953,318.287
1784921387.053,318.507
1784921387.153,319.163
1784921387.254,319.05
1784921387.354,318.985
1784921387.456,318.758
1784921387.556,318.393
1784921387.656,318.206
1784921387.756,318.214
1784921387.857,318.326
1784921387.957,318.464
1784921388.058,318.344
1784921388.158,318.484
1784921388.258,318.61
1784921388.359,318.756
1784921388.459,319.089
1784921388.559,318.926
1784921388.659,319.368
1784921388.760,319.465
1784921388.860,319.442
1784921388.960,319.658
1784921389.061,318.873
1784921389.161,319.184
1784921389.261,319.199
1784921389.361,319.193
1784921389.462,319.044
1784921389.562,318.591
1784921389.662,318.528
1784921389.763,318.923
1784921389.863,318.727
1784921389.963,318.54
1784921390.063,317.936
1784921390.164,318.359
1784921390.264,318.939
1784921390.364,319.123
1784921390.465,318.804
1784921390.565,318.878
1784921390.665,315.711
1784921390.765,316.146
1784921390.866,316.049
1784921390.966,316.211
1784921391.066,314.961
1784921391.167,315.272
1784921391.267,314.662
1784921391.367,314.258
1784921391.468,314.257
1784921391.568,314.492
1784921391.668,314.397
1784921391.768,316.855
1784921391.869,316.889
1784921391.969,316.91
1784921392.069,316.059
1784921392.170,317.474
1784921392.270,317.246
1784921392.370,317.447
1784921392.471,317.309
1784921392.571,317.353
1784921392.671,317.413
1784921392.771,317.4
1784921392.872,317.402
1784921392.972,317.338
1784921393.072,316.851
1784921393.173,317.483
1784921393.273,317.352
1784921393.373,317.184
1784921393.473,317.899
1784921393.574,318.033
1784921393.674,317.958
1784921393.774,317.719
1784921393.875,317.56
1784921393.975,318.095
1784921394.076,317.496
1784921394.176,317.962
1784921394.276,318.219
1784921394.377,317.82
1784921394.477,306.277
1784921394.577,286.367
1784921394.677,266.934
1784921394.778,247.321
1784921394.878,227.694
1784921394.978,208.158
1784921395.079,193.522
1784921395.179,194.447
1784921395.279,194.347
1784921395.380,193.995
1784921395.480,193.77
1784921395.580,205.538
1784921395.680,222.543
1784921395.781,241.91
1784921395.881,261.491
1784921395.981,281.062
1784921396.082,299.635
1784921396.182,314.61
1784921396.282,306.936
1784921396.382,306.781
1784921396.483,306.844
1784921396.583,306.831
1784921396.683,306.801
1784921396.784,309.505
1784921396.884,309.607
1784921396.984,309.664
1784921397.084,308.661
1784921397.185,309.723
1784921397.285,309.634
1784921397.385,316.871
1784921397.486,319.593
1784921397.586,331.987
1784921397.686,331.821
1784921397.787,332.052
1784921397.887,332.086
1784921397.987,332.142
1784921398.087,331.27
1784921398.188,332.006
1784921398.288,331.992
1784921398.388,331.878
1784921398.488,332.007
1784921398.589,329.528
1784921398.689,316.85
1784921398.789,318.211
1784921398.890,331.789
1784921398.990,342.872
1784921399.090,342.152
1784921399.191,342.973
1784921399.291,343.006
1784921399.391,343.231
1784921399.491,343.346
1784921399.592,343.195
1784921399.692,343.126
1784921399.792,343.181
1784921399.892,342.738
1784921399.993,328.645
1784921400.093,316.345
1784921400.193,327.892
1784921400.294,340.097
1784921400.394,347.414
1784921400.494,347.455
1784921400.595,347.565
1784921400.695,344.385
1784921400.795,344.163
1784921400.895,344.426
1784921400.996,344.176
1784921401.096,343.629
1784921401.196,345.034
1784921401.297,334.088
1784921401.397,321.691
1784921401.497,314.635
1784921401.598,314.394
1784921401.698,314.54
1784921401.798,317.647
1784921401.898,317.249
1784921401.999,317.418
1784921402.099,316.824
1784921402.199,317.795
1784921402.300,317.613
1784921402.400,317.356
1784921402.500,317.755
1784921402.600,317.896
1784921402.701,317.897
1784921402.801,317.696
1784921402.901,317.974
1784921403.002,318.121
1784921403.102,317.11
1784921403.202,317.817
1784921403.302,317.848
1784921403.403,317.596
1784921403.503,317.508
1784921403.603,317.521
1784921403.703,317.55
1784921403.804,317.488
1784921403.904,316.932
1784921404.004,316.463
1784921404.105,317.396
1784921404.205,317.557
1784921404.305,317.475
1784921404.405,317.414
1784921404.506,317.424
1784921404.606,317.443
1784921404.706,317.531
1784921404.807,317.651
1784921404.907,317.654
1784921405.007,316.893
1784921405.108,317.908
1784921405.208,317.953
1784921405.308,317.908
1784921405.408,318.026
1784921405.509,317.621
1784921405.609,315.505
1784921405.709,315.727
1784921405.809,315.728
1784921405.910,315.766
1784921406.010,314.863
1784921406.110,316.063
1784921406.210,316.352
1784921406.311,316.31
1784921406.411,316.262
1784921406.511,316.188
1784921406.612,316.135
1784921406.712,318.93
1784921406.812,318.592
1784921406.913,318.307
1784921407.013,317.385
1784921407.113,318.159
1784921407.213,318.015
1784921407.314,317.711
1784921407.414,317.713
1784921407.514,317.565
1784921407.615,317.427
1784921407.715,317.52
1784921407.815,317.259
1784921407.916,317.292
1784921408.016,316.668
1784921408.116,316.728
1784921408.216,316.735
1784921408.317,316.76
1784921408.417,316.775
1784921408.517,316.698
1784921408.618,316.751
1784921408.718,316.465
1784921408.818,316.999
1784921408.919,316.968
1784921409.019,316.09
1784921409.119,316.96
1784921409.219,315.237
1784921409.320,315.271
1784921409.420,315.328
1784921409.520,315.256
1784921409.621,314.96
1784921409.721,314.673
1784921409.821,314.593
1784921409.921,314.58
1784921410.022,313.506
1784921410.122,314.205
1784921410.222,313.79
1784921410.322,315.719
1784921410.423,313.001
1784921410.523,320.521
1784921410.623,328.584
1784921410.724,341.395
1784921410.824,348.831
1784921410.924,349.601
1784921411.025,348.732
1784921411.125,349.937
1784921411.225,350.076
1784921411.325,350.14
1784921411.426,350.676
1784921411.526,353.498
1784921411.626,345.934
1784921411.727,337.868
1784921411.827,325.523
1784921411.927,317.827
1784921412.027,316.64
1784921412.128,317.607
1784921412.228,314.137
1784921412.328,314.091
1784921412.429,313.865
1784921412.529,313.756
1784921412.629,313.6
1784921412.729,313.628
1784921412.830,313.638
1784921412.930,312.691
1784921413.030,312.558
1784921413.131,313.381
1784921413.231,313.262
1784921413.331,313.155
1784921413.432,325.667
1784921413.532,340.915
1784921413.632,356.066
1784921413.732,357.967
1784921413.833,358.066
1784921413.933,358.098
1784921414.033,357.956
1784921414.134,358.604
1784921414.234,358.584
1784921414.334,358.599
1784921414.435,361.971
1784921414.535,348.891
1784921414.635,333.93
1784921414.735,318.714
1784921414.836,317.031
1784921414.936,310.863
1784921415.037,311.554
1784921415.137,311.861
1784921415.237,312.123
1784921415.337,311.93
1784921415.438,311.753
1784921415.538,311.804
1784921415.638,309.249
1784921415.739,309.292
1784921415.839,309.445
1784921415.939,309.323
1784921416.039,314.573
1784921416.140,308.521
1784921416.240,321.784
1784921416.340,333.852
1784921416.441,336.53
1784921416.541,335.286
1784921416.641,335.069
1784921416.741,338.164
1784921416.842,338.252
1784921416.942,338.244
1784921417.042,337.503
1784921417.143,338.018
1784921417.243,342.992
1784921417.343,330.441
1784921417.444,318.354
1784921417.544,317.628
1784921417.644,317.316
1784921417.745,316.889
1784921417.845,317.065
1784921417.945,313.716
1784921418.045,312.404
1784921418.146,313.084
1784921418.246,312.893
1784921418.347,313.156
1784921418.447,313.014
1784921418.547,312.885
1784921418.647,312.97
1784921418.748,312.668
1784921418.848,313.097
1784921418.948,313.19
1784921419.049,315.567
1784921419.149,316.813
1784921419.249,316.584
1784921419.350,316.83
1784921419.450,315.869
1784921419.550,315.982
1784921419.650,315.787
1784921419.751,315.829
1784921419.851,315.577
1784921419.951,315.929
1784921420.052,315.062
1784921420.152,315.779
1784921420.252,315.862
1784921420.352,315.498
1784921420.453,315.986
1784921420.553,316.919
1784921420.653,316.889
1784921420.754,314.147
1784921420.854,309.821
1784921420.954,309.865
1784921421.054,308.776
1784921421.155,309.437
1784921421.255,309.67
1784921421.355,309.444
1784921421.456,309.444
1784921421.556,309.137
1784921421.656,309.27
1784921421.756,309.316
1784921421.857,305.558
1784921421.957,309.45
1784921422.057,309.014
1784921422.158,309.942
1784921422.258,309.855
1784921422.358,309.953
1784921422.458,309.863
1784921422.559,310.432
1784921422.659,310.544
1784921422.759,310.55
1784921422.860,310.533
1784921422.960,314.061
1784921423.060,313.621
1784921423.160,314.598
1784921423.261,314.594
1784921423.361,314.77
1784921423.461,314.764
1784921423.562,314.842
1784921423.662,314.278
1784921423.762,314.278
1784921423.862,314.002
1784921423.963,313.85
1784921424.063,312.073
1784921424.163,312.699
1784921424.264,312.552
1784921424.364,312.591
1784921424.464,312.433
1784921424.565,312.259
1784921424.665,311.852
1784921424.765,312.43
1784921424.865,312.312
1784921424.966,312.153
1784921425.066,311.861
1784921425.166,315.951
1784921425.267,315.851
1784921425.367,315.408
1784921425.467,311.424
1784921425.567,311.582
1784921425.668,311.326
1784921425.768,309.279
1784921425.868,309.189
1784921425.969,309.178
1784921426.069,309.028
1784921426.169,309.333
1784921426.269,309.201
1784921426.370,309.258
1784921426.470,309.871
1784921426.570,314.017
1784921426.671,313.684
1784921426.771,313.968
1784921426.871,312.555
1784921426.971,312.756
1784921427.072,312.77
1784921427.172,313.315
1784921427.272,313.448
1784921427.372,313.88
1784921427.473,314.061
1784921427.573,314.089
1784921427.673,314.015
1784921427.774,314.307
1784921427.874,314.015
1784921427.974,312.731
1784921428.074,311.898
1784921428.175,311.658
1784921428.275,311.695
1784921428.375,311.434
1784921428.476,311.867
1784921428.576,311.855
1784921428.676,311.981
1784921428.776,311.958
1784921428.877,311.406
1784921428.977,305.742
1784921429.077,310.05
1784921429.177,310.857
1784921429.278,311.186
1784921429.378,310.838
1784921429.479,310.679
1784921429.579,310.758
1784921429.679,310.575
1784921429.779,310.259
1784921429.880,310.379
1784921429.980,310.463
1784921430.080,312.496
1784921430.181,313.414
1784921430.281,313.342
1784921430.381,313.315
1784921430.481,312.678
1784921430.582,313.008
1784921430.682,313.025
1784921430.782,310.517
1784921430.883,310.391
1784921430.983,309.931
1784921431.083,309.185
1784921431.183,313.025
1784921431.284,309.539
1784921431.384,310.216
1784921431.484,310.267
1784921431.585,310.786
1784921431.685,310.702
1784921431.785,310.601
1784921431.885,313.165
1784921431.986,313.302
1784921432.086,312.847
1784921432.186,314.208
1784921432.287,314.232
1784921432.387,317.79
1784921432.487,316.89
1784921432.587,316.68
1784921432.688,316.373
1784921432.788,316.58
1784921432.888,316.381
1784921432.989,316.416
1784921433.089,312.099
1784921433.189,312.91
1784921433.290,312.715
1784921433.390,312.611
1784921433.490,312.556
1784921433.590,312.746
1784921433.691,312.435
1784921433.791,313.116
1784921433.891,312.909
1784921433.992,313.039
1784921434.093,304.713
1784921434.193,306.878
1784921434.293,306.865
1784921434.393,307.038
1784921434.494,307.226
1784921434.594,306.95
1784921434.694,306.983
1784921434.795,307.066
1784921434.895,306.942
1784921434.995,306.538
1784921435.095,314.352
1784921435.196,316.071
1784921435.296,309.65
1784921435.396,309.652
1784921435.497,309.669
1784921435.597,309.509
1784921435.697,306.607
1784921435.797,307.14
1784921435.898,307.002
1784921435.998,306.595
1784921436.098,306.312
1784921436.199,306.795
1784921436.299,306.84
1784921436.399,313.097
1784921436.500,312.501
1784921436.600,312.317
1784921436.701,312.303
1784921436.801,315.029
1784921436.901,314.766
1784921437.001,314.688
1784921437.102,315.3
1784921437.202,316.039
1784921437.302,315.727
1784921437.403,315.944
1784921437.503,315.965
1784921437.603,316.729
1784921437.704,304.441
1784921437.804,305.033
1784921437.904,305.615
1784921438.004,305.074
1784921438.105,305.244
1784921438.205,305.332
1784921438.305,305.431
1784921438.405,305.164
1784921438.506,305.385
1784921438.606,305.591
1784921438.706,305.498
1784921438.807,318.059
1784921438.907,317.146
1784921439.007,316.826
1784921439.107,317.192
1784921439.208,312.831
1784921439.308,300.107
1784921439.408,299.331
1784921439.509,300.013
1784921439.609,300.036
1784921439.709,299.92
1784921439.810,299.822
1784921439.910,299.822
1784921440.010,299.457
1784921440.110,299.125
1784921440.211,299.512
1784921440.311,303.743
1784921440.411,302.943
1784921440.512,283.235
1784921440.612,280.421
1784921440.712,291.248
1784921440.812,306.378
1784921440.913,320.759
1784921441.013,329.666
1784921441.113,330.072
1784921441.213,330.789
1784921441.314,330.883
1784921441.414,331.134
1784921441.514,344.344
1784921441.615,365.063
1784921441.715,367.814
1784921441.815,356.926
1784921441.915,341.846
1784921442.016,327.148
1784921442.116,317.683
1784921442.216,318.038
1784921442.317,310.712
1784921442.417,311.338
1784921442.517,311.127
1784921442.617,310.694
1784921442.718,310.378
1784921442.818,310.472
1784921442.919,310.534
1784921443.019,310.362
1784921443.119,309.696
1784921443.219,310.238
1784921443.320,310.265
1784921443.420,316.709
1784921443.520,316.595
1784921443.620,316.365
1784921443.721,316.106
1784921443.821,315.81
1784921443.921,315.856
1784921444.022,315.638
1784921444.122,315.282
1784921444.222,315.896
1784921444.322,315.891
1784921444.423,315.807
1784921444.523,315.714
1784921444.623,315.926
1784921444.723,312.063
1784921444.824,312.838
1784921444.924,313.137
1784921445.024,312.41
1784921445.125,312.558
1784921445.225,313.187
1784921445.325,313.594
1784921445.425,313.593
1784921445.526,313.717
1784921445.626,313.552
1784921445.726,310.453
1784921445.827,306.756
1784921445.927,321.5
1784921446.041,334.241
1784921446.142,349.356
1784921446.242,354.468
1784921446.342,353.705
1784921446.442,353.766
1784921446.543,357.266
1784921446.643,353.555
1784921446.743,353.463
1784921446.844,356.314
1784921446.944,363.766
1784921447.044,348.786
1784921447.144,335.661
1784921447.245,321.21
1784921447.345,316.11
1784921447.445,311.508
1784921447.546,311.284
1784921447.646,311.007
1784921447.746,310.998
1784921447.847,311.382
1784921447.947,310.869
1784921448.047,310.765
1784921448.147,310.598
1784921448.248,311.107
1784921448.348,311.044
1784921448.448,310.357
1784921448.549,315.676
1784921448.649,315.675
1784921448.749,315.741
1784921448.849,315.924
1784921448.950,315.718
1784921449.050,315.568
1784921449.150,315.596
1784921449.251,316.24
1784921449.351,315.977
1784921449.451,315.91
1784921449.551,316.624
1784921449.652,316.359
1784921449.752,308.468
1784921449.852,309.448
1784921449.953,309.561
1784921450.053,309.157
1784921450.153,309.766
1784921450.253,310.1
1784921450.354,309.833
1784921450.454,309.967
1784921450.554,309.839
1784921450.656,309.865
1784921450.756,309.969
1784921450.856,315.456
1784921450.957,314.481
1784921451.057,311.82
1784921451.157,311.57
1784921451.258,311.794
1784921451.358,311.87
1784921451.458,312.014
1784921451.558,311.987
1784921451.659,311.45
1784921451.759,325.792
1784921451.859,339.25
1784921451.960,353.899
1784921452.066,354.162
1784921452.166,356.096
1784921452.266,356.72
1784921452.367,356.698
1784921452.467,356.73
1784921452.567,356.67
1784921452.667,356.743
1784921452.768,356.672
1784921452.868,342.238
1784921452.969,328.732
1784921453.069,316.437
1784921453.169,315.752
1784921453.269,315.993
1784921453.370,316.056
1784921453.470,309.592
1784921453.570,309.523
1784921453.671,309.611
1784921453.771,309.456
1784921453.871,310.268
1784921453.972,310.257
1784921454.072,309.811
1784921454.172,309.476
1784921454.272,310.152
1784921454.373,310.244
1784921454.473,310.256
1784921454.573,316.738
1784921454.674,310.009
1784921454.774,323.616
1784921454.875,323.475
1784921454.975,323.55
1784921455.075,323.14
1784921455.176,323.321
1784921455.276,323.985
1784921455.376,323.194
1784921455.477,323.642
1784921455.577,323.876
1784921455.677,324.066
1784921455.777,330.85
1784921455.878,313.956
1784921455.978,313.931
1784921456.078,313.835
1784921456.179,313.881
1784921456.279,314.269
1784921456.379,302.989
1784921456.479,304.025
1784921456.580,303.948
1784921456.680,303.921
1784921456.780,303.9
1784921456.881,304.01
1784921456.981,307.149
1784921457.081,307.202
1784921457.181,306.457
1784921457.282,306.879
1784921457.382,302.277
1784921457.482,313.914
1784921457.582,313.936
1784921457.683,313.962
1784921457.783,313.897
1784921457.883,313.818
1784921457.984,313.92
1784921458.084,313.54
1784921458.184,313.344
1784921458.285,314.314
1784921458.385,311.866
1784921458.485,318.038
1784921458.585,316.34
1784921458.686,316.74
1784921458.786,316.758
1784921458.886,312.788
1784921458.986,324.393
1784921459.087,339.123
1784921459.187,346.058
1784921459.287,346.058
1784921459.388,348.676
1784921459.488,347.325
1784921459.588,347.359
1784921459.688,347.564
1784921459.789,347.526
1784921459.889,347.588
1784921459.989,351.313
1784921460.090,338.729
1784921460.190,324.566
1784921460.290,318.166
1784921460.391,318.128
1784921460.491,316.907
1784921460.592,299.64
1784921460.693,301.929
1784921460.793,298.957
1784921460.893,298.613
1784921460.994,298.502
1784921461.094,297.513
1784921461.194,298.179
1784921461.294,298.023
1784921461.395,298.02
1784921461.495,297.984
1784921461.596,299.122
1784921461.696,315.556
1784921461.796,313.353
1784921461.897,316.13
1784921461.997,313.256
1784921462.098,312.728
1784921462.198,313.218
1784921462.298,313.413
1784921462.399,313.546
1784921462.499,313.581
1784921462.599,313.765
1784921462.699,313.405
1784921462.800,314.122
1784921462.900,314.415
1784921463.000,314.241
1784921463.101,316.688
1784921463.201,311.129
1784921463.301,327.083
1784921463.401,340.29
1784921463.502,346.991
1784921463.602,344.722
1784921463.702,344.509
1784921463.803,344.085
1784921463.903,343.981
1784921464.004,343.947
1784921464.104,342.974
1784921464.204,343.895
1784921464.304,349.727
1784921464.405,334.066
1784921464.505,320.932
1784921464.605,316.343
1784921464.706,316.317
1784921464.806,310.45
1784921464.906,311.422
1784921465.006,311.232
1784921465.107,310.452
1784921465.207,311.405
1784921465.307,311.102
1784921465.408,310.711
1784921465.508,310.891
1784921465.608,310.839
1784921465.708,310.723
1784921465.809,310.344
1784921465.910,299.368
1784921466.011,307.77
1784921466.111,321.135
1784921466.211,335.904
1784921466.312,350.667
1784921466.412,362.612
1784921466.512,362.903
1784921466.612,363.06
1784921466.713,363.027
1784921466.813,363.173
1784921466.913,363.601
1784921467.014,379.268
1784921467.114,369.831
1784921467.214,356.56
1784921467.315,342.683
1784921467.415,328.108
1784921467.515,315.798
1784921467.615,316.25
1784921467.716,316.329
1784921467.816,306.035
1784921467.933,286.229
1784921468.033,266.661
1784921468.134,248.221
1784921468.234,229.148
1784921468.334,209.108
1784921468.434,189.405
1784921468.535,169.534
1784921468.635,168.766
1784921468.736,168.463
1784921468.836,168.206
1784921468.936,178.412
1784921469.037,198.151
1784921469.137,216.628
1784921469.237,236.213
1784921469.338,256.164
1784921469.438,276.308
1784921469.538,295.92
1784921469.639,315.657
1784921469.739,316.475
1784921469.839,316.698
1784921469.939,316.977
1784921470.040,317.297
1784921470.140,316.295
1784921470.240,321.077
1784921470.341,334.528
1784921470.441,336.885
1784921470.541,336.387
1784921470.641,336.27
1784921470.742,335.836
1784921470.842,335.87
1784921470.942,335.804
1784921471.042,333.036
1784921471.143,331.976
1784921471.243,332.803
1784921471.343,329.134
1784921471.444,315.64
1784921471.544,313.121
1784921471.644,308.62
1784921471.744,308.282
1784921471.845,308.681
1784921471.945,309.003
1784921472.045,309.032
1784921472.146,310.582
1784921472.246,311.33
1784921472.346,310.791
1784921472.446,310.708
1784921472.547,310.498
1784921472.647,309.012
1784921472.747,320.007
1784921472.848,333.886
1784921472.948,348.705
1784921473.048,360.314
1784921473.149,365.183
1784921473.249,361.015
1784921473.349,360.902
1784921473.450,361.707
1784921473.550,361.859
1784921473.650,362.27
1784921473.750,363.827
1784921473.851,357.842
1784921473.951,344.053
1784921474.051,329.311
1784921474.152,317.164
1784921474.252,317.662
1784921474.352,315.166
1784921474.452,308.705
1784921474.553,308.615
1784921474.653,308.541
1784921474.753,308.172
1784921474.854,308.142
1784921474.954,308.04
1784921475.054,308.115
1784921475.154,307.909
1784921475.255,308.535
1784921475.355,307.607
1784921475.455,309.961
1784921475.555,316.442
1784921475.656,316.218
1784921475.756,316.188
1784921475.856,316.685
1784921475.957,311.714
1784921476.057,321.231
1784921476.157,332.73
1784921476.257,333.228
1784921476.358,333.276
1784921476.458,334.38
1784921476.558,334.252
1784921476.659,334.489
1784921476.759,334.936
1784921476.859,335.19
1784921476.959,335.037
1784921477.060,339.841
1784921477.160,329.625
1784921477.260,318.561
1784921477.360,305.199
1784921477.463,285.76
1784921477.568,266.004
1784921477.669,246.661
1784921477.769,226.876
1784921477.870,207.07
1784921477.971,187.058
1784921478.071,167.284
1784921478.171,147.269
1784921478.272,127.52
1784921478.372,106.962
1784921478.472,121.42
1784921478.572,140.741
1784921478.673,160.473
1784921478.773,179.535
1784921478.873,199.134
1784921478.973,218.743
1784921479.074,238.466
1784921479.174,257.239
1784921479.274,276.909
1784921479.375,297.421
1784921479.475,317.854
1784921479.575,305.031
1784921479.675,284.631
1784921479.776,292.485
1784921479.876,292.179
1784921479.976,292.397
1784921480.077,292.491
1784921480.177,291.628
1784921480.277,292.461
1784921480.378,292.431
1784921480.478,292.461
1784921480.578,292.439
1784921480.678,304.043
1784921480.779,316.153
1784921480.879,322.136
1784921480.979,322.398
1784921481.080,321.713
1784921481.180,322.491
1784921481.280,321.783
1784921481.380,322.344
1784921481.481,322.304
1784921481.581,322.554
1784921481.681,322.554
1784921481.781,339.248
1784921481.882,352.576
1784921481.982,351.018
1784921482.083,348.045
1784921482.183,348.32
1784921482.283,348.495
1784921482.383,348.581
1784921482.484,348.54
1784921482.584,348.486
1784921482.684,348.154
1784921482.785,342.939
1784921482.885,330.758
1784921482.985,317.596
1784921483.086,315.512
1784921483.186,310.434
1784921483.286,310.73
1784921483.386,310.212
1784921483.487,310.42
1784921483.587,310.435
1784921483.687,310.414
1784921483.788,310.508
1784921483.888,310.719
1784921483.988,310.708
1784921484.088,305.797
1784921484.189,305.065
1784921484.289,310.067
1784921484.389,310.099
1784921484.490,309.988
1784921484.590,310.241
1784921484.690,310.104
1784921484.790,310.137
1784921484.891,310.227
1784921484.991,309.613
1784921485.091,309.097
1784921485.191,310.834
1784921485.292,312.591
1784921485.392,312.688
1784921485.492,312.425
1784921485.593,312.374
1784921485.693,312.389
1784921485.793,312.572
1784921485.893,312.471
1784921485.994,311.42
1784921486.094,305.303
1784921486.194,306.461
1784921486.295,309.567
1784921486.395,309.478
1784921486.495,309.407
1784921486.595,304.921
1784921486.696,318.577
1784921486.796,331.828
1784921486.896,340.334
1784921486.996,341.08
1784921487.097,341.293
1784921487.197,347.656
1784921487.297,347.625
1784921487.398,348.094
1784921487.498,348.271
1784921487.598,348.436
1784921487.698,352.685
1784921487.799,339.916
1784921487.899,326.96
1784921487.999,318.546
1784921488.099,323.683
1784921488.200,337.743
1784921488.300,338.246
1784921488.400,338.351
1784921488.501,338.189
1784921488.601,338.543
1784921488.701,338.361
1784921488.802,338.982
1784921488.902,338.826
1784921489.002,338.754
1784921489.102,338.203
1784921489.203,332.569
1784921489.303,318.738
1784921489.403,318.514
1784921489.503,318.6
1784921489.604,318.35
1784921489.704,317.343
1784921489.804,333.094
1784921489.905,341.222
1784921490.005,341.343
1784921490.105,341.318
1784921490.205,341.499
1784921490.306,340.787
1784921490.406,341.45
1784921490.506,341.706
1784921490.607,341.528
1784921490.707,341.61
1784921490.807,337.268
1784921490.907,336.221
1784921491.008,329.457
1784921491.115,326.847
1784921491.215,326.565
1784921491.315,327.043
1784921491.416,327.357
1784921491.516,327.385
1784921491.616,327.315
1784921491.717,327.433
1784921491.817,327.688
1784921491.917,332.228
1784921492.017,317.564
1784921492.118,315.913
1784921492.218,309.385
1784921492.318,309.909
1784921492.418,309.807
1784921492.519,309.949
1784921492.619,309.882
1784921492.719,309.752
1784921492.820,309.709
1784921492.920,309.531
1784921493.020,309.798
1784921493.120,309.795
1784921493.221,309.636
1784921493.321,318.481
1784921493.422,316.113
1784921493.522,315.773
1784921493.623,316.039
1784921493.723,316.089
1784921493.823,316.158
1784921493.924,316.177
1784921494.024,315.781
1784921494.124,315.697
1784921494.224,315.879
1784921494.325,316.293
1784921494.425,316.312
1784921494.525,318.215
1784921494.626,316.081
1784921494.726,328.093
1784921494.826,328.357
1784921494.926,327.614
1784921495.027,327.863
1784921495.127,327.241
1784921495.227,327.028
1784921495.328,327.042
1784921495.428,327.321
1784921495.528,327.538
1784921495.628,327.642
1784921495.729,329.756
1784921495.829,317.772
1784921495.929,314.053
1784921496.030,313.983
1784921496.130,309.795
1784921496.230,310.177
1784921496.331,310.797
1784921496.431,310.81
1784921496.531,310.625
1784921496.631,310.549
1784921496.732,310.503
1784921496.832,310.556
1784921496.932,310.594
1784921497.032,312.971
1784921497.133,313.229
1784921497.233,316.238
1784921497.333,316.99
1784921497.434,317.184
1784921497.534,317.205
1784921497.634,317.253
1784921497.735,316.904
1784921497.835,316.81
1784921497.935,317.113
1784921498.036,316.949
1784921498.136,315.319
1784921498.236,315.531
1784921498.337,329.966
1784921498.437,344.599
1784921498.537,359.752
1784921498.637,362.35
1784921498.738,362.447
1784921498.838,362.125
1784921498.938,362.769
1784921499.039,362.829
1784921499.139,362.559
1784921499.239,365.468
1784921499.339,364.915
1784921499.440,350.954
1784921499.540,336.156
1784921499.640,320.638
1784921499.741,317.989
1784921499.841,312.199
1784921499.941,292.36
1784921500.042,271.57
1784921500.142,251.263
1784921500.243,231.774
1784921500.344,212.444
1784921500.444,192.76
1784921500.544,173.309
1784921500.645,153.548
1784921500.745,133.817
1784921500.846,113.938
1784921500.946,99.677
1784921501.046,100.282
1784921501.147,100.923
1784921501.247,101.273
1784921501.348,101.239
1784921501.448,101.173
1784921501.548,101.37
1784921501.649,101.346
1784921501.749,98.271
1784921501.849,93.881
1784921501.949,91.248
1784921502.050,87.737
1784921502.150,84.232
1784921502.250,80.671
1784921502.351,75.788
1784921502.451,70.629
1784921502.552,65.528
1784921502.652,60.136
1784921502.752,55.0
1784921502.853,52.903
1784921502.953,51.136
1784921503.054,49.538
1784921503.154,47.91
1784921503.255,46.245
1784921503.355,44.561
1784921503.455,44.268
1784921503.556,44.226
1784921503.656,44.126
1784921503.761,44.066
1784921503.862,43.964
1784921503.962,43.91
1784921504.063,43.861
1784921504.165,43.479
1784921504.265,42.904
1784921504.366,42.173
1784921504.466,41.699
1784921504.566,41.646
1784921504.666,41.709
1784921504.767,55.531
1784921504.867,76.203
1784921504.967,100.214
1784921505.068,124.749
1784921505.168,149.195
1784921505.268,173.916
1784921505.369,199.096
1784921505.469,224.363
1784921505.569,249.6
1784921505.669,274.128
1784921505.770,298.543
1784921505.870,308.806
1784921505.970,312.774
1784921506.071,313.464
1784921506.171,313.085
1784921506.271,313.435
1784921506.372,313.547
1784921506.472,321.605
1784921506.572,335.34
1784921506.672,335.34
1784921506.773,334.434
1784921506.873,335.162
1784921506.973,335.426
1784921507.074,334.598
1784921507.174,335.445
1784921507.274,335.439
1784921507.374,335.427
1784921507.475,335.34
1784921507.575,327.989
1784921507.675,313.792
1784921507.776,314.584
1784921507.876,309.194
1784921507.978,308.916
1784921508.078,307.927
1784921508.179,308.956
1784921508.279,308.217
1784921508.379,308.493
1784921508.479,308.584
1784921508.580,308.668
1784921508.680,308.634
1784921508.780,308.662
1784921508.881,308.335
1784921508.981,314.176
1784921509.081,312.124
1784921509.181,312.838
1784921509.282,312.791
1784921509.382,312.773
1784921509.482,312.845
1784921509.583,310.56
1784921509.683,310.228
1784921509.783,310.345
1784921509.884,309.959
1784921509.984,310.201
1784921510.084,309.813
1784921510.185,312.093
1784921510.285,306.326
1784921510.385,323.354
1784921510.485,330.934
1784921510.586,330.911
1784921510.686,333.322
1784921510.786,333.916
1784921510.887,333.982
1784921510.987,334.114
1784921511.087,334.279
1784921511.188,334.775
1784921511.288,335.085
1784921511.388,341.029
1784921511.489,324.688
1784921511.589,316.509
1784921511.689,316.464
1784921511.789,313.456
1784921511.890,307.998
1784921511.990,307.957
1784921512.090,307.142
1784921512.191,306.969
1784921512.291,306.985
1784921512.391,306.94
1784921512.492,306.953
1784921512.592,307.132
1784921512.692,307.151
1784921512.792,305.513
1784921512.893,308.647
1784921512.993,314.015
1784921513.093,313.473
1784921513.194,313.85
1784921513.294,314.32
1784921513.394,314.354
1784921513.494,315.05
1784921513.595,329.025
1784921513.695,335.538
1784921513.795,334.081
1784921513.895,335.999
1784921513.996,335.826
1784921514.096,335.291
1784921514.196,335.597
1784921514.297,336.445
1784921514.397,336.441
1784921514.497,336.541
1784921514.597,335.923
1784921514.698,318.742
1784921514.798,314.598
1784921514.898,304.593
1784921514.999,305.804
1784921515.099,304.965
1784921515.199,304.726
1784921515.300,304.625
1784921515.400,303.622
1784921515.500,303.034
1784921515.601,302.791
1784921515.701,302.661
1784921515.801,305.433
1784921515.901,305.302
1784921516.002,315.03
1784921516.102,313.155
1784921516.202,313.678
1784921516.303,313.147
1784921516.403,291.591
1784921516.503,305.327
1784921516.604,311.518
1784921516.704,311.221
1784921516.804,311.362
1784921516.904,311.317
1784921517.005,311.224
1784921517.105,311.174
1784921517.205,311.208
1784921517.306,311.628
1784921517.406,312.44
1784921517.506,333.264
1784921517.606,321.895
1784921517.707,313.577
1784921517.807,313.324
1784921517.907,313.317
1784921518.007,314.076
1784921518.108,313.888
1784921518.208,313.449
1784921518.308,314.023
1784921518.409,313.82
1784921518.509,314.056
1784921518.609,313.738
1784921518.710,313.825
1784921518.810,316.519
1784921518.910,316.294
1784921519.010,316.524
1784921519.111,311.07
1784921519.211,325.553
1784921519.311,328.268
1784921519.412,327.709
1784921519.512,327.782
1784921519.612,327.969
1784921519.713,325.305
1784921519.813,325.16
1784921519.913,325.308
1784921520.013,325.06
1784921520.114,325.41
1784921520.214,329.639
1784921520.314,315.491
1784921520.415,314.106
1784921520.515,313.756
1784921520.615,309.409
1784921520.716,309.558
1784921520.816,312.569
1784921520.916,312.595
1784921521.016,312.585
1784921521.117,312.589
1784921521.217,311.63
1784921521.317,312.546
1784921521.417,312.334
1784921521.518,312.492
1784921521.618,311.853
1784921521.718,315.922
1784921521.819,309.721
1784921521.919,309.379
1784921522.019,309.164
1784921522.119,308.798
1784921522.220,308.473
1784921522.320,309.291
1784921522.420,309.263
1784921522.521,309.568
1784921522.621,309.556
1784921522.721,309.88
1784921522.821,310.062
1784921522.922,316.135
1784921523.022,313.482
1784921523.122,315.867
1784921523.223,314.953
1784921523.323,315.587
1784921523.423,315.627
1784921523.524,315.735
1784921523.624,315.536
1784921523.724,310.162
1784921523.824,325.322
1784921523.925,337.718
1784921524.025,337.468
1784921524.125,340.178
1784921524.226,336.941
1784921524.326,337.951
1784921524.426,338.126
1784921524.526,338.084
1784921524.627,337.889
1784921524.727,335.131
1784921524.827,340.032
1784921524.928,325.049
1784921525.028,312.789
1784921525.128,312.128
1784921525.228,308.369
1784921525.329,308.767
1784921525.429,308.944
1784921525.529,309.051
1784921525.630,308.943
1784921525.730,309.132
1784921525.830,311.763
1784921525.930,311.799
1784921526.031,311.823
1784921526.131,312.001
1784921526.231,312.157
1784921526.332,315.793
1784921526.432,315.832
1784921526.532,319.271
1784921526.633,332.085
1784921526.733,334.824
1784921526.833,334.795
1784921526.933,334.539
1784921527.034,335.258
1784921527.134,335.487
1784921527.234,334.671
1784921527.335,335.467
1784921527.435,335.542
1784921527.535,336.266
1784921527.636,332.819
1784921527.736,318.335
1784921527.836,312.621
1784921527.936,312.474
1784921528.037,312.321
1784921528.137,311.935
1784921528.237,311.609
1784921528.337,312.475
1784921528.438,312.514
1784921528.538,311.997
1784921528.638,312.0
1784921528.739,312.269
1784921528.839,307.328
1784921528.939,311.93
1784921529.039,311.444
1784921529.140,311.925
1784921529.240,311.257
1784921529.340,311.682
1784921529.441,311.59
1784921529.541,311.508
1784921529.641,311.579
1784921529.741,308.887
1784921529.842,308.729
1784921529.942,315.024
1784921530.042,313.455
1784921530.142,313.805
1784921530.243,313.015
1784921530.343,313.779
1784921530.443,313.667
1784921530.544,313.783
1784921530.644,313.824
1784921530.744,314.065
1784921530.844,311.695
1784921530.945,311.925
1784921531.045,312.062
1784921531.145,312.195
1784921531.246,311.643
1784921531.346,312.524
1784921531.446,312.676
1784921531.546,312.632
1784921531.647,312.757
1784921531.747,312.335
1784921531.847,312.477
1784921531.948,317.598
1784921532.048,317.618
1784921532.148,317.713
1784921532.249,314.235
1784921532.349,315.364
1784921532.449,315.514
1784921532.549,315.551
1784921532.650,315.673
1784921532.750,314.774
1784921532.850,315.222
1784921532.951,315.454
1784921533.051,315.231
1784921533.151,315.143
1784921533.251,314.588
1784921533.352,317.416
1784921533.452,317.458
1784921533.552,321.071
1784921533.653,333.301
1784921533.753,332.826
1784921533.853,332.876
1784921533.953,332.899
1784921534.054,332.99
1784921534.154,333.215
1784921534.254,332.57
1784921534.355,332.806
1784921534.455,333.653
1784921534.555,333.625
1784921534.655,330.233
1784921534.756,314.913
1784921534.856,308.405
1784921534.973,268.438
1784921535.073,247.874
1784921535.173,227.345
1784921535.274,207.484
1784921535.374,187.236
1784921535.474,166.542
1784921535.575,145.911
1784921535.675,159.812
1784921535.775,175.484
1784921535.875,197.316
1784921535.976,233.104
1784921536.076,260.216
1784921536.176,280.085
1784921536.277,300.569
1784921536.377,320.993
1784921536.477,341.154
1784921536.577,361.74
1784921536.678,382.219
1784921536.778,368.065
1784921536.878,355.132
1784921536.979,339.843
1784921537.079,320.634
1784921537.179,319.725
1784921537.279,320.332
1784921537.380,320.451
1784921537.480,320.405
1784921537.580,320.821
1784921537.681,320.696
1784921537.781,320.794
1784921537.881,320.714
1784921537.982,320.722
1784921538.082,320.657
1784921538.182,322.532
1784921538.282,314.881
1784921538.383,314.771
1784921538.483,314.567
1784921538.583,314.272
1784921538.684,314.051
1784921538.784,314.166
1784921538.884,313.867
1784921538.985,314.019
1784921539.085,313.745
1784921539.185,313.406
1784921539.285,316.436
1784921539.386,316.869
1784921539.486,319.662
1784921539.586,318.516
1784921539.687,318.903
1784921539.787,316.401
1784921539.887,316.093
1784921539.988,315.854
1784921540.088,315.439
1784921540.189,311.054
1784921540.289,320.131
1784921540.389,332.993
1784921540.490,333.523
1784921540.590,332.351
1784921540.690,332.79
1784921540.790,332.907
1784921540.891,335.488
1784921540.991,335.896
1784921541.091,336.167
1784921541.192,335.604
1784921541.292,340.305
1784921541.392,331.926
1784921541.492,318.742
1784921541.593,316.662
1784921541.693,305.266
1784921541.794,287.118
1784921541.894,280.523
1784921541.994,280.411
1784921542.095,280.102
1784921542.195,279.183
1784921542.295,279.795
1784921542.396,279.669
1784921542.496,279.582
1784921542.596,279.882
1784921542.696,279.938
1784921542.797,290.442
1784921542.897,309.976
1784921542.997,309.008
1784921543.098,309.422
1784921543.198,308.386
1784921543.298,309.318
1784921543.398,309.234
1784921543.499,309.516
1784921543.599,309.48
1784921543.699,309.477
1784921543.800,309.243
1784921543.900,309.196
1784921544.000,309.012
1784921544.100,316.501
1784921544.201,315.345
1784921544.301,316.706
1784921544.401,316.524
1784921544.502,316.977
1784921544.602,316.802
1784921544.702,316.935
1784921544.802,314.025
1784921544.903,313.521
1784921545.003,321.087
1784921545.103,334.801
1784921545.204,336.514
1784921545.304,334.907
1784921545.404,334.552
1784921545.504,334.636
1784921545.605,334.804
1784921545.705,335.111
1784921545.805,335.116
1784921545.906,338.034
1784921546.006,338.121
1784921546.106,331.228
1784921546.206,316.541
1784921546.307,317.222
1784921546.407,310.1
1784921546.507,294.49
1784921546.608,295.727
1784921546.708,295.526
1784921546.808,295.431
1784921546.908,295.4
1784921547.009,294.999
1784921547.109,295.242
1784921547.209,293.988
1784921547.310,294.918
1784921547.410,295.011
1784921547.510,302.03
1784921547.610,317.553
1784921547.711,312.635
1784921547.811,313.982
1784921547.911,313.776
1784921548.012,313.802
1784921548.112,313.824
1784921548.212,313.191
1784921548.312,314.266
1784921548.413,314.326
1784921548.513,314.429
1784921548.613,314.467
1784921548.713,314.512
1784921548.814,318.492
1784921548.914,298.259
1784921549.014,277.817
1784921549.114,265.855
1784921549.215,277.386
1784921549.315,293.32
1784921549.415,308.609
1784921549.516,322.15
1784921549.616,336.961
1784921549.716,350.634
1784921549.816,361.151
1784921549.917,375.942
1784921550.017,406.648
1784921550.117,437.748
1784921550.218,456.822
1784921550.318,444.753
1784921550.418,429.963
1784921550.518,415.091
1784921550.619,401.657
1784921550.719,386.788
1784921550.819,372.793
1784921550.919,362.484
1784921551.020,347.929
1784921551.120,336.279
1784921551.220,325.205
1784921551.321,317.734
1784921551.421,318.617
1784921551.521,318.629
1784921551.621,301.517
1784921551.724,275.544
1784921551.826,261.235
1784921551.926,241.891
1784921552.026,222.22
1784921552.126,202.23
1784921552.227,169.207
1784921552.327,163.11
1784921552.428,126.278
1784921552.529,123.988
1784921552.629,104.099
1784921552.730,100.999
1784921552.830,101.257
1784921552.931,101.636
1784921553.031,101.641
1784921553.131,101.566
1784921553.232,101.538
1784921553.332,101.511
1784921553.433,101.499
1784921553.534,98.37
1784921553.634,94.19
1784921553.735,91.323
1784921553.835,87.793
1784921553.935,83.253
1784921554.036,78.494
1784921554.136,73.76
1784921554.236,69.03
1784921554.337,64.27
1784921554.437,59.512
1784921554.537,54.764
1784921554.637,53.12
1784921554.738,51.918
1784921554.838,50.721
1784921554.944,49.341
1784921555.044,49.331
1784921555.145,49.306
1784921555.246,49.262
1784921555.346,49.221
1784921555.446,49.159
1784921555.547,49.093
1784921555.647,49.038
1784921555.748,48.672
1784921555.848,48.215
1784921555.948,47.748
1784921556.049,47.058
1784921556.149,46.969
1784921556.249,47.686
1784921556.350,48.64
1784921556.450,49.596
1784921556.550,65.182
1784921556.651,85.11
1784921556.751,108.868
1784921556.851,133.708
1784921556.952,158.711
1784921557.052,183.549
1784921557.153,207.936
1784921557.253,231.717
1784921557.353,255.376
1784921557.454,278.731
1784921557.554,305.446
1784921557.654,314.437
1784921557.755,318.257
1784921557.855,319.035
1784921557.955,318.939
1784921558.055,319.126
1784921558.156,318.665
1784921558.256,319.578
1784921558.356,319.753
1784921558.457,319.908
1784921558.557,316.692
1784921558.657,312.96
1784921558.758,313.815
1784921558.858,313.877
1784921558.958,313.984
1784921559.059,314.118
1784921559.159,312.875
1784921559.259,313.94
1784921559.359,314.057
1784921559.460,314.078
1784921559.560,314.079
1784921559.660,314.129
1784921559.761,317.085
1784921559.861,316.937
1784921559.961,316.876
1784921560.061,316.982
1784921560.162,316.204
1784921560.262,316.659
1784921560.362,316.237
1784921560.463,316.131
1784921560.563,315.711
1784921560.663,315.693
1784921560.763,315.108
1784921560.864,310.753
1784921560.964,327.044
1784921561.064,339.76
1784921561.165,338.924
1784921561.265,339.785
1784921561.365,339.878
1784921561.465,340.422
1784921561.566,340.394
1784921561.666,340.622
1784921561.766,340.73
1784921561.866,340.79
1784921561.967,345.769
1784921562.067,329.297
1784921562.167,315.685
1784921562.268,311.714
1784921562.368,310.705
1784921562.468,311.173
1784921562.569,310.8
1784921562.669,310.702
1784921562.769,310.833
1784921562.870,310.313
1784921562.970,310.395
1784921563.070,310.309
1784921563.170,309.724
1784921563.271,310.463
1784921563.371,314.914
1784921563.471,315.023
1784921563.572,313.086
1784921563.672,327.441
1784921563.772,332.127
1784921563.872,332.006
1784921563.973,331.808
1784921564.073,332.18
1784921564.173,331.604
1784921564.274,332.341
1784921564.374,332.156
1784921564.474,332.033
1784921564.574,332.184
1784921564.675,333.997
1784921564.775,319.92
1784921564.875,311.382
1784921564.976,309.46
1784921565.076,309.828
1784921565.176,309.041
1784921565.276,309.463
1784921565.377,309.429
1784921565.477,309.609
1784921565.577,309.421
1784921565.678,309.808
1784921565.778,309.975
1784921565.878,309.801
1784921565.978,309.891
1784921566.079,313.975
1784921566.179,310.773
1784921566.279,311.674
1784921566.380,311.866
1784921566.480,311.889
1784921566.580,311.931
1784921566.680,312.312
1784921566.781,312.425
1784921566.881,312.431
1784921566.981,312.557
1784921567.082,316.347
1784921567.182,313.66
1784921567.282,316.946
1784921567.384,316.841
1784921567.484,316.834
1784921567.584,316.888
1784921567.685,316.823
1784921567.785,313.214
1784921567.885,312.331
1784921567.986,311.984
1784921568.086,311.932
1784921568.186,311.085
1784921568.287,311.509
1784921568.387,311.662
1784921568.487,311.665
1784921568.587,311.843
1784921568.688,311.834
1784921568.788,311.303
1784921568.888,317.787
1784921568.989,332.208
1784921569.089,335.218
1784921569.210,335.457
1784921569.311,335.618
1784921569.411,335.954
1784921569.511,335.894
1784921569.612,335.991
1784921569.712,335.859
1784921569.812,335.932
1784921569.912,336.115
1784921570.013,333.339
1784921570.113,319.785
1784921570.213,316.571
1784921570.314,316.265
1784921570.414,316.143
1784921570.514,308.486
1784921570.614,308.594
1784921570.715,308.616
1784921570.815,308.672
1784921570.915,307.928
1784921571.015,308.503
1784921571.116,308.581
1784921571.216,305.493
1784921571.316,306.185
1784921571.416,305.972
1784921571.517,306.935
1784921571.617,314.535
1784921571.717,314.641
1784921571.818,314.628
1784921571.918,310.756
1784921572.019,311.122
1784921572.119,310.942
1784921572.219,310.263
1784921572.319,313.391
1784921572.420,313.404
1784921572.520,313.453
1784921572.620,313.361
1784921572.721,313.213
1784921572.821,313.189
1784921572.921,313.121
1784921573.021,316.334
1784921573.122,316.771
1784921573.222,315.094
1784921573.322,315.834
1784921573.423,315.845
1784921573.523,315.782
1784921573.623,315.659
1784921573.723,315.642
1784921573.824,315.813
1784921573.924,315.691
1784921574.024,315.821
1784921574.124,316.109
1784921574.225,315.499
1784921574.325,317.228
1784921574.425,317.197
1784921574.526,317.304
1784921574.626,317.102
1784921574.726,317.427
1784921574.826,317.454
1784921574.927,317.382
1784921575.027,317.519
1784921575.127,317.557
1784921575.228,317.176
1784921575.328,317.674
1784921575.428,317.777
1784921575.529,317.789
1784921575.629,317.671
1784921575.729,317.411
1784921575.829,317.594
1784921575.930,317.732
1784921576.030,317.686
1784921576.130,317.563
1784921576.231,314.148
1784921576.331,314.698
1784921576.431,314.924
1784921576.532,315.018
1784921576.632,315.032
1784921576.732,314.576
1784921576.832,315.134
1784921576.933,315.075
1784921577.033,314.835
1784921577.133,314.977
1784921577.234,314.073
1784921577.334,315.822
1784921577.434,323.863
1784921577.534,333.308
1784921577.635,333.104
1784921577.735,333.19
1784921577.835,333.244
1784921577.935,333.349
1784921578.036,333.556
1784921578.137,333.517
1784921578.238,332.62
1784921578.338,333.214
1784921578.438,334.728
1784921578.538,326.975
1784921578.639,305.409
1784921578.739,305.122
1784921578.839,304.797
1784921578.940,304.596
1784921579.040,304.386
1784921579.140,304.125
1784921579.240,303.396
1784921579.341,303.834
1784921579.441,303.765
1784921579.541,303.812
1784921579.642,303.535
1784921579.742,315.35
1784921579.842,315.731
1784921579.942,311.358
1784921580.043,311.131
1784921580.143,310.735
1784921580.244,309.745
1784921580.344,310.647
1784921580.444,310.753
1784921580.544,310.333
1784921580.645,310.18
1784921580.745,310.229
1784921580.845,310.362
1784921580.946,310.126
1784921581.046,313.866
1784921581.146,314.534
1784921581.247,310.351
1784921581.347,324.727
1784921581.447,337.47
1784921581.547,336.067
1784921581.648,336.925
1784921581.748,337.164
1784921581.848,337.217
1784921581.948,337.368
1784921582.049,337.574
1784921582.149,336.96
1784921582.249,341.407
1784921582.350,327.89
1784921582.450,315.24
1784921582.550,316.103
1784921582.651,306.965
1784921582.755,285.221
1784921582.861,269.995
1784921582.962,271.436
1784921583.062,271.102
1784921583.162,270.587
1784921583.262,271.294
1784921583.363,271.58
1784921583.463,271.781
1784921583.563,271.295
1784921583.664,272.119
1784921583.764,280.233
1784921583.864,300.051
1784921583.964,318.228
1784921584.065,314.552
1784921584.165,315.9
1784921584.266,316.67
1784921584.366,316.851
1784921584.466,316.742
1784921584.566,316.795
1784921584.667,317.037
1784921584.767,317.03
1784921584.867,317.031
1784921584.968,320.075
1784921585.068,333.934
1784921585.168,348.458
1784921585.269,353.147
1784921585.369,350.461
1784921585.469,350.474
1784921585.569,350.561
1784921585.670,350.525
1784921585.770,350.331
1784921585.870,350.253
1784921585.971,350.395
1784921586.071,347.378
1784921586.171,333.171
1784921586.271,317.397
1784921586.372,314.564
1784921586.472,314.717
1784921586.572,298.323
1784921586.673,300.423
1784921586.773,300.039
1784921586.873,300.217
1784921586.973,299.783
1784921587.074,299.667
1784921587.174,299.274
1784921587.274,299.708
1784921587.375,303.065
1784921587.475,303.32
1784921587.575,302.943
1784921587.675,319.362
1784921587.776,317.066
1784921587.876,317.143
1784921587.976,317.557
1784921588.077,317.916
1784921588.177,317.331
1784921588.277,317.236
1784921588.378,313.578
1784921588.478,313.571
1784921588.578,313.672
1784921588.678,314.05
1784921588.779,313.978
1784921588.879,313.886
1784921588.979,313.922
1784921589.080,313.632
1784921589.180,313.19
1784921589.280,313.648
1784921589.381,313.292
1784921589.481,316.787
1784921589.581,316.837
1784921589.681,316.764
1784921589.782,313.292
1784921589.882,323.808
1784921589.982,337.227
1784921590.083,349.964
1784921590.183,352.424
1784921590.283,349.573
1784921590.384,349.852
1784921590.484,349.975
1784921590.584,350.105
1784921590.684,350.288
1784921590.785,350.269
1784921590.885,352.925
1784921590.985,341.961
1784921591.085,328.505
1784921591.186,314.904
1784921591.286,312.863
1784921591.386,313.147
1784921591.487,302.645
1784921591.587,283.481
1784921591.688,285.412
1784921591.788,285.24
1784921591.888,285.319
1784921591.988,285.881
1784921592.089,286.042
1784921592.189,285.705
1784921592.289,286.685
1784921592.390,289.5
1784921592.490,289.437
1784921592.590,299.854
1784921592.690,319.363
1784921592.791,317.402
1784921592.891,311.491
1784921592.991,313.019
1784921593.092,325.971
1784921593.192,338.89
1784921593.292,354.343
1784921593.392,367.654
1784921593.493,377.412
1784921593.593,377.623
1784921593.693,377.311
1784921593.793,377.818
1784921593.894,377.906
1784921593.994,383.768
1784921594.094,382.303
1784921594.195,368.746
1784921594.295,356.159
1784921594.395,341.422
1784921594.496,328.402
1784921594.596,318.899
1784921594.696,318.695
1784921594.796,318.362
1784921594.897,304.256
1784921594.997,283.804
1784921595.097,263.659
1784921595.198,243.314
1784921595.298,223.356
1784921595.398,202.807
1784921595.499,218.222
1784921595.599,222.259
1784921595.699,245.945
1784921595.799,258.84
1784921595.900,267.953
1784921596.000,282.115
1784921596.100,302.643
1784921596.201,322.612
1784921596.301,339.782
1784921596.401,360.437
1784921596.501,380.906
1784921596.602,365.444
1784921596.702,352.353
1784921596.802,337.202
1784921596.903,323.915
1784921597.003,315.431
1784921597.103,315.029
1784921597.203,311.797
1784921597.304,306.965
1784921597.404,309.333
1784921597.504,308.868
1784921597.605,308.766
1784921597.705,308.711
1784921597.805,308.288
1784921597.905,307.887
1784921598.006,307.89
1784921598.106,307.742
1784921598.206,307.664
1784921598.307,310.422
1784921598.407,315.323
1784921598.507,313.358
1784921598.607,315.289
1784921598.708,315.107
1784921598.808,315.054
1784921598.908,315.094
1784921599.009,314.89
1784921599.109,315.072
1784921599.209,314.213
1784921599.310,313.982
1784921599.410,314.22
1784921599.510,314.184
1784921599.610,315.877
1784921599.711,326.486
1784921599.811,326.918
1784921599.911,326.494
1784921600.012,326.767
1784921600.112,327.053
1784921600.212,326.432
1784921600.313,327.075
1784921600.413,327.38
1784921600.513,327.325
1784921600.614,327.108
1784921600.714,328.016
1784921600.814,315.702
1784921600.914,316.195
1784921601.015,310.156
1784921601.115,309.498
1784921601.215,309.229
1784921601.316,307.066
1784921601.416,307.321
1784921601.516,307.447
1784921601.616,307.069
1784921601.717,306.919
1784921601.817,306.96
1784921601.917,306.823
1784921602.018,306.946
1784921602.118,312.394
